2026-08-16 22:27:21,988 [INFO] 📊 [PULSO PAPER TRADING] Balance Virtual: $5000.00 USD | Posiciones Abiertas: 0
2026-08-18 19:28:31,927 [INFO] 🌐 BinanceFuturesClient initialized: mode=PAPER, endpoint=https://testnet.binancefuture.com, key=[EMPTY]
2026-08-18 19:28:31,927 [INFO] 📝 [PAPER SIMULATED ORDER] BUY 0.01 BTCUSDT @ MARKET (clientOrderId=test_idempotent_order_001)
2026-08-18 19:28:32,319 [INFO] ✅ [ORDER SUCCESS] test_idempotent_order_001 -> FILLED (ExchangeId: 1787102911927)
2026-08-18 19:28:32,320 [WARNING] ⚠️ [IDEMPOTENCY GUARD] Order test_idempotent_order_001 already exists with status FILLED. Reconciling instead of duplicate submit.
2026-08-18 19:28:32,323 [INFO] 🌐 BinanceFuturesClient initialized: mode=PAPER, endpoint=https://testnet.binancefuture.com, key=[EMPTY]
2026-08-18 19:28:32,325 [ERROR] 🛑 PRE-TRADE RISK BREACH: Kill switch is actively triggered.
2026-08-18 19:28:32,325 [INFO] 🌐 BinanceFuturesClient initialized: mode=PAPER, endpoint=https://testnet.binancefuture.com, key=[EMPTY]
2026-08-18 19:28:32,325 [INFO] 📊 [POSITION OPENED] BTCUSDT/ETHUSDT (LONG_SPREAD) | Leg Y: BUY 0.05 BTCUSDT @ 60000.0 | Leg X: SELL 1.0 ETHUSDT @ 3000.0
2026-08-18 19:28:32,326 [ERROR] 🚨 [RECONCILIATION MISMATCH] Position mismatch for ETHUSDT: Local=-1.00000 vs Exchange=0.00000 (Diff=1.00000)
2026-08-18 19:28:32,326 [ERROR] 🚨 [RECONCILIATION MISMATCH] Position mismatch for BTCUSDT: Local=0.05000 vs Exchange=0.00000 (Diff=0.05000)
2026-08-18 19:28:32,326 [CRITICAL] 🛑 [RECONCILIATION HALT TRIGGERED] State inconsistency detected! New orders MUST be halted.
2026-08-18 19:28:32,326 [CRITICAL] 🚨🚨🚨 [KILL SWITCH ACTIVATED] Reason: POSITION_MISMATCH | Details: Reconciliation failure: Position mismatch for ETHUSDT: Local=-1.00000 vs Exchange=0.00000 (Diff=1.00000); Position mismatch for BTCUSDT: Local=0.05000 vs Exchange=0.00000 (Diff=0.05000) 🚨🚨🚨
2026-08-18 19:28:32,326 [ERROR] 🛑 Security Check Failed: Strategy Pairs_Stat_Arb_Base has 45 < 100 paper trades.
2026-08-18 19:28:32,327 [ERROR] 🛑 Security Check Failed: Pairs_Stat_Arb_Base human_approval is 'PENDING (Write 'APPROVED' manually to allow Binance Demo/Real)' (NOT APPROVED).
2026-08-18 19:28:32,352 [INFO] Loaded paper adapter for strategy: Pairs_Stat_Arb_Base (z_entry=2.5, window=90)
2026-08-18 19:28:32,352 [INFO] Loaded paper adapter for strategy: Pairs_W90_Z2.5_S3.5_H24 (z_entry=2.5, window=90)
2026-08-18 19:28:32,352 [INFO] Loaded paper adapter for strategy: Pairs_W90_Z2.4_S3.5_H24 (z_entry=2.4, window=90)
2026-08-18 19:28:32,354 [INFO] Loaded paper adapter for strategy: Pairs_Stat_Arb_Base (z_entry=2.5, window=90)
2026-08-18 19:28:32,354 [INFO] Loaded paper adapter for strategy: Pairs_W90_Z2.5_S3.5_H24 (z_entry=2.5, window=90)
2026-08-18 19:28:32,354 [INFO] Loaded paper adapter for strategy: Pairs_W90_Z2.4_S3.5_H24 (z_entry=2.4, window=90)
2026-08-18 19:28:32,525 [INFO] Loaded paper adapter for strategy: Pairs_Stat_Arb_Base (z_entry=2.5, window=90)
2026-08-18 19:28:32,525 [INFO] Loaded paper adapter for strategy: Pairs_W90_Z2.5_S3.5_H24 (z_entry=2.5, window=90)
2026-08-18 19:28:32,526 [INFO] Loaded paper adapter for strategy: Pairs_W90_Z2.4_S3.5_H24 (z_entry=2.4, window=90)
2026-08-18 19:28:32,533 [INFO] 🏁 [PAPER CLOSE] [Pairs_W90_Z2.5_S3.5_H24] BTCUSDT/ETHUSDT | Net PnL: $+494.96 USD | Reason: Spread Mean-Reverted (Z=0.05)
2026-08-18 19:28:32,548 [INFO] Loaded paper adapter for strategy: Pairs_Stat_Arb_Base (z_entry=2.5, window=90)
2026-08-18 19:28:32,548 [INFO] Loaded paper adapter for strategy: Pairs_W90_Z2.5_S3.5_H24 (z_entry=2.5, window=90)
2026-08-18 19:28:32,548 [INFO] Loaded paper adapter for strategy: Pairs_W90_Z2.4_S3.5_H24 (z_entry=2.4, window=90)
2026-08-18 19:28:32,549 [INFO] Loaded paper adapter for strategy: Pairs_Stat_Arb_Base (z_entry=2.5, window=90)
2026-08-18 19:28:32,549 [INFO] Loaded paper adapter for strategy: Pairs_W90_Z2.5_S3.5_H24 (z_entry=2.5, window=90)
2026-08-18 19:28:32,549 [INFO] Loaded paper adapter for strategy: Pairs_W90_Z2.4_S3.5_H24 (z_entry=2.4, window=90)
2026-08-18 19:28:32,550 [INFO] Loaded paper adapter for strategy: Pairs_Stat_Arb_Base (z_entry=2.5, window=90)
2026-08-18 19:28:32,550 [INFO] Loaded paper adapter for strategy: Pairs_W90_Z2.5_S3.5_H24 (z_entry=2.5, window=90)
2026-08-18 19:28:32,550 [INFO] Loaded paper adapter for strategy: Pairs_W90_Z2.4_S3.5_H24 (z_entry=2.4, window=90)
2026-08-18 19:28:51,574 [INFO] 🌐 BinanceFuturesClient initialized: mode=PAPER, endpoint=https://testnet.binancefuture.com, key=[EMPTY]
2026-08-18 19:28:51,574 [INFO] 📝 [PAPER SIMULATED ORDER] BUY 0.01 BTCUSDT @ MARKET (clientOrderId=test_idempotent_order_001)
2026-08-18 19:28:51,905 [INFO] ✅ [ORDER SUCCESS] test_idempotent_order_001 -> FILLED (ExchangeId: 1787102931574)
2026-08-18 19:28:51,906 [WARNING] ⚠️ [IDEMPOTENCY GUARD] Order test_idempotent_order_001 already exists with status FILLED. Reconciling instead of duplicate submit.
2026-08-18 19:28:51,909 [INFO] 🌐 BinanceFuturesClient initialized: mode=PAPER, endpoint=https://testnet.binancefuture.com, key=[EMPTY]
2026-08-18 19:28:51,909 [ERROR] 🛑 PRE-TRADE RISK BREACH: Kill switch is actively triggered.
2026-08-18 19:28:51,910 [INFO] 🌐 BinanceFuturesClient initialized: mode=PAPER, endpoint=https://testnet.binancefuture.com, key=[EMPTY]
2026-08-18 19:28:51,910 [INFO] 📊 [POSITION OPENED] BTCUSDT/ETHUSDT (LONG_SPREAD) | Leg Y: BUY 0.05 BTCUSDT @ 60000.0 | Leg X: SELL 1.0 ETHUSDT @ 3000.0
2026-08-18 19:28:51,910 [ERROR] 🚨 [RECONCILIATION MISMATCH] Position mismatch for ETHUSDT: Local=-1.00000 vs Exchange=0.00000 (Diff=1.00000)
2026-08-18 19:28:51,910 [ERROR] 🚨 [RECONCILIATION MISMATCH] Position mismatch for BTCUSDT: Local=0.05000 vs Exchange=0.00000 (Diff=0.05000)
2026-08-18 19:28:51,910 [CRITICAL] 🛑 [RECONCILIATION HALT TRIGGERED] State inconsistency detected! New orders MUST be halted.
2026-08-18 19:28:51,911 [CRITICAL] 🚨🚨🚨 [KILL SWITCH ACTIVATED] Reason: POSITION_MISMATCH | Details: Reconciliation failure: Position mismatch for ETHUSDT: Local=-1.00000 vs Exchange=0.00000 (Diff=1.00000); Position mismatch for BTCUSDT: Local=0.05000 vs Exchange=0.00000 (Diff=0.05000) 🚨🚨🚨
2026-08-18 19:28:51,911 [ERROR] 🛑 Security Check Failed: Strategy Pairs_Stat_Arb_Base has 45 < 100 paper trades.
2026-08-18 19:28:51,911 [ERROR] 🛑 Security Check Failed: Pairs_Stat_Arb_Base human_approval is 'PENDING (Write 'APPROVED' manually to allow Binance Demo/Real)' (NOT APPROVED).
2026-08-18 19:28:51,939 [INFO] Loaded paper adapter for strategy: Pairs_Stat_Arb_Base (z_entry=2.5, window=90)
2026-08-18 19:28:51,939 [INFO] Loaded paper adapter for strategy: Pairs_W90_Z2.5_S3.5_H24 (z_entry=2.5, window=90)
2026-08-18 19:28:51,939 [INFO] Loaded paper adapter for strategy: Pairs_W90_Z2.4_S3.5_H24 (z_entry=2.4, window=90)
2026-08-18 19:28:51,939 [INFO] Loaded paper adapter for strategy: Pairs_Stat_Arb_Base (z_entry=2.5, window=90)
2026-08-18 19:28:51,940 [INFO] Loaded paper adapter for strategy: Pairs_W90_Z2.5_S3.5_H24 (z_entry=2.5, window=90)
2026-08-18 19:28:51,940 [INFO] Loaded paper adapter for strategy: Pairs_W90_Z2.4_S3.5_H24 (z_entry=2.4, window=90)
2026-08-18 19:28:52,443 [INFO] Loaded paper adapter for strategy: Pairs_Stat_Arb_Base (z_entry=2.5, window=90)
2026-08-18 19:28:52,443 [INFO] Loaded paper adapter for strategy: Pairs_W90_Z2.5_S3.5_H24 (z_entry=2.5, window=90)
2026-08-18 19:28:52,443 [INFO] Loaded paper adapter for strategy: Pairs_W90_Z2.4_S3.5_H24 (z_entry=2.4, window=90)
2026-08-18 19:28:52,446 [INFO] 🏁 [PAPER CLOSE] [Pairs_W90_Z2.5_S3.5_H24] BTCUSDT/ETHUSDT | Net PnL: $+494.96 USD | Reason: Spread Mean-Reverted (Z=0.05)
2026-08-18 19:28:52,450 [INFO] Loaded paper adapter for strategy: Pairs_Stat_Arb_Base (z_entry=2.5, window=90)
2026-08-18 19:28:52,450 [INFO] Loaded paper adapter for strategy: Pairs_W90_Z2.5_S3.5_H24 (z_entry=2.5, window=90)
2026-08-18 19:28:52,450 [INFO] Loaded paper adapter for strategy: Pairs_W90_Z2.4_S3.5_H24 (z_entry=2.4, window=90)
2026-08-18 19:28:52,451 [INFO] Loaded paper adapter for strategy: Pairs_Stat_Arb_Base (z_entry=2.5, window=90)
2026-08-18 19:28:52,451 [INFO] Loaded paper adapter for strategy: Pairs_W90_Z2.5_S3.5_H24 (z_entry=2.5, window=90)
2026-08-18 19:28:52,451 [INFO] Loaded paper adapter for strategy: Pairs_W90_Z2.4_S3.5_H24 (z_entry=2.4, window=90)
2026-08-18 19:28:52,452 [INFO] Loaded paper adapter for strategy: Pairs_Stat_Arb_Base (z_entry=2.5, window=90)
2026-08-18 19:28:52,452 [INFO] Loaded paper adapter for strategy: Pairs_W90_Z2.5_S3.5_H24 (z_entry=2.5, window=90)
2026-08-18 19:28:52,452 [INFO] Loaded paper adapter for strategy: Pairs_W90_Z2.4_S3.5_H24 (z_entry=2.4, window=90)
2026-08-18 19:29:04,055 [INFO] 🌐 BinanceFuturesClient initialized: mode=PAPER, endpoint=https://testnet.binancefuture.com, key=[EMPTY]
2026-08-18 19:29:04,056 [INFO] 📝 [PAPER SIMULATED ORDER] BUY 0.01 BTCUSDT @ MARKET (clientOrderId=test_idempotent_order_001)
2026-08-18 19:29:04,319 [INFO] ✅ [ORDER SUCCESS] test_idempotent_order_001 -> FILLED (ExchangeId: 1787102944056)
2026-08-18 19:29:04,320 [WARNING] ⚠️ [IDEMPOTENCY GUARD] Order test_idempotent_order_001 already exists with status FILLED. Reconciling instead of duplicate submit.
2026-08-18 19:29:04,322 [INFO] 🌐 BinanceFuturesClient initialized: mode=PAPER, endpoint=https://testnet.binancefuture.com, key=[EMPTY]
2026-08-18 19:29:04,323 [ERROR] 🛑 PRE-TRADE RISK BREACH: Kill switch is actively triggered.
2026-08-18 19:29:04,324 [INFO] 🌐 BinanceFuturesClient initialized: mode=PAPER, endpoint=https://testnet.binancefuture.com, key=[EMPTY]
2026-08-18 19:29:04,324 [INFO] 📊 [POSITION OPENED] BTCUSDT/ETHUSDT (LONG_SPREAD) | Leg Y: BUY 0.05 BTCUSDT @ 60000.0 | Leg X: SELL 1.0 ETHUSDT @ 3000.0
2026-08-18 19:29:04,324 [ERROR] 🚨 [RECONCILIATION MISMATCH] Position mismatch for ETHUSDT: Local=-1.00000 vs Exchange=0.00000 (Diff=1.00000)
2026-08-18 19:29:04,324 [ERROR] 🚨 [RECONCILIATION MISMATCH] Position mismatch for BTCUSDT: Local=0.05000 vs Exchange=0.00000 (Diff=0.05000)
2026-08-18 19:29:04,324 [CRITICAL] 🛑 [RECONCILIATION HALT TRIGGERED] State inconsistency detected! New orders MUST be halted.
2026-08-18 19:29:04,325 [CRITICAL] 🚨🚨🚨 [KILL SWITCH ACTIVATED] Reason: POSITION_MISMATCH | Details: Reconciliation failure: Position mismatch for ETHUSDT: Local=-1.00000 vs Exchange=0.00000 (Diff=1.00000); Position mismatch for BTCUSDT: Local=0.05000 vs Exchange=0.00000 (Diff=0.05000) 🚨🚨🚨
2026-08-18 19:29:04,325 [ERROR] 🛑 Security Check Failed: Strategy Pairs_Stat_Arb_Base has 45 < 100 paper trades.
2026-08-18 19:29:04,325 [ERROR] 🛑 Security Check Failed: Pairs_Stat_Arb_Base human_approval is 'PENDING (Write 'APPROVED' manually to allow Binance Demo/Real)' (NOT APPROVED).
2026-08-18 19:29:04,354 [INFO] Loaded paper adapter for strategy: Pairs_Stat_Arb_Base (z_entry=2.5, window=90)
2026-08-18 19:29:04,355 [INFO] Loaded paper adapter for strategy: Pairs_W90_Z2.5_S3.5_H24 (z_entry=2.5, window=90)
2026-08-18 19:29:04,355 [INFO] Loaded paper adapter for strategy: Pairs_W90_Z2.4_S3.5_H24 (z_entry=2.4, window=90)
2026-08-18 19:29:04,355 [INFO] Loaded paper adapter for strategy: Pairs_Stat_Arb_Base (z_entry=2.5, window=90)
2026-08-18 19:29:04,355 [INFO] Loaded paper adapter for strategy: Pairs_W90_Z2.5_S3.5_H24 (z_entry=2.5, window=90)
2026-08-18 19:29:04,355 [INFO] Loaded paper adapter for strategy: Pairs_W90_Z2.4_S3.5_H24 (z_entry=2.4, window=90)
2026-08-18 19:29:05,054 [INFO] Loaded paper adapter for strategy: Pairs_Stat_Arb_Base (z_entry=2.5, window=90)
2026-08-18 19:29:05,054 [INFO] Loaded paper adapter for strategy: Pairs_W90_Z2.5_S3.5_H24 (z_entry=2.5, window=90)
2026-08-18 19:29:05,054 [INFO] Loaded paper adapter for strategy: Pairs_W90_Z2.4_S3.5_H24 (z_entry=2.4, window=90)
2026-08-18 19:29:05,057 [INFO] 🏁 [PAPER CLOSE] [Pairs_W90_Z2.5_S3.5_H24] BTCUSDT/ETHUSDT | Net PnL: $+494.96 USD | Reason: Spread Mean-Reverted (Z=0.05)
2026-08-18 19:29:05,061 [INFO] Loaded paper adapter for strategy: Pairs_Stat_Arb_Base (z_entry=2.5, window=90)
2026-08-18 19:29:05,061 [INFO] Loaded paper adapter for strategy: Pairs_W90_Z2.5_S3.5_H24 (z_entry=2.5, window=90)
2026-08-18 19:29:05,061 [INFO] Loaded paper adapter for strategy: Pairs_W90_Z2.4_S3.5_H24 (z_entry=2.4, window=90)
2026-08-18 19:29:05,062 [INFO] Loaded paper adapter for strategy: Pairs_Stat_Arb_Base (z_entry=2.5, window=90)
2026-08-18 19:29:05,062 [INFO] Loaded paper adapter for strategy: Pairs_W90_Z2.5_S3.5_H24 (z_entry=2.5, window=90)
2026-08-18 19:29:05,062 [INFO] Loaded paper adapter for strategy: Pairs_W90_Z2.4_S3.5_H24 (z_entry=2.4, window=90)
2026-08-18 19:29:05,063 [INFO] Loaded paper adapter for strategy: Pairs_Stat_Arb_Base (z_entry=2.5, window=90)
2026-08-18 19:29:05,063 [INFO] Loaded paper adapter for strategy: Pairs_W90_Z2.5_S3.5_H24 (z_entry=2.5, window=90)
2026-08-18 19:29:05,063 [INFO] Loaded paper adapter for strategy: Pairs_W90_Z2.4_S3.5_H24 (z_entry=2.4, window=90)
2026-08-18 19:29:05,065 [INFO] ✅ Demo readiness audit report saved to: /Users/jorgeatilano/Desktop/DEVIN/trading-autonomous-system/logs/execution/demo_readiness.json
2026-08-18 19:29:12,937 [INFO] 🌐 BinanceFuturesClient initialized: mode=PAPER, endpoint=https://testnet.binancefuture.com, key=[EMPTY]
2026-08-18 19:29:12,938 [INFO] 📝 [PAPER SIMULATED ORDER] BUY 0.01 BTCUSDT @ MARKET (clientOrderId=test_idempotent_order_001)
2026-08-18 19:29:13,199 [INFO] ✅ [ORDER SUCCESS] test_idempotent_order_001 -> FILLED (ExchangeId: 1787102952938)
2026-08-18 19:29:13,200 [WARNING] ⚠️ [IDEMPOTENCY GUARD] Order test_idempotent_order_001 already exists with status FILLED. Reconciling instead of duplicate submit.
2026-08-18 19:29:13,203 [INFO] 🌐 BinanceFuturesClient initialized: mode=PAPER, endpoint=https://testnet.binancefuture.com, key=[EMPTY]
2026-08-18 19:29:13,204 [ERROR] 🛑 PRE-TRADE RISK BREACH: Kill switch is actively triggered.
2026-08-18 19:29:13,204 [INFO] 🌐 BinanceFuturesClient initialized: mode=PAPER, endpoint=https://testnet.binancefuture.com, key=[EMPTY]
2026-08-18 19:29:13,205 [INFO] 📊 [POSITION OPENED] BTCUSDT/ETHUSDT (LONG_SPREAD) | Leg Y: BUY 0.05 BTCUSDT @ 60000.0 | Leg X: SELL 1.0 ETHUSDT @ 3000.0
2026-08-18 19:29:13,205 [ERROR] 🚨 [RECONCILIATION MISMATCH] Position mismatch for ETHUSDT: Local=-1.00000 vs Exchange=0.00000 (Diff=1.00000)
2026-08-18 19:29:13,205 [ERROR] 🚨 [RECONCILIATION MISMATCH] Position mismatch for BTCUSDT: Local=0.05000 vs Exchange=0.00000 (Diff=0.05000)
2026-08-18 19:29:13,205 [CRITICAL] 🛑 [RECONCILIATION HALT TRIGGERED] State inconsistency detected! New orders MUST be halted.
2026-08-18 19:29:13,205 [CRITICAL] 🚨🚨🚨 [KILL SWITCH ACTIVATED] Reason: POSITION_MISMATCH | Details: Reconciliation failure: Position mismatch for ETHUSDT: Local=-1.00000 vs Exchange=0.00000 (Diff=1.00000); Position mismatch for BTCUSDT: Local=0.05000 vs Exchange=0.00000 (Diff=0.05000) 🚨🚨🚨
2026-08-18 19:29:13,206 [ERROR] 🛑 Security Check Failed: Strategy Pairs_Stat_Arb_Base has 45 < 100 paper trades.
2026-08-18 19:29:13,206 [ERROR] 🛑 Security Check Failed: Pairs_Stat_Arb_Base human_approval is 'PENDING (Write 'APPROVED' manually to allow Binance Demo/Real)' (NOT APPROVED).
2026-08-18 19:29:13,235 [INFO] Loaded paper adapter for strategy: Pairs_Stat_Arb_Base (z_entry=2.5, window=90)
2026-08-18 19:29:13,235 [INFO] Loaded paper adapter for strategy: Pairs_W90_Z2.5_S3.5_H24 (z_entry=2.5, window=90)
2026-08-18 19:29:13,235 [INFO] Loaded paper adapter for strategy: Pairs_W90_Z2.4_S3.5_H24 (z_entry=2.4, window=90)
2026-08-18 19:29:13,236 [INFO] Loaded paper adapter for strategy: Pairs_Stat_Arb_Base (z_entry=2.5, window=90)
2026-08-18 19:29:13,236 [INFO] Loaded paper adapter for strategy: Pairs_W90_Z2.5_S3.5_H24 (z_entry=2.5, window=90)
2026-08-18 19:29:13,236 [INFO] Loaded paper adapter for strategy: Pairs_W90_Z2.4_S3.5_H24 (z_entry=2.4, window=90)
2026-08-18 19:29:14,531 [INFO] Loaded paper adapter for strategy: Pairs_Stat_Arb_Base (z_entry=2.5, window=90)
2026-08-18 19:29:14,532 [INFO] Loaded paper adapter for strategy: Pairs_W90_Z2.5_S3.5_H24 (z_entry=2.5, window=90)
2026-08-18 19:29:14,532 [INFO] Loaded paper adapter for strategy: Pairs_W90_Z2.4_S3.5_H24 (z_entry=2.4, window=90)
2026-08-18 19:29:14,534 [INFO] 🏁 [PAPER CLOSE] [Pairs_W90_Z2.5_S3.5_H24] BTCUSDT/ETHUSDT | Net PnL: $+494.96 USD | Reason: Spread Mean-Reverted (Z=0.05)
2026-08-18 19:29:14,539 [INFO] Loaded paper adapter for strategy: Pairs_Stat_Arb_Base (z_entry=2.5, window=90)
2026-08-18 19:29:14,539 [INFO] Loaded paper adapter for strategy: Pairs_W90_Z2.5_S3.5_H24 (z_entry=2.5, window=90)
2026-08-18 19:29:14,539 [INFO] Loaded paper adapter for strategy: Pairs_W90_Z2.4_S3.5_H24 (z_entry=2.4, window=90)
2026-08-18 19:29:14,540 [INFO] Loaded paper adapter for strategy: Pairs_Stat_Arb_Base (z_entry=2.5, window=90)
2026-08-18 19:29:14,540 [INFO] Loaded paper adapter for strategy: Pairs_W90_Z2.5_S3.5_H24 (z_entry=2.5, window=90)
2026-08-18 19:29:14,540 [INFO] Loaded paper adapter for strategy: Pairs_W90_Z2.4_S3.5_H24 (z_entry=2.4, window=90)
2026-08-18 19:29:14,541 [INFO] Loaded paper adapter for strategy: Pairs_Stat_Arb_Base (z_entry=2.5, window=90)
2026-08-18 19:29:14,541 [INFO] Loaded paper adapter for strategy: Pairs_W90_Z2.5_S3.5_H24 (z_entry=2.5, window=90)
2026-08-18 19:29:14,541 [INFO] Loaded paper adapter for strategy: Pairs_W90_Z2.4_S3.5_H24 (z_entry=2.4, window=90)
2026-08-18 19:29:14,543 [INFO] ✅ Demo readiness audit report saved to: /Users/jorgeatilano/Desktop/DEVIN/trading-autonomous-system/logs/execution/demo_readiness.json
2026-08-18 19:39:47,781 [INFO] 🌐 BinanceFuturesClient initialized: mode=PAPER, endpoint=https://testnet.binancefuture.com, key=[EMPTY]
2026-08-18 19:39:47,781 [INFO] 📝 [PAPER SIMULATED ORDER] BUY 0.01 BTCUSDT @ MARKET (clientOrderId=test_idempotent_order_001)
2026-08-18 19:39:48,249 [INFO] ✅ [ORDER SUCCESS] test_idempotent_order_001 -> FILLED (ExchangeId: 1787103587781)
2026-08-18 19:39:48,250 [WARNING] ⚠️ [IDEMPOTENCY GUARD] Order test_idempotent_order_001 already exists with status FILLED. Reconciling instead of duplicate submit.
2026-08-18 19:39:48,253 [INFO] 🌐 BinanceFuturesClient initialized: mode=PAPER, endpoint=https://testnet.binancefuture.com, key=[EMPTY]
2026-08-18 19:39:48,256 [ERROR] 🛑 PRE-TRADE RISK BREACH: Kill switch is actively triggered.
2026-08-18 19:39:48,256 [INFO] 🌐 BinanceFuturesClient initialized: mode=PAPER, endpoint=https://testnet.binancefuture.com, key=[EMPTY]
2026-08-18 19:39:48,256 [INFO] 📊 [POSITION OPENED] BTCUSDT/ETHUSDT (LONG_SPREAD) | Leg Y: BUY 0.05 BTCUSDT @ 60000.0 | Leg X: SELL 1.0 ETHUSDT @ 3000.0
2026-08-18 19:39:48,257 [ERROR] 🚨 [RECONCILIATION MISMATCH] Position mismatch for BTCUSDT: Local=0.05000 vs Exchange=0.00000 (Diff=0.05000)
2026-08-18 19:39:48,257 [ERROR] 🚨 [RECONCILIATION MISMATCH] Position mismatch for ETHUSDT: Local=-1.00000 vs Exchange=0.00000 (Diff=1.00000)
2026-08-18 19:39:48,257 [CRITICAL] 🛑 [RECONCILIATION HALT TRIGGERED] State inconsistency detected! New orders MUST be halted.
2026-08-18 19:39:48,257 [CRITICAL] 🚨🚨🚨 [KILL SWITCH ACTIVATED] Reason: POSITION_MISMATCH | Details: Reconciliation failure: Position mismatch for BTCUSDT: Local=0.05000 vs Exchange=0.00000 (Diff=0.05000); Position mismatch for ETHUSDT: Local=-1.00000 vs Exchange=0.00000 (Diff=1.00000) 🚨🚨🚨
2026-08-18 19:39:48,257 [ERROR] 🛑 Security Check Failed: Strategy Pairs_Stat_Arb_Base has 45 < 100 paper trades.
2026-08-18 19:39:48,258 [ERROR] 🛑 Security Check Failed: Pairs_Stat_Arb_Base human_approval is 'PENDING (Write 'APPROVED' manually to allow Binance Demo/Real)' (NOT APPROVED).
2026-08-18 19:39:48,303 [INFO] Loaded paper adapter for strategy: Pairs_Stat_Arb_Base (z_entry=2.5, window=90)
2026-08-18 19:39:48,304 [INFO] Loaded paper adapter for strategy: Pairs_W90_Z2.5_S3.5_H24 (z_entry=2.5, window=90)
2026-08-18 19:39:48,305 [INFO] Loaded paper adapter for strategy: Pairs_W90_Z2.4_S3.5_H24 (z_entry=2.4, window=90)
2026-08-18 19:39:48,308 [INFO] Loaded paper adapter for strategy: Pairs_Stat_Arb_Base (z_entry=2.5, window=90)
2026-08-18 19:39:48,309 [INFO] Loaded paper adapter for strategy: Pairs_W90_Z2.5_S3.5_H24 (z_entry=2.5, window=90)
2026-08-18 19:39:48,310 [INFO] Loaded paper adapter for strategy: Pairs_W90_Z2.4_S3.5_H24 (z_entry=2.4, window=90)
2026-08-18 19:39:49,641 [INFO] Loaded paper adapter for strategy: Pairs_Stat_Arb_Base (z_entry=2.5, window=90)
2026-08-18 19:39:49,642 [INFO] Loaded paper adapter for strategy: Pairs_W90_Z2.5_S3.5_H24 (z_entry=2.5, window=90)
2026-08-18 19:39:49,643 [INFO] Loaded paper adapter for strategy: Pairs_W90_Z2.4_S3.5_H24 (z_entry=2.4, window=90)
2026-08-18 19:39:49,649 [INFO] 🏁 [PAPER CLOSE] [Pairs_W90_Z2.5_S3.5_H24] BTCUSDT/ETHUSDT | Net PnL: $+494.96 USD | Reason: Spread Mean-Reverted (Z=0.05)
2026-08-18 19:39:49,667 [INFO] Loaded paper adapter for strategy: Pairs_Stat_Arb_Base (z_entry=2.5, window=90)
2026-08-18 19:39:49,668 [INFO] Loaded paper adapter for strategy: Pairs_W90_Z2.5_S3.5_H24 (z_entry=2.5, window=90)
2026-08-18 19:39:49,669 [INFO] Loaded paper adapter for strategy: Pairs_W90_Z2.4_S3.5_H24 (z_entry=2.4, window=90)
2026-08-18 19:39:49,669 [INFO] 💾 Restored 0 open paper positions from state file.
2026-08-18 19:39:49,672 [INFO] Loaded paper adapter for strategy: Pairs_Stat_Arb_Base (z_entry=2.5, window=90)
2026-08-18 19:39:49,673 [INFO] Loaded paper adapter for strategy: Pairs_W90_Z2.5_S3.5_H24 (z_entry=2.5, window=90)
2026-08-18 19:39:49,673 [INFO] Loaded paper adapter for strategy: Pairs_W90_Z2.4_S3.5_H24 (z_entry=2.4, window=90)
2026-08-18 19:39:49,674 [INFO] 💾 Restored 0 open paper positions from state file.
2026-08-18 19:39:49,676 [INFO] Loaded paper adapter for strategy: Pairs_Stat_Arb_Base (z_entry=2.5, window=90)
2026-08-18 19:39:49,677 [INFO] Loaded paper adapter for strategy: Pairs_W90_Z2.5_S3.5_H24 (z_entry=2.5, window=90)
2026-08-18 19:39:49,678 [INFO] Loaded paper adapter for strategy: Pairs_W90_Z2.4_S3.5_H24 (z_entry=2.4, window=90)
2026-08-18 19:39:49,678 [INFO] 💾 Restored 0 open paper positions from state file.
2026-08-18 19:39:49,680 [INFO] ✅ Demo readiness audit report saved to: /Users/jorgeatilano/Desktop/DEVIN/trading-autonomous-system/logs/execution/demo_readiness.json
2026-08-18 19:39:49,682 [INFO] Loaded paper adapter for strategy: Pairs_Stat_Arb_Base (z_entry=2.5, window=90)
2026-08-18 19:39:49,683 [INFO] Loaded paper adapter for strategy: Pairs_W90_Z2.5_S3.5_H24 (z_entry=2.5, window=90)
2026-08-18 19:39:49,684 [INFO] Loaded paper adapter for strategy: Pairs_W90_Z2.4_S3.5_H24 (z_entry=2.4, window=90)
2026-08-18 19:39:49,684 [INFO] 💾 Restored 0 open paper positions from state file.
2026-08-18 19:39:49,687 [INFO] Loaded paper adapter for strategy: Pairs_Stat_Arb_Base (z_entry=2.5, window=90)
2026-08-18 19:39:49,687 [INFO] Loaded paper adapter for strategy: Pairs_W90_Z2.5_S3.5_H24 (z_entry=2.5, window=90)
2026-08-18 19:39:49,688 [INFO] Loaded paper adapter for strategy: Pairs_W90_Z2.4_S3.5_H24 (z_entry=2.4, window=90)
2026-08-18 19:39:49,688 [INFO] 💾 Restored 0 open paper positions from state file.
2026-08-18 19:39:49,689 [INFO] 💾 Restored 1 open paper positions from state file.
2026-08-18 19:39:49,691 [INFO] Loaded paper adapter for strategy: Pairs_Stat_Arb_Base (z_entry=2.5, window=90)
2026-08-18 19:39:49,692 [INFO] Loaded paper adapter for strategy: Pairs_W90_Z2.5_S3.5_H24 (z_entry=2.5, window=90)
2026-08-18 19:39:49,693 [INFO] Loaded paper adapter for strategy: Pairs_W90_Z2.4_S3.5_H24 (z_entry=2.4, window=90)
2026-08-18 19:39:49,693 [INFO] 💾 Restored 0 open paper positions from state file.
2026-08-18 19:39:57,823 [INFO] 🌐 BinanceFuturesClient initialized: mode=PAPER, endpoint=https://testnet.binancefuture.com, key=[EMPTY]
2026-08-18 19:39:57,823 [INFO] 📝 [PAPER SIMULATED ORDER] BUY 0.01 BTCUSDT @ MARKET (clientOrderId=test_idempotent_order_001)
2026-08-18 19:39:58,094 [INFO] ✅ [ORDER SUCCESS] test_idempotent_order_001 -> FILLED (ExchangeId: 1787103597823)
2026-08-18 19:39:58,095 [WARNING] ⚠️ [IDEMPOTENCY GUARD] Order test_idempotent_order_001 already exists with status FILLED. Reconciling instead of duplicate submit.
2026-08-18 19:39:58,097 [INFO] 🌐 BinanceFuturesClient initialized: mode=PAPER, endpoint=https://testnet.binancefuture.com, key=[EMPTY]
2026-08-18 19:39:58,099 [ERROR] 🛑 PRE-TRADE RISK BREACH: Kill switch is actively triggered.
2026-08-18 19:39:58,099 [INFO] 🌐 BinanceFuturesClient initialized: mode=PAPER, endpoint=https://testnet.binancefuture.com, key=[EMPTY]
2026-08-18 19:39:58,099 [INFO] 📊 [POSITION OPENED] BTCUSDT/ETHUSDT (LONG_SPREAD) | Leg Y: BUY 0.05 BTCUSDT @ 60000.0 | Leg X: SELL 1.0 ETHUSDT @ 3000.0
2026-08-18 19:39:58,100 [ERROR] 🚨 [RECONCILIATION MISMATCH] Position mismatch for ETHUSDT: Local=-1.00000 vs Exchange=0.00000 (Diff=1.00000)
2026-08-18 19:39:58,100 [ERROR] 🚨 [RECONCILIATION MISMATCH] Position mismatch for BTCUSDT: Local=0.05000 vs Exchange=0.00000 (Diff=0.05000)
2026-08-18 19:39:58,100 [CRITICAL] 🛑 [RECONCILIATION HALT TRIGGERED] State inconsistency detected! New orders MUST be halted.
2026-08-18 19:39:58,100 [CRITICAL] 🚨🚨🚨 [KILL SWITCH ACTIVATED] Reason: POSITION_MISMATCH | Details: Reconciliation failure: Position mismatch for ETHUSDT: Local=-1.00000 vs Exchange=0.00000 (Diff=1.00000); Position mismatch for BTCUSDT: Local=0.05000 vs Exchange=0.00000 (Diff=0.05000) 🚨🚨🚨
2026-08-18 19:39:58,100 [ERROR] 🛑 Security Check Failed: Strategy Pairs_Stat_Arb_Base has 45 < 100 paper trades.
2026-08-18 19:39:58,101 [ERROR] 🛑 Security Check Failed: Pairs_Stat_Arb_Base human_approval is 'PENDING (Write 'APPROVED' manually to allow Binance Demo/Real)' (NOT APPROVED).
2026-08-18 19:39:58,135 [INFO] Loaded paper adapter for strategy: Pairs_Stat_Arb_Base (z_entry=2.5, window=90)
2026-08-18 19:39:58,136 [INFO] Loaded paper adapter for strategy: Pairs_W90_Z2.5_S3.5_H24 (z_entry=2.5, window=90)
2026-08-18 19:39:58,137 [INFO] Loaded paper adapter for strategy: Pairs_W90_Z2.4_S3.5_H24 (z_entry=2.4, window=90)
2026-08-18 19:39:58,137 [INFO] 💾 Restored 0 open paper positions from state file.
2026-08-18 19:39:58,140 [INFO] Loaded paper adapter for strategy: Pairs_Stat_Arb_Base (z_entry=2.5, window=90)
2026-08-18 19:39:58,141 [INFO] Loaded paper adapter for strategy: Pairs_W90_Z2.5_S3.5_H24 (z_entry=2.5, window=90)
2026-08-18 19:39:58,142 [INFO] Loaded paper adapter for strategy: Pairs_W90_Z2.4_S3.5_H24 (z_entry=2.4, window=90)
2026-08-18 19:39:58,142 [INFO] 💾 Restored 0 open paper positions from state file.
2026-08-18 19:39:59,435 [INFO] Loaded paper adapter for strategy: Pairs_Stat_Arb_Base (z_entry=2.5, window=90)
2026-08-18 19:39:59,436 [INFO] Loaded paper adapter for strategy: Pairs_W90_Z2.5_S3.5_H24 (z_entry=2.5, window=90)
2026-08-18 19:39:59,437 [INFO] Loaded paper adapter for strategy: Pairs_W90_Z2.4_S3.5_H24 (z_entry=2.4, window=90)
2026-08-18 19:39:59,437 [INFO] 💾 Restored 0 open paper positions from state file.
2026-08-18 19:39:59,440 [INFO] 🏁 [PAPER CLOSE] [Pairs_W90_Z2.5_S3.5_H24] BTCUSDT/ETHUSDT | Net PnL: $+494.96 USD | Reason: Spread Mean-Reverted (Z=0.05)
2026-08-18 19:39:59,446 [INFO] Loaded paper adapter for strategy: Pairs_Stat_Arb_Base (z_entry=2.5, window=90)
2026-08-18 19:39:59,447 [INFO] Loaded paper adapter for strategy: Pairs_W90_Z2.5_S3.5_H24 (z_entry=2.5, window=90)
2026-08-18 19:39:59,448 [INFO] Loaded paper adapter for strategy: Pairs_W90_Z2.4_S3.5_H24 (z_entry=2.4, window=90)
2026-08-18 19:39:59,448 [INFO] 💾 Restored 0 open paper positions from state file.
2026-08-18 19:39:59,451 [INFO] Loaded paper adapter for strategy: Pairs_Stat_Arb_Base (z_entry=2.5, window=90)
2026-08-18 19:39:59,452 [INFO] Loaded paper adapter for strategy: Pairs_W90_Z2.5_S3.5_H24 (z_entry=2.5, window=90)
2026-08-18 19:39:59,453 [INFO] Loaded paper adapter for strategy: Pairs_W90_Z2.4_S3.5_H24 (z_entry=2.4, window=90)
2026-08-18 19:39:59,453 [INFO] 💾 Restored 0 open paper positions from state file.
2026-08-18 19:39:59,456 [INFO] Loaded paper adapter for strategy: Pairs_Stat_Arb_Base (z_entry=2.5, window=90)
2026-08-18 19:39:59,457 [INFO] Loaded paper adapter for strategy: Pairs_W90_Z2.5_S3.5_H24 (z_entry=2.5, window=90)
2026-08-18 19:39:59,457 [INFO] Loaded paper adapter for strategy: Pairs_W90_Z2.4_S3.5_H24 (z_entry=2.4, window=90)
2026-08-18 19:39:59,458 [INFO] 💾 Restored 0 open paper positions from state file.
2026-08-18 19:39:59,459 [INFO] ✅ Demo readiness audit report saved to: /Users/jorgeatilano/Desktop/DEVIN/trading-autonomous-system/logs/execution/demo_readiness.json
2026-08-18 19:39:59,462 [INFO] Loaded paper adapter for strategy: Pairs_Stat_Arb_Base (z_entry=2.5, window=90)
2026-08-18 19:39:59,463 [INFO] Loaded paper adapter for strategy: Pairs_W90_Z2.5_S3.5_H24 (z_entry=2.5, window=90)
2026-08-18 19:39:59,463 [INFO] Loaded paper adapter for strategy: Pairs_W90_Z2.4_S3.5_H24 (z_entry=2.4, window=90)
2026-08-18 19:39:59,464 [INFO] 💾 Restored 0 open paper positions from state file.
2026-08-18 19:39:59,466 [INFO] Loaded paper adapter for strategy: Pairs_Stat_Arb_Base (z_entry=2.5, window=90)
2026-08-18 19:39:59,467 [INFO] Loaded paper adapter for strategy: Pairs_W90_Z2.5_S3.5_H24 (z_entry=2.5, window=90)
2026-08-18 19:39:59,468 [INFO] Loaded paper adapter for strategy: Pairs_W90_Z2.4_S3.5_H24 (z_entry=2.4, window=90)
2026-08-18 19:39:59,468 [INFO] 💾 Restored 0 open paper positions from state file.
2026-08-18 19:39:59,469 [INFO] 💾 Restored 1 open paper positions from state file.
2026-08-18 19:39:59,471 [INFO] Loaded paper adapter for strategy: Pairs_Stat_Arb_Base (z_entry=2.5, window=90)
2026-08-18 19:39:59,472 [INFO] Loaded paper adapter for strategy: Pairs_W90_Z2.5_S3.5_H24 (z_entry=2.5, window=90)
2026-08-18 19:39:59,473 [INFO] Loaded paper adapter for strategy: Pairs_W90_Z2.4_S3.5_H24 (z_entry=2.4, window=90)
2026-08-18 19:39:59,473 [INFO] 💾 Restored 0 open paper positions from state file.
2026-08-18 19:39:59,473 [WARNING] 🛑 [WATCHDOG ALERT] STALE_DATA_HALT (Latency: 120.0m > 90m)
2026-08-18 19:40:05,911 [INFO] Loaded paper adapter for strategy: Pairs_Stat_Arb_Base (z_entry=2.5, window=90)
2026-08-18 19:40:05,912 [INFO] Loaded paper adapter for strategy: Pairs_W90_Z2.5_S3.5_H24 (z_entry=2.5, window=90)
2026-08-18 19:40:05,913 [INFO] Loaded paper adapter for strategy: Pairs_W90_Z2.4_S3.5_H24 (z_entry=2.4, window=90)
2026-08-18 19:40:05,914 [INFO] 💾 Restored 0 open paper positions from state file.
2026-08-18 19:40:05,914 [INFO] 📊 [PULSO PAPER MULTI-STRATEGY] Balance: $5000.00 USD | Posiciones: 0 | Estrategias: 3
2026-08-18 19:40:26,759 [INFO] Loaded paper adapter for strategy: Pairs_Stat_Arb_Base (z_entry=2.5, window=90)
2026-08-18 19:40:26,761 [INFO] Loaded paper adapter for strategy: Pairs_W90_Z2.5_S3.5_H24 (z_entry=2.5, window=90)
2026-08-18 19:40:26,761 [INFO] Loaded paper adapter for strategy: Pairs_W90_Z2.4_S3.5_H24 (z_entry=2.4, window=90)
2026-08-18 19:40:26,762 [INFO] 💾 Restored 0 open paper positions from state file.
2026-08-18 19:40:26,762 [INFO] 🚀 [FORWARD PAPER RUNNER DAEMON START] PID=17780 | Polling every 60s
2026-08-18 19:40:26,762 [INFO] 📊 [PULSO PAPER MULTI-STRATEGY] Balance: $5000.00 USD | Posiciones: 0 | Estrategias: 3
2026-08-18 19:41:33,523 [INFO] 📊 [PULSO PAPER MULTI-STRATEGY] Balance: $5000.00 USD | Posiciones: 0 | Estrategias: 3
2026-08-18 19:42:41,419 [INFO] 📊 [PULSO PAPER MULTI-STRATEGY] Balance: $5000.00 USD | Posiciones: 0 | Estrategias: 3
2026-08-18 19:43:48,938 [INFO] 📊 [PULSO PAPER MULTI-STRATEGY] Balance: $5000.00 USD | Posiciones: 0 | Estrategias: 3
2026-08-18 19:44:57,093 [INFO] 📊 [PULSO PAPER MULTI-STRATEGY] Balance: $5000.00 USD | Posiciones: 0 | Estrategias: 3
2026-08-18 19:46:04,510 [INFO] 📊 [PULSO PAPER MULTI-STRATEGY] Balance: $5000.00 USD | Posiciones: 0 | Estrategias: 3
2026-08-18 19:47:11,916 [INFO] 📊 [PULSO PAPER MULTI-STRATEGY] Balance: $5000.00 USD | Posiciones: 0 | Estrategias: 3
2026-08-18 19:48:19,932 [INFO] 📊 [PULSO PAPER MULTI-STRATEGY] Balance: $5000.00 USD | Posiciones: 0 | Estrategias: 3
2026-08-18 19:49:28,950 [INFO] 📊 [PULSO PAPER MULTI-STRATEGY] Balance: $5000.00 USD | Posiciones: 0 | Estrategias: 3
2026-08-18 19:50:35,714 [INFO] 📊 [PULSO PAPER MULTI-STRATEGY] Balance: $5000.00 USD | Posiciones: 0 | Estrategias: 3
2026-08-18 19:51:42,688 [INFO] 📊 [PULSO PAPER MULTI-STRATEGY] Balance: $5000.00 USD | Posiciones: 0 | Estrategias: 3
2026-08-18 19:52:49,589 [INFO] 📊 [PULSO PAPER MULTI-STRATEGY] Balance: $5000.00 USD | Posiciones: 0 | Estrategias: 3
2026-08-18 19:53:57,763 [INFO] 📊 [PULSO PAPER MULTI-STRATEGY] Balance: $5000.00 USD | Posiciones: 0 | Estrategias: 3
2026-08-18 19:55:04,418 [INFO] 📊 [PULSO PAPER MULTI-STRATEGY] Balance: $5000.00 USD | Posiciones: 0 | Estrategias: 3
2026-08-18 19:56:12,221 [INFO] 📊 [PULSO PAPER MULTI-STRATEGY] Balance: $5000.00 USD | Posiciones: 0 | Estrategias: 3
2026-08-18 19:57:18,273 [INFO] 📊 [PULSO PAPER MULTI-STRATEGY] Balance: $5000.00 USD | Posiciones: 0 | Estrategias: 3
2026-08-18 19:58:26,469 [INFO] 📊 [PULSO PAPER MULTI-STRATEGY] Balance: $5000.00 USD | Posiciones: 0 | Estrategias: 3
2026-08-18 19:59:33,250 [INFO] 📊 [PULSO PAPER MULTI-STRATEGY] Balance: $5000.00 USD | Posiciones: 0 | Estrategias: 3
2026-08-18 20:00:40,534 [INFO] 📊 [PULSO PAPER MULTI-STRATEGY] Balance: $5000.00 USD | Posiciones: 0 | Estrategias: 3
2026-08-18 20:01:47,347 [INFO] 📊 [PULSO PAPER MULTI-STRATEGY] Balance: $5000.00 USD | Posiciones: 0 | Estrategias: 3
2026-08-18 20:02:56,387 [INFO] 📊 [PULSO PAPER MULTI-STRATEGY] Balance: $5000.00 USD | Posiciones: 0 | Estrategias: 3
2026-08-18 20:04:03,674 [INFO] 📊 [PULSO PAPER MULTI-STRATEGY] Balance: $5000.00 USD | Posiciones: 0 | Estrategias: 3
2026-08-18 20:05:11,993 [INFO] 📊 [PULSO PAPER MULTI-STRATEGY] Balance: $5000.00 USD | Posiciones: 0 | Estrategias: 3
2026-08-18 20:06:19,130 [INFO] 📊 [PULSO PAPER MULTI-STRATEGY] Balance: $5000.00 USD | Posiciones: 0 | Estrategias: 3
2026-08-18 20:07:28,274 [INFO] 📊 [PULSO PAPER MULTI-STRATEGY] Balance: $5000.00 USD | Posiciones: 0 | Estrategias: 3
2026-08-18 20:08:34,875 [INFO] 📊 [PULSO PAPER MULTI-STRATEGY] Balance: $5000.00 USD | Posiciones: 0 | Estrategias: 3
2026-08-18 20:09:43,809 [INFO] 📊 [PULSO PAPER MULTI-STRATEGY] Balance: $5000.00 USD | Posiciones: 0 | Estrategias: 3
2026-08-18 20:10:50,115 [INFO] 📊 [PULSO PAPER MULTI-STRATEGY] Balance: $5000.00 USD | Posiciones: 0 | Estrategias: 3
2026-08-18 20:11:56,866 [INFO] 📊 [PULSO PAPER MULTI-STRATEGY] Balance: $5000.00 USD | Posiciones: 0 | Estrategias: 3
2026-08-18 20:13:03,289 [INFO] 📊 [PULSO PAPER MULTI-STRATEGY] Balance: $5000.00 USD | Posiciones: 0 | Estrategias: 3
2026-08-18 20:14:10,008 [INFO] 📊 [PULSO PAPER MULTI-STRATEGY] Balance: $5000.00 USD | Posiciones: 0 | Estrategias: 3
2026-08-18 20:15:16,995 [INFO] 📊 [PULSO PAPER MULTI-STRATEGY] Balance: $5000.00 USD | Posiciones: 0 | Estrategias: 3
2026-08-18 20:16:25,223 [INFO] 📊 [PULSO PAPER MULTI-STRATEGY] Balance: $5000.00 USD | Posiciones: 0 | Estrategias: 3
2026-08-18 20:17:32,993 [INFO] 📊 [PULSO PAPER MULTI-STRATEGY] Balance: $5000.00 USD | Posiciones: 0 | Estrategias: 3
2026-08-18 20:18:40,191 [INFO] 📊 [PULSO PAPER MULTI-STRATEGY] Balance: $5000.00 USD | Posiciones: 0 | Estrategias: 3
2026-08-18 20:19:48,186 [INFO] 📊 [PULSO PAPER MULTI-STRATEGY] Balance: $5000.00 USD | Posiciones: 0 | Estrategias: 3
2026-08-18 20:20:56,484 [INFO] 📊 [PULSO PAPER MULTI-STRATEGY] Balance: $5000.00 USD | Posiciones: 0 | Estrategias: 3
2026-08-18 20:22:04,416 [INFO] 📊 [PULSO PAPER MULTI-STRATEGY] Balance: $5000.00 USD | Posiciones: 0 | Estrategias: 3
2026-08-18 20:23:13,698 [INFO] 📊 [PULSO PAPER MULTI-STRATEGY] Balance: $5000.00 USD | Posiciones: 0 | Estrategias: 3
2026-08-18 20:24:22,716 [INFO] 📊 [PULSO PAPER MULTI-STRATEGY] Balance: $5000.00 USD | Posiciones: 0 | Estrategias: 3
2026-08-18 20:25:31,846 [INFO] 📊 [PULSO PAPER MULTI-STRATEGY] Balance: $5000.00 USD | Posiciones: 0 | Estrategias: 3
2026-08-18 20:26:40,470 [INFO] 📊 [PULSO PAPER MULTI-STRATEGY] Balance: $5000.00 USD | Posiciones: 0 | Estrategias: 3
2026-08-18 20:27:47,800 [INFO] 📊 [PULSO PAPER MULTI-STRATEGY] Balance: $5000.00 USD | Posiciones: 0 | Estrategias: 3
2026-08-18 20:28:56,700 [INFO] 📊 [PULSO PAPER MULTI-STRATEGY] Balance: $5000.00 USD | Posiciones: 0 | Estrategias: 3
2026-08-18 20:30:04,662 [INFO] 📊 [PULSO PAPER MULTI-STRATEGY] Balance: $5000.00 USD | Posiciones: 0 | Estrategias: 3
2026-08-18 20:31:13,022 [INFO] 📊 [PULSO PAPER MULTI-STRATEGY] Balance: $5000.00 USD | Posiciones: 0 | Estrategias: 3
2026-08-18 20:32:19,834 [INFO] 📊 [PULSO PAPER MULTI-STRATEGY] Balance: $5000.00 USD | Posiciones: 0 | Estrategias: 3
2026-08-18 20:33:28,445 [INFO] 📊 [PULSO PAPER MULTI-STRATEGY] Balance: $5000.00 USD | Posiciones: 0 | Estrategias: 3
2026-08-18 20:34:36,143 [INFO] 📊 [PULSO PAPER MULTI-STRATEGY] Balance: $5000.00 USD | Posiciones: 0 | Estrategias: 3
2026-08-18 20:35:45,249 [INFO] 📊 [PULSO PAPER MULTI-STRATEGY] Balance: $5000.00 USD | Posiciones: 0 | Estrategias: 3
2026-08-18 20:36:52,268 [INFO] 📊 [PULSO PAPER MULTI-STRATEGY] Balance: $5000.00 USD | Posiciones: 0 | Estrategias: 3
2026-08-18 20:38:02,166 [INFO] 📊 [PULSO PAPER MULTI-STRATEGY] Balance: $5000.00 USD | Posiciones: 0 | Estrategias: 3
2026-08-18 20:39:09,979 [INFO] 📊 [PULSO PAPER MULTI-STRATEGY] Balance: $5000.00 USD | Posiciones: 0 | Estrategias: 3
2026-08-18 20:40:18,291 [INFO] 📊 [PULSO PAPER MULTI-STRATEGY] Balance: $5000.00 USD | Posiciones: 0 | Estrategias: 3
2026-08-18 20:41:27,653 [INFO] 📊 [PULSO PAPER MULTI-STRATEGY] Balance: $5000.00 USD | Posiciones: 0 | Estrategias: 3
2026-08-18 20:42:37,020 [INFO] 📊 [PULSO PAPER MULTI-STRATEGY] Balance: $5000.00 USD | Posiciones: 0 | Estrategias: 3
2026-08-18 20:43:45,718 [INFO] 📊 [PULSO PAPER MULTI-STRATEGY] Balance: $5000.00 USD | Posiciones: 0 | Estrategias: 3
2026-08-18 20:44:54,533 [INFO] 📊 [PULSO PAPER MULTI-STRATEGY] Balance: $5000.00 USD | Posiciones: 0 | Estrategias: 3
2026-08-18 20:46:02,842 [INFO] 📊 [PULSO PAPER MULTI-STRATEGY] Balance: $5000.00 USD | Posiciones: 0 | Estrategias: 3
2026-08-18 20:47:10,448 [INFO] 📊 [PULSO PAPER MULTI-STRATEGY] Balance: $5000.00 USD | Posiciones: 0 | Estrategias: 3
2026-08-18 20:48:18,566 [INFO] 📊 [PULSO PAPER MULTI-STRATEGY] Balance: $5000.00 USD | Posiciones: 0 | Estrategias: 3
2026-08-18 20:49:27,443 [INFO] 📊 [PULSO PAPER MULTI-STRATEGY] Balance: $5000.00 USD | Posiciones: 0 | Estrategias: 3
2026-08-18 20:50:36,045 [INFO] 📊 [PULSO PAPER MULTI-STRATEGY] Balance: $5000.00 USD | Posiciones: 0 | Estrategias: 3
2026-08-18 20:51:44,549 [INFO] 📊 [PULSO PAPER MULTI-STRATEGY] Balance: $5000.00 USD | Posiciones: 0 | Estrategias: 3
2026-08-18 20:52:55,024 [INFO] 📊 [PULSO PAPER MULTI-STRATEGY] Balance: $5000.00 USD | Posiciones: 0 | Estrategias: 3
2026-08-18 20:54:02,847 [INFO] 📊 [PULSO PAPER MULTI-STRATEGY] Balance: $5000.00 USD | Posiciones: 0 | Estrategias: 3
2026-08-18 20:55:10,501 [INFO] 📊 [PULSO PAPER MULTI-STRATEGY] Balance: $5000.00 USD | Posiciones: 0 | Estrategias: 3
2026-08-18 20:56:19,767 [INFO] 📊 [PULSO PAPER MULTI-STRATEGY] Balance: $5000.00 USD | Posiciones: 0 | Estrategias: 3
2026-08-18 20:57:27,822 [INFO] 📊 [PULSO PAPER MULTI-STRATEGY] Balance: $5000.00 USD | Posiciones: 0 | Estrategias: 3
2026-08-18 20:58:36,942 [INFO] 📊 [PULSO PAPER MULTI-STRATEGY] Balance: $5000.00 USD | Posiciones: 0 | Estrategias: 3
2026-08-18 20:59:45,401 [INFO] 📊 [PULSO PAPER MULTI-STRATEGY] Balance: $5000.00 USD | Posiciones: 0 | Estrategias: 3
2026-08-18 21:00:55,830 [INFO] 📊 [PULSO PAPER MULTI-STRATEGY] Balance: $5000.00 USD | Posiciones: 0 | Estrategias: 3
2026-08-18 21:02:04,532 [INFO] 📊 [PULSO PAPER MULTI-STRATEGY] Balance: $5000.00 USD | Posiciones: 0 | Estrategias: 3
2026-08-18 21:03:12,823 [INFO] 📊 [PULSO PAPER MULTI-STRATEGY] Balance: $5000.00 USD | Posiciones: 0 | Estrategias: 3
2026-08-18 21:04:21,487 [INFO] 📊 [PULSO PAPER MULTI-STRATEGY] Balance: $5000.00 USD | Posiciones: 0 | Estrategias: 3
2026-08-18 21:05:29,430 [INFO] 📊 [PULSO PAPER MULTI-STRATEGY] Balance: $5000.00 USD | Posiciones: 0 | Estrategias: 3
2026-08-18 21:06:38,894 [INFO] 📊 [PULSO PAPER MULTI-STRATEGY] Balance: $5000.00 USD | Posiciones: 0 | Estrategias: 3
2026-08-18 21:07:46,942 [INFO] 📊 [PULSO PAPER MULTI-STRATEGY] Balance: $5000.00 USD | Posiciones: 0 | Estrategias: 3
2026-08-18 21:08:55,052 [INFO] 📊 [PULSO PAPER MULTI-STRATEGY] Balance: $5000.00 USD | Posiciones: 0 | Estrategias: 3
2026-08-18 21:09:25,113 [INFO] Loaded paper adapter for strategy: Pairs_Stat_Arb_Base (z_entry=2.5, window=90)
2026-08-18 21:09:25,115 [INFO] Loaded paper adapter for strategy: Pairs_W90_Z2.5_S3.5_H24 (z_entry=2.5, window=90)
2026-08-18 21:09:25,116 [INFO] Loaded paper adapter for strategy: Pairs_W90_Z2.4_S3.5_H24 (z_entry=2.4, window=90)
2026-08-18 21:09:25,116 [INFO] 💾 Restored 0 open paper positions from state file.
2026-08-18 21:09:48,428 [INFO] 🌐 BinanceFuturesClient initialized: mode=PAPER, endpoint=https://testnet.binancefuture.com, key=[EMPTY]
2026-08-18 21:09:48,428 [INFO] 📝 [PAPER SIMULATED ORDER] BUY 0.01 BTCUSDT @ MARKET (clientOrderId=test_idempotent_order_001)
2026-08-18 21:09:49,418 [INFO] ✅ [ORDER SUCCESS] test_idempotent_order_001 -> FILLED (ExchangeId: 1787108988429)
2026-08-18 21:09:49,419 [WARNING] ⚠️ [IDEMPOTENCY GUARD] Order test_idempotent_order_001 already exists with status FILLED. Reconciling instead of duplicate submit.
2026-08-18 21:09:49,421 [INFO] 🌐 BinanceFuturesClient initialized: mode=PAPER, endpoint=https://testnet.binancefuture.com, key=[EMPTY]
2026-08-18 21:09:49,423 [ERROR] 🛑 PRE-TRADE RISK BREACH: Kill switch is actively triggered.
2026-08-18 21:09:49,423 [INFO] 🌐 BinanceFuturesClient initialized: mode=PAPER, endpoint=https://testnet.binancefuture.com, key=[EMPTY]
2026-08-18 21:09:49,423 [INFO] 📊 [POSITION OPENED] BTCUSDT/ETHUSDT (LONG_SPREAD) | Leg Y: BUY 0.05 BTCUSDT @ 60000.0 | Leg X: SELL 1.0 ETHUSDT @ 3000.0
2026-08-18 21:09:49,424 [ERROR] 🚨 [RECONCILIATION MISMATCH] Position mismatch for ETHUSDT: Local=-1.00000 vs Exchange=0.00000 (Diff=1.00000)
2026-08-18 21:09:49,424 [ERROR] 🚨 [RECONCILIATION MISMATCH] Position mismatch for BTCUSDT: Local=0.05000 vs Exchange=0.00000 (Diff=0.05000)
2026-08-18 21:09:49,424 [CRITICAL] 🛑 [RECONCILIATION HALT TRIGGERED] State inconsistency detected! New orders MUST be halted.
2026-08-18 21:09:49,424 [CRITICAL] 🚨🚨🚨 [KILL SWITCH ACTIVATED] Reason: POSITION_MISMATCH | Details: Reconciliation failure: Position mismatch for ETHUSDT: Local=-1.00000 vs Exchange=0.00000 (Diff=1.00000); Position mismatch for BTCUSDT: Local=0.05000 vs Exchange=0.00000 (Diff=0.05000) 🚨🚨🚨
2026-08-18 21:09:49,424 [ERROR] 🛑 Security Check Failed: Strategy Pairs_Stat_Arb_Base has 45 < 100 paper trades.
2026-08-18 21:09:49,425 [ERROR] 🛑 Security Check Failed: Pairs_Stat_Arb_Base human_approval is 'PENDING (Write 'APPROVED' manually to allow Binance Demo/Real)' (NOT APPROVED).
2026-08-18 21:09:49,457 [INFO] Loaded paper adapter for strategy: Pairs_Stat_Arb_Base (z_entry=2.5, window=90)
2026-08-18 21:09:49,459 [INFO] Loaded paper adapter for strategy: Pairs_W90_Z2.5_S3.5_H24 (z_entry=2.5, window=90)
2026-08-18 21:09:49,459 [INFO] Loaded paper adapter for strategy: Pairs_W90_Z2.4_S3.5_H24 (z_entry=2.4, window=90)
2026-08-18 21:09:49,460 [INFO] 💾 Restored 0 open paper positions from state file.
2026-08-18 21:09:49,463 [INFO] Loaded paper adapter for strategy: Pairs_Stat_Arb_Base (z_entry=2.5, window=90)
2026-08-18 21:09:49,464 [INFO] Loaded paper adapter for strategy: Pairs_W90_Z2.5_S3.5_H24 (z_entry=2.5, window=90)
2026-08-18 21:09:49,464 [INFO] Loaded paper adapter for strategy: Pairs_W90_Z2.4_S3.5_H24 (z_entry=2.4, window=90)
2026-08-18 21:09:49,465 [INFO] 💾 Restored 0 open paper positions from state file.
2026-08-18 21:09:50,760 [INFO] Loaded paper adapter for strategy: Pairs_Stat_Arb_Base (z_entry=2.5, window=90)
2026-08-18 21:09:50,761 [INFO] Loaded paper adapter for strategy: Pairs_W90_Z2.5_S3.5_H24 (z_entry=2.5, window=90)
2026-08-18 21:09:50,762 [INFO] Loaded paper adapter for strategy: Pairs_W90_Z2.4_S3.5_H24 (z_entry=2.4, window=90)
2026-08-18 21:09:50,762 [INFO] 💾 Restored 0 open paper positions from state file.
2026-08-18 21:09:50,768 [INFO] 🏁 [PAPER CLOSE] [Pairs_W90_Z2.5_S3.5_H24] BTCUSDT/ETHUSDT | Net PnL: $+494.96 USD | Reason: Spread Mean-Reverted (Z=0.05)
2026-08-18 21:09:50,783 [INFO] Loaded paper adapter for strategy: Pairs_Stat_Arb_Base (z_entry=2.5, window=90)
2026-08-18 21:09:50,785 [INFO] Loaded paper adapter for strategy: Pairs_W90_Z2.5_S3.5_H24 (z_entry=2.5, window=90)
2026-08-18 21:09:50,788 [INFO] Loaded paper adapter for strategy: Pairs_W90_Z2.4_S3.5_H24 (z_entry=2.4, window=90)
2026-08-18 21:09:50,788 [INFO] 💾 Restored 0 open paper positions from state file.
2026-08-18 21:09:50,805 [INFO] Loaded paper adapter for strategy: Pairs_Stat_Arb_Base (z_entry=2.5, window=90)
2026-08-18 21:09:50,806 [INFO] Loaded paper adapter for strategy: Pairs_W90_Z2.5_S3.5_H24 (z_entry=2.5, window=90)
2026-08-18 21:09:50,808 [INFO] Loaded paper adapter for strategy: Pairs_W90_Z2.4_S3.5_H24 (z_entry=2.4, window=90)
2026-08-18 21:09:50,809 [INFO] 💾 Restored 0 open paper positions from state file.
2026-08-18 21:09:50,812 [INFO] Loaded paper adapter for strategy: Pairs_Stat_Arb_Base (z_entry=2.5, window=90)
2026-08-18 21:09:50,813 [INFO] Loaded paper adapter for strategy: Pairs_W90_Z2.5_S3.5_H24 (z_entry=2.5, window=90)
2026-08-18 21:09:50,814 [INFO] Loaded paper adapter for strategy: Pairs_W90_Z2.4_S3.5_H24 (z_entry=2.4, window=90)
2026-08-18 21:09:50,814 [INFO] 💾 Restored 0 open paper positions from state file.
2026-08-18 21:09:50,816 [INFO] ✅ Demo readiness audit report saved to: /Users/jorgeatilano/Desktop/DEVIN/trading-autonomous-system/logs/execution/demo_readiness.json
2026-08-18 21:09:50,818 [INFO] Loaded paper adapter for strategy: Pairs_Stat_Arb_Base (z_entry=2.5, window=90)
2026-08-18 21:09:50,819 [INFO] Loaded paper adapter for strategy: Pairs_W90_Z2.5_S3.5_H24 (z_entry=2.5, window=90)
2026-08-18 21:09:50,820 [INFO] Loaded paper adapter for strategy: Pairs_W90_Z2.4_S3.5_H24 (z_entry=2.4, window=90)
2026-08-18 21:09:50,820 [INFO] 💾 Restored 0 open paper positions from state file.
2026-08-18 21:09:50,823 [INFO] Loaded paper adapter for strategy: Pairs_Stat_Arb_Base (z_entry=2.5, window=90)
2026-08-18 21:09:50,824 [INFO] Loaded paper adapter for strategy: Pairs_W90_Z2.5_S3.5_H24 (z_entry=2.5, window=90)
2026-08-18 21:09:50,825 [INFO] Loaded paper adapter for strategy: Pairs_W90_Z2.4_S3.5_H24 (z_entry=2.4, window=90)
2026-08-18 21:09:50,825 [INFO] 💾 Restored 0 open paper positions from state file.
2026-08-18 21:09:50,825 [INFO] 💾 Restored 1 open paper positions from state file.
2026-08-18 21:09:50,828 [INFO] Loaded paper adapter for strategy: Pairs_Stat_Arb_Base (z_entry=2.5, window=90)
2026-08-18 21:09:50,829 [INFO] Loaded paper adapter for strategy: Pairs_W90_Z2.5_S3.5_H24 (z_entry=2.5, window=90)
2026-08-18 21:09:50,830 [INFO] Loaded paper adapter for strategy: Pairs_W90_Z2.4_S3.5_H24 (z_entry=2.4, window=90)
2026-08-18 21:09:50,830 [INFO] 💾 Restored 0 open paper positions from state file.
2026-08-18 21:09:50,830 [WARNING] 🛑 [WATCHDOG ALERT] STALE_DATA_HALT (Latency: 120.0m > 90m)
2026-08-18 21:10:03,886 [INFO] 📊 [PULSO PAPER MULTI-STRATEGY] Balance: $5000.00 USD | Posiciones: 0 | Estrategias: 3
2026-08-18 21:11:12,996 [INFO] 📊 [PULSO PAPER MULTI-STRATEGY] Balance: $5000.00 USD | Posiciones: 0 | Estrategias: 3
2026-08-18 21:12:22,000 [INFO] 📊 [PULSO PAPER MULTI-STRATEGY] Balance: $5000.00 USD | Posiciones: 0 | Estrategias: 3
2026-08-18 21:13:30,158 [INFO] 📊 [PULSO PAPER MULTI-STRATEGY] Balance: $5000.00 USD | Posiciones: 0 | Estrategias: 3
2026-08-18 21:14:39,880 [INFO] 📊 [PULSO PAPER MULTI-STRATEGY] Balance: $5000.00 USD | Posiciones: 0 | Estrategias: 3
2026-08-18 21:15:49,320 [INFO] 📊 [PULSO PAPER MULTI-STRATEGY] Balance: $5000.00 USD | Posiciones: 0 | Estrategias: 3
2026-08-18 21:16:59,245 [INFO] 📊 [PULSO PAPER MULTI-STRATEGY] Balance: $5000.00 USD | Posiciones: 0 | Estrategias: 3
2026-08-18 21:18:08,895 [INFO] 📊 [PULSO PAPER MULTI-STRATEGY] Balance: $5000.00 USD | Posiciones: 0 | Estrategias: 3
2026-08-18 21:19:18,375 [INFO] 📊 [PULSO PAPER MULTI-STRATEGY] Balance: $5000.00 USD | Posiciones: 0 | Estrategias: 3
2026-08-18 21:20:26,890 [INFO] 📊 [PULSO PAPER MULTI-STRATEGY] Balance: $5000.00 USD | Posiciones: 0 | Estrategias: 3
2026-08-18 21:21:00,132 [INFO] 🌐 BinanceFuturesClient initialized: mode=PAPER, endpoint=https://testnet.binancefuture.com, key=[EMPTY]
2026-08-18 21:21:00,132 [INFO] 📝 [PAPER SIMULATED ORDER] BUY 0.01 BTCUSDT @ MARKET (clientOrderId=test_idempotent_order_001)
2026-08-18 21:21:00,714 [INFO] ✅ [ORDER SUCCESS] test_idempotent_order_001 -> FILLED (ExchangeId: 1787109660132)
2026-08-18 21:21:00,715 [WARNING] ⚠️ [IDEMPOTENCY GUARD] Order test_idempotent_order_001 already exists with status FILLED. Reconciling instead of duplicate submit.
2026-08-18 21:21:00,717 [INFO] 🌐 BinanceFuturesClient initialized: mode=PAPER, endpoint=https://testnet.binancefuture.com, key=[EMPTY]
2026-08-18 21:21:00,719 [ERROR] 🛑 PRE-TRADE RISK BREACH: Kill switch is actively triggered.
2026-08-18 21:21:00,719 [INFO] 🌐 BinanceFuturesClient initialized: mode=PAPER, endpoint=https://testnet.binancefuture.com, key=[EMPTY]
2026-08-18 21:21:00,719 [INFO] 📊 [POSITION OPENED] BTCUSDT/ETHUSDT (LONG_SPREAD) | Leg Y: BUY 0.05 BTCUSDT @ 60000.0 | Leg X: SELL 1.0 ETHUSDT @ 3000.0
2026-08-18 21:21:00,719 [ERROR] 🚨 [RECONCILIATION MISMATCH] Position mismatch for ETHUSDT: Local=-1.00000 vs Exchange=0.00000 (Diff=1.00000)
2026-08-18 21:21:00,719 [ERROR] 🚨 [RECONCILIATION MISMATCH] Position mismatch for BTCUSDT: Local=0.05000 vs Exchange=0.00000 (Diff=0.05000)
2026-08-18 21:21:00,719 [CRITICAL] 🛑 [RECONCILIATION HALT TRIGGERED] State inconsistency detected! New orders MUST be halted.
2026-08-18 21:21:00,720 [CRITICAL] 🚨🚨🚨 [KILL SWITCH ACTIVATED] Reason: POSITION_MISMATCH | Details: Reconciliation failure: Position mismatch for ETHUSDT: Local=-1.00000 vs Exchange=0.00000 (Diff=1.00000); Position mismatch for BTCUSDT: Local=0.05000 vs Exchange=0.00000 (Diff=0.05000) 🚨🚨🚨
2026-08-18 21:21:00,720 [ERROR] 🛑 Security Check Failed: Strategy Pairs_Stat_Arb_Base has 45 < 100 paper trades.
2026-08-18 21:21:00,720 [ERROR] 🛑 Security Check Failed: Pairs_Stat_Arb_Base human_approval is 'PENDING (Write 'APPROVED' manually to allow Binance Demo/Real)' (NOT APPROVED).
2026-08-18 21:21:00,765 [INFO] Loaded paper adapter for strategy: Pairs_Stat_Arb_Base (z_entry=2.5, window=90)
2026-08-18 21:21:00,767 [INFO] Loaded paper adapter for strategy: Pairs_W90_Z2.5_S3.5_H24 (z_entry=2.5, window=90)
2026-08-18 21:21:00,768 [INFO] Loaded paper adapter for strategy: Pairs_W90_Z2.4_S3.5_H24 (z_entry=2.4, window=90)
2026-08-18 21:21:00,768 [INFO] 💾 Restored 0 open paper positions from state file.
2026-08-18 21:21:00,772 [INFO] Loaded paper adapter for strategy: Pairs_Stat_Arb_Base (z_entry=2.5, window=90)
2026-08-18 21:21:00,773 [INFO] Loaded paper adapter for strategy: Pairs_W90_Z2.5_S3.5_H24 (z_entry=2.5, window=90)
2026-08-18 21:21:00,774 [INFO] Loaded paper adapter for strategy: Pairs_W90_Z2.4_S3.5_H24 (z_entry=2.4, window=90)
2026-08-18 21:21:00,774 [INFO] 💾 Restored 0 open paper positions from state file.
2026-08-18 21:21:02,116 [INFO] Loaded paper adapter for strategy: Pairs_Stat_Arb_Base (z_entry=2.5, window=90)
2026-08-18 21:21:02,117 [INFO] Loaded paper adapter for strategy: Pairs_W90_Z2.5_S3.5_H24 (z_entry=2.5, window=90)
2026-08-18 21:21:02,118 [INFO] Loaded paper adapter for strategy: Pairs_W90_Z2.4_S3.5_H24 (z_entry=2.4, window=90)
2026-08-18 21:21:02,118 [INFO] 💾 Restored 0 open paper positions from state file.
2026-08-18 21:21:02,123 [INFO] 🏁 [PAPER CLOSE] [Pairs_W90_Z2.5_S3.5_H24] BTCUSDT/ETHUSDT | Net PnL: $+494.96 USD | Reason: Spread Mean-Reverted (Z=0.05)
2026-08-18 21:21:02,138 [INFO] Loaded paper adapter for strategy: Pairs_Stat_Arb_Base (z_entry=2.5, window=90)
2026-08-18 21:21:02,139 [INFO] Loaded paper adapter for strategy: Pairs_W90_Z2.5_S3.5_H24 (z_entry=2.5, window=90)
2026-08-18 21:21:02,140 [INFO] Loaded paper adapter for strategy: Pairs_W90_Z2.4_S3.5_H24 (z_entry=2.4, window=90)
2026-08-18 21:21:02,140 [INFO] 💾 Restored 0 open paper positions from state file.
2026-08-18 21:21:02,143 [INFO] Loaded paper adapter for strategy: Pairs_Stat_Arb_Base (z_entry=2.5, window=90)
2026-08-18 21:21:02,144 [INFO] Loaded paper adapter for strategy: Pairs_W90_Z2.5_S3.5_H24 (z_entry=2.5, window=90)
2026-08-18 21:21:02,145 [INFO] Loaded paper adapter for strategy: Pairs_W90_Z2.4_S3.5_H24 (z_entry=2.4, window=90)
2026-08-18 21:21:02,145 [INFO] 💾 Restored 0 open paper positions from state file.
2026-08-18 21:21:02,148 [INFO] Loaded paper adapter for strategy: Pairs_Stat_Arb_Base (z_entry=2.5, window=90)
2026-08-18 21:21:02,148 [INFO] Loaded paper adapter for strategy: Pairs_W90_Z2.5_S3.5_H24 (z_entry=2.5, window=90)
2026-08-18 21:21:02,149 [INFO] Loaded paper adapter for strategy: Pairs_W90_Z2.4_S3.5_H24 (z_entry=2.4, window=90)
2026-08-18 21:21:02,149 [INFO] 💾 Restored 0 open paper positions from state file.
2026-08-18 21:21:02,151 [INFO] ✅ Demo readiness audit report saved to: /Users/jorgeatilano/Desktop/DEVIN/trading-autonomous-system/logs/execution/demo_readiness.json
2026-08-18 21:21:02,154 [INFO] Loaded paper adapter for strategy: Pairs_Stat_Arb_Base (z_entry=2.5, window=90)
2026-08-18 21:21:02,155 [INFO] Loaded paper adapter for strategy: Pairs_W90_Z2.5_S3.5_H24 (z_entry=2.5, window=90)
2026-08-18 21:21:02,155 [INFO] Loaded paper adapter for strategy: Pairs_W90_Z2.4_S3.5_H24 (z_entry=2.4, window=90)
2026-08-18 21:21:02,155 [INFO] 💾 Restored 0 open paper positions from state file.
2026-08-18 21:21:02,159 [INFO] Loaded paper adapter for strategy: Pairs_Stat_Arb_Base (z_entry=2.5, window=90)
2026-08-18 21:21:02,160 [INFO] Loaded paper adapter for strategy: Pairs_W90_Z2.5_S3.5_H24 (z_entry=2.5, window=90)
2026-08-18 21:21:02,161 [INFO] Loaded paper adapter for strategy: Pairs_W90_Z2.4_S3.5_H24 (z_entry=2.4, window=90)
2026-08-18 21:21:02,161 [INFO] 💾 Restored 0 open paper positions from state file.
2026-08-18 21:21:02,162 [INFO] 💾 Restored 1 open paper positions from state file.
2026-08-18 21:21:02,166 [INFO] Loaded paper adapter for strategy: Pairs_Stat_Arb_Base (z_entry=2.5, window=90)
2026-08-18 21:21:02,167 [INFO] Loaded paper adapter for strategy: Pairs_W90_Z2.5_S3.5_H24 (z_entry=2.5, window=90)
2026-08-18 21:21:02,168 [INFO] Loaded paper adapter for strategy: Pairs_W90_Z2.4_S3.5_H24 (z_entry=2.4, window=90)
2026-08-18 21:21:02,168 [INFO] 💾 Restored 0 open paper positions from state file.
2026-08-18 21:21:02,169 [WARNING] 🛑 [WATCHDOG ALERT] STALE_DATA_HALT (Latency: 120.0m > 90m)
2026-08-18 21:21:02,171 [INFO] Loaded paper adapter for strategy: Pairs_Stat_Arb_Base (z_entry=2.5, window=90)
2026-08-18 21:21:02,172 [INFO] Loaded paper adapter for strategy: Pairs_W90_Z2.5_S3.5_H24 (z_entry=2.5, window=90)
2026-08-18 21:21:02,173 [INFO] Loaded paper adapter for strategy: Pairs_W90_Z2.4_S3.5_H24 (z_entry=2.4, window=90)
2026-08-18 21:21:02,173 [INFO] 💾 Restored 0 open paper positions from state file.
2026-08-18 21:21:34,566 [INFO] 📊 [PULSO PAPER MULTI-STRATEGY] Balance: $5000.00 USD | Posiciones: 0 | Estrategias: 3
2026-08-18 21:22:43,276 [INFO] 📊 [PULSO PAPER MULTI-STRATEGY] Balance: $5000.00 USD | Posiciones: 0 | Estrategias: 3
2026-08-18 21:23:51,937 [INFO] 📊 [PULSO PAPER MULTI-STRATEGY] Balance: $5000.00 USD | Posiciones: 0 | Estrategias: 3
2026-08-18 21:25:00,250 [INFO] 📊 [PULSO PAPER MULTI-STRATEGY] Balance: $5000.00 USD | Posiciones: 0 | Estrategias: 3
2026-08-18 21:26:09,176 [INFO] 📊 [PULSO PAPER MULTI-STRATEGY] Balance: $5000.00 USD | Posiciones: 0 | Estrategias: 3
2026-08-18 21:27:18,994 [INFO] 📊 [PULSO PAPER MULTI-STRATEGY] Balance: $5000.00 USD | Posiciones: 0 | Estrategias: 3
2026-08-18 21:28:26,631 [INFO] 📊 [PULSO PAPER MULTI-STRATEGY] Balance: $5000.00 USD | Posiciones: 0 | Estrategias: 3
2026-08-18 21:29:33,653 [INFO] 📊 [PULSO PAPER MULTI-STRATEGY] Balance: $5000.00 USD | Posiciones: 0 | Estrategias: 3
2026-08-18 21:30:42,016 [INFO] 📊 [PULSO PAPER MULTI-STRATEGY] Balance: $5000.00 USD | Posiciones: 0 | Estrategias: 3
2026-08-18 21:31:50,751 [INFO] 📊 [PULSO PAPER MULTI-STRATEGY] Balance: $5000.00 USD | Posiciones: 0 | Estrategias: 3
2026-08-18 21:32:58,589 [INFO] 📊 [PULSO PAPER MULTI-STRATEGY] Balance: $5000.00 USD | Posiciones: 0 | Estrategias: 3
2026-08-18 21:34:08,978 [INFO] 📊 [PULSO PAPER MULTI-STRATEGY] Balance: $5000.00 USD | Posiciones: 0 | Estrategias: 3
2026-08-18 21:35:16,069 [INFO] 📊 [PULSO PAPER MULTI-STRATEGY] Balance: $5000.00 USD | Posiciones: 0 | Estrategias: 3
2026-08-18 21:36:23,450 [INFO] 📊 [PULSO PAPER MULTI-STRATEGY] Balance: $5000.00 USD | Posiciones: 0 | Estrategias: 3
2026-08-18 21:37:31,049 [INFO] 📊 [PULSO PAPER MULTI-STRATEGY] Balance: $5000.00 USD | Posiciones: 0 | Estrategias: 3
2026-08-18 21:38:40,855 [INFO] 📊 [PULSO PAPER MULTI-STRATEGY] Balance: $5000.00 USD | Posiciones: 0 | Estrategias: 3
2026-08-18 21:39:49,896 [INFO] 📊 [PULSO PAPER MULTI-STRATEGY] Balance: $5000.00 USD | Posiciones: 0 | Estrategias: 3
2026-08-18 21:40:59,097 [INFO] 📊 [PULSO PAPER MULTI-STRATEGY] Balance: $5000.00 USD | Posiciones: 0 | Estrategias: 3
2026-08-18 21:42:08,018 [INFO] 📊 [PULSO PAPER MULTI-STRATEGY] Balance: $5000.00 USD | Posiciones: 0 | Estrategias: 3
2026-08-18 21:43:16,418 [INFO] 📊 [PULSO PAPER MULTI-STRATEGY] Balance: $5000.00 USD | Posiciones: 0 | Estrategias: 3
2026-08-18 21:44:24,510 [INFO] 📊 [PULSO PAPER MULTI-STRATEGY] Balance: $5000.00 USD | Posiciones: 0 | Estrategias: 3
2026-08-18 21:45:33,138 [INFO] 📊 [PULSO PAPER MULTI-STRATEGY] Balance: $5000.00 USD | Posiciones: 0 | Estrategias: 3
2026-08-18 21:46:39,837 [INFO] 📊 [PULSO PAPER MULTI-STRATEGY] Balance: $5000.00 USD | Posiciones: 0 | Estrategias: 3
2026-08-18 21:47:47,387 [INFO] 📊 [PULSO PAPER MULTI-STRATEGY] Balance: $5000.00 USD | Posiciones: 0 | Estrategias: 3
2026-08-18 21:48:56,122 [INFO] 📊 [PULSO PAPER MULTI-STRATEGY] Balance: $5000.00 USD | Posiciones: 0 | Estrategias: 3
2026-08-18 21:50:05,143 [INFO] 📊 [PULSO PAPER MULTI-STRATEGY] Balance: $5000.00 USD | Posiciones: 0 | Estrategias: 3
2026-08-18 21:51:15,010 [INFO] 📊 [PULSO PAPER MULTI-STRATEGY] Balance: $5000.00 USD | Posiciones: 0 | Estrategias: 3
2026-08-18 21:52:23,070 [INFO] 📊 [PULSO PAPER MULTI-STRATEGY] Balance: $5000.00 USD | Posiciones: 0 | Estrategias: 3
2026-08-18 21:53:31,916 [INFO] 📊 [PULSO PAPER MULTI-STRATEGY] Balance: $5000.00 USD | Posiciones: 0 | Estrategias: 3
2026-08-18 21:54:41,002 [INFO] 📊 [PULSO PAPER MULTI-STRATEGY] Balance: $5000.00 USD | Posiciones: 0 | Estrategias: 3
2026-08-18 21:55:49,379 [INFO] 📊 [PULSO PAPER MULTI-STRATEGY] Balance: $5000.00 USD | Posiciones: 0 | Estrategias: 3
2026-08-18 21:56:57,810 [INFO] 📊 [PULSO PAPER MULTI-STRATEGY] Balance: $5000.00 USD | Posiciones: 0 | Estrategias: 3
2026-08-18 21:58:07,955 [INFO] 📊 [PULSO PAPER MULTI-STRATEGY] Balance: $5000.00 USD | Posiciones: 0 | Estrategias: 3
2026-08-18 21:59:15,143 [INFO] 📊 [PULSO PAPER MULTI-STRATEGY] Balance: $5000.00 USD | Posiciones: 0 | Estrategias: 3
2026-08-18 22:00:23,119 [INFO] 📊 [PULSO PAPER MULTI-STRATEGY] Balance: $5000.00 USD | Posiciones: 0 | Estrategias: 3
2026-08-18 22:01:32,104 [INFO] 📊 [PULSO PAPER MULTI-STRATEGY] Balance: $5000.00 USD | Posiciones: 0 | Estrategias: 3
2026-08-18 22:02:40,444 [INFO] 📊 [PULSO PAPER MULTI-STRATEGY] Balance: $5000.00 USD | Posiciones: 0 | Estrategias: 3
2026-08-18 22:03:55,024 [INFO] 📊 [PULSO PAPER MULTI-STRATEGY] Balance: $5000.00 USD | Posiciones: 0 | Estrategias: 3
2026-08-18 22:05:03,822 [INFO] 📊 [PULSO PAPER MULTI-STRATEGY] Balance: $5000.00 USD | Posiciones: 0 | Estrategias: 3
2026-08-18 22:06:11,390 [INFO] 📊 [PULSO PAPER MULTI-STRATEGY] Balance: $5000.00 USD | Posiciones: 0 | Estrategias: 3
2026-08-18 22:07:20,405 [INFO] 📊 [PULSO PAPER MULTI-STRATEGY] Balance: $5000.00 USD | Posiciones: 0 | Estrategias: 3
2026-08-18 22:08:28,911 [INFO] 📊 [PULSO PAPER MULTI-STRATEGY] Balance: $5000.00 USD | Posiciones: 0 | Estrategias: 3
2026-08-18 22:09:36,804 [INFO] 📊 [PULSO PAPER MULTI-STRATEGY] Balance: $5000.00 USD | Posiciones: 0 | Estrategias: 3
2026-08-18 22:10:45,354 [INFO] 📊 [PULSO PAPER MULTI-STRATEGY] Balance: $5000.00 USD | Posiciones: 0 | Estrategias: 3
2026-08-18 22:11:54,552 [INFO] 📊 [PULSO PAPER MULTI-STRATEGY] Balance: $5000.00 USD | Posiciones: 0 | Estrategias: 3
2026-08-18 22:13:01,317 [INFO] 📊 [PULSO PAPER MULTI-STRATEGY] Balance: $5000.00 USD | Posiciones: 0 | Estrategias: 3
2026-08-18 22:14:10,126 [INFO] 📊 [PULSO PAPER MULTI-STRATEGY] Balance: $5000.00 USD | Posiciones: 0 | Estrategias: 3
2026-08-18 22:15:18,739 [INFO] 📊 [PULSO PAPER MULTI-STRATEGY] Balance: $5000.00 USD | Posiciones: 0 | Estrategias: 3
2026-08-18 22:16:27,647 [INFO] 📊 [PULSO PAPER MULTI-STRATEGY] Balance: $5000.00 USD | Posiciones: 0 | Estrategias: 3
2026-08-18 22:17:35,778 [INFO] 📊 [PULSO PAPER MULTI-STRATEGY] Balance: $5000.00 USD | Posiciones: 0 | Estrategias: 3
2026-08-18 22:18:43,850 [INFO] 📊 [PULSO PAPER MULTI-STRATEGY] Balance: $5000.00 USD | Posiciones: 0 | Estrategias: 3
2026-08-18 22:19:51,678 [INFO] 📊 [PULSO PAPER MULTI-STRATEGY] Balance: $5000.00 USD | Posiciones: 0 | Estrategias: 3
2026-08-18 22:21:00,343 [INFO] 📊 [PULSO PAPER MULTI-STRATEGY] Balance: $5000.00 USD | Posiciones: 0 | Estrategias: 3
2026-08-18 22:22:09,711 [INFO] 📊 [PULSO PAPER MULTI-STRATEGY] Balance: $5000.00 USD | Posiciones: 0 | Estrategias: 3
2026-08-18 22:23:17,871 [INFO] 📊 [PULSO PAPER MULTI-STRATEGY] Balance: $5000.00 USD | Posiciones: 0 | Estrategias: 3
2026-08-18 22:24:25,753 [INFO] 📊 [PULSO PAPER MULTI-STRATEGY] Balance: $5000.00 USD | Posiciones: 0 | Estrategias: 3
2026-08-18 22:25:32,836 [INFO] 📊 [PULSO PAPER MULTI-STRATEGY] Balance: $5000.00 USD | Posiciones: 0 | Estrategias: 3
2026-08-18 22:26:41,287 [INFO] 📊 [PULSO PAPER MULTI-STRATEGY] Balance: $5000.00 USD | Posiciones: 0 | Estrategias: 3
2026-08-18 22:27:49,027 [INFO] 📊 [PULSO PAPER MULTI-STRATEGY] Balance: $5000.00 USD | Posiciones: 0 | Estrategias: 3
2026-08-18 22:28:56,509 [INFO] 📊 [PULSO PAPER MULTI-STRATEGY] Balance: $5000.00 USD | Posiciones: 0 | Estrategias: 3
2026-08-18 22:30:06,158 [INFO] 📊 [PULSO PAPER MULTI-STRATEGY] Balance: $5000.00 USD | Posiciones: 0 | Estrategias: 3
2026-08-18 22:31:13,148 [INFO] 📊 [PULSO PAPER MULTI-STRATEGY] Balance: $5000.00 USD | Posiciones: 0 | Estrategias: 3
2026-08-18 22:32:21,733 [INFO] 📊 [PULSO PAPER MULTI-STRATEGY] Balance: $5000.00 USD | Posiciones: 0 | Estrategias: 3
2026-08-18 22:33:31,338 [INFO] 📊 [PULSO PAPER MULTI-STRATEGY] Balance: $5000.00 USD | Posiciones: 0 | Estrategias: 3
2026-08-18 22:34:38,934 [INFO] 📊 [PULSO PAPER MULTI-STRATEGY] Balance: $5000.00 USD | Posiciones: 0 | Estrategias: 3
2026-08-18 22:35:48,942 [INFO] 📊 [PULSO PAPER MULTI-STRATEGY] Balance: $5000.00 USD | Posiciones: 0 | Estrategias: 3
2026-08-18 22:36:57,387 [INFO] 📊 [PULSO PAPER MULTI-STRATEGY] Balance: $5000.00 USD | Posiciones: 0 | Estrategias: 3
2026-08-18 22:38:06,042 [INFO] 📊 [PULSO PAPER MULTI-STRATEGY] Balance: $5000.00 USD | Posiciones: 0 | Estrategias: 3
2026-08-18 22:39:13,910 [INFO] 📊 [PULSO PAPER MULTI-STRATEGY] Balance: $5000.00 USD | Posiciones: 0 | Estrategias: 3
2026-08-18 22:40:21,516 [INFO] 📊 [PULSO PAPER MULTI-STRATEGY] Balance: $5000.00 USD | Posiciones: 0 | Estrategias: 3
2026-08-18 22:41:30,167 [INFO] 📊 [PULSO PAPER MULTI-STRATEGY] Balance: $5000.00 USD | Posiciones: 0 | Estrategias: 3
2026-08-18 22:42:38,472 [INFO] 📊 [PULSO PAPER MULTI-STRATEGY] Balance: $5000.00 USD | Posiciones: 0 | Estrategias: 3
2026-08-18 22:43:47,326 [INFO] 📊 [PULSO PAPER MULTI-STRATEGY] Balance: $5000.00 USD | Posiciones: 0 | Estrategias: 3
2026-08-18 22:44:54,682 [INFO] 📊 [PULSO PAPER MULTI-STRATEGY] Balance: $5000.00 USD | Posiciones: 0 | Estrategias: 3
2026-08-18 22:46:04,494 [INFO] 📊 [PULSO PAPER MULTI-STRATEGY] Balance: $5000.00 USD | Posiciones: 0 | Estrategias: 3
2026-08-18 22:47:14,921 [INFO] 📊 [PULSO PAPER MULTI-STRATEGY] Balance: $5000.00 USD | Posiciones: 0 | Estrategias: 3
2026-08-18 22:48:23,357 [INFO] 📊 [PULSO PAPER MULTI-STRATEGY] Balance: $5000.00 USD | Posiciones: 0 | Estrategias: 3
2026-08-18 22:49:32,066 [INFO] 📊 [PULSO PAPER MULTI-STRATEGY] Balance: $5000.00 USD | Posiciones: 0 | Estrategias: 3
2026-08-18 22:50:40,606 [INFO] 📊 [PULSO PAPER MULTI-STRATEGY] Balance: $5000.00 USD | Posiciones: 0 | Estrategias: 3
2026-08-18 22:51:49,112 [INFO] 📊 [PULSO PAPER MULTI-STRATEGY] Balance: $5000.00 USD | Posiciones: 0 | Estrategias: 3
2026-08-18 22:52:57,377 [INFO] 📊 [PULSO PAPER MULTI-STRATEGY] Balance: $5000.00 USD | Posiciones: 0 | Estrategias: 3
2026-08-18 22:54:06,693 [INFO] 📊 [PULSO PAPER MULTI-STRATEGY] Balance: $5000.00 USD | Posiciones: 0 | Estrategias: 3
2026-08-18 22:55:16,255 [INFO] 📊 [PULSO PAPER MULTI-STRATEGY] Balance: $5000.00 USD | Posiciones: 0 | Estrategias: 3
2026-08-18 22:56:25,306 [INFO] 📊 [PULSO PAPER MULTI-STRATEGY] Balance: $5000.00 USD | Posiciones: 0 | Estrategias: 3
2026-08-18 22:57:34,172 [INFO] 📊 [PULSO PAPER MULTI-STRATEGY] Balance: $5000.00 USD | Posiciones: 0 | Estrategias: 3
2026-08-18 22:58:42,750 [INFO] 📊 [PULSO PAPER MULTI-STRATEGY] Balance: $5000.00 USD | Posiciones: 0 | Estrategias: 3
2026-08-18 22:59:52,907 [INFO] 📊 [PULSO PAPER MULTI-STRATEGY] Balance: $5000.00 USD | Posiciones: 0 | Estrategias: 3
2026-08-18 23:01:02,125 [INFO] 📊 [PULSO PAPER MULTI-STRATEGY] Balance: $5000.00 USD | Posiciones: 0 | Estrategias: 3
2026-08-18 23:02:09,299 [INFO] 📊 [PULSO PAPER MULTI-STRATEGY] Balance: $5000.00 USD | Posiciones: 0 | Estrategias: 3
2026-08-18 23:03:17,986 [INFO] 📊 [PULSO PAPER MULTI-STRATEGY] Balance: $5000.00 USD | Posiciones: 0 | Estrategias: 3
2026-08-18 23:04:27,626 [INFO] 📊 [PULSO PAPER MULTI-STRATEGY] Balance: $5000.00 USD | Posiciones: 0 | Estrategias: 3
2026-08-18 23:05:36,759 [INFO] 📊 [PULSO PAPER MULTI-STRATEGY] Balance: $5000.00 USD | Posiciones: 0 | Estrategias: 3
2026-08-18 23:06:44,920 [INFO] 📊 [PULSO PAPER MULTI-STRATEGY] Balance: $5000.00 USD | Posiciones: 0 | Estrategias: 3
2026-08-18 23:07:54,291 [INFO] 📊 [PULSO PAPER MULTI-STRATEGY] Balance: $5000.00 USD | Posiciones: 0 | Estrategias: 3
2026-08-18 23:09:03,047 [INFO] 📊 [PULSO PAPER MULTI-STRATEGY] Balance: $5000.00 USD | Posiciones: 0 | Estrategias: 3
2026-08-18 23:10:14,254 [INFO] 📊 [PULSO PAPER MULTI-STRATEGY] Balance: $5000.00 USD | Posiciones: 0 | Estrategias: 3
2026-08-18 23:11:23,304 [INFO] 📊 [PULSO PAPER MULTI-STRATEGY] Balance: $5000.00 USD | Posiciones: 0 | Estrategias: 3
2026-08-18 23:12:32,025 [INFO] 📊 [PULSO PAPER MULTI-STRATEGY] Balance: $5000.00 USD | Posiciones: 0 | Estrategias: 3
2026-08-18 23:13:39,709 [INFO] 📊 [PULSO PAPER MULTI-STRATEGY] Balance: $5000.00 USD | Posiciones: 0 | Estrategias: 3
2026-08-18 23:14:47,390 [INFO] 📊 [PULSO PAPER MULTI-STRATEGY] Balance: $5000.00 USD | Posiciones: 0 | Estrategias: 3
2026-08-18 23:15:57,354 [INFO] 📊 [PULSO PAPER MULTI-STRATEGY] Balance: $5000.00 USD | Posiciones: 0 | Estrategias: 3
2026-08-18 23:17:05,688 [INFO] 📊 [PULSO PAPER MULTI-STRATEGY] Balance: $5000.00 USD | Posiciones: 0 | Estrategias: 3
2026-08-18 23:18:12,565 [INFO] 📊 [PULSO PAPER MULTI-STRATEGY] Balance: $5000.00 USD | Posiciones: 0 | Estrategias: 3
2026-08-18 23:19:21,002 [INFO] 📊 [PULSO PAPER MULTI-STRATEGY] Balance: $5000.00 USD | Posiciones: 0 | Estrategias: 3
2026-08-18 23:20:29,116 [INFO] 📊 [PULSO PAPER MULTI-STRATEGY] Balance: $5000.00 USD | Posiciones: 0 | Estrategias: 3
2026-08-18 23:21:37,209 [INFO] 📊 [PULSO PAPER MULTI-STRATEGY] Balance: $5000.00 USD | Posiciones: 0 | Estrategias: 3
2026-08-18 23:22:45,526 [INFO] 📊 [PULSO PAPER MULTI-STRATEGY] Balance: $5000.00 USD | Posiciones: 0 | Estrategias: 3
2026-08-18 23:23:53,504 [INFO] 📊 [PULSO PAPER MULTI-STRATEGY] Balance: $5000.00 USD | Posiciones: 0 | Estrategias: 3
2026-08-18 23:25:03,555 [INFO] 📊 [PULSO PAPER MULTI-STRATEGY] Balance: $5000.00 USD | Posiciones: 0 | Estrategias: 3
2026-08-18 23:26:10,832 [INFO] 📊 [PULSO PAPER MULTI-STRATEGY] Balance: $5000.00 USD | Posiciones: 0 | Estrategias: 3
2026-08-18 23:27:18,873 [INFO] 📊 [PULSO PAPER MULTI-STRATEGY] Balance: $5000.00 USD | Posiciones: 0 | Estrategias: 3
2026-08-18 23:28:26,223 [INFO] 📊 [PULSO PAPER MULTI-STRATEGY] Balance: $5000.00 USD | Posiciones: 0 | Estrategias: 3
2026-08-18 23:29:33,707 [INFO] 📊 [PULSO PAPER MULTI-STRATEGY] Balance: $5000.00 USD | Posiciones: 0 | Estrategias: 3
2026-08-18 23:30:40,937 [INFO] 📊 [PULSO PAPER MULTI-STRATEGY] Balance: $5000.00 USD | Posiciones: 0 | Estrategias: 3
2026-08-18 23:31:48,241 [INFO] 📊 [PULSO PAPER MULTI-STRATEGY] Balance: $5000.00 USD | Posiciones: 0 | Estrategias: 3
2026-08-18 23:32:55,333 [INFO] 📊 [PULSO PAPER MULTI-STRATEGY] Balance: $5000.00 USD | Posiciones: 0 | Estrategias: 3
2026-08-18 23:34:04,058 [INFO] 📊 [PULSO PAPER MULTI-STRATEGY] Balance: $5000.00 USD | Posiciones: 0 | Estrategias: 3
2026-08-18 23:35:11,230 [INFO] 📊 [PULSO PAPER MULTI-STRATEGY] Balance: $5000.00 USD | Posiciones: 0 | Estrategias: 3
2026-08-18 23:36:20,102 [INFO] 📊 [PULSO PAPER MULTI-STRATEGY] Balance: $5000.00 USD | Posiciones: 0 | Estrategias: 3
2026-08-18 23:37:28,218 [INFO] 📊 [PULSO PAPER MULTI-STRATEGY] Balance: $5000.00 USD | Posiciones: 0 | Estrategias: 3
2026-08-18 23:38:38,012 [INFO] 📊 [PULSO PAPER MULTI-STRATEGY] Balance: $5000.00 USD | Posiciones: 0 | Estrategias: 3
2026-08-18 23:39:47,566 [INFO] 📊 [PULSO PAPER MULTI-STRATEGY] Balance: $5000.00 USD | Posiciones: 0 | Estrategias: 3
2026-08-18 23:40:55,641 [INFO] 📊 [PULSO PAPER MULTI-STRATEGY] Balance: $5000.00 USD | Posiciones: 0 | Estrategias: 3
2026-08-18 23:42:03,952 [INFO] 📊 [PULSO PAPER MULTI-STRATEGY] Balance: $5000.00 USD | Posiciones: 0 | Estrategias: 3
2026-08-18 23:43:11,740 [INFO] 📊 [PULSO PAPER MULTI-STRATEGY] Balance: $5000.00 USD | Posiciones: 0 | Estrategias: 3
2026-08-18 23:44:19,226 [INFO] 📊 [PULSO PAPER MULTI-STRATEGY] Balance: $5000.00 USD | Posiciones: 0 | Estrategias: 3
2026-08-18 23:45:26,842 [INFO] 📊 [PULSO PAPER MULTI-STRATEGY] Balance: $5000.00 USD | Posiciones: 0 | Estrategias: 3
2026-08-18 23:46:34,899 [INFO] 📊 [PULSO PAPER MULTI-STRATEGY] Balance: $5000.00 USD | Posiciones: 0 | Estrategias: 3
2026-08-18 23:47:42,461 [INFO] 📊 [PULSO PAPER MULTI-STRATEGY] Balance: $5000.00 USD | Posiciones: 0 | Estrategias: 3
2026-08-18 23:48:51,215 [INFO] 📊 [PULSO PAPER MULTI-STRATEGY] Balance: $5000.00 USD | Posiciones: 0 | Estrategias: 3
2026-08-18 23:50:00,416 [INFO] 📊 [PULSO PAPER MULTI-STRATEGY] Balance: $5000.00 USD | Posiciones: 0 | Estrategias: 3
2026-08-18 23:51:08,192 [INFO] 📊 [PULSO PAPER MULTI-STRATEGY] Balance: $5000.00 USD | Posiciones: 0 | Estrategias: 3
2026-08-18 23:52:15,395 [INFO] 📊 [PULSO PAPER MULTI-STRATEGY] Balance: $5000.00 USD | Posiciones: 0 | Estrategias: 3
2026-08-18 23:53:23,513 [INFO] 📊 [PULSO PAPER MULTI-STRATEGY] Balance: $5000.00 USD | Posiciones: 0 | Estrategias: 3
2026-08-18 23:54:32,345 [INFO] 📊 [PULSO PAPER MULTI-STRATEGY] Balance: $5000.00 USD | Posiciones: 0 | Estrategias: 3
2026-08-18 23:55:40,319 [INFO] 📊 [PULSO PAPER MULTI-STRATEGY] Balance: $5000.00 USD | Posiciones: 0 | Estrategias: 3
2026-08-18 23:56:47,107 [INFO] 📊 [PULSO PAPER MULTI-STRATEGY] Balance: $5000.00 USD | Posiciones: 0 | Estrategias: 3
2026-08-18 23:57:54,451 [INFO] 📊 [PULSO PAPER MULTI-STRATEGY] Balance: $5000.00 USD | Posiciones: 0 | Estrategias: 3
2026-08-18 23:59:01,628 [INFO] 📊 [PULSO PAPER MULTI-STRATEGY] Balance: $5000.00 USD | Posiciones: 0 | Estrategias: 3
2026-08-19 00:00:10,032 [INFO] 📊 [PULSO PAPER MULTI-STRATEGY] Balance: $5000.00 USD | Posiciones: 0 | Estrategias: 3
2026-08-19 00:01:18,537 [INFO] 📊 [PULSO PAPER MULTI-STRATEGY] Balance: $5000.00 USD | Posiciones: 0 | Estrategias: 3
2026-08-19 00:02:24,739 [INFO] 📊 [PULSO PAPER MULTI-STRATEGY] Balance: $5000.00 USD | Posiciones: 0 | Estrategias: 3
2026-08-19 00:03:32,276 [INFO] 📊 [PULSO PAPER MULTI-STRATEGY] Balance: $5000.00 USD | Posiciones: 0 | Estrategias: 3
2026-08-19 00:04:41,403 [INFO] 📊 [PULSO PAPER MULTI-STRATEGY] Balance: $5000.00 USD | Posiciones: 0 | Estrategias: 3
2026-08-19 00:05:50,220 [INFO] 📊 [PULSO PAPER MULTI-STRATEGY] Balance: $5000.00 USD | Posiciones: 0 | Estrategias: 3
2026-08-19 00:06:56,889 [INFO] 📊 [PULSO PAPER MULTI-STRATEGY] Balance: $5000.00 USD | Posiciones: 0 | Estrategias: 3
2026-08-19 00:08:03,953 [INFO] 📊 [PULSO PAPER MULTI-STRATEGY] Balance: $5000.00 USD | Posiciones: 0 | Estrategias: 3
2026-08-19 00:09:11,129 [INFO] 📊 [PULSO PAPER MULTI-STRATEGY] Balance: $5000.00 USD | Posiciones: 0 | Estrategias: 3
2026-08-19 00:10:18,481 [INFO] 📊 [PULSO PAPER MULTI-STRATEGY] Balance: $5000.00 USD | Posiciones: 0 | Estrategias: 3
2026-08-19 00:11:26,203 [INFO] 📊 [PULSO PAPER MULTI-STRATEGY] Balance: $5000.00 USD | Posiciones: 0 | Estrategias: 3
2026-08-19 00:12:33,549 [INFO] 📊 [PULSO PAPER MULTI-STRATEGY] Balance: $5000.00 USD | Posiciones: 0 | Estrategias: 3
2026-08-19 00:13:41,058 [INFO] 📊 [PULSO PAPER MULTI-STRATEGY] Balance: $5000.00 USD | Posiciones: 0 | Estrategias: 3
2026-08-19 00:14:49,518 [INFO] 📊 [PULSO PAPER MULTI-STRATEGY] Balance: $5000.00 USD | Posiciones: 0 | Estrategias: 3
2026-08-19 00:15:57,103 [INFO] 📊 [PULSO PAPER MULTI-STRATEGY] Balance: $5000.00 USD | Posiciones: 0 | Estrategias: 3
2026-08-19 00:17:05,815 [INFO] 📊 [PULSO PAPER MULTI-STRATEGY] Balance: $5000.00 USD | Posiciones: 0 | Estrategias: 3
2026-08-19 00:18:14,546 [INFO] 📊 [PULSO PAPER MULTI-STRATEGY] Balance: $5000.00 USD | Posiciones: 0 | Estrategias: 3
2026-08-19 00:19:23,746 [INFO] 📊 [PULSO PAPER MULTI-STRATEGY] Balance: $5000.00 USD | Posiciones: 0 | Estrategias: 3
2026-08-19 00:20:32,886 [INFO] 📊 [PULSO PAPER MULTI-STRATEGY] Balance: $5000.00 USD | Posiciones: 0 | Estrategias: 3
2026-08-19 00:21:40,661 [INFO] 📊 [PULSO PAPER MULTI-STRATEGY] Balance: $5000.00 USD | Posiciones: 0 | Estrategias: 3
2026-08-19 00:22:51,034 [INFO] 📊 [PULSO PAPER MULTI-STRATEGY] Balance: $5000.00 USD | Posiciones: 0 | Estrategias: 3
2026-08-19 00:24:00,379 [INFO] 📊 [PULSO PAPER MULTI-STRATEGY] Balance: $5000.00 USD | Posiciones: 0 | Estrategias: 3
2026-08-19 00:25:08,436 [INFO] 📊 [PULSO PAPER MULTI-STRATEGY] Balance: $5000.00 USD | Posiciones: 0 | Estrategias: 3
2026-08-19 00:26:17,054 [INFO] 📊 [PULSO PAPER MULTI-STRATEGY] Balance: $5000.00 USD | Posiciones: 0 | Estrategias: 3
2026-08-19 00:27:24,068 [INFO] 📊 [PULSO PAPER MULTI-STRATEGY] Balance: $5000.00 USD | Posiciones: 0 | Estrategias: 3
2026-08-19 00:28:34,880 [INFO] 📊 [PULSO PAPER MULTI-STRATEGY] Balance: $5000.00 USD | Posiciones: 0 | Estrategias: 3
2026-08-19 00:29:46,682 [INFO] 📊 [PULSO PAPER MULTI-STRATEGY] Balance: $5000.00 USD | Posiciones: 0 | Estrategias: 3
2026-08-19 00:30:54,611 [INFO] 📊 [PULSO PAPER MULTI-STRATEGY] Balance: $5000.00 USD | Posiciones: 0 | Estrategias: 3
2026-08-19 00:32:02,318 [INFO] 📊 [PULSO PAPER MULTI-STRATEGY] Balance: $5000.00 USD | Posiciones: 0 | Estrategias: 3
2026-08-19 00:33:11,711 [INFO] 📊 [PULSO PAPER MULTI-STRATEGY] Balance: $5000.00 USD | Posiciones: 0 | Estrategias: 3
2026-08-19 00:34:20,659 [INFO] 📊 [PULSO PAPER MULTI-STRATEGY] Balance: $5000.00 USD | Posiciones: 0 | Estrategias: 3
2026-08-19 00:35:28,618 [INFO] 📊 [PULSO PAPER MULTI-STRATEGY] Balance: $5000.00 USD | Posiciones: 0 | Estrategias: 3
2026-08-19 00:36:37,242 [INFO] 📊 [PULSO PAPER MULTI-STRATEGY] Balance: $5000.00 USD | Posiciones: 0 | Estrategias: 3
2026-08-19 00:37:46,978 [INFO] 📊 [PULSO PAPER MULTI-STRATEGY] Balance: $5000.00 USD | Posiciones: 0 | Estrategias: 3
2026-08-19 00:38:54,054 [INFO] 📊 [PULSO PAPER MULTI-STRATEGY] Balance: $5000.00 USD | Posiciones: 0 | Estrategias: 3
2026-08-19 00:40:04,312 [INFO] 📊 [PULSO PAPER MULTI-STRATEGY] Balance: $5000.00 USD | Posiciones: 0 | Estrategias: 3
2026-08-19 00:41:14,430 [INFO] 📊 [PULSO PAPER MULTI-STRATEGY] Balance: $5000.00 USD | Posiciones: 0 | Estrategias: 3
2026-08-19 00:42:24,930 [INFO] 📊 [PULSO PAPER MULTI-STRATEGY] Balance: $5000.00 USD | Posiciones: 0 | Estrategias: 3
2026-08-19 00:43:34,446 [INFO] 📊 [PULSO PAPER MULTI-STRATEGY] Balance: $5000.00 USD | Posiciones: 0 | Estrategias: 3
2026-08-19 00:44:42,248 [INFO] 📊 [PULSO PAPER MULTI-STRATEGY] Balance: $5000.00 USD | Posiciones: 0 | Estrategias: 3
2026-08-19 00:45:51,025 [INFO] 📊 [PULSO PAPER MULTI-STRATEGY] Balance: $5000.00 USD | Posiciones: 0 | Estrategias: 3
2026-08-19 00:46:58,538 [INFO] 📊 [PULSO PAPER MULTI-STRATEGY] Balance: $5000.00 USD | Posiciones: 0 | Estrategias: 3
2026-08-19 00:48:08,251 [INFO] 📊 [PULSO PAPER MULTI-STRATEGY] Balance: $5000.00 USD | Posiciones: 0 | Estrategias: 3
2026-08-19 00:49:17,474 [INFO] 📊 [PULSO PAPER MULTI-STRATEGY] Balance: $5000.00 USD | Posiciones: 0 | Estrategias: 3
2026-08-19 00:50:26,694 [INFO] 📊 [PULSO PAPER MULTI-STRATEGY] Balance: $5000.00 USD | Posiciones: 0 | Estrategias: 3
2026-08-19 00:51:35,406 [INFO] 📊 [PULSO PAPER MULTI-STRATEGY] Balance: $5000.00 USD | Posiciones: 0 | Estrategias: 3
2026-08-19 00:52:45,351 [INFO] 📊 [PULSO PAPER MULTI-STRATEGY] Balance: $5000.00 USD | Posiciones: 0 | Estrategias: 3
2026-08-19 00:53:54,616 [INFO] 📊 [PULSO PAPER MULTI-STRATEGY] Balance: $5000.00 USD | Posiciones: 0 | Estrategias: 3
2026-08-19 00:55:04,845 [INFO] 📊 [PULSO PAPER MULTI-STRATEGY] Balance: $5000.00 USD | Posiciones: 0 | Estrategias: 3
2026-08-19 00:56:13,116 [INFO] 📊 [PULSO PAPER MULTI-STRATEGY] Balance: $5000.00 USD | Posiciones: 0 | Estrategias: 3
2026-08-19 00:57:21,905 [INFO] 📊 [PULSO PAPER MULTI-STRATEGY] Balance: $5000.00 USD | Posiciones: 0 | Estrategias: 3
2026-08-19 00:58:30,751 [INFO] 📊 [PULSO PAPER MULTI-STRATEGY] Balance: $5000.00 USD | Posiciones: 0 | Estrategias: 3
2026-08-19 00:59:39,863 [INFO] 📊 [PULSO PAPER MULTI-STRATEGY] Balance: $5000.00 USD | Posiciones: 0 | Estrategias: 3
2026-08-19 01:00:48,512 [INFO] 📊 [PULSO PAPER MULTI-STRATEGY] Balance: $5000.00 USD | Posiciones: 0 | Estrategias: 3
2026-08-19 01:01:56,904 [INFO] 📊 [PULSO PAPER MULTI-STRATEGY] Balance: $5000.00 USD | Posiciones: 0 | Estrategias: 3
2026-08-19 01:03:04,745 [INFO] 📊 [PULSO PAPER MULTI-STRATEGY] Balance: $5000.00 USD | Posiciones: 0 | Estrategias: 3
2026-08-19 01:04:14,311 [INFO] 📊 [PULSO PAPER MULTI-STRATEGY] Balance: $5000.00 USD | Posiciones: 0 | Estrategias: 3
2026-08-19 01:05:22,912 [INFO] 📊 [PULSO PAPER MULTI-STRATEGY] Balance: $5000.00 USD | Posiciones: 0 | Estrategias: 3
2026-08-19 01:06:31,137 [INFO] 📊 [PULSO PAPER MULTI-STRATEGY] Balance: $5000.00 USD | Posiciones: 0 | Estrategias: 3
2026-08-19 01:07:40,261 [INFO] 📊 [PULSO PAPER MULTI-STRATEGY] Balance: $5000.00 USD | Posiciones: 0 | Estrategias: 3
2026-08-19 01:08:48,746 [INFO] 📊 [PULSO PAPER MULTI-STRATEGY] Balance: $5000.00 USD | Posiciones: 0 | Estrategias: 3
2026-08-19 01:09:57,858 [INFO] 📊 [PULSO PAPER MULTI-STRATEGY] Balance: $5000.00 USD | Posiciones: 0 | Estrategias: 3
2026-08-19 01:11:06,767 [INFO] 📊 [PULSO PAPER MULTI-STRATEGY] Balance: $5000.00 USD | Posiciones: 0 | Estrategias: 3
2026-08-19 01:12:14,867 [INFO] 📊 [PULSO PAPER MULTI-STRATEGY] Balance: $5000.00 USD | Posiciones: 0 | Estrategias: 3
2026-08-19 01:13:24,330 [INFO] 📊 [PULSO PAPER MULTI-STRATEGY] Balance: $5000.00 USD | Posiciones: 0 | Estrategias: 3
2026-08-19 01:14:33,303 [INFO] 📊 [PULSO PAPER MULTI-STRATEGY] Balance: $5000.00 USD | Posiciones: 0 | Estrategias: 3
2026-08-19 01:15:42,335 [INFO] 📊 [PULSO PAPER MULTI-STRATEGY] Balance: $5000.00 USD | Posiciones: 0 | Estrategias: 3
2026-08-19 01:16:51,143 [INFO] 📊 [PULSO PAPER MULTI-STRATEGY] Balance: $5000.00 USD | Posiciones: 0 | Estrategias: 3
2026-08-19 01:18:00,846 [INFO] 📊 [PULSO PAPER MULTI-STRATEGY] Balance: $5000.00 USD | Posiciones: 0 | Estrategias: 3
2026-08-19 01:19:08,705 [INFO] 📊 [PULSO PAPER MULTI-STRATEGY] Balance: $5000.00 USD | Posiciones: 0 | Estrategias: 3
2026-08-19 01:20:17,095 [INFO] 📊 [PULSO PAPER MULTI-STRATEGY] Balance: $5000.00 USD | Posiciones: 0 | Estrategias: 3
2026-08-19 01:21:26,605 [INFO] 📊 [PULSO PAPER MULTI-STRATEGY] Balance: $5000.00 USD | Posiciones: 0 | Estrategias: 3
2026-08-19 01:22:35,113 [INFO] 📊 [PULSO PAPER MULTI-STRATEGY] Balance: $5000.00 USD | Posiciones: 0 | Estrategias: 3
2026-08-19 01:23:44,554 [INFO] 📊 [PULSO PAPER MULTI-STRATEGY] Balance: $5000.00 USD | Posiciones: 0 | Estrategias: 3
2026-08-19 01:24:53,470 [INFO] 📊 [PULSO PAPER MULTI-STRATEGY] Balance: $5000.00 USD | Posiciones: 0 | Estrategias: 3
2026-08-19 01:26:01,726 [INFO] 📊 [PULSO PAPER MULTI-STRATEGY] Balance: $5000.00 USD | Posiciones: 0 | Estrategias: 3
2026-08-19 01:27:11,532 [INFO] 📊 [PULSO PAPER MULTI-STRATEGY] Balance: $5000.00 USD | Posiciones: 0 | Estrategias: 3
2026-08-19 01:28:18,548 [INFO] 📊 [PULSO PAPER MULTI-STRATEGY] Balance: $5000.00 USD | Posiciones: 0 | Estrategias: 3
2026-08-19 01:29:27,470 [INFO] 📊 [PULSO PAPER MULTI-STRATEGY] Balance: $5000.00 USD | Posiciones: 0 | Estrategias: 3
2026-08-19 01:30:36,501 [INFO] 📊 [PULSO PAPER MULTI-STRATEGY] Balance: $5000.00 USD | Posiciones: 0 | Estrategias: 3
2026-08-19 01:31:45,698 [INFO] 📊 [PULSO PAPER MULTI-STRATEGY] Balance: $5000.00 USD | Posiciones: 0 | Estrategias: 3
2026-08-19 01:32:55,554 [INFO] 📊 [PULSO PAPER MULTI-STRATEGY] Balance: $5000.00 USD | Posiciones: 0 | Estrategias: 3
2026-08-19 01:34:05,871 [INFO] 📊 [PULSO PAPER MULTI-STRATEGY] Balance: $5000.00 USD | Posiciones: 0 | Estrategias: 3
2026-08-19 01:35:13,744 [INFO] 📊 [PULSO PAPER MULTI-STRATEGY] Balance: $5000.00 USD | Posiciones: 0 | Estrategias: 3
2026-08-19 01:36:22,372 [INFO] 📊 [PULSO PAPER MULTI-STRATEGY] Balance: $5000.00 USD | Posiciones: 0 | Estrategias: 3
2026-08-19 01:37:30,664 [INFO] 📊 [PULSO PAPER MULTI-STRATEGY] Balance: $5000.00 USD | Posiciones: 0 | Estrategias: 3
2026-08-19 01:38:39,816 [INFO] 📊 [PULSO PAPER MULTI-STRATEGY] Balance: $5000.00 USD | Posiciones: 0 | Estrategias: 3
2026-08-19 01:39:49,007 [INFO] 📊 [PULSO PAPER MULTI-STRATEGY] Balance: $5000.00 USD | Posiciones: 0 | Estrategias: 3
2026-08-19 01:40:58,249 [INFO] 📊 [PULSO PAPER MULTI-STRATEGY] Balance: $5000.00 USD | Posiciones: 0 | Estrategias: 3
2026-08-19 01:42:08,870 [INFO] 📊 [PULSO PAPER MULTI-STRATEGY] Balance: $5000.00 USD | Posiciones: 0 | Estrategias: 3
2026-08-19 01:43:17,759 [INFO] 📊 [PULSO PAPER MULTI-STRATEGY] Balance: $5000.00 USD | Posiciones: 0 | Estrategias: 3
2026-08-19 01:44:24,654 [INFO] 📊 [PULSO PAPER MULTI-STRATEGY] Balance: $5000.00 USD | Posiciones: 0 | Estrategias: 3
2026-08-19 01:45:30,969 [INFO] 📊 [PULSO PAPER MULTI-STRATEGY] Balance: $5000.00 USD | Posiciones: 0 | Estrategias: 3
2026-08-19 01:46:40,605 [INFO] 📊 [PULSO PAPER MULTI-STRATEGY] Balance: $5000.00 USD | Posiciones: 0 | Estrategias: 3
2026-08-19 01:47:47,809 [INFO] 📊 [PULSO PAPER MULTI-STRATEGY] Balance: $5000.00 USD | Posiciones: 0 | Estrategias: 3
2026-08-19 01:48:56,796 [INFO] 📊 [PULSO PAPER MULTI-STRATEGY] Balance: $5000.00 USD | Posiciones: 0 | Estrategias: 3
2026-08-19 01:50:06,291 [INFO] 📊 [PULSO PAPER MULTI-STRATEGY] Balance: $5000.00 USD | Posiciones: 0 | Estrategias: 3
2026-08-19 01:51:14,861 [INFO] 📊 [PULSO PAPER MULTI-STRATEGY] Balance: $5000.00 USD | Posiciones: 0 | Estrategias: 3
2026-08-19 01:52:24,467 [INFO] 📊 [PULSO PAPER MULTI-STRATEGY] Balance: $5000.00 USD | Posiciones: 0 | Estrategias: 3
2026-08-19 01:53:32,016 [INFO] 📊 [PULSO PAPER MULTI-STRATEGY] Balance: $5000.00 USD | Posiciones: 0 | Estrategias: 3
2026-08-19 01:54:40,713 [INFO] 📊 [PULSO PAPER MULTI-STRATEGY] Balance: $5000.00 USD | Posiciones: 0 | Estrategias: 3
2026-08-19 01:55:51,223 [INFO] 📊 [PULSO PAPER MULTI-STRATEGY] Balance: $5000.00 USD | Posiciones: 0 | Estrategias: 3
2026-08-19 01:56:59,740 [INFO] 📊 [PULSO PAPER MULTI-STRATEGY] Balance: $5000.00 USD | Posiciones: 0 | Estrategias: 3
2026-08-19 01:58:10,183 [INFO] 📊 [PULSO PAPER MULTI-STRATEGY] Balance: $5000.00 USD | Posiciones: 0 | Estrategias: 3
2026-08-19 01:59:19,420 [INFO] 📊 [PULSO PAPER MULTI-STRATEGY] Balance: $5000.00 USD | Posiciones: 0 | Estrategias: 3
2026-08-19 02:00:26,913 [INFO] 📊 [PULSO PAPER MULTI-STRATEGY] Balance: $5000.00 USD | Posiciones: 0 | Estrategias: 3
2026-08-19 02:01:34,089 [INFO] 📊 [PULSO PAPER MULTI-STRATEGY] Balance: $5000.00 USD | Posiciones: 0 | Estrategias: 3
2026-08-19 02:02:42,703 [INFO] 📊 [PULSO PAPER MULTI-STRATEGY] Balance: $5000.00 USD | Posiciones: 0 | Estrategias: 3
2026-08-19 02:03:51,285 [INFO] 📊 [PULSO PAPER MULTI-STRATEGY] Balance: $5000.00 USD | Posiciones: 0 | Estrategias: 3
2026-08-19 02:04:59,699 [INFO] 📊 [PULSO PAPER MULTI-STRATEGY] Balance: $5000.00 USD | Posiciones: 0 | Estrategias: 3
2026-08-19 02:06:08,204 [INFO] 📊 [PULSO PAPER MULTI-STRATEGY] Balance: $5000.00 USD | Posiciones: 0 | Estrategias: 3
2026-08-19 02:07:17,335 [INFO] 📊 [PULSO PAPER MULTI-STRATEGY] Balance: $5000.00 USD | Posiciones: 0 | Estrategias: 3
2026-08-19 02:08:25,036 [INFO] 📊 [PULSO PAPER MULTI-STRATEGY] Balance: $5000.00 USD | Posiciones: 0 | Estrategias: 3
2026-08-19 02:09:32,604 [INFO] 📊 [PULSO PAPER MULTI-STRATEGY] Balance: $5000.00 USD | Posiciones: 0 | Estrategias: 3
2026-08-19 02:10:42,139 [INFO] 📊 [PULSO PAPER MULTI-STRATEGY] Balance: $5000.00 USD | Posiciones: 0 | Estrategias: 3
2026-08-19 02:11:50,755 [INFO] 📊 [PULSO PAPER MULTI-STRATEGY] Balance: $5000.00 USD | Posiciones: 0 | Estrategias: 3
2026-08-19 02:13:00,292 [INFO] 📊 [PULSO PAPER MULTI-STRATEGY] Balance: $5000.00 USD | Posiciones: 0 | Estrategias: 3
2026-08-19 02:14:10,226 [INFO] 📊 [PULSO PAPER MULTI-STRATEGY] Balance: $5000.00 USD | Posiciones: 0 | Estrategias: 3
2026-08-19 02:15:18,526 [INFO] 📊 [PULSO PAPER MULTI-STRATEGY] Balance: $5000.00 USD | Posiciones: 0 | Estrategias: 3
2026-08-19 02:16:27,243 [INFO] 📊 [PULSO PAPER MULTI-STRATEGY] Balance: $5000.00 USD | Posiciones: 0 | Estrategias: 3
2026-08-19 02:17:35,103 [INFO] 📊 [PULSO PAPER MULTI-STRATEGY] Balance: $5000.00 USD | Posiciones: 0 | Estrategias: 3
2026-08-19 02:18:43,294 [INFO] 📊 [PULSO PAPER MULTI-STRATEGY] Balance: $5000.00 USD | Posiciones: 0 | Estrategias: 3
2026-08-19 02:19:52,966 [INFO] 📊 [PULSO PAPER MULTI-STRATEGY] Balance: $5000.00 USD | Posiciones: 0 | Estrategias: 3
2026-08-19 02:21:02,293 [INFO] 📊 [PULSO PAPER MULTI-STRATEGY] Balance: $5000.00 USD | Posiciones: 0 | Estrategias: 3
2026-08-19 02:22:12,340 [INFO] 📊 [PULSO PAPER MULTI-STRATEGY] Balance: $5000.00 USD | Posiciones: 0 | Estrategias: 3
2026-08-19 02:23:21,356 [INFO] 📊 [PULSO PAPER MULTI-STRATEGY] Balance: $5000.00 USD | Posiciones: 0 | Estrategias: 3
2026-08-19 02:24:30,202 [INFO] 📊 [PULSO PAPER MULTI-STRATEGY] Balance: $5000.00 USD | Posiciones: 0 | Estrategias: 3
2026-08-19 02:25:38,313 [INFO] 📊 [PULSO PAPER MULTI-STRATEGY] Balance: $5000.00 USD | Posiciones: 0 | Estrategias: 3
2026-08-19 02:26:48,035 [INFO] 📊 [PULSO PAPER MULTI-STRATEGY] Balance: $5000.00 USD | Posiciones: 0 | Estrategias: 3
2026-08-19 02:27:57,544 [INFO] 📊 [PULSO PAPER MULTI-STRATEGY] Balance: $5000.00 USD | Posiciones: 0 | Estrategias: 3
2026-08-19 02:29:06,722 [INFO] 📊 [PULSO PAPER MULTI-STRATEGY] Balance: $5000.00 USD | Posiciones: 0 | Estrategias: 3
2026-08-19 02:30:14,600 [INFO] 📊 [PULSO PAPER MULTI-STRATEGY] Balance: $5000.00 USD | Posiciones: 0 | Estrategias: 3
2026-08-19 02:31:22,984 [INFO] 📊 [PULSO PAPER MULTI-STRATEGY] Balance: $5000.00 USD | Posiciones: 0 | Estrategias: 3
2026-08-19 02:32:31,507 [INFO] 📊 [PULSO PAPER MULTI-STRATEGY] Balance: $5000.00 USD | Posiciones: 0 | Estrategias: 3
2026-08-19 02:33:40,059 [INFO] 📊 [PULSO PAPER MULTI-STRATEGY] Balance: $5000.00 USD | Posiciones: 0 | Estrategias: 3
2026-08-19 02:34:48,216 [INFO] 📊 [PULSO PAPER MULTI-STRATEGY] Balance: $5000.00 USD | Posiciones: 0 | Estrategias: 3
2026-08-19 02:35:56,420 [INFO] 📊 [PULSO PAPER MULTI-STRATEGY] Balance: $5000.00 USD | Posiciones: 0 | Estrategias: 3
2026-08-19 02:37:05,384 [INFO] 📊 [PULSO PAPER MULTI-STRATEGY] Balance: $5000.00 USD | Posiciones: 0 | Estrategias: 3
2026-08-19 02:38:13,574 [INFO] 📊 [PULSO PAPER MULTI-STRATEGY] Balance: $5000.00 USD | Posiciones: 0 | Estrategias: 3
2026-08-19 02:39:27,984 [INFO] 📊 [PULSO PAPER MULTI-STRATEGY] Balance: $5000.00 USD | Posiciones: 0 | Estrategias: 3
2026-08-19 02:40:36,689 [INFO] 📊 [PULSO PAPER MULTI-STRATEGY] Balance: $5000.00 USD | Posiciones: 0 | Estrategias: 3
2026-08-19 02:41:46,629 [INFO] 📊 [PULSO PAPER MULTI-STRATEGY] Balance: $5000.00 USD | Posiciones: 0 | Estrategias: 3
2026-08-19 02:42:55,360 [INFO] 📊 [PULSO PAPER MULTI-STRATEGY] Balance: $5000.00 USD | Posiciones: 0 | Estrategias: 3
2026-08-19 02:44:04,681 [INFO] 📊 [PULSO PAPER MULTI-STRATEGY] Balance: $5000.00 USD | Posiciones: 0 | Estrategias: 3
2026-08-19 02:45:13,999 [INFO] 📊 [PULSO PAPER MULTI-STRATEGY] Balance: $5000.00 USD | Posiciones: 0 | Estrategias: 3
2026-08-19 02:46:22,220 [INFO] 📊 [PULSO PAPER MULTI-STRATEGY] Balance: $5000.00 USD | Posiciones: 0 | Estrategias: 3
2026-08-19 02:47:28,648 [INFO] 📊 [PULSO PAPER MULTI-STRATEGY] Balance: $5000.00 USD | Posiciones: 0 | Estrategias: 3
2026-08-19 02:48:35,139 [INFO] 📊 [PULSO PAPER MULTI-STRATEGY] Balance: $5000.00 USD | Posiciones: 0 | Estrategias: 3
2026-08-19 02:49:42,998 [INFO] 📊 [PULSO PAPER MULTI-STRATEGY] Balance: $5000.00 USD | Posiciones: 0 | Estrategias: 3
2026-08-19 02:50:50,270 [INFO] 📊 [PULSO PAPER MULTI-STRATEGY] Balance: $5000.00 USD | Posiciones: 0 | Estrategias: 3
2026-08-19 02:51:59,962 [INFO] 📊 [PULSO PAPER MULTI-STRATEGY] Balance: $5000.00 USD | Posiciones: 0 | Estrategias: 3
2026-08-19 02:53:07,407 [INFO] 📊 [PULSO PAPER MULTI-STRATEGY] Balance: $5000.00 USD | Posiciones: 0 | Estrategias: 3
2026-08-19 02:54:14,580 [INFO] 📊 [PULSO PAPER MULTI-STRATEGY] Balance: $5000.00 USD | Posiciones: 0 | Estrategias: 3
2026-08-19 02:55:22,332 [INFO] 📊 [PULSO PAPER MULTI-STRATEGY] Balance: $5000.00 USD | Posiciones: 0 | Estrategias: 3
2026-08-19 02:56:30,249 [INFO] 📊 [PULSO PAPER MULTI-STRATEGY] Balance: $5000.00 USD | Posiciones: 0 | Estrategias: 3
2026-08-19 02:57:37,629 [INFO] 📊 [PULSO PAPER MULTI-STRATEGY] Balance: $5000.00 USD | Posiciones: 0 | Estrategias: 3
2026-08-19 02:58:45,736 [INFO] 📊 [PULSO PAPER MULTI-STRATEGY] Balance: $5000.00 USD | Posiciones: 0 | Estrategias: 3
2026-08-19 02:59:53,588 [INFO] 📊 [PULSO PAPER MULTI-STRATEGY] Balance: $5000.00 USD | Posiciones: 0 | Estrategias: 3
2026-08-19 03:01:01,027 [INFO] 📊 [PULSO PAPER MULTI-STRATEGY] Balance: $5000.00 USD | Posiciones: 0 | Estrategias: 3
2026-08-19 03:02:09,883 [INFO] 📊 [PULSO PAPER MULTI-STRATEGY] Balance: $5000.00 USD | Posiciones: 0 | Estrategias: 3
2026-08-19 03:03:19,112 [INFO] 📊 [PULSO PAPER MULTI-STRATEGY] Balance: $5000.00 USD | Posiciones: 0 | Estrategias: 3
2026-08-19 03:04:28,021 [INFO] 📊 [PULSO PAPER MULTI-STRATEGY] Balance: $5000.00 USD | Posiciones: 0 | Estrategias: 3
2026-08-19 03:05:35,246 [INFO] 📊 [PULSO PAPER MULTI-STRATEGY] Balance: $5000.00 USD | Posiciones: 0 | Estrategias: 3
2026-08-19 03:06:43,336 [INFO] 📊 [PULSO PAPER MULTI-STRATEGY] Balance: $5000.00 USD | Posiciones: 0 | Estrategias: 3
2026-08-19 03:07:51,519 [INFO] 📊 [PULSO PAPER MULTI-STRATEGY] Balance: $5000.00 USD | Posiciones: 0 | Estrategias: 3
2026-08-19 03:09:00,938 [INFO] 📊 [PULSO PAPER MULTI-STRATEGY] Balance: $5000.00 USD | Posiciones: 0 | Estrategias: 3
2026-08-19 03:10:09,256 [INFO] 📊 [PULSO PAPER MULTI-STRATEGY] Balance: $5000.00 USD | Posiciones: 0 | Estrategias: 3
2026-08-19 03:11:18,660 [INFO] 📊 [PULSO PAPER MULTI-STRATEGY] Balance: $5000.00 USD | Posiciones: 0 | Estrategias: 3
2026-08-19 03:12:27,108 [INFO] 📊 [PULSO PAPER MULTI-STRATEGY] Balance: $5000.00 USD | Posiciones: 0 | Estrategias: 3
2026-08-19 03:13:34,338 [INFO] 📊 [PULSO PAPER MULTI-STRATEGY] Balance: $5000.00 USD | Posiciones: 0 | Estrategias: 3
2026-08-19 03:14:43,144 [INFO] 📊 [PULSO PAPER MULTI-STRATEGY] Balance: $5000.00 USD | Posiciones: 0 | Estrategias: 3
2026-08-19 03:15:50,362 [INFO] 📊 [PULSO PAPER MULTI-STRATEGY] Balance: $5000.00 USD | Posiciones: 0 | Estrategias: 3
2026-08-19 03:16:58,230 [INFO] 📊 [PULSO PAPER MULTI-STRATEGY] Balance: $5000.00 USD | Posiciones: 0 | Estrategias: 3
2026-08-19 03:18:05,120 [INFO] 📊 [PULSO PAPER MULTI-STRATEGY] Balance: $5000.00 USD | Posiciones: 0 | Estrategias: 3
2026-08-19 03:19:15,979 [INFO] 📊 [PULSO PAPER MULTI-STRATEGY] Balance: $5000.00 USD | Posiciones: 0 | Estrategias: 3
2026-08-19 03:20:26,186 [INFO] 📊 [PULSO PAPER MULTI-STRATEGY] Balance: $5000.00 USD | Posiciones: 0 | Estrategias: 3
2026-08-19 03:21:34,031 [INFO] 📊 [PULSO PAPER MULTI-STRATEGY] Balance: $5000.00 USD | Posiciones: 0 | Estrategias: 3
2026-08-19 03:22:42,519 [INFO] 📊 [PULSO PAPER MULTI-STRATEGY] Balance: $5000.00 USD | Posiciones: 0 | Estrategias: 3
2026-08-19 03:23:51,640 [INFO] 📊 [PULSO PAPER MULTI-STRATEGY] Balance: $5000.00 USD | Posiciones: 0 | Estrategias: 3
2026-08-19 03:24:59,838 [INFO] 📊 [PULSO PAPER MULTI-STRATEGY] Balance: $5000.00 USD | Posiciones: 0 | Estrategias: 3
2026-08-19 03:26:07,255 [INFO] 📊 [PULSO PAPER MULTI-STRATEGY] Balance: $5000.00 USD | Posiciones: 0 | Estrategias: 3
2026-08-19 03:27:16,395 [INFO] 📊 [PULSO PAPER MULTI-STRATEGY] Balance: $5000.00 USD | Posiciones: 0 | Estrategias: 3
2026-08-19 03:28:25,396 [INFO] 📊 [PULSO PAPER MULTI-STRATEGY] Balance: $5000.00 USD | Posiciones: 0 | Estrategias: 3
2026-08-19 03:29:33,190 [INFO] 📊 [PULSO PAPER MULTI-STRATEGY] Balance: $5000.00 USD | Posiciones: 0 | Estrategias: 3
2026-08-19 03:30:41,451 [INFO] 📊 [PULSO PAPER MULTI-STRATEGY] Balance: $5000.00 USD | Posiciones: 0 | Estrategias: 3
2026-08-19 03:31:49,496 [INFO] 📊 [PULSO PAPER MULTI-STRATEGY] Balance: $5000.00 USD | Posiciones: 0 | Estrategias: 3
2026-08-19 03:32:57,133 [INFO] 📊 [PULSO PAPER MULTI-STRATEGY] Balance: $5000.00 USD | Posiciones: 0 | Estrategias: 3
2026-08-19 03:34:04,309 [INFO] 📊 [PULSO PAPER MULTI-STRATEGY] Balance: $5000.00 USD | Posiciones: 0 | Estrategias: 3
2026-08-19 03:35:12,509 [INFO] 📊 [PULSO PAPER MULTI-STRATEGY] Balance: $5000.00 USD | Posiciones: 0 | Estrategias: 3
2026-08-19 03:36:20,506 [INFO] 📊 [PULSO PAPER MULTI-STRATEGY] Balance: $5000.00 USD | Posiciones: 0 | Estrategias: 3
2026-08-19 03:37:29,335 [INFO] 📊 [PULSO PAPER MULTI-STRATEGY] Balance: $5000.00 USD | Posiciones: 0 | Estrategias: 3
2026-08-19 03:38:37,282 [INFO] 📊 [PULSO PAPER MULTI-STRATEGY] Balance: $5000.00 USD | Posiciones: 0 | Estrategias: 3
2026-08-19 03:39:46,357 [INFO] 📊 [PULSO PAPER MULTI-STRATEGY] Balance: $5000.00 USD | Posiciones: 0 | Estrategias: 3
2026-08-19 03:40:54,252 [INFO] 📊 [PULSO PAPER MULTI-STRATEGY] Balance: $5000.00 USD | Posiciones: 0 | Estrategias: 3
2026-08-19 03:42:02,127 [INFO] 📊 [PULSO PAPER MULTI-STRATEGY] Balance: $5000.00 USD | Posiciones: 0 | Estrategias: 3
2026-08-19 03:43:10,480 [INFO] 📊 [PULSO PAPER MULTI-STRATEGY] Balance: $5000.00 USD | Posiciones: 0 | Estrategias: 3
2026-08-19 03:44:18,559 [INFO] 📊 [PULSO PAPER MULTI-STRATEGY] Balance: $5000.00 USD | Posiciones: 0 | Estrategias: 3
2026-08-19 03:45:27,250 [INFO] 📊 [PULSO PAPER MULTI-STRATEGY] Balance: $5000.00 USD | Posiciones: 0 | Estrategias: 3
2026-08-19 03:46:34,171 [INFO] 📊 [PULSO PAPER MULTI-STRATEGY] Balance: $5000.00 USD | Posiciones: 0 | Estrategias: 3
2026-08-19 03:47:41,323 [INFO] 📊 [PULSO PAPER MULTI-STRATEGY] Balance: $5000.00 USD | Posiciones: 0 | Estrategias: 3
2026-08-19 03:48:49,335 [INFO] 📊 [PULSO PAPER MULTI-STRATEGY] Balance: $5000.00 USD | Posiciones: 0 | Estrategias: 3
2026-08-19 03:49:59,029 [INFO] 📊 [PULSO PAPER MULTI-STRATEGY] Balance: $5000.00 USD | Posiciones: 0 | Estrategias: 3
2026-08-19 03:51:06,631 [INFO] 📊 [PULSO PAPER MULTI-STRATEGY] Balance: $5000.00 USD | Posiciones: 0 | Estrategias: 3
2026-08-19 03:52:14,184 [INFO] 📊 [PULSO PAPER MULTI-STRATEGY] Balance: $5000.00 USD | Posiciones: 0 | Estrategias: 3
2026-08-19 03:53:24,829 [INFO] 📊 [PULSO PAPER MULTI-STRATEGY] Balance: $5000.00 USD | Posiciones: 0 | Estrategias: 3
2026-08-19 03:54:33,236 [INFO] 📊 [PULSO PAPER MULTI-STRATEGY] Balance: $5000.00 USD | Posiciones: 0 | Estrategias: 3
2026-08-19 03:55:42,526 [INFO] 📊 [PULSO PAPER MULTI-STRATEGY] Balance: $5000.00 USD | Posiciones: 0 | Estrategias: 3
2026-08-19 03:56:51,688 [INFO] 📊 [PULSO PAPER MULTI-STRATEGY] Balance: $5000.00 USD | Posiciones: 0 | Estrategias: 3
2026-08-19 03:58:01,209 [INFO] 📊 [PULSO PAPER MULTI-STRATEGY] Balance: $5000.00 USD | Posiciones: 0 | Estrategias: 3
2026-08-19 03:59:08,899 [INFO] 📊 [PULSO PAPER MULTI-STRATEGY] Balance: $5000.00 USD | Posiciones: 0 | Estrategias: 3
2026-08-19 04:00:17,031 [INFO] 📊 [PULSO PAPER MULTI-STRATEGY] Balance: $5000.00 USD | Posiciones: 0 | Estrategias: 3
2026-08-19 04:01:26,170 [INFO] 📊 [PULSO PAPER MULTI-STRATEGY] Balance: $5000.00 USD | Posiciones: 0 | Estrategias: 3
2026-08-19 04:02:33,028 [INFO] 📊 [PULSO PAPER MULTI-STRATEGY] Balance: $5000.00 USD | Posiciones: 0 | Estrategias: 3
2026-08-19 04:03:41,035 [INFO] 📊 [PULSO PAPER MULTI-STRATEGY] Balance: $5000.00 USD | Posiciones: 0 | Estrategias: 3
2026-08-19 04:04:48,824 [INFO] 📊 [PULSO PAPER MULTI-STRATEGY] Balance: $5000.00 USD | Posiciones: 0 | Estrategias: 3
2026-08-19 04:05:57,834 [INFO] 📊 [PULSO PAPER MULTI-STRATEGY] Balance: $5000.00 USD | Posiciones: 0 | Estrategias: 3
2026-08-19 04:07:05,413 [INFO] 📊 [PULSO PAPER MULTI-STRATEGY] Balance: $5000.00 USD | Posiciones: 0 | Estrategias: 3
2026-08-19 04:08:13,436 [INFO] 📊 [PULSO PAPER MULTI-STRATEGY] Balance: $5000.00 USD | Posiciones: 0 | Estrategias: 3
2026-08-19 04:09:22,124 [INFO] 📊 [PULSO PAPER MULTI-STRATEGY] Balance: $5000.00 USD | Posiciones: 0 | Estrategias: 3
2026-08-19 04:10:31,862 [INFO] 📊 [PULSO PAPER MULTI-STRATEGY] Balance: $5000.00 USD | Posiciones: 0 | Estrategias: 3
2026-08-19 04:11:39,750 [INFO] 📊 [PULSO PAPER MULTI-STRATEGY] Balance: $5000.00 USD | Posiciones: 0 | Estrategias: 3
2026-08-19 04:12:48,475 [INFO] 📊 [PULSO PAPER MULTI-STRATEGY] Balance: $5000.00 USD | Posiciones: 0 | Estrategias: 3
2026-08-19 04:13:57,019 [INFO] 📊 [PULSO PAPER MULTI-STRATEGY] Balance: $5000.00 USD | Posiciones: 0 | Estrategias: 3
2026-08-19 04:15:04,883 [INFO] 📊 [PULSO PAPER MULTI-STRATEGY] Balance: $5000.00 USD | Posiciones: 0 | Estrategias: 3
2026-08-19 04:16:13,396 [INFO] 📊 [PULSO PAPER MULTI-STRATEGY] Balance: $5000.00 USD | Posiciones: 0 | Estrategias: 3
2026-08-19 04:17:21,688 [INFO] 📊 [PULSO PAPER MULTI-STRATEGY] Balance: $5000.00 USD | Posiciones: 0 | Estrategias: 3
2026-08-19 04:18:29,708 [INFO] 📊 [PULSO PAPER MULTI-STRATEGY] Balance: $5000.00 USD | Posiciones: 0 | Estrategias: 3
2026-08-19 04:19:36,957 [INFO] 📊 [PULSO PAPER MULTI-STRATEGY] Balance: $5000.00 USD | Posiciones: 0 | Estrategias: 3
2026-08-19 04:20:46,512 [INFO] 📊 [PULSO PAPER MULTI-STRATEGY] Balance: $5000.00 USD | Posiciones: 0 | Estrategias: 3
2026-08-19 04:21:55,094 [INFO] 📊 [PULSO PAPER MULTI-STRATEGY] Balance: $5000.00 USD | Posiciones: 0 | Estrategias: 3
2026-08-19 04:23:03,544 [INFO] 📊 [PULSO PAPER MULTI-STRATEGY] Balance: $5000.00 USD | Posiciones: 0 | Estrategias: 3
2026-08-19 04:24:11,291 [INFO] 📊 [PULSO PAPER MULTI-STRATEGY] Balance: $5000.00 USD | Posiciones: 0 | Estrategias: 3
2026-08-19 04:25:21,383 [INFO] 📊 [PULSO PAPER MULTI-STRATEGY] Balance: $5000.00 USD | Posiciones: 0 | Estrategias: 3
2026-08-19 04:26:29,718 [INFO] 📊 [PULSO PAPER MULTI-STRATEGY] Balance: $5000.00 USD | Posiciones: 0 | Estrategias: 3
2026-08-19 04:27:36,925 [INFO] 📊 [PULSO PAPER MULTI-STRATEGY] Balance: $5000.00 USD | Posiciones: 0 | Estrategias: 3
2026-08-19 04:28:45,906 [INFO] 📊 [PULSO PAPER MULTI-STRATEGY] Balance: $5000.00 USD | Posiciones: 0 | Estrategias: 3
2026-08-19 04:29:55,086 [INFO] 📊 [PULSO PAPER MULTI-STRATEGY] Balance: $5000.00 USD | Posiciones: 0 | Estrategias: 3
2026-08-19 04:31:03,472 [INFO] 📊 [PULSO PAPER MULTI-STRATEGY] Balance: $5000.00 USD | Posiciones: 0 | Estrategias: 3
2026-08-19 04:32:11,121 [INFO] 📊 [PULSO PAPER MULTI-STRATEGY] Balance: $5000.00 USD | Posiciones: 0 | Estrategias: 3
2026-08-19 04:33:18,390 [INFO] 📊 [PULSO PAPER MULTI-STRATEGY] Balance: $5000.00 USD | Posiciones: 0 | Estrategias: 3
2026-08-19 04:34:28,375 [INFO] 📊 [PULSO PAPER MULTI-STRATEGY] Balance: $5000.00 USD | Posiciones: 0 | Estrategias: 3
2026-08-19 04:35:35,549 [INFO] 📊 [PULSO PAPER MULTI-STRATEGY] Balance: $5000.00 USD | Posiciones: 0 | Estrategias: 3
2026-08-19 04:36:44,678 [INFO] 📊 [PULSO PAPER MULTI-STRATEGY] Balance: $5000.00 USD | Posiciones: 0 | Estrategias: 3
2026-08-19 04:37:54,006 [INFO] 📊 [PULSO PAPER MULTI-STRATEGY] Balance: $5000.00 USD | Posiciones: 0 | Estrategias: 3
2026-08-19 04:39:00,737 [INFO] 📊 [PULSO PAPER MULTI-STRATEGY] Balance: $5000.00 USD | Posiciones: 0 | Estrategias: 3
2026-08-19 04:40:08,971 [INFO] 📊 [PULSO PAPER MULTI-STRATEGY] Balance: $5000.00 USD | Posiciones: 0 | Estrategias: 3
2026-08-19 04:41:18,467 [INFO] 📊 [PULSO PAPER MULTI-STRATEGY] Balance: $5000.00 USD | Posiciones: 0 | Estrategias: 3
2026-08-19 04:42:27,005 [INFO] 📊 [PULSO PAPER MULTI-STRATEGY] Balance: $5000.00 USD | Posiciones: 0 | Estrategias: 3
2026-08-19 04:43:33,694 [INFO] 📊 [PULSO PAPER MULTI-STRATEGY] Balance: $5000.00 USD | Posiciones: 0 | Estrategias: 3
2026-08-19 04:44:40,842 [INFO] 📊 [PULSO PAPER MULTI-STRATEGY] Balance: $5000.00 USD | Posiciones: 0 | Estrategias: 3
2026-08-19 04:45:48,745 [INFO] 📊 [PULSO PAPER MULTI-STRATEGY] Balance: $5000.00 USD | Posiciones: 0 | Estrategias: 3
2026-08-19 04:46:56,435 [INFO] 📊 [PULSO PAPER MULTI-STRATEGY] Balance: $5000.00 USD | Posiciones: 0 | Estrategias: 3
2026-08-19 04:48:04,391 [INFO] 📊 [PULSO PAPER MULTI-STRATEGY] Balance: $5000.00 USD | Posiciones: 0 | Estrategias: 3
2026-08-19 04:49:13,279 [INFO] 📊 [PULSO PAPER MULTI-STRATEGY] Balance: $5000.00 USD | Posiciones: 0 | Estrategias: 3
2026-08-19 04:50:21,679 [INFO] 📊 [PULSO PAPER MULTI-STRATEGY] Balance: $5000.00 USD | Posiciones: 0 | Estrategias: 3
2026-08-19 04:51:30,260 [INFO] 📊 [PULSO PAPER MULTI-STRATEGY] Balance: $5000.00 USD | Posiciones: 0 | Estrategias: 3
2026-08-19 04:52:37,564 [INFO] 📊 [PULSO PAPER MULTI-STRATEGY] Balance: $5000.00 USD | Posiciones: 0 | Estrategias: 3
2026-08-19 04:53:46,089 [INFO] 📊 [PULSO PAPER MULTI-STRATEGY] Balance: $5000.00 USD | Posiciones: 0 | Estrategias: 3
2026-08-19 04:54:54,384 [INFO] 📊 [PULSO PAPER MULTI-STRATEGY] Balance: $5000.00 USD | Posiciones: 0 | Estrategias: 3
2026-08-19 04:56:01,374 [INFO] 📊 [PULSO PAPER MULTI-STRATEGY] Balance: $5000.00 USD | Posiciones: 0 | Estrategias: 3
2026-08-19 04:57:09,184 [INFO] 📊 [PULSO PAPER MULTI-STRATEGY] Balance: $5000.00 USD | Posiciones: 0 | Estrategias: 3
2026-08-19 04:58:17,639 [INFO] 📊 [PULSO PAPER MULTI-STRATEGY] Balance: $5000.00 USD | Posiciones: 0 | Estrategias: 3
2026-08-19 04:59:25,952 [INFO] 📊 [PULSO PAPER MULTI-STRATEGY] Balance: $5000.00 USD | Posiciones: 0 | Estrategias: 3
2026-08-19 05:00:32,507 [INFO] 📊 [PULSO PAPER MULTI-STRATEGY] Balance: $5000.00 USD | Posiciones: 0 | Estrategias: 3
2026-08-19 05:01:41,932 [INFO] 📊 [PULSO PAPER MULTI-STRATEGY] Balance: $5000.00 USD | Posiciones: 0 | Estrategias: 3
2026-08-19 05:02:50,915 [INFO] 📊 [PULSO PAPER MULTI-STRATEGY] Balance: $5000.00 USD | Posiciones: 0 | Estrategias: 3
2026-08-19 05:03:59,762 [INFO] 📊 [PULSO PAPER MULTI-STRATEGY] Balance: $5000.00 USD | Posiciones: 0 | Estrategias: 3
2026-08-19 05:05:06,329 [INFO] 📊 [PULSO PAPER MULTI-STRATEGY] Balance: $5000.00 USD | Posiciones: 0 | Estrategias: 3
2026-08-19 05:06:16,264 [INFO] 📊 [PULSO PAPER MULTI-STRATEGY] Balance: $5000.00 USD | Posiciones: 0 | Estrategias: 3
2026-08-19 05:07:24,487 [INFO] 📊 [PULSO PAPER MULTI-STRATEGY] Balance: $5000.00 USD | Posiciones: 0 | Estrategias: 3
2026-08-19 05:08:32,579 [INFO] 📊 [PULSO PAPER MULTI-STRATEGY] Balance: $5000.00 USD | Posiciones: 0 | Estrategias: 3
2026-08-19 05:09:40,576 [INFO] 📊 [PULSO PAPER MULTI-STRATEGY] Balance: $5000.00 USD | Posiciones: 0 | Estrategias: 3
2026-08-19 05:10:50,392 [INFO] 📊 [PULSO PAPER MULTI-STRATEGY] Balance: $5000.00 USD | Posiciones: 0 | Estrategias: 3
2026-08-19 05:11:59,049 [INFO] 📊 [PULSO PAPER MULTI-STRATEGY] Balance: $5000.00 USD | Posiciones: 0 | Estrategias: 3
2026-08-19 05:13:05,716 [INFO] 📊 [PULSO PAPER MULTI-STRATEGY] Balance: $5000.00 USD | Posiciones: 0 | Estrategias: 3
2026-08-19 05:14:14,903 [INFO] 📊 [PULSO PAPER MULTI-STRATEGY] Balance: $5000.00 USD | Posiciones: 0 | Estrategias: 3
2026-08-19 05:15:24,319 [INFO] 📊 [PULSO PAPER MULTI-STRATEGY] Balance: $5000.00 USD | Posiciones: 0 | Estrategias: 3
2026-08-19 05:16:32,007 [INFO] 📊 [PULSO PAPER MULTI-STRATEGY] Balance: $5000.00 USD | Posiciones: 0 | Estrategias: 3
2026-08-19 05:17:40,444 [INFO] 📊 [PULSO PAPER MULTI-STRATEGY] Balance: $5000.00 USD | Posiciones: 0 | Estrategias: 3
2026-08-19 05:18:49,465 [INFO] 📊 [PULSO PAPER MULTI-STRATEGY] Balance: $5000.00 USD | Posiciones: 0 | Estrategias: 3
2026-08-19 05:19:59,106 [INFO] 📊 [PULSO PAPER MULTI-STRATEGY] Balance: $5000.00 USD | Posiciones: 0 | Estrategias: 3
2026-08-19 05:21:06,884 [INFO] 📊 [PULSO PAPER MULTI-STRATEGY] Balance: $5000.00 USD | Posiciones: 0 | Estrategias: 3
2026-08-19 05:22:13,968 [INFO] 📊 [PULSO PAPER MULTI-STRATEGY] Balance: $5000.00 USD | Posiciones: 0 | Estrategias: 3
2026-08-19 05:23:23,627 [INFO] 📊 [PULSO PAPER MULTI-STRATEGY] Balance: $5000.00 USD | Posiciones: 0 | Estrategias: 3
2026-08-19 05:24:31,825 [INFO] 📊 [PULSO PAPER MULTI-STRATEGY] Balance: $5000.00 USD | Posiciones: 0 | Estrategias: 3
2026-08-19 05:25:38,994 [INFO] 📊 [PULSO PAPER MULTI-STRATEGY] Balance: $5000.00 USD | Posiciones: 0 | Estrategias: 3
2026-08-19 05:26:49,030 [INFO] 📊 [PULSO PAPER MULTI-STRATEGY] Balance: $5000.00 USD | Posiciones: 0 | Estrategias: 3
2026-08-19 05:27:57,859 [INFO] 📊 [PULSO PAPER MULTI-STRATEGY] Balance: $5000.00 USD | Posiciones: 0 | Estrategias: 3
2026-08-19 05:29:04,856 [INFO] 📊 [PULSO PAPER MULTI-STRATEGY] Balance: $5000.00 USD | Posiciones: 0 | Estrategias: 3
2026-08-19 05:30:13,195 [INFO] 📊 [PULSO PAPER MULTI-STRATEGY] Balance: $5000.00 USD | Posiciones: 0 | Estrategias: 3
2026-08-19 05:31:23,140 [INFO] 📊 [PULSO PAPER MULTI-STRATEGY] Balance: $5000.00 USD | Posiciones: 0 | Estrategias: 3
2026-08-19 05:32:30,966 [INFO] 📊 [PULSO PAPER MULTI-STRATEGY] Balance: $5000.00 USD | Posiciones: 0 | Estrategias: 3
2026-08-19 05:33:39,325 [INFO] 📊 [PULSO PAPER MULTI-STRATEGY] Balance: $5000.00 USD | Posiciones: 0 | Estrategias: 3
2026-08-19 05:34:47,345 [INFO] 📊 [PULSO PAPER MULTI-STRATEGY] Balance: $5000.00 USD | Posiciones: 0 | Estrategias: 3
2026-08-19 05:35:56,604 [INFO] 📊 [PULSO PAPER MULTI-STRATEGY] Balance: $5000.00 USD | Posiciones: 0 | Estrategias: 3
2026-08-19 05:37:04,029 [INFO] 📊 [PULSO PAPER MULTI-STRATEGY] Balance: $5000.00 USD | Posiciones: 0 | Estrategias: 3
2026-08-19 05:38:13,189 [INFO] 📊 [PULSO PAPER MULTI-STRATEGY] Balance: $5000.00 USD | Posiciones: 0 | Estrategias: 3
2026-08-19 05:39:22,413 [INFO] 📊 [PULSO PAPER MULTI-STRATEGY] Balance: $5000.00 USD | Posiciones: 0 | Estrategias: 3
2026-08-19 05:40:29,814 [INFO] 📊 [PULSO PAPER MULTI-STRATEGY] Balance: $5000.00 USD | Posiciones: 0 | Estrategias: 3
2026-08-19 05:41:36,935 [INFO] 📊 [PULSO PAPER MULTI-STRATEGY] Balance: $5000.00 USD | Posiciones: 0 | Estrategias: 3
2026-08-19 05:42:46,120 [INFO] 📊 [PULSO PAPER MULTI-STRATEGY] Balance: $5000.00 USD | Posiciones: 0 | Estrategias: 3
2026-08-19 05:43:54,287 [INFO] 📊 [PULSO PAPER MULTI-STRATEGY] Balance: $5000.00 USD | Posiciones: 0 | Estrategias: 3
2026-08-19 05:45:03,199 [INFO] 📊 [PULSO PAPER MULTI-STRATEGY] Balance: $5000.00 USD | Posiciones: 0 | Estrategias: 3
2026-08-19 05:46:11,502 [INFO] 📊 [PULSO PAPER MULTI-STRATEGY] Balance: $5000.00 USD | Posiciones: 0 | Estrategias: 3
2026-08-19 05:47:20,831 [INFO] 📊 [PULSO PAPER MULTI-STRATEGY] Balance: $5000.00 USD | Posiciones: 0 | Estrategias: 3
2026-08-19 05:48:29,333 [INFO] 📊 [PULSO PAPER MULTI-STRATEGY] Balance: $5000.00 USD | Posiciones: 0 | Estrategias: 3
2026-08-19 05:49:35,993 [INFO] 📊 [PULSO PAPER MULTI-STRATEGY] Balance: $5000.00 USD | Posiciones: 0 | Estrategias: 3
2026-08-19 05:50:44,708 [INFO] 📊 [PULSO PAPER MULTI-STRATEGY] Balance: $5000.00 USD | Posiciones: 0 | Estrategias: 3
2026-08-19 05:51:54,026 [INFO] 📊 [PULSO PAPER MULTI-STRATEGY] Balance: $5000.00 USD | Posiciones: 0 | Estrategias: 3
2026-08-19 05:53:03,190 [INFO] 📊 [PULSO PAPER MULTI-STRATEGY] Balance: $5000.00 USD | Posiciones: 0 | Estrategias: 3
2026-08-19 05:54:10,724 [INFO] 📊 [PULSO PAPER MULTI-STRATEGY] Balance: $5000.00 USD | Posiciones: 0 | Estrategias: 3
2026-08-19 05:55:19,666 [INFO] 📊 [PULSO PAPER MULTI-STRATEGY] Balance: $5000.00 USD | Posiciones: 0 | Estrategias: 3
2026-08-19 05:56:30,297 [INFO] 📊 [PULSO PAPER MULTI-STRATEGY] Balance: $5000.00 USD | Posiciones: 0 | Estrategias: 3
2026-08-19 05:57:37,779 [INFO] 📊 [PULSO PAPER MULTI-STRATEGY] Balance: $5000.00 USD | Posiciones: 0 | Estrategias: 3
2026-08-19 05:58:47,793 [INFO] 📊 [PULSO PAPER MULTI-STRATEGY] Balance: $5000.00 USD | Posiciones: 0 | Estrategias: 3
2026-08-19 05:59:56,958 [INFO] 📊 [PULSO PAPER MULTI-STRATEGY] Balance: $5000.00 USD | Posiciones: 0 | Estrategias: 3
2026-08-19 06:01:04,709 [INFO] 📊 [PULSO PAPER MULTI-STRATEGY] Balance: $5000.00 USD | Posiciones: 0 | Estrategias: 3
2026-08-19 06:02:12,932 [INFO] 📊 [PULSO PAPER MULTI-STRATEGY] Balance: $5000.00 USD | Posiciones: 0 | Estrategias: 3
2026-08-19 06:03:21,265 [INFO] 📊 [PULSO PAPER MULTI-STRATEGY] Balance: $5000.00 USD | Posiciones: 0 | Estrategias: 3
2026-08-19 06:04:30,674 [INFO] 📊 [PULSO PAPER MULTI-STRATEGY] Balance: $5000.00 USD | Posiciones: 0 | Estrategias: 3
2026-08-19 06:05:38,249 [INFO] 📊 [PULSO PAPER MULTI-STRATEGY] Balance: $5000.00 USD | Posiciones: 0 | Estrategias: 3
2026-08-19 06:06:48,491 [INFO] 📊 [PULSO PAPER MULTI-STRATEGY] Balance: $5000.00 USD | Posiciones: 0 | Estrategias: 3
2026-08-19 06:07:58,433 [INFO] 📊 [PULSO PAPER MULTI-STRATEGY] Balance: $5000.00 USD | Posiciones: 0 | Estrategias: 3
2026-08-19 06:09:07,357 [INFO] 📊 [PULSO PAPER MULTI-STRATEGY] Balance: $5000.00 USD | Posiciones: 0 | Estrategias: 3
2026-08-19 06:10:15,100 [INFO] 📊 [PULSO PAPER MULTI-STRATEGY] Balance: $5000.00 USD | Posiciones: 0 | Estrategias: 3
2026-08-19 06:11:23,745 [INFO] 📊 [PULSO PAPER MULTI-STRATEGY] Balance: $5000.00 USD | Posiciones: 0 | Estrategias: 3
2026-08-19 06:12:31,618 [INFO] 📊 [PULSO PAPER MULTI-STRATEGY] Balance: $5000.00 USD | Posiciones: 0 | Estrategias: 3
2026-08-19 06:13:39,831 [INFO] 📊 [PULSO PAPER MULTI-STRATEGY] Balance: $5000.00 USD | Posiciones: 0 | Estrategias: 3
2026-08-19 06:14:48,566 [INFO] 📊 [PULSO PAPER MULTI-STRATEGY] Balance: $5000.00 USD | Posiciones: 0 | Estrategias: 3
2026-08-19 06:15:57,357 [INFO] 📊 [PULSO PAPER MULTI-STRATEGY] Balance: $5000.00 USD | Posiciones: 0 | Estrategias: 3
2026-08-19 06:17:05,863 [INFO] 📊 [PULSO PAPER MULTI-STRATEGY] Balance: $5000.00 USD | Posiciones: 0 | Estrategias: 3
2026-08-19 06:18:13,149 [INFO] 📊 [PULSO PAPER MULTI-STRATEGY] Balance: $5000.00 USD | Posiciones: 0 | Estrategias: 3
2026-08-19 06:19:22,396 [INFO] 📊 [PULSO PAPER MULTI-STRATEGY] Balance: $5000.00 USD | Posiciones: 0 | Estrategias: 3
2026-08-19 06:20:31,877 [INFO] 📊 [PULSO PAPER MULTI-STRATEGY] Balance: $5000.00 USD | Posiciones: 0 | Estrategias: 3
2026-08-19 06:21:40,948 [INFO] 📊 [PULSO PAPER MULTI-STRATEGY] Balance: $5000.00 USD | Posiciones: 0 | Estrategias: 3
2026-08-19 06:22:48,743 [INFO] 📊 [PULSO PAPER MULTI-STRATEGY] Balance: $5000.00 USD | Posiciones: 0 | Estrategias: 3
2026-08-19 06:23:56,628 [INFO] 📊 [PULSO PAPER MULTI-STRATEGY] Balance: $5000.00 USD | Posiciones: 0 | Estrategias: 3
2026-08-19 06:25:05,135 [INFO] 📊 [PULSO PAPER MULTI-STRATEGY] Balance: $5000.00 USD | Posiciones: 0 | Estrategias: 3
2026-08-19 06:26:13,022 [INFO] 📊 [PULSO PAPER MULTI-STRATEGY] Balance: $5000.00 USD | Posiciones: 0 | Estrategias: 3
2026-08-19 06:27:22,250 [INFO] 📊 [PULSO PAPER MULTI-STRATEGY] Balance: $5000.00 USD | Posiciones: 0 | Estrategias: 3
2026-08-19 06:28:31,192 [INFO] 📊 [PULSO PAPER MULTI-STRATEGY] Balance: $5000.00 USD | Posiciones: 0 | Estrategias: 3
2026-08-19 06:29:39,600 [INFO] 📊 [PULSO PAPER MULTI-STRATEGY] Balance: $5000.00 USD | Posiciones: 0 | Estrategias: 3
2026-08-19 06:30:48,795 [INFO] 📊 [PULSO PAPER MULTI-STRATEGY] Balance: $5000.00 USD | Posiciones: 0 | Estrategias: 3
2026-08-19 06:31:57,144 [INFO] 📊 [PULSO PAPER MULTI-STRATEGY] Balance: $5000.00 USD | Posiciones: 0 | Estrategias: 3
2026-08-19 06:33:05,446 [INFO] 📊 [PULSO PAPER MULTI-STRATEGY] Balance: $5000.00 USD | Posiciones: 0 | Estrategias: 3
2026-08-19 06:34:13,008 [INFO] 📊 [PULSO PAPER MULTI-STRATEGY] Balance: $5000.00 USD | Posiciones: 0 | Estrategias: 3
2026-08-19 06:35:22,615 [INFO] 📊 [PULSO PAPER MULTI-STRATEGY] Balance: $5000.00 USD | Posiciones: 0 | Estrategias: 3
2026-08-19 06:36:32,648 [INFO] 📊 [PULSO PAPER MULTI-STRATEGY] Balance: $5000.00 USD | Posiciones: 0 | Estrategias: 3
2026-08-19 06:37:41,992 [INFO] 📊 [PULSO PAPER MULTI-STRATEGY] Balance: $5000.00 USD | Posiciones: 0 | Estrategias: 3
2026-08-19 06:38:50,728 [INFO] 📊 [PULSO PAPER MULTI-STRATEGY] Balance: $5000.00 USD | Posiciones: 0 | Estrategias: 3
2026-08-19 06:39:59,934 [INFO] 📊 [PULSO PAPER MULTI-STRATEGY] Balance: $5000.00 USD | Posiciones: 0 | Estrategias: 3
2026-08-19 06:41:07,796 [INFO] 📊 [PULSO PAPER MULTI-STRATEGY] Balance: $5000.00 USD | Posiciones: 0 | Estrategias: 3
2026-08-19 06:42:15,769 [INFO] 📊 [PULSO PAPER MULTI-STRATEGY] Balance: $5000.00 USD | Posiciones: 0 | Estrategias: 3
2026-08-19 06:43:26,551 [INFO] 📊 [PULSO PAPER MULTI-STRATEGY] Balance: $5000.00 USD | Posiciones: 0 | Estrategias: 3
2026-08-19 06:44:34,120 [INFO] 📊 [PULSO PAPER MULTI-STRATEGY] Balance: $5000.00 USD | Posiciones: 0 | Estrategias: 3
2026-08-19 06:45:41,517 [INFO] 📊 [PULSO PAPER MULTI-STRATEGY] Balance: $5000.00 USD | Posiciones: 0 | Estrategias: 3
2026-08-19 06:46:49,422 [INFO] 📊 [PULSO PAPER MULTI-STRATEGY] Balance: $5000.00 USD | Posiciones: 0 | Estrategias: 3
2026-08-19 06:47:59,164 [INFO] 📊 [PULSO PAPER MULTI-STRATEGY] Balance: $5000.00 USD | Posiciones: 0 | Estrategias: 3
2026-08-19 06:49:08,061 [INFO] 📊 [PULSO PAPER MULTI-STRATEGY] Balance: $5000.00 USD | Posiciones: 0 | Estrategias: 3
2026-08-19 06:50:16,341 [INFO] 📊 [PULSO PAPER MULTI-STRATEGY] Balance: $5000.00 USD | Posiciones: 0 | Estrategias: 3
2026-08-19 06:51:25,310 [INFO] 📊 [PULSO PAPER MULTI-STRATEGY] Balance: $5000.00 USD | Posiciones: 0 | Estrategias: 3
2026-08-19 06:52:34,290 [INFO] 📊 [PULSO PAPER MULTI-STRATEGY] Balance: $5000.00 USD | Posiciones: 0 | Estrategias: 3
2026-08-19 06:53:43,819 [INFO] 📊 [PULSO PAPER MULTI-STRATEGY] Balance: $5000.00 USD | Posiciones: 0 | Estrategias: 3
2026-08-19 06:54:54,432 [INFO] 📊 [PULSO PAPER MULTI-STRATEGY] Balance: $5000.00 USD | Posiciones: 0 | Estrategias: 3
2026-08-19 06:56:05,121 [INFO] 📊 [PULSO PAPER MULTI-STRATEGY] Balance: $5000.00 USD | Posiciones: 0 | Estrategias: 3
2026-08-19 06:57:14,948 [INFO] 📊 [PULSO PAPER MULTI-STRATEGY] Balance: $5000.00 USD | Posiciones: 0 | Estrategias: 3
2026-08-19 06:58:23,551 [INFO] 📊 [PULSO PAPER MULTI-STRATEGY] Balance: $5000.00 USD | Posiciones: 0 | Estrategias: 3
2026-08-19 06:59:33,977 [INFO] 📊 [PULSO PAPER MULTI-STRATEGY] Balance: $5000.00 USD | Posiciones: 0 | Estrategias: 3
2026-08-19 07:00:43,007 [INFO] 📊 [PULSO PAPER MULTI-STRATEGY] Balance: $5000.00 USD | Posiciones: 0 | Estrategias: 3
2026-08-19 07:01:51,958 [INFO] 📊 [PULSO PAPER MULTI-STRATEGY] Balance: $5000.00 USD | Posiciones: 0 | Estrategias: 3
2026-08-19 07:03:02,280 [INFO] 📊 [PULSO PAPER MULTI-STRATEGY] Balance: $5000.00 USD | Posiciones: 0 | Estrategias: 3
2026-08-19 07:04:09,561 [INFO] 📊 [PULSO PAPER MULTI-STRATEGY] Balance: $5000.00 USD | Posiciones: 0 | Estrategias: 3
2026-08-19 07:05:22,262 [INFO] 📊 [PULSO PAPER MULTI-STRATEGY] Balance: $5000.00 USD | Posiciones: 0 | Estrategias: 3
2026-08-19 07:06:30,769 [INFO] 📊 [PULSO PAPER MULTI-STRATEGY] Balance: $5000.00 USD | Posiciones: 0 | Estrategias: 3
2026-08-19 07:07:41,162 [INFO] 📊 [PULSO PAPER MULTI-STRATEGY] Balance: $5000.00 USD | Posiciones: 0 | Estrategias: 3
2026-08-19 07:08:53,518 [INFO] 📊 [PULSO PAPER MULTI-STRATEGY] Balance: $5000.00 USD | Posiciones: 0 | Estrategias: 3
2026-08-19 07:10:02,792 [INFO] 📊 [PULSO PAPER MULTI-STRATEGY] Balance: $5000.00 USD | Posiciones: 0 | Estrategias: 3
2026-08-19 07:11:16,982 [INFO] 📊 [PULSO PAPER MULTI-STRATEGY] Balance: $5000.00 USD | Posiciones: 0 | Estrategias: 3
2026-08-19 07:12:27,535 [INFO] 📊 [PULSO PAPER MULTI-STRATEGY] Balance: $5000.00 USD | Posiciones: 0 | Estrategias: 3
2026-08-19 07:13:34,282 [INFO] 📊 [PULSO PAPER MULTI-STRATEGY] Balance: $5000.00 USD | Posiciones: 0 | Estrategias: 3
2026-08-19 07:14:42,886 [INFO] 📊 [PULSO PAPER MULTI-STRATEGY] Balance: $5000.00 USD | Posiciones: 0 | Estrategias: 3
2026-08-19 07:15:51,015 [INFO] 📊 [PULSO PAPER MULTI-STRATEGY] Balance: $5000.00 USD | Posiciones: 0 | Estrategias: 3
2026-08-19 07:16:58,662 [INFO] 📊 [PULSO PAPER MULTI-STRATEGY] Balance: $5000.00 USD | Posiciones: 0 | Estrategias: 3
2026-08-19 07:18:08,025 [INFO] 📊 [PULSO PAPER MULTI-STRATEGY] Balance: $5000.00 USD | Posiciones: 0 | Estrategias: 3
2026-08-19 07:19:16,214 [INFO] 📊 [PULSO PAPER MULTI-STRATEGY] Balance: $5000.00 USD | Posiciones: 0 | Estrategias: 3
2026-08-19 07:20:24,321 [INFO] 📊 [PULSO PAPER MULTI-STRATEGY] Balance: $5000.00 USD | Posiciones: 0 | Estrategias: 3
2026-08-19 07:21:33,099 [INFO] 📊 [PULSO PAPER MULTI-STRATEGY] Balance: $5000.00 USD | Posiciones: 0 | Estrategias: 3
2026-08-19 07:22:41,088 [INFO] 📊 [PULSO PAPER MULTI-STRATEGY] Balance: $5000.00 USD | Posiciones: 0 | Estrategias: 3
2026-08-19 07:23:50,920 [INFO] 📊 [PULSO PAPER MULTI-STRATEGY] Balance: $5000.00 USD | Posiciones: 0 | Estrategias: 3
2026-08-19 07:25:00,372 [INFO] 📊 [PULSO PAPER MULTI-STRATEGY] Balance: $5000.00 USD | Posiciones: 0 | Estrategias: 3
2026-08-19 07:26:08,649 [INFO] 📊 [PULSO PAPER MULTI-STRATEGY] Balance: $5000.00 USD | Posiciones: 0 | Estrategias: 3
2026-08-19 07:27:18,793 [INFO] 📊 [PULSO PAPER MULTI-STRATEGY] Balance: $5000.00 USD | Posiciones: 0 | Estrategias: 3
2026-08-19 07:28:27,196 [INFO] 📊 [PULSO PAPER MULTI-STRATEGY] Balance: $5000.00 USD | Posiciones: 0 | Estrategias: 3
2026-08-19 07:29:34,889 [INFO] 📊 [PULSO PAPER MULTI-STRATEGY] Balance: $5000.00 USD | Posiciones: 0 | Estrategias: 3
2026-08-19 07:30:42,809 [INFO] 📊 [PULSO PAPER MULTI-STRATEGY] Balance: $5000.00 USD | Posiciones: 0 | Estrategias: 3
2026-08-19 07:31:52,534 [INFO] 📊 [PULSO PAPER MULTI-STRATEGY] Balance: $5000.00 USD | Posiciones: 0 | Estrategias: 3
2026-08-19 07:33:01,443 [INFO] 📊 [PULSO PAPER MULTI-STRATEGY] Balance: $5000.00 USD | Posiciones: 0 | Estrategias: 3
2026-08-19 07:34:10,085 [INFO] 📊 [PULSO PAPER MULTI-STRATEGY] Balance: $5000.00 USD | Posiciones: 0 | Estrategias: 3
2026-08-19 07:35:17,634 [INFO] 📊 [PULSO PAPER MULTI-STRATEGY] Balance: $5000.00 USD | Posiciones: 0 | Estrategias: 3
2026-08-19 07:36:25,966 [INFO] 📊 [PULSO PAPER MULTI-STRATEGY] Balance: $5000.00 USD | Posiciones: 0 | Estrategias: 3
2026-08-19 07:37:32,786 [INFO] 📊 [PULSO PAPER MULTI-STRATEGY] Balance: $5000.00 USD | Posiciones: 0 | Estrategias: 3
2026-08-19 07:38:40,817 [INFO] 📊 [PULSO PAPER MULTI-STRATEGY] Balance: $5000.00 USD | Posiciones: 0 | Estrategias: 3
2026-08-19 07:39:48,785 [INFO] 📊 [PULSO PAPER MULTI-STRATEGY] Balance: $5000.00 USD | Posiciones: 0 | Estrategias: 3
2026-08-19 07:40:56,798 [INFO] 📊 [PULSO PAPER MULTI-STRATEGY] Balance: $5000.00 USD | Posiciones: 0 | Estrategias: 3
2026-08-19 07:42:03,173 [INFO] 📊 [PULSO PAPER MULTI-STRATEGY] Balance: $5000.00 USD | Posiciones: 0 | Estrategias: 3
2026-08-19 07:43:11,373 [INFO] 📊 [PULSO PAPER MULTI-STRATEGY] Balance: $5000.00 USD | Posiciones: 0 | Estrategias: 3
2026-08-19 07:44:18,634 [INFO] 📊 [PULSO PAPER MULTI-STRATEGY] Balance: $5000.00 USD | Posiciones: 0 | Estrategias: 3
2026-08-19 07:45:26,445 [INFO] 📊 [PULSO PAPER MULTI-STRATEGY] Balance: $5000.00 USD | Posiciones: 0 | Estrategias: 3
2026-08-19 07:46:32,657 [INFO] 📊 [PULSO PAPER MULTI-STRATEGY] Balance: $5000.00 USD | Posiciones: 0 | Estrategias: 3
2026-08-19 07:47:40,896 [INFO] 📊 [PULSO PAPER MULTI-STRATEGY] Balance: $5000.00 USD | Posiciones: 0 | Estrategias: 3
2026-08-19 07:48:50,085 [INFO] 📊 [PULSO PAPER MULTI-STRATEGY] Balance: $5000.00 USD | Posiciones: 0 | Estrategias: 3
2026-08-19 07:50:01,499 [INFO] 📊 [PULSO PAPER MULTI-STRATEGY] Balance: $5000.00 USD | Posiciones: 0 | Estrategias: 3
2026-08-19 07:51:11,549 [INFO] 📊 [PULSO PAPER MULTI-STRATEGY] Balance: $5000.00 USD | Posiciones: 0 | Estrategias: 3
2026-08-19 07:52:20,655 [INFO] 📊 [PULSO PAPER MULTI-STRATEGY] Balance: $5000.00 USD | Posiciones: 0 | Estrategias: 3
2026-08-19 07:53:28,044 [INFO] 📊 [PULSO PAPER MULTI-STRATEGY] Balance: $5000.00 USD | Posiciones: 0 | Estrategias: 3
2026-08-19 07:54:36,550 [INFO] 📊 [PULSO PAPER MULTI-STRATEGY] Balance: $5000.00 USD | Posiciones: 0 | Estrategias: 3
2026-08-19 07:55:45,222 [INFO] 📊 [PULSO PAPER MULTI-STRATEGY] Balance: $5000.00 USD | Posiciones: 0 | Estrategias: 3
2026-08-19 07:56:54,288 [INFO] 📊 [PULSO PAPER MULTI-STRATEGY] Balance: $5000.00 USD | Posiciones: 0 | Estrategias: 3
2026-08-19 07:58:02,186 [INFO] 📊 [PULSO PAPER MULTI-STRATEGY] Balance: $5000.00 USD | Posiciones: 0 | Estrategias: 3
2026-08-19 07:59:12,148 [INFO] 📊 [PULSO PAPER MULTI-STRATEGY] Balance: $5000.00 USD | Posiciones: 0 | Estrategias: 3
2026-08-19 08:00:19,994 [INFO] 📊 [PULSO PAPER MULTI-STRATEGY] Balance: $5000.00 USD | Posiciones: 0 | Estrategias: 3
2026-08-19 08:01:27,078 [INFO] 📊 [PULSO PAPER MULTI-STRATEGY] Balance: $5000.00 USD | Posiciones: 0 | Estrategias: 3
2026-08-19 08:02:34,328 [INFO] 📊 [PULSO PAPER MULTI-STRATEGY] Balance: $5000.00 USD | Posiciones: 0 | Estrategias: 3
2026-08-19 08:03:43,769 [INFO] 📊 [PULSO PAPER MULTI-STRATEGY] Balance: $5000.00 USD | Posiciones: 0 | Estrategias: 3
2026-08-19 08:04:52,962 [INFO] 📊 [PULSO PAPER MULTI-STRATEGY] Balance: $5000.00 USD | Posiciones: 0 | Estrategias: 3
2026-08-19 08:06:01,114 [INFO] 📊 [PULSO PAPER MULTI-STRATEGY] Balance: $5000.00 USD | Posiciones: 0 | Estrategias: 3
2026-08-19 08:07:07,840 [INFO] 📊 [PULSO PAPER MULTI-STRATEGY] Balance: $5000.00 USD | Posiciones: 0 | Estrategias: 3
2026-08-19 08:08:15,236 [INFO] 📊 [PULSO PAPER MULTI-STRATEGY] Balance: $5000.00 USD | Posiciones: 0 | Estrategias: 3
2026-08-19 08:09:24,018 [INFO] 📊 [PULSO PAPER MULTI-STRATEGY] Balance: $5000.00 USD | Posiciones: 0 | Estrategias: 3
2026-08-19 08:10:32,101 [INFO] 📊 [PULSO PAPER MULTI-STRATEGY] Balance: $5000.00 USD | Posiciones: 0 | Estrategias: 3
2026-08-19 08:11:39,853 [INFO] 📊 [PULSO PAPER MULTI-STRATEGY] Balance: $5000.00 USD | Posiciones: 0 | Estrategias: 3
2026-08-19 08:12:48,960 [INFO] 📊 [PULSO PAPER MULTI-STRATEGY] Balance: $5000.00 USD | Posiciones: 0 | Estrategias: 3
2026-08-19 08:13:56,406 [INFO] 📊 [PULSO PAPER MULTI-STRATEGY] Balance: $5000.00 USD | Posiciones: 0 | Estrategias: 3
2026-08-19 08:15:05,213 [INFO] 📊 [PULSO PAPER MULTI-STRATEGY] Balance: $5000.00 USD | Posiciones: 0 | Estrategias: 3
2026-08-19 08:16:13,331 [INFO] 📊 [PULSO PAPER MULTI-STRATEGY] Balance: $5000.00 USD | Posiciones: 0 | Estrategias: 3
2026-08-19 08:17:21,718 [INFO] 📊 [PULSO PAPER MULTI-STRATEGY] Balance: $5000.00 USD | Posiciones: 0 | Estrategias: 3
2026-08-19 08:18:29,154 [INFO] 📊 [PULSO PAPER MULTI-STRATEGY] Balance: $5000.00 USD | Posiciones: 0 | Estrategias: 3
2026-08-19 08:19:37,715 [INFO] 📊 [PULSO PAPER MULTI-STRATEGY] Balance: $5000.00 USD | Posiciones: 0 | Estrategias: 3
2026-08-19 08:20:45,495 [INFO] 📊 [PULSO PAPER MULTI-STRATEGY] Balance: $5000.00 USD | Posiciones: 0 | Estrategias: 3
2026-08-19 08:21:55,093 [INFO] 📊 [PULSO PAPER MULTI-STRATEGY] Balance: $5000.00 USD | Posiciones: 0 | Estrategias: 3
2026-08-19 08:23:03,476 [INFO] 📊 [PULSO PAPER MULTI-STRATEGY] Balance: $5000.00 USD | Posiciones: 0 | Estrategias: 3
2026-08-19 08:24:11,087 [INFO] 📊 [PULSO PAPER MULTI-STRATEGY] Balance: $5000.00 USD | Posiciones: 0 | Estrategias: 3
2026-08-19 08:25:18,797 [INFO] 📊 [PULSO PAPER MULTI-STRATEGY] Balance: $5000.00 USD | Posiciones: 0 | Estrategias: 3
2026-08-19 08:26:27,086 [INFO] 📊 [PULSO PAPER MULTI-STRATEGY] Balance: $5000.00 USD | Posiciones: 0 | Estrategias: 3
2026-08-19 08:27:34,671 [INFO] 📊 [PULSO PAPER MULTI-STRATEGY] Balance: $5000.00 USD | Posiciones: 0 | Estrategias: 3
2026-08-19 08:28:42,803 [INFO] 📊 [PULSO PAPER MULTI-STRATEGY] Balance: $5000.00 USD | Posiciones: 0 | Estrategias: 3
2026-08-19 08:29:49,974 [INFO] 📊 [PULSO PAPER MULTI-STRATEGY] Balance: $5000.00 USD | Posiciones: 0 | Estrategias: 3
2026-08-19 08:30:57,128 [INFO] 📊 [PULSO PAPER MULTI-STRATEGY] Balance: $5000.00 USD | Posiciones: 0 | Estrategias: 3
2026-08-19 08:32:04,487 [INFO] 📊 [PULSO PAPER MULTI-STRATEGY] Balance: $5000.00 USD | Posiciones: 0 | Estrategias: 3
2026-08-19 08:33:11,793 [INFO] 📊 [PULSO PAPER MULTI-STRATEGY] Balance: $5000.00 USD | Posiciones: 0 | Estrategias: 3
2026-08-19 08:34:20,442 [INFO] 📊 [PULSO PAPER MULTI-STRATEGY] Balance: $5000.00 USD | Posiciones: 0 | Estrategias: 3
2026-08-19 08:35:28,497 [INFO] 📊 [PULSO PAPER MULTI-STRATEGY] Balance: $5000.00 USD | Posiciones: 0 | Estrategias: 3
2026-08-19 08:36:36,438 [INFO] 📊 [PULSO PAPER MULTI-STRATEGY] Balance: $5000.00 USD | Posiciones: 0 | Estrategias: 3
2026-08-19 08:37:44,361 [INFO] 📊 [PULSO PAPER MULTI-STRATEGY] Balance: $5000.00 USD | Posiciones: 0 | Estrategias: 3
2026-08-19 08:38:51,949 [INFO] 📊 [PULSO PAPER MULTI-STRATEGY] Balance: $5000.00 USD | Posiciones: 0 | Estrategias: 3
2026-08-19 08:39:59,540 [INFO] 📊 [PULSO PAPER MULTI-STRATEGY] Balance: $5000.00 USD | Posiciones: 0 | Estrategias: 3
2026-08-19 08:41:07,517 [INFO] 📊 [PULSO PAPER MULTI-STRATEGY] Balance: $5000.00 USD | Posiciones: 0 | Estrategias: 3
2026-08-19 08:42:13,925 [INFO] 📊 [PULSO PAPER MULTI-STRATEGY] Balance: $5000.00 USD | Posiciones: 0 | Estrategias: 3
2026-08-19 08:43:22,074 [INFO] 📊 [PULSO PAPER MULTI-STRATEGY] Balance: $5000.00 USD | Posiciones: 0 | Estrategias: 3
2026-08-19 08:44:29,103 [INFO] 📊 [PULSO PAPER MULTI-STRATEGY] Balance: $5000.00 USD | Posiciones: 0 | Estrategias: 3
2026-08-19 08:45:35,510 [INFO] 📊 [PULSO PAPER MULTI-STRATEGY] Balance: $5000.00 USD | Posiciones: 0 | Estrategias: 3
2026-08-19 08:46:43,106 [INFO] 📊 [PULSO PAPER MULTI-STRATEGY] Balance: $5000.00 USD | Posiciones: 0 | Estrategias: 3
2026-08-19 08:47:50,985 [INFO] 📊 [PULSO PAPER MULTI-STRATEGY] Balance: $5000.00 USD | Posiciones: 0 | Estrategias: 3
2026-08-19 08:48:59,613 [INFO] 📊 [PULSO PAPER MULTI-STRATEGY] Balance: $5000.00 USD | Posiciones: 0 | Estrategias: 3
2026-08-19 08:50:06,791 [INFO] 📊 [PULSO PAPER MULTI-STRATEGY] Balance: $5000.00 USD | Posiciones: 0 | Estrategias: 3
2026-08-19 08:51:14,196 [INFO] 📊 [PULSO PAPER MULTI-STRATEGY] Balance: $5000.00 USD | Posiciones: 0 | Estrategias: 3
2026-08-19 08:52:22,808 [INFO] 📊 [PULSO PAPER MULTI-STRATEGY] Balance: $5000.00 USD | Posiciones: 0 | Estrategias: 3
2026-08-19 08:53:30,592 [INFO] 📊 [PULSO PAPER MULTI-STRATEGY] Balance: $5000.00 USD | Posiciones: 0 | Estrategias: 3
2026-08-19 08:54:38,306 [INFO] 📊 [PULSO PAPER MULTI-STRATEGY] Balance: $5000.00 USD | Posiciones: 0 | Estrategias: 3
2026-08-19 08:55:47,580 [INFO] 📊 [PULSO PAPER MULTI-STRATEGY] Balance: $5000.00 USD | Posiciones: 0 | Estrategias: 3
2026-08-19 08:56:55,906 [INFO] 📊 [PULSO PAPER MULTI-STRATEGY] Balance: $5000.00 USD | Posiciones: 0 | Estrategias: 3
2026-08-19 08:58:06,310 [INFO] 📊 [PULSO PAPER MULTI-STRATEGY] Balance: $5000.00 USD | Posiciones: 0 | Estrategias: 3
2026-08-19 08:59:14,384 [INFO] 📊 [PULSO PAPER MULTI-STRATEGY] Balance: $5000.00 USD | Posiciones: 0 | Estrategias: 3
2026-08-19 09:00:23,462 [INFO] 📊 [PULSO PAPER MULTI-STRATEGY] Balance: $5000.00 USD | Posiciones: 0 | Estrategias: 3
2026-08-19 09:01:31,580 [INFO] 📊 [PULSO PAPER MULTI-STRATEGY] Balance: $5000.00 USD | Posiciones: 0 | Estrategias: 3
2026-08-19 09:02:39,586 [INFO] 📊 [PULSO PAPER MULTI-STRATEGY] Balance: $5000.00 USD | Posiciones: 0 | Estrategias: 3
2026-08-19 09:03:47,502 [INFO] 📊 [PULSO PAPER MULTI-STRATEGY] Balance: $5000.00 USD | Posiciones: 0 | Estrategias: 3
2026-08-19 09:04:55,154 [INFO] 📊 [PULSO PAPER MULTI-STRATEGY] Balance: $5000.00 USD | Posiciones: 0 | Estrategias: 3
2026-08-19 09:06:03,056 [INFO] 📊 [PULSO PAPER MULTI-STRATEGY] Balance: $5000.00 USD | Posiciones: 0 | Estrategias: 3
2026-08-19 09:07:11,466 [INFO] 📊 [PULSO PAPER MULTI-STRATEGY] Balance: $5000.00 USD | Posiciones: 0 | Estrategias: 3
2026-08-19 09:08:19,055 [INFO] 📊 [PULSO PAPER MULTI-STRATEGY] Balance: $5000.00 USD | Posiciones: 0 | Estrategias: 3
2026-08-19 09:09:27,468 [INFO] 📊 [PULSO PAPER MULTI-STRATEGY] Balance: $5000.00 USD | Posiciones: 0 | Estrategias: 3
2026-08-19 09:10:34,914 [INFO] 📊 [PULSO PAPER MULTI-STRATEGY] Balance: $5000.00 USD | Posiciones: 0 | Estrategias: 3
2026-08-19 09:11:43,980 [INFO] 📊 [PULSO PAPER MULTI-STRATEGY] Balance: $5000.00 USD | Posiciones: 0 | Estrategias: 3
2026-08-19 09:12:52,851 [INFO] 📊 [PULSO PAPER MULTI-STRATEGY] Balance: $5000.00 USD | Posiciones: 0 | Estrategias: 3
2026-08-19 09:14:01,263 [INFO] 📊 [PULSO PAPER MULTI-STRATEGY] Balance: $5000.00 USD | Posiciones: 0 | Estrategias: 3
2026-08-19 09:15:09,060 [INFO] 📊 [PULSO PAPER MULTI-STRATEGY] Balance: $5000.00 USD | Posiciones: 0 | Estrategias: 3
2026-08-19 09:16:16,149 [INFO] 📊 [PULSO PAPER MULTI-STRATEGY] Balance: $5000.00 USD | Posiciones: 0 | Estrategias: 3
2026-08-19 09:17:22,818 [INFO] 📊 [PULSO PAPER MULTI-STRATEGY] Balance: $5000.00 USD | Posiciones: 0 | Estrategias: 3
2026-08-19 09:18:30,001 [INFO] 📊 [PULSO PAPER MULTI-STRATEGY] Balance: $5000.00 USD | Posiciones: 0 | Estrategias: 3
2026-08-19 09:19:38,326 [INFO] 📊 [PULSO PAPER MULTI-STRATEGY] Balance: $5000.00 USD | Posiciones: 0 | Estrategias: 3
2026-08-19 09:20:45,867 [INFO] 📊 [PULSO PAPER MULTI-STRATEGY] Balance: $5000.00 USD | Posiciones: 0 | Estrategias: 3
2026-08-19 09:21:53,643 [INFO] 📊 [PULSO PAPER MULTI-STRATEGY] Balance: $5000.00 USD | Posiciones: 0 | Estrategias: 3
2026-08-19 09:23:02,932 [INFO] 📊 [PULSO PAPER MULTI-STRATEGY] Balance: $5000.00 USD | Posiciones: 0 | Estrategias: 3
2026-08-19 09:24:10,903 [INFO] 📊 [PULSO PAPER MULTI-STRATEGY] Balance: $5000.00 USD | Posiciones: 0 | Estrategias: 3
2026-08-19 09:25:18,748 [INFO] 📊 [PULSO PAPER MULTI-STRATEGY] Balance: $5000.00 USD | Posiciones: 0 | Estrategias: 3
2026-08-19 09:26:26,896 [INFO] 📊 [PULSO PAPER MULTI-STRATEGY] Balance: $5000.00 USD | Posiciones: 0 | Estrategias: 3
2026-08-19 09:27:34,688 [INFO] 📊 [PULSO PAPER MULTI-STRATEGY] Balance: $5000.00 USD | Posiciones: 0 | Estrategias: 3
2026-08-19 09:28:41,008 [INFO] 📊 [PULSO PAPER MULTI-STRATEGY] Balance: $5000.00 USD | Posiciones: 0 | Estrategias: 3
2026-08-19 09:29:49,719 [INFO] 📊 [PULSO PAPER MULTI-STRATEGY] Balance: $5000.00 USD | Posiciones: 0 | Estrategias: 3
2026-08-19 09:30:56,683 [INFO] 📊 [PULSO PAPER MULTI-STRATEGY] Balance: $5000.00 USD | Posiciones: 0 | Estrategias: 3
2026-08-19 09:32:04,902 [INFO] 📊 [PULSO PAPER MULTI-STRATEGY] Balance: $5000.00 USD | Posiciones: 0 | Estrategias: 3
2026-08-19 09:33:14,393 [INFO] 📊 [PULSO PAPER MULTI-STRATEGY] Balance: $5000.00 USD | Posiciones: 0 | Estrategias: 3
2026-08-19 09:34:22,679 [INFO] 📊 [PULSO PAPER MULTI-STRATEGY] Balance: $5000.00 USD | Posiciones: 0 | Estrategias: 3
2026-08-19 09:35:30,876 [INFO] 📊 [PULSO PAPER MULTI-STRATEGY] Balance: $5000.00 USD | Posiciones: 0 | Estrategias: 3
2026-08-19 09:36:38,869 [INFO] 📊 [PULSO PAPER MULTI-STRATEGY] Balance: $5000.00 USD | Posiciones: 0 | Estrategias: 3
2026-08-19 09:37:46,782 [INFO] 📊 [PULSO PAPER MULTI-STRATEGY] Balance: $5000.00 USD | Posiciones: 0 | Estrategias: 3
2026-08-19 09:38:54,690 [INFO] 📊 [PULSO PAPER MULTI-STRATEGY] Balance: $5000.00 USD | Posiciones: 0 | Estrategias: 3
2026-08-19 09:40:03,206 [INFO] 📊 [PULSO PAPER MULTI-STRATEGY] Balance: $5000.00 USD | Posiciones: 0 | Estrategias: 3
2026-08-19 09:41:10,372 [INFO] 📊 [PULSO PAPER MULTI-STRATEGY] Balance: $5000.00 USD | Posiciones: 0 | Estrategias: 3
2026-08-19 09:42:18,545 [INFO] 📊 [PULSO PAPER MULTI-STRATEGY] Balance: $5000.00 USD | Posiciones: 0 | Estrategias: 3
2026-08-19 09:43:25,457 [INFO] 📊 [PULSO PAPER MULTI-STRATEGY] Balance: $5000.00 USD | Posiciones: 0 | Estrategias: 3
2026-08-19 09:44:32,427 [INFO] 📊 [PULSO PAPER MULTI-STRATEGY] Balance: $5000.00 USD | Posiciones: 0 | Estrategias: 3
2026-08-19 09:45:40,482 [INFO] 📊 [PULSO PAPER MULTI-STRATEGY] Balance: $5000.00 USD | Posiciones: 0 | Estrategias: 3
2026-08-19 09:46:48,008 [INFO] 📊 [PULSO PAPER MULTI-STRATEGY] Balance: $5000.00 USD | Posiciones: 0 | Estrategias: 3
2026-08-19 09:47:56,774 [INFO] 📊 [PULSO PAPER MULTI-STRATEGY] Balance: $5000.00 USD | Posiciones: 0 | Estrategias: 3
2026-08-19 09:49:04,815 [INFO] 📊 [PULSO PAPER MULTI-STRATEGY] Balance: $5000.00 USD | Posiciones: 0 | Estrategias: 3
2026-08-19 09:50:13,550 [INFO] 📊 [PULSO PAPER MULTI-STRATEGY] Balance: $5000.00 USD | Posiciones: 0 | Estrategias: 3
2026-08-19 09:51:21,834 [INFO] 📊 [PULSO PAPER MULTI-STRATEGY] Balance: $5000.00 USD | Posiciones: 0 | Estrategias: 3
2026-08-19 09:52:30,967 [INFO] 📊 [PULSO PAPER MULTI-STRATEGY] Balance: $5000.00 USD | Posiciones: 0 | Estrategias: 3
2026-08-19 09:53:39,261 [INFO] 📊 [PULSO PAPER MULTI-STRATEGY] Balance: $5000.00 USD | Posiciones: 0 | Estrategias: 3
2026-08-19 09:54:46,205 [INFO] 📊 [PULSO PAPER MULTI-STRATEGY] Balance: $5000.00 USD | Posiciones: 0 | Estrategias: 3
2026-08-19 09:55:54,472 [INFO] 📊 [PULSO PAPER MULTI-STRATEGY] Balance: $5000.00 USD | Posiciones: 0 | Estrategias: 3
2026-08-19 09:57:03,663 [INFO] 📊 [PULSO PAPER MULTI-STRATEGY] Balance: $5000.00 USD | Posiciones: 0 | Estrategias: 3
2026-08-19 09:58:12,397 [INFO] 📊 [PULSO PAPER MULTI-STRATEGY] Balance: $5000.00 USD | Posiciones: 0 | Estrategias: 3
2026-08-19 09:59:20,539 [INFO] 📊 [PULSO PAPER MULTI-STRATEGY] Balance: $5000.00 USD | Posiciones: 0 | Estrategias: 3
2026-08-19 10:00:29,282 [INFO] 📊 [PULSO PAPER MULTI-STRATEGY] Balance: $5000.00 USD | Posiciones: 0 | Estrategias: 3
2026-08-19 10:01:36,757 [INFO] 📊 [PULSO PAPER MULTI-STRATEGY] Balance: $5000.00 USD | Posiciones: 0 | Estrategias: 3
2026-08-19 10:02:44,346 [INFO] 📊 [PULSO PAPER MULTI-STRATEGY] Balance: $5000.00 USD | Posiciones: 0 | Estrategias: 3
2026-08-19 10:03:51,270 [INFO] 📊 [PULSO PAPER MULTI-STRATEGY] Balance: $5000.00 USD | Posiciones: 0 | Estrategias: 3
2026-08-19 10:05:00,126 [INFO] 📊 [PULSO PAPER MULTI-STRATEGY] Balance: $5000.00 USD | Posiciones: 0 | Estrategias: 3
2026-08-19 10:06:08,600 [INFO] 📊 [PULSO PAPER MULTI-STRATEGY] Balance: $5000.00 USD | Posiciones: 0 | Estrategias: 3
2026-08-19 10:07:16,537 [INFO] 📊 [PULSO PAPER MULTI-STRATEGY] Balance: $5000.00 USD | Posiciones: 0 | Estrategias: 3
2026-08-19 10:08:23,292 [INFO] 📊 [PULSO PAPER MULTI-STRATEGY] Balance: $5000.00 USD | Posiciones: 0 | Estrategias: 3
2026-08-19 10:09:31,900 [INFO] 📊 [PULSO PAPER MULTI-STRATEGY] Balance: $5000.00 USD | Posiciones: 0 | Estrategias: 3
2026-08-19 10:10:40,711 [INFO] 📊 [PULSO PAPER MULTI-STRATEGY] Balance: $5000.00 USD | Posiciones: 0 | Estrategias: 3
2026-08-19 10:11:51,685 [INFO] 📊 [PULSO PAPER MULTI-STRATEGY] Balance: $5000.00 USD | Posiciones: 0 | Estrategias: 3
2026-08-19 10:13:00,225 [INFO] 📊 [PULSO PAPER MULTI-STRATEGY] Balance: $5000.00 USD | Posiciones: 0 | Estrategias: 3
2026-08-19 10:14:08,077 [INFO] 📊 [PULSO PAPER MULTI-STRATEGY] Balance: $5000.00 USD | Posiciones: 0 | Estrategias: 3
2026-08-19 10:15:16,075 [INFO] 📊 [PULSO PAPER MULTI-STRATEGY] Balance: $5000.00 USD | Posiciones: 0 | Estrategias: 3
2026-08-19 10:16:23,484 [INFO] 📊 [PULSO PAPER MULTI-STRATEGY] Balance: $5000.00 USD | Posiciones: 0 | Estrategias: 3
2026-08-19 10:17:30,292 [INFO] 📊 [PULSO PAPER MULTI-STRATEGY] Balance: $5000.00 USD | Posiciones: 0 | Estrategias: 3
2026-08-19 10:18:37,424 [INFO] 📊 [PULSO PAPER MULTI-STRATEGY] Balance: $5000.00 USD | Posiciones: 0 | Estrategias: 3
2026-08-19 10:19:45,019 [INFO] 📊 [PULSO PAPER MULTI-STRATEGY] Balance: $5000.00 USD | Posiciones: 0 | Estrategias: 3
2026-08-19 10:20:51,842 [INFO] 📊 [PULSO PAPER MULTI-STRATEGY] Balance: $5000.00 USD | Posiciones: 0 | Estrategias: 3
2026-08-19 10:22:01,181 [INFO] 📊 [PULSO PAPER MULTI-STRATEGY] Balance: $5000.00 USD | Posiciones: 0 | Estrategias: 3
2026-08-19 10:23:09,583 [INFO] 📊 [PULSO PAPER MULTI-STRATEGY] Balance: $5000.00 USD | Posiciones: 0 | Estrategias: 3
2026-08-19 10:24:17,880 [INFO] 📊 [PULSO PAPER MULTI-STRATEGY] Balance: $5000.00 USD | Posiciones: 0 | Estrategias: 3
2026-08-19 10:25:31,420 [INFO] 📊 [PULSO PAPER MULTI-STRATEGY] Balance: $5000.00 USD | Posiciones: 0 | Estrategias: 3
2026-08-19 10:26:40,269 [INFO] 📊 [PULSO PAPER MULTI-STRATEGY] Balance: $5000.00 USD | Posiciones: 0 | Estrategias: 3
2026-08-19 10:27:48,978 [INFO] 📊 [PULSO PAPER MULTI-STRATEGY] Balance: $5000.00 USD | Posiciones: 0 | Estrategias: 3
2026-08-19 10:28:56,580 [INFO] 📊 [PULSO PAPER MULTI-STRATEGY] Balance: $5000.00 USD | Posiciones: 0 | Estrategias: 3
2026-08-19 10:30:05,529 [INFO] 📊 [PULSO PAPER MULTI-STRATEGY] Balance: $5000.00 USD | Posiciones: 0 | Estrategias: 3
2026-08-19 10:31:14,137 [INFO] 📊 [PULSO PAPER MULTI-STRATEGY] Balance: $5000.00 USD | Posiciones: 0 | Estrategias: 3
2026-08-19 10:32:20,937 [INFO] 📊 [PULSO PAPER MULTI-STRATEGY] Balance: $5000.00 USD | Posiciones: 0 | Estrategias: 3
2026-08-19 10:33:28,650 [INFO] 📊 [PULSO PAPER MULTI-STRATEGY] Balance: $5000.00 USD | Posiciones: 0 | Estrategias: 3
2026-08-19 10:34:38,236 [INFO] 📊 [PULSO PAPER MULTI-STRATEGY] Balance: $5000.00 USD | Posiciones: 0 | Estrategias: 3
2026-08-19 10:35:47,056 [INFO] 📊 [PULSO PAPER MULTI-STRATEGY] Balance: $5000.00 USD | Posiciones: 0 | Estrategias: 3
2026-08-19 10:36:55,548 [INFO] 📊 [PULSO PAPER MULTI-STRATEGY] Balance: $5000.00 USD | Posiciones: 0 | Estrategias: 3
2026-08-19 10:38:03,621 [INFO] 📊 [PULSO PAPER MULTI-STRATEGY] Balance: $5000.00 USD | Posiciones: 0 | Estrategias: 3
2026-08-19 10:39:11,033 [INFO] 📊 [PULSO PAPER MULTI-STRATEGY] Balance: $5000.00 USD | Posiciones: 0 | Estrategias: 3
2026-08-19 10:40:18,811 [INFO] 📊 [PULSO PAPER MULTI-STRATEGY] Balance: $5000.00 USD | Posiciones: 0 | Estrategias: 3
2026-08-19 10:41:27,830 [INFO] 📊 [PULSO PAPER MULTI-STRATEGY] Balance: $5000.00 USD | Posiciones: 0 | Estrategias: 3
2026-08-19 10:42:35,721 [INFO] 📊 [PULSO PAPER MULTI-STRATEGY] Balance: $5000.00 USD | Posiciones: 0 | Estrategias: 3
2026-08-19 10:43:44,473 [INFO] 📊 [PULSO PAPER MULTI-STRATEGY] Balance: $5000.00 USD | Posiciones: 0 | Estrategias: 3
2026-08-19 10:44:51,575 [INFO] 📊 [PULSO PAPER MULTI-STRATEGY] Balance: $5000.00 USD | Posiciones: 0 | Estrategias: 3
2026-08-19 10:45:58,745 [INFO] 📊 [PULSO PAPER MULTI-STRATEGY] Balance: $5000.00 USD | Posiciones: 0 | Estrategias: 3
2026-08-19 10:47:05,359 [INFO] 📊 [PULSO PAPER MULTI-STRATEGY] Balance: $5000.00 USD | Posiciones: 0 | Estrategias: 3
2026-08-19 10:48:14,058 [INFO] 📊 [PULSO PAPER MULTI-STRATEGY] Balance: $5000.00 USD | Posiciones: 0 | Estrategias: 3
2026-08-19 10:49:22,364 [INFO] 📊 [PULSO PAPER MULTI-STRATEGY] Balance: $5000.00 USD | Posiciones: 0 | Estrategias: 3
2026-08-19 10:50:31,217 [INFO] 📊 [PULSO PAPER MULTI-STRATEGY] Balance: $5000.00 USD | Posiciones: 0 | Estrategias: 3
2026-08-19 10:51:37,539 [INFO] 📊 [PULSO PAPER MULTI-STRATEGY] Balance: $5000.00 USD | Posiciones: 0 | Estrategias: 3
2026-08-19 10:52:45,947 [INFO] 📊 [PULSO PAPER MULTI-STRATEGY] Balance: $5000.00 USD | Posiciones: 0 | Estrategias: 3
2026-08-19 10:53:53,718 [INFO] 📊 [PULSO PAPER MULTI-STRATEGY] Balance: $5000.00 USD | Posiciones: 0 | Estrategias: 3
2026-08-19 10:55:02,113 [INFO] 📊 [PULSO PAPER MULTI-STRATEGY] Balance: $5000.00 USD | Posiciones: 0 | Estrategias: 3
2026-08-19 10:56:11,847 [INFO] 📊 [PULSO PAPER MULTI-STRATEGY] Balance: $5000.00 USD | Posiciones: 0 | Estrategias: 3
2026-08-19 10:57:20,558 [INFO] 📊 [PULSO PAPER MULTI-STRATEGY] Balance: $5000.00 USD | Posiciones: 0 | Estrategias: 3
2026-08-19 10:58:28,598 [INFO] 📊 [PULSO PAPER MULTI-STRATEGY] Balance: $5000.00 USD | Posiciones: 0 | Estrategias: 3
2026-08-19 10:59:35,797 [INFO] 📊 [PULSO PAPER MULTI-STRATEGY] Balance: $5000.00 USD | Posiciones: 0 | Estrategias: 3
2026-08-19 11:00:43,704 [INFO] 📊 [PULSO PAPER MULTI-STRATEGY] Balance: $5000.00 USD | Posiciones: 0 | Estrategias: 3
2026-08-19 11:01:51,430 [INFO] 📊 [PULSO PAPER MULTI-STRATEGY] Balance: $5000.00 USD | Posiciones: 0 | Estrategias: 3
2026-08-19 11:02:58,290 [INFO] 📊 [PULSO PAPER MULTI-STRATEGY] Balance: $5000.00 USD | Posiciones: 0 | Estrategias: 3
2026-08-19 11:04:05,945 [INFO] 📊 [PULSO PAPER MULTI-STRATEGY] Balance: $5000.00 USD | Posiciones: 0 | Estrategias: 3
2026-08-19 11:05:14,487 [INFO] 📊 [PULSO PAPER MULTI-STRATEGY] Balance: $5000.00 USD | Posiciones: 0 | Estrategias: 3
2026-08-19 11:06:23,727 [INFO] 📊 [PULSO PAPER MULTI-STRATEGY] Balance: $5000.00 USD | Posiciones: 0 | Estrategias: 3
2026-08-19 11:07:31,612 [INFO] 📊 [PULSO PAPER MULTI-STRATEGY] Balance: $5000.00 USD | Posiciones: 0 | Estrategias: 3
2026-08-19 11:08:39,725 [INFO] 📊 [PULSO PAPER MULTI-STRATEGY] Balance: $5000.00 USD | Posiciones: 0 | Estrategias: 3
2026-08-19 11:09:47,386 [INFO] 📊 [PULSO PAPER MULTI-STRATEGY] Balance: $5000.00 USD | Posiciones: 0 | Estrategias: 3
2026-08-19 11:10:55,406 [INFO] 📊 [PULSO PAPER MULTI-STRATEGY] Balance: $5000.00 USD | Posiciones: 0 | Estrategias: 3
2026-08-19 11:12:04,191 [INFO] 📊 [PULSO PAPER MULTI-STRATEGY] Balance: $5000.00 USD | Posiciones: 0 | Estrategias: 3
2026-08-19 11:13:12,595 [INFO] 📊 [PULSO PAPER MULTI-STRATEGY] Balance: $5000.00 USD | Posiciones: 0 | Estrategias: 3
2026-08-19 11:14:21,000 [INFO] 📊 [PULSO PAPER MULTI-STRATEGY] Balance: $5000.00 USD | Posiciones: 0 | Estrategias: 3
2026-08-19 11:15:29,211 [INFO] 📊 [PULSO PAPER MULTI-STRATEGY] Balance: $5000.00 USD | Posiciones: 0 | Estrategias: 3
2026-08-19 11:16:37,599 [INFO] 📊 [PULSO PAPER MULTI-STRATEGY] Balance: $5000.00 USD | Posiciones: 0 | Estrategias: 3
2026-08-19 11:17:44,278 [INFO] 📊 [PULSO PAPER MULTI-STRATEGY] Balance: $5000.00 USD | Posiciones: 0 | Estrategias: 3
2026-08-19 11:18:53,285 [INFO] 📊 [PULSO PAPER MULTI-STRATEGY] Balance: $5000.00 USD | Posiciones: 0 | Estrategias: 3
2026-08-19 11:20:01,610 [INFO] 📊 [PULSO PAPER MULTI-STRATEGY] Balance: $5000.00 USD | Posiciones: 0 | Estrategias: 3
2026-08-19 11:21:10,660 [INFO] 📊 [PULSO PAPER MULTI-STRATEGY] Balance: $5000.00 USD | Posiciones: 0 | Estrategias: 3
2026-08-19 11:22:18,335 [INFO] 📊 [PULSO PAPER MULTI-STRATEGY] Balance: $5000.00 USD | Posiciones: 0 | Estrategias: 3
2026-08-19 11:23:26,637 [INFO] 📊 [PULSO PAPER MULTI-STRATEGY] Balance: $5000.00 USD | Posiciones: 0 | Estrategias: 3
2026-08-19 11:24:34,028 [INFO] 📊 [PULSO PAPER MULTI-STRATEGY] Balance: $5000.00 USD | Posiciones: 0 | Estrategias: 3
2026-08-19 11:25:42,157 [INFO] 📊 [PULSO PAPER MULTI-STRATEGY] Balance: $5000.00 USD | Posiciones: 0 | Estrategias: 3
2026-08-19 11:26:49,616 [INFO] 📊 [PULSO PAPER MULTI-STRATEGY] Balance: $5000.00 USD | Posiciones: 0 | Estrategias: 3
2026-08-19 11:27:58,409 [INFO] 📊 [PULSO PAPER MULTI-STRATEGY] Balance: $5000.00 USD | Posiciones: 0 | Estrategias: 3
2026-08-19 11:29:06,901 [INFO] 📊 [PULSO PAPER MULTI-STRATEGY] Balance: $5000.00 USD | Posiciones: 0 | Estrategias: 3
2026-08-19 11:30:14,848 [INFO] 📊 [PULSO PAPER MULTI-STRATEGY] Balance: $5000.00 USD | Posiciones: 0 | Estrategias: 3
2026-08-19 11:31:22,962 [INFO] 📊 [PULSO PAPER MULTI-STRATEGY] Balance: $5000.00 USD | Posiciones: 0 | Estrategias: 3
2026-08-19 11:32:30,802 [INFO] 📊 [PULSO PAPER MULTI-STRATEGY] Balance: $5000.00 USD | Posiciones: 0 | Estrategias: 3
2026-08-19 11:33:39,198 [INFO] 📊 [PULSO PAPER MULTI-STRATEGY] Balance: $5000.00 USD | Posiciones: 0 | Estrategias: 3
2026-08-19 11:34:47,829 [INFO] 📊 [PULSO PAPER MULTI-STRATEGY] Balance: $5000.00 USD | Posiciones: 0 | Estrategias: 3
2026-08-19 11:35:54,789 [INFO] 📊 [PULSO PAPER MULTI-STRATEGY] Balance: $5000.00 USD | Posiciones: 0 | Estrategias: 3
2026-08-19 11:37:03,947 [INFO] 📊 [PULSO PAPER MULTI-STRATEGY] Balance: $5000.00 USD | Posiciones: 0 | Estrategias: 3
2026-08-19 11:38:12,621 [INFO] 📊 [PULSO PAPER MULTI-STRATEGY] Balance: $5000.00 USD | Posiciones: 0 | Estrategias: 3
2026-08-19 11:39:21,635 [INFO] 📊 [PULSO PAPER MULTI-STRATEGY] Balance: $5000.00 USD | Posiciones: 0 | Estrategias: 3
2026-08-19 11:40:30,379 [INFO] 📊 [PULSO PAPER MULTI-STRATEGY] Balance: $5000.00 USD | Posiciones: 0 | Estrategias: 3
2026-08-19 11:41:38,382 [INFO] 📊 [PULSO PAPER MULTI-STRATEGY] Balance: $5000.00 USD | Posiciones: 0 | Estrategias: 3
2026-08-19 11:42:46,740 [INFO] 📊 [PULSO PAPER MULTI-STRATEGY] Balance: $5000.00 USD | Posiciones: 0 | Estrategias: 3
2026-08-19 11:43:55,942 [INFO] 📊 [PULSO PAPER MULTI-STRATEGY] Balance: $5000.00 USD | Posiciones: 0 | Estrategias: 3
2026-08-19 11:45:05,258 [INFO] 📊 [PULSO PAPER MULTI-STRATEGY] Balance: $5000.00 USD | Posiciones: 0 | Estrategias: 3
2026-08-19 11:46:13,772 [INFO] 📊 [PULSO PAPER MULTI-STRATEGY] Balance: $5000.00 USD | Posiciones: 0 | Estrategias: 3
2026-08-19 11:47:21,312 [INFO] 📊 [PULSO PAPER MULTI-STRATEGY] Balance: $5000.00 USD | Posiciones: 0 | Estrategias: 3
2026-08-19 11:48:30,785 [INFO] 📊 [PULSO PAPER MULTI-STRATEGY] Balance: $5000.00 USD | Posiciones: 0 | Estrategias: 3
2026-08-19 11:49:38,190 [INFO] 📊 [PULSO PAPER MULTI-STRATEGY] Balance: $5000.00 USD | Posiciones: 0 | Estrategias: 3
2026-08-19 11:50:46,169 [INFO] 📊 [PULSO PAPER MULTI-STRATEGY] Balance: $5000.00 USD | Posiciones: 0 | Estrategias: 3
2026-08-19 11:51:54,881 [INFO] 📊 [PULSO PAPER MULTI-STRATEGY] Balance: $5000.00 USD | Posiciones: 0 | Estrategias: 3
2026-08-19 11:53:02,450 [INFO] 📊 [PULSO PAPER MULTI-STRATEGY] Balance: $5000.00 USD | Posiciones: 0 | Estrategias: 3
2026-08-19 11:54:10,561 [INFO] 📊 [PULSO PAPER MULTI-STRATEGY] Balance: $5000.00 USD | Posiciones: 0 | Estrategias: 3
2026-08-19 11:55:18,846 [INFO] 📊 [PULSO PAPER MULTI-STRATEGY] Balance: $5000.00 USD | Posiciones: 0 | Estrategias: 3
2026-08-19 11:56:26,887 [INFO] 📊 [PULSO PAPER MULTI-STRATEGY] Balance: $5000.00 USD | Posiciones: 0 | Estrategias: 3
2026-08-19 11:57:34,338 [INFO] 📊 [PULSO PAPER MULTI-STRATEGY] Balance: $5000.00 USD | Posiciones: 0 | Estrategias: 3
2026-08-19 11:58:43,368 [INFO] 📊 [PULSO PAPER MULTI-STRATEGY] Balance: $5000.00 USD | Posiciones: 0 | Estrategias: 3
2026-08-19 11:59:50,516 [INFO] 📊 [PULSO PAPER MULTI-STRATEGY] Balance: $5000.00 USD | Posiciones: 0 | Estrategias: 3
2026-08-19 12:00:58,630 [INFO] 📊 [PULSO PAPER MULTI-STRATEGY] Balance: $5000.00 USD | Posiciones: 0 | Estrategias: 3
2026-08-19 12:02:06,009 [INFO] 📊 [PULSO PAPER MULTI-STRATEGY] Balance: $5000.00 USD | Posiciones: 0 | Estrategias: 3
2026-08-19 12:03:13,478 [INFO] 📊 [PULSO PAPER MULTI-STRATEGY] Balance: $5000.00 USD | Posiciones: 0 | Estrategias: 3
2026-08-19 12:04:23,033 [INFO] 📊 [PULSO PAPER MULTI-STRATEGY] Balance: $5000.00 USD | Posiciones: 0 | Estrategias: 3
2026-08-19 12:05:32,427 [INFO] 📊 [PULSO PAPER MULTI-STRATEGY] Balance: $5000.00 USD | Posiciones: 0 | Estrategias: 3
2026-08-19 12:06:40,341 [INFO] 📊 [PULSO PAPER MULTI-STRATEGY] Balance: $5000.00 USD | Posiciones: 0 | Estrategias: 3
2026-08-19 12:07:48,606 [INFO] 📊 [PULSO PAPER MULTI-STRATEGY] Balance: $5000.00 USD | Posiciones: 0 | Estrategias: 3
2026-08-19 12:08:57,355 [INFO] 📊 [PULSO PAPER MULTI-STRATEGY] Balance: $5000.00 USD | Posiciones: 0 | Estrategias: 3
2026-08-19 12:10:06,537 [INFO] 📊 [PULSO PAPER MULTI-STRATEGY] Balance: $5000.00 USD | Posiciones: 0 | Estrategias: 3
2026-08-19 12:11:15,164 [INFO] 📊 [PULSO PAPER MULTI-STRATEGY] Balance: $5000.00 USD | Posiciones: 0 | Estrategias: 3
2026-08-19 12:12:23,964 [INFO] 📊 [PULSO PAPER MULTI-STRATEGY] Balance: $5000.00 USD | Posiciones: 0 | Estrategias: 3
2026-08-19 12:13:32,128 [INFO] 📊 [PULSO PAPER MULTI-STRATEGY] Balance: $5000.00 USD | Posiciones: 0 | Estrategias: 3
2026-08-19 12:14:39,773 [INFO] 📊 [PULSO PAPER MULTI-STRATEGY] Balance: $5000.00 USD | Posiciones: 0 | Estrategias: 3
2026-08-19 12:15:48,148 [INFO] 📊 [PULSO PAPER MULTI-STRATEGY] Balance: $5000.00 USD | Posiciones: 0 | Estrategias: 3
2026-08-19 12:16:55,822 [INFO] 📊 [PULSO PAPER MULTI-STRATEGY] Balance: $5000.00 USD | Posiciones: 0 | Estrategias: 3
2026-08-19 12:18:03,623 [INFO] 📊 [PULSO PAPER MULTI-STRATEGY] Balance: $5000.00 USD | Posiciones: 0 | Estrategias: 3
2026-08-19 12:19:11,823 [INFO] 📊 [PULSO PAPER MULTI-STRATEGY] Balance: $5000.00 USD | Posiciones: 0 | Estrategias: 3
2026-08-19 12:20:20,008 [INFO] 📊 [PULSO PAPER MULTI-STRATEGY] Balance: $5000.00 USD | Posiciones: 0 | Estrategias: 3
2026-08-19 12:21:28,639 [INFO] 📊 [PULSO PAPER MULTI-STRATEGY] Balance: $5000.00 USD | Posiciones: 0 | Estrategias: 3
2026-08-19 12:22:36,105 [INFO] 📊 [PULSO PAPER MULTI-STRATEGY] Balance: $5000.00 USD | Posiciones: 0 | Estrategias: 3
2026-08-19 12:23:44,112 [INFO] 📊 [PULSO PAPER MULTI-STRATEGY] Balance: $5000.00 USD | Posiciones: 0 | Estrategias: 3
2026-08-19 12:24:52,399 [INFO] 📊 [PULSO PAPER MULTI-STRATEGY] Balance: $5000.00 USD | Posiciones: 0 | Estrategias: 3
2026-08-19 12:26:00,909 [INFO] 📊 [PULSO PAPER MULTI-STRATEGY] Balance: $5000.00 USD | Posiciones: 0 | Estrategias: 3
2026-08-19 12:27:08,661 [INFO] 📊 [PULSO PAPER MULTI-STRATEGY] Balance: $5000.00 USD | Posiciones: 0 | Estrategias: 3
2026-08-19 12:28:16,730 [INFO] 📊 [PULSO PAPER MULTI-STRATEGY] Balance: $5000.00 USD | Posiciones: 0 | Estrategias: 3
2026-08-19 12:29:24,703 [INFO] 📊 [PULSO PAPER MULTI-STRATEGY] Balance: $5000.00 USD | Posiciones: 0 | Estrategias: 3
2026-08-19 12:30:34,861 [INFO] 📊 [PULSO PAPER MULTI-STRATEGY] Balance: $5000.00 USD | Posiciones: 0 | Estrategias: 3
2026-08-19 12:31:42,407 [INFO] 📊 [PULSO PAPER MULTI-STRATEGY] Balance: $5000.00 USD | Posiciones: 0 | Estrategias: 3
2026-08-19 12:32:50,204 [INFO] 📊 [PULSO PAPER MULTI-STRATEGY] Balance: $5000.00 USD | Posiciones: 0 | Estrategias: 3
2026-08-19 12:33:58,203 [INFO] 📊 [PULSO PAPER MULTI-STRATEGY] Balance: $5000.00 USD | Posiciones: 0 | Estrategias: 3
2026-08-19 12:35:05,367 [INFO] 📊 [PULSO PAPER MULTI-STRATEGY] Balance: $5000.00 USD | Posiciones: 0 | Estrategias: 3
2026-08-19 12:36:12,273 [INFO] 📊 [PULSO PAPER MULTI-STRATEGY] Balance: $5000.00 USD | Posiciones: 0 | Estrategias: 3
2026-08-19 12:37:20,190 [INFO] 📊 [PULSO PAPER MULTI-STRATEGY] Balance: $5000.00 USD | Posiciones: 0 | Estrategias: 3
2026-08-19 12:38:27,750 [INFO] 📊 [PULSO PAPER MULTI-STRATEGY] Balance: $5000.00 USD | Posiciones: 0 | Estrategias: 3
2026-08-19 12:39:35,297 [INFO] 📊 [PULSO PAPER MULTI-STRATEGY] Balance: $5000.00 USD | Posiciones: 0 | Estrategias: 3
2026-08-19 12:40:47,665 [INFO] 📊 [PULSO PAPER MULTI-STRATEGY] Balance: $5000.00 USD | Posiciones: 0 | Estrategias: 3
2026-08-19 12:41:56,262 [INFO] 📊 [PULSO PAPER MULTI-STRATEGY] Balance: $5000.00 USD | Posiciones: 0 | Estrategias: 3
2026-08-19 12:43:05,589 [INFO] 📊 [PULSO PAPER MULTI-STRATEGY] Balance: $5000.00 USD | Posiciones: 0 | Estrategias: 3
2026-08-19 12:44:14,298 [INFO] 📊 [PULSO PAPER MULTI-STRATEGY] Balance: $5000.00 USD | Posiciones: 0 | Estrategias: 3
2026-08-19 12:45:23,443 [INFO] 📊 [PULSO PAPER MULTI-STRATEGY] Balance: $5000.00 USD | Posiciones: 0 | Estrategias: 3
2026-08-19 12:46:30,803 [INFO] 📊 [PULSO PAPER MULTI-STRATEGY] Balance: $5000.00 USD | Posiciones: 0 | Estrategias: 3
2026-08-19 12:47:38,210 [INFO] 📊 [PULSO PAPER MULTI-STRATEGY] Balance: $5000.00 USD | Posiciones: 0 | Estrategias: 3
2026-08-19 12:48:45,364 [INFO] 📊 [PULSO PAPER MULTI-STRATEGY] Balance: $5000.00 USD | Posiciones: 0 | Estrategias: 3
2026-08-19 12:49:53,513 [INFO] 📊 [PULSO PAPER MULTI-STRATEGY] Balance: $5000.00 USD | Posiciones: 0 | Estrategias: 3
2026-08-19 12:51:00,458 [INFO] 📊 [PULSO PAPER MULTI-STRATEGY] Balance: $5000.00 USD | Posiciones: 0 | Estrategias: 3
2026-08-19 12:52:08,320 [INFO] 📊 [PULSO PAPER MULTI-STRATEGY] Balance: $5000.00 USD | Posiciones: 0 | Estrategias: 3
2026-08-19 12:53:16,367 [INFO] 📊 [PULSO PAPER MULTI-STRATEGY] Balance: $5000.00 USD | Posiciones: 0 | Estrategias: 3
2026-08-19 12:54:24,427 [INFO] 📊 [PULSO PAPER MULTI-STRATEGY] Balance: $5000.00 USD | Posiciones: 0 | Estrategias: 3
2026-08-19 12:55:32,424 [INFO] 📊 [PULSO PAPER MULTI-STRATEGY] Balance: $5000.00 USD | Posiciones: 0 | Estrategias: 3
2026-08-19 12:56:41,216 [INFO] 📊 [PULSO PAPER MULTI-STRATEGY] Balance: $5000.00 USD | Posiciones: 0 | Estrategias: 3
2026-08-19 12:57:48,912 [INFO] 📊 [PULSO PAPER MULTI-STRATEGY] Balance: $5000.00 USD | Posiciones: 0 | Estrategias: 3
2026-08-19 12:58:57,415 [INFO] 📊 [PULSO PAPER MULTI-STRATEGY] Balance: $5000.00 USD | Posiciones: 0 | Estrategias: 3
2026-08-19 13:00:06,271 [INFO] 📊 [PULSO PAPER MULTI-STRATEGY] Balance: $5000.00 USD | Posiciones: 0 | Estrategias: 3
2026-08-19 13:01:13,128 [INFO] 📊 [PULSO PAPER MULTI-STRATEGY] Balance: $5000.00 USD | Posiciones: 0 | Estrategias: 3
2026-08-19 13:02:20,804 [INFO] 📊 [PULSO PAPER MULTI-STRATEGY] Balance: $5000.00 USD | Posiciones: 0 | Estrategias: 3
2026-08-19 13:03:27,976 [INFO] 📊 [PULSO PAPER MULTI-STRATEGY] Balance: $5000.00 USD | Posiciones: 0 | Estrategias: 3
2026-08-19 13:04:34,894 [INFO] 📊 [PULSO PAPER MULTI-STRATEGY] Balance: $5000.00 USD | Posiciones: 0 | Estrategias: 3
2026-08-19 13:05:42,548 [INFO] 📊 [PULSO PAPER MULTI-STRATEGY] Balance: $5000.00 USD | Posiciones: 0 | Estrategias: 3
2026-08-19 13:06:50,976 [INFO] 📊 [PULSO PAPER MULTI-STRATEGY] Balance: $5000.00 USD | Posiciones: 0 | Estrategias: 3
2026-08-19 13:07:58,556 [INFO] 📊 [PULSO PAPER MULTI-STRATEGY] Balance: $5000.00 USD | Posiciones: 0 | Estrategias: 3
2026-08-19 13:09:06,408 [INFO] 📊 [PULSO PAPER MULTI-STRATEGY] Balance: $5000.00 USD | Posiciones: 0 | Estrategias: 3
2026-08-19 13:10:13,836 [INFO] 📊 [PULSO PAPER MULTI-STRATEGY] Balance: $5000.00 USD | Posiciones: 0 | Estrategias: 3
2026-08-19 13:11:22,098 [INFO] 📊 [PULSO PAPER MULTI-STRATEGY] Balance: $5000.00 USD | Posiciones: 0 | Estrategias: 3
2026-08-19 13:12:34,319 [INFO] 📊 [PULSO PAPER MULTI-STRATEGY] Balance: $5000.00 USD | Posiciones: 0 | Estrategias: 3
2026-08-19 13:13:41,780 [INFO] 📊 [PULSO PAPER MULTI-STRATEGY] Balance: $5000.00 USD | Posiciones: 0 | Estrategias: 3
2026-08-19 13:14:49,063 [INFO] 📊 [PULSO PAPER MULTI-STRATEGY] Balance: $5000.00 USD | Posiciones: 0 | Estrategias: 3
2026-08-19 13:15:56,935 [INFO] 📊 [PULSO PAPER MULTI-STRATEGY] Balance: $5000.00 USD | Posiciones: 0 | Estrategias: 3
2026-08-19 13:17:05,744 [INFO] 📊 [PULSO PAPER MULTI-STRATEGY] Balance: $5000.00 USD | Posiciones: 0 | Estrategias: 3
2026-08-19 13:18:12,381 [INFO] 📊 [PULSO PAPER MULTI-STRATEGY] Balance: $5000.00 USD | Posiciones: 0 | Estrategias: 3
2026-08-19 13:19:21,019 [INFO] 📊 [PULSO PAPER MULTI-STRATEGY] Balance: $5000.00 USD | Posiciones: 0 | Estrategias: 3
2026-08-19 13:20:28,813 [INFO] 📊 [PULSO PAPER MULTI-STRATEGY] Balance: $5000.00 USD | Posiciones: 0 | Estrategias: 3
2026-08-19 13:21:36,292 [INFO] 📊 [PULSO PAPER MULTI-STRATEGY] Balance: $5000.00 USD | Posiciones: 0 | Estrategias: 3
2026-08-19 13:22:43,536 [INFO] 📊 [PULSO PAPER MULTI-STRATEGY] Balance: $5000.00 USD | Posiciones: 0 | Estrategias: 3
2026-08-19 13:23:51,273 [INFO] 📊 [PULSO PAPER MULTI-STRATEGY] Balance: $5000.00 USD | Posiciones: 0 | Estrategias: 3
2026-08-19 13:24:59,774 [INFO] 📊 [PULSO PAPER MULTI-STRATEGY] Balance: $5000.00 USD | Posiciones: 0 | Estrategias: 3
2026-08-19 13:26:07,282 [INFO] 📊 [PULSO PAPER MULTI-STRATEGY] Balance: $5000.00 USD | Posiciones: 0 | Estrategias: 3
2026-08-19 13:27:14,576 [INFO] 📊 [PULSO PAPER MULTI-STRATEGY] Balance: $5000.00 USD | Posiciones: 0 | Estrategias: 3
2026-08-19 13:28:22,281 [INFO] 📊 [PULSO PAPER MULTI-STRATEGY] Balance: $5000.00 USD | Posiciones: 0 | Estrategias: 3
2026-08-19 13:29:30,382 [INFO] 📊 [PULSO PAPER MULTI-STRATEGY] Balance: $5000.00 USD | Posiciones: 0 | Estrategias: 3
2026-08-19 13:30:37,940 [INFO] 📊 [PULSO PAPER MULTI-STRATEGY] Balance: $5000.00 USD | Posiciones: 0 | Estrategias: 3
2026-08-19 13:31:46,268 [INFO] 📊 [PULSO PAPER MULTI-STRATEGY] Balance: $5000.00 USD | Posiciones: 0 | Estrategias: 3
2026-08-19 13:32:54,622 [INFO] 📊 [PULSO PAPER MULTI-STRATEGY] Balance: $5000.00 USD | Posiciones: 0 | Estrategias: 3
2026-08-19 13:34:02,849 [INFO] 📊 [PULSO PAPER MULTI-STRATEGY] Balance: $5000.00 USD | Posiciones: 0 | Estrategias: 3
2026-08-19 13:35:11,254 [INFO] 📊 [PULSO PAPER MULTI-STRATEGY] Balance: $5000.00 USD | Posiciones: 0 | Estrategias: 3
2026-08-19 13:36:19,285 [INFO] 📊 [PULSO PAPER MULTI-STRATEGY] Balance: $5000.00 USD | Posiciones: 0 | Estrategias: 3
2026-08-19 13:37:28,117 [INFO] 📊 [PULSO PAPER MULTI-STRATEGY] Balance: $5000.00 USD | Posiciones: 0 | Estrategias: 3
2026-08-19 13:38:35,667 [INFO] 📊 [PULSO PAPER MULTI-STRATEGY] Balance: $5000.00 USD | Posiciones: 0 | Estrategias: 3
2026-08-19 13:39:43,257 [INFO] 📊 [PULSO PAPER MULTI-STRATEGY] Balance: $5000.00 USD | Posiciones: 0 | Estrategias: 3
2026-08-19 13:40:52,068 [INFO] 📊 [PULSO PAPER MULTI-STRATEGY] Balance: $5000.00 USD | Posiciones: 0 | Estrategias: 3
2026-08-19 13:42:00,570 [INFO] 📊 [PULSO PAPER MULTI-STRATEGY] Balance: $5000.00 USD | Posiciones: 0 | Estrategias: 3
2026-08-19 13:43:07,390 [INFO] 📊 [PULSO PAPER MULTI-STRATEGY] Balance: $5000.00 USD | Posiciones: 0 | Estrategias: 3
2026-08-19 13:44:14,772 [INFO] 📊 [PULSO PAPER MULTI-STRATEGY] Balance: $5000.00 USD | Posiciones: 0 | Estrategias: 3
2026-08-19 13:45:22,664 [INFO] 📊 [PULSO PAPER MULTI-STRATEGY] Balance: $5000.00 USD | Posiciones: 0 | Estrategias: 3
2026-08-19 13:46:30,506 [INFO] 📊 [PULSO PAPER MULTI-STRATEGY] Balance: $5000.00 USD | Posiciones: 0 | Estrategias: 3
2026-08-19 13:47:37,495 [INFO] 📊 [PULSO PAPER MULTI-STRATEGY] Balance: $5000.00 USD | Posiciones: 0 | Estrategias: 3
2026-08-19 13:48:45,568 [INFO] 📊 [PULSO PAPER MULTI-STRATEGY] Balance: $5000.00 USD | Posiciones: 0 | Estrategias: 3
2026-08-19 13:49:52,735 [INFO] 📊 [PULSO PAPER MULTI-STRATEGY] Balance: $5000.00 USD | Posiciones: 0 | Estrategias: 3
2026-08-19 13:51:00,925 [INFO] 📊 [PULSO PAPER MULTI-STRATEGY] Balance: $5000.00 USD | Posiciones: 0 | Estrategias: 3
2026-08-19 13:52:09,592 [INFO] 📊 [PULSO PAPER MULTI-STRATEGY] Balance: $5000.00 USD | Posiciones: 0 | Estrategias: 3
2026-08-19 13:53:16,701 [INFO] 📊 [PULSO PAPER MULTI-STRATEGY] Balance: $5000.00 USD | Posiciones: 0 | Estrategias: 3
2026-08-19 13:54:31,869 [INFO] 📊 [PULSO PAPER MULTI-STRATEGY] Balance: $5000.00 USD | Posiciones: 0 | Estrategias: 3
2026-08-19 13:55:38,962 [INFO] 📊 [PULSO PAPER MULTI-STRATEGY] Balance: $5000.00 USD | Posiciones: 0 | Estrategias: 3
2026-08-19 13:56:48,071 [INFO] 📊 [PULSO PAPER MULTI-STRATEGY] Balance: $5000.00 USD | Posiciones: 0 | Estrategias: 3
2026-08-19 13:57:56,494 [INFO] 📊 [PULSO PAPER MULTI-STRATEGY] Balance: $5000.00 USD | Posiciones: 0 | Estrategias: 3
2026-08-19 13:59:03,937 [INFO] 📊 [PULSO PAPER MULTI-STRATEGY] Balance: $5000.00 USD | Posiciones: 0 | Estrategias: 3
2026-08-19 14:00:10,600 [INFO] 📊 [PULSO PAPER MULTI-STRATEGY] Balance: $5000.00 USD | Posiciones: 0 | Estrategias: 3
2026-08-19 14:01:18,871 [INFO] 📊 [PULSO PAPER MULTI-STRATEGY] Balance: $5000.00 USD | Posiciones: 0 | Estrategias: 3
2026-08-19 14:02:26,603 [INFO] 📊 [PULSO PAPER MULTI-STRATEGY] Balance: $5000.00 USD | Posiciones: 0 | Estrategias: 3
2026-08-19 14:03:35,254 [INFO] 📊 [PULSO PAPER MULTI-STRATEGY] Balance: $5000.00 USD | Posiciones: 0 | Estrategias: 3
2026-08-19 14:04:44,367 [INFO] 📊 [PULSO PAPER MULTI-STRATEGY] Balance: $5000.00 USD | Posiciones: 0 | Estrategias: 3
2026-08-19 14:05:52,195 [INFO] 📊 [PULSO PAPER MULTI-STRATEGY] Balance: $5000.00 USD | Posiciones: 0 | Estrategias: 3
2026-08-19 14:06:59,103 [INFO] 📊 [PULSO PAPER MULTI-STRATEGY] Balance: $5000.00 USD | Posiciones: 0 | Estrategias: 3
2026-08-19 14:08:07,448 [INFO] 📊 [PULSO PAPER MULTI-STRATEGY] Balance: $5000.00 USD | Posiciones: 0 | Estrategias: 3
2026-08-19 14:09:15,326 [INFO] 📊 [PULSO PAPER MULTI-STRATEGY] Balance: $5000.00 USD | Posiciones: 0 | Estrategias: 3
2026-08-19 14:10:24,696 [INFO] 📊 [PULSO PAPER MULTI-STRATEGY] Balance: $5000.00 USD | Posiciones: 0 | Estrategias: 3
2026-08-19 14:11:33,691 [INFO] 📊 [PULSO PAPER MULTI-STRATEGY] Balance: $5000.00 USD | Posiciones: 0 | Estrategias: 3
2026-08-19 14:12:43,100 [INFO] 📊 [PULSO PAPER MULTI-STRATEGY] Balance: $5000.00 USD | Posiciones: 0 | Estrategias: 3
2026-08-19 14:13:55,240 [INFO] 📊 [PULSO PAPER MULTI-STRATEGY] Balance: $5000.00 USD | Posiciones: 0 | Estrategias: 3
2026-08-19 14:15:02,393 [INFO] 📊 [PULSO PAPER MULTI-STRATEGY] Balance: $5000.00 USD | Posiciones: 0 | Estrategias: 3
2026-08-19 14:16:10,598 [INFO] 📊 [PULSO PAPER MULTI-STRATEGY] Balance: $5000.00 USD | Posiciones: 0 | Estrategias: 3
2026-08-19 14:17:18,178 [INFO] 📊 [PULSO PAPER MULTI-STRATEGY] Balance: $5000.00 USD | Posiciones: 0 | Estrategias: 3
2026-08-19 14:18:26,115 [INFO] 📊 [PULSO PAPER MULTI-STRATEGY] Balance: $5000.00 USD | Posiciones: 0 | Estrategias: 3
2026-08-19 14:19:33,176 [INFO] 📊 [PULSO PAPER MULTI-STRATEGY] Balance: $5000.00 USD | Posiciones: 0 | Estrategias: 3
2026-08-19 14:20:40,476 [INFO] 📊 [PULSO PAPER MULTI-STRATEGY] Balance: $5000.00 USD | Posiciones: 0 | Estrategias: 3
2026-08-19 14:21:48,993 [INFO] 📊 [PULSO PAPER MULTI-STRATEGY] Balance: $5000.00 USD | Posiciones: 0 | Estrategias: 3
2026-08-19 14:22:56,874 [INFO] 📊 [PULSO PAPER MULTI-STRATEGY] Balance: $5000.00 USD | Posiciones: 0 | Estrategias: 3
2026-08-19 14:24:05,688 [INFO] 📊 [PULSO PAPER MULTI-STRATEGY] Balance: $5000.00 USD | Posiciones: 0 | Estrategias: 3
2026-08-19 14:25:15,331 [INFO] 📊 [PULSO PAPER MULTI-STRATEGY] Balance: $5000.00 USD | Posiciones: 0 | Estrategias: 3
2026-08-19 14:26:23,852 [INFO] 📊 [PULSO PAPER MULTI-STRATEGY] Balance: $5000.00 USD | Posiciones: 0 | Estrategias: 3
2026-08-19 14:27:31,305 [INFO] 📊 [PULSO PAPER MULTI-STRATEGY] Balance: $5000.00 USD | Posiciones: 0 | Estrategias: 3
2026-08-19 14:28:39,828 [INFO] 📊 [PULSO PAPER MULTI-STRATEGY] Balance: $5000.00 USD | Posiciones: 0 | Estrategias: 3
2026-08-19 14:29:48,749 [INFO] 📊 [PULSO PAPER MULTI-STRATEGY] Balance: $5000.00 USD | Posiciones: 0 | Estrategias: 3
2026-08-19 14:30:56,278 [INFO] 📊 [PULSO PAPER MULTI-STRATEGY] Balance: $5000.00 USD | Posiciones: 0 | Estrategias: 3
2026-08-19 14:32:04,081 [INFO] 📊 [PULSO PAPER MULTI-STRATEGY] Balance: $5000.00 USD | Posiciones: 0 | Estrategias: 3
2026-08-19 14:33:12,937 [INFO] 📊 [PULSO PAPER MULTI-STRATEGY] Balance: $5000.00 USD | Posiciones: 0 | Estrategias: 3
2026-08-19 14:34:20,502 [INFO] 📊 [PULSO PAPER MULTI-STRATEGY] Balance: $5000.00 USD | Posiciones: 0 | Estrategias: 3
2026-08-19 14:35:28,095 [INFO] 📊 [PULSO PAPER MULTI-STRATEGY] Balance: $5000.00 USD | Posiciones: 0 | Estrategias: 3
2026-08-19 14:36:35,286 [INFO] 📊 [PULSO PAPER MULTI-STRATEGY] Balance: $5000.00 USD | Posiciones: 0 | Estrategias: 3
2026-08-19 14:37:43,803 [INFO] 📊 [PULSO PAPER MULTI-STRATEGY] Balance: $5000.00 USD | Posiciones: 0 | Estrategias: 3
2026-08-19 14:38:52,505 [INFO] 📊 [PULSO PAPER MULTI-STRATEGY] Balance: $5000.00 USD | Posiciones: 0 | Estrategias: 3
2026-08-19 14:40:01,222 [INFO] 📊 [PULSO PAPER MULTI-STRATEGY] Balance: $5000.00 USD | Posiciones: 0 | Estrategias: 3
2026-08-19 14:41:08,656 [INFO] 📊 [PULSO PAPER MULTI-STRATEGY] Balance: $5000.00 USD | Posiciones: 0 | Estrategias: 3
2026-08-19 14:42:16,485 [INFO] 📊 [PULSO PAPER MULTI-STRATEGY] Balance: $5000.00 USD | Posiciones: 0 | Estrategias: 3
2026-08-19 14:43:23,474 [INFO] 📊 [PULSO PAPER MULTI-STRATEGY] Balance: $5000.00 USD | Posiciones: 0 | Estrategias: 3
2026-08-19 14:44:30,389 [INFO] 📊 [PULSO PAPER MULTI-STRATEGY] Balance: $5000.00 USD | Posiciones: 0 | Estrategias: 3
2026-08-19 14:45:38,023 [INFO] 📊 [PULSO PAPER MULTI-STRATEGY] Balance: $5000.00 USD | Posiciones: 0 | Estrategias: 3
2026-08-19 14:46:45,146 [INFO] 📊 [PULSO PAPER MULTI-STRATEGY] Balance: $5000.00 USD | Posiciones: 0 | Estrategias: 3
2026-08-19 14:47:52,619 [INFO] 📊 [PULSO PAPER MULTI-STRATEGY] Balance: $5000.00 USD | Posiciones: 0 | Estrategias: 3
2026-08-19 14:49:00,873 [INFO] 📊 [PULSO PAPER MULTI-STRATEGY] Balance: $5000.00 USD | Posiciones: 0 | Estrategias: 3
2026-08-19 14:50:09,451 [INFO] 📊 [PULSO PAPER MULTI-STRATEGY] Balance: $5000.00 USD | Posiciones: 0 | Estrategias: 3
2026-08-19 14:51:18,816 [INFO] 📊 [PULSO PAPER MULTI-STRATEGY] Balance: $5000.00 USD | Posiciones: 0 | Estrategias: 3
2026-08-19 14:52:27,090 [INFO] 📊 [PULSO PAPER MULTI-STRATEGY] Balance: $5000.00 USD | Posiciones: 0 | Estrategias: 3
2026-08-19 14:53:34,075 [INFO] 📊 [PULSO PAPER MULTI-STRATEGY] Balance: $5000.00 USD | Posiciones: 0 | Estrategias: 3
2026-08-19 14:54:41,766 [INFO] 📊 [PULSO PAPER MULTI-STRATEGY] Balance: $5000.00 USD | Posiciones: 0 | Estrategias: 3
2026-08-19 14:55:48,824 [INFO] 📊 [PULSO PAPER MULTI-STRATEGY] Balance: $5000.00 USD | Posiciones: 0 | Estrategias: 3
2026-08-19 14:56:56,216 [INFO] 📊 [PULSO PAPER MULTI-STRATEGY] Balance: $5000.00 USD | Posiciones: 0 | Estrategias: 3
2026-08-19 14:58:04,249 [INFO] 📊 [PULSO PAPER MULTI-STRATEGY] Balance: $5000.00 USD | Posiciones: 0 | Estrategias: 3
2026-08-19 14:59:12,803 [INFO] 📊 [PULSO PAPER MULTI-STRATEGY] Balance: $5000.00 USD | Posiciones: 0 | Estrategias: 3
2026-08-19 15:00:21,008 [INFO] 📊 [PULSO PAPER MULTI-STRATEGY] Balance: $5000.00 USD | Posiciones: 0 | Estrategias: 3
2026-08-19 15:01:29,116 [INFO] 📊 [PULSO PAPER MULTI-STRATEGY] Balance: $5000.00 USD | Posiciones: 0 | Estrategias: 3
2026-08-19 15:02:36,788 [INFO] 📊 [PULSO PAPER MULTI-STRATEGY] Balance: $5000.00 USD | Posiciones: 0 | Estrategias: 3
2026-08-19 15:03:44,656 [INFO] 📊 [PULSO PAPER MULTI-STRATEGY] Balance: $5000.00 USD | Posiciones: 0 | Estrategias: 3
2026-08-19 15:04:51,964 [INFO] 📊 [PULSO PAPER MULTI-STRATEGY] Balance: $5000.00 USD | Posiciones: 0 | Estrategias: 3
2026-08-19 15:06:02,426 [INFO] 📊 [PULSO PAPER MULTI-STRATEGY] Balance: $5000.00 USD | Posiciones: 0 | Estrategias: 3
2026-08-19 15:07:10,615 [INFO] 📊 [PULSO PAPER MULTI-STRATEGY] Balance: $5000.00 USD | Posiciones: 0 | Estrategias: 3
2026-08-19 15:08:20,069 [INFO] 📊 [PULSO PAPER MULTI-STRATEGY] Balance: $5000.00 USD | Posiciones: 0 | Estrategias: 3
2026-08-19 15:09:28,854 [INFO] 📊 [PULSO PAPER MULTI-STRATEGY] Balance: $5000.00 USD | Posiciones: 0 | Estrategias: 3
2026-08-19 15:10:38,196 [INFO] 📊 [PULSO PAPER MULTI-STRATEGY] Balance: $5000.00 USD | Posiciones: 0 | Estrategias: 3
2026-08-19 15:11:47,205 [INFO] 📊 [PULSO PAPER MULTI-STRATEGY] Balance: $5000.00 USD | Posiciones: 0 | Estrategias: 3
2026-08-19 15:12:54,458 [INFO] 📊 [PULSO PAPER MULTI-STRATEGY] Balance: $5000.00 USD | Posiciones: 0 | Estrategias: 3
2026-08-19 15:14:02,875 [INFO] 📊 [PULSO PAPER MULTI-STRATEGY] Balance: $5000.00 USD | Posiciones: 0 | Estrategias: 3
2026-08-19 15:15:13,049 [INFO] 📊 [PULSO PAPER MULTI-STRATEGY] Balance: $5000.00 USD | Posiciones: 0 | Estrategias: 3
2026-08-19 15:16:21,767 [INFO] 📊 [PULSO PAPER MULTI-STRATEGY] Balance: $5000.00 USD | Posiciones: 0 | Estrategias: 3
2026-08-19 15:17:29,490 [INFO] 📊 [PULSO PAPER MULTI-STRATEGY] Balance: $5000.00 USD | Posiciones: 0 | Estrategias: 3
2026-08-19 15:18:38,126 [INFO] 📊 [PULSO PAPER MULTI-STRATEGY] Balance: $5000.00 USD | Posiciones: 0 | Estrategias: 3
2026-08-19 15:19:46,640 [INFO] 📊 [PULSO PAPER MULTI-STRATEGY] Balance: $5000.00 USD | Posiciones: 0 | Estrategias: 3
2026-08-19 15:20:55,287 [INFO] 📊 [PULSO PAPER MULTI-STRATEGY] Balance: $5000.00 USD | Posiciones: 0 | Estrategias: 3
2026-08-19 15:22:02,971 [INFO] 📊 [PULSO PAPER MULTI-STRATEGY] Balance: $5000.00 USD | Posiciones: 0 | Estrategias: 3
2026-08-19 15:23:10,426 [INFO] 📊 [PULSO PAPER MULTI-STRATEGY] Balance: $5000.00 USD | Posiciones: 0 | Estrategias: 3
2026-08-19 15:24:18,301 [INFO] 📊 [PULSO PAPER MULTI-STRATEGY] Balance: $5000.00 USD | Posiciones: 0 | Estrategias: 3
2026-08-19 15:25:27,746 [INFO] 📊 [PULSO PAPER MULTI-STRATEGY] Balance: $5000.00 USD | Posiciones: 0 | Estrategias: 3
2026-08-19 15:26:36,459 [INFO] 📊 [PULSO PAPER MULTI-STRATEGY] Balance: $5000.00 USD | Posiciones: 0 | Estrategias: 3
2026-08-19 15:27:43,645 [INFO] 📊 [PULSO PAPER MULTI-STRATEGY] Balance: $5000.00 USD | Posiciones: 0 | Estrategias: 3
2026-08-19 15:28:52,549 [INFO] 📊 [PULSO PAPER MULTI-STRATEGY] Balance: $5000.00 USD | Posiciones: 0 | Estrategias: 3
2026-08-19 15:30:01,772 [INFO] 📊 [PULSO PAPER MULTI-STRATEGY] Balance: $5000.00 USD | Posiciones: 0 | Estrategias: 3
2026-08-19 15:31:12,434 [INFO] 📊 [PULSO PAPER MULTI-STRATEGY] Balance: $5000.00 USD | Posiciones: 0 | Estrategias: 3
2026-08-19 15:32:19,408 [INFO] 📊 [PULSO PAPER MULTI-STRATEGY] Balance: $5000.00 USD | Posiciones: 0 | Estrategias: 3
2026-08-19 15:33:29,352 [INFO] 📊 [PULSO PAPER MULTI-STRATEGY] Balance: $5000.00 USD | Posiciones: 0 | Estrategias: 3
2026-08-19 15:34:36,527 [INFO] 📊 [PULSO PAPER MULTI-STRATEGY] Balance: $5000.00 USD | Posiciones: 0 | Estrategias: 3
2026-08-19 15:35:43,967 [INFO] 📊 [PULSO PAPER MULTI-STRATEGY] Balance: $5000.00 USD | Posiciones: 0 | Estrategias: 3
2026-08-19 15:36:53,964 [INFO] 📊 [PULSO PAPER MULTI-STRATEGY] Balance: $5000.00 USD | Posiciones: 0 | Estrategias: 3
2026-08-19 15:38:03,478 [INFO] 📊 [PULSO PAPER MULTI-STRATEGY] Balance: $5000.00 USD | Posiciones: 0 | Estrategias: 3
2026-08-19 15:39:17,238 [INFO] 📊 [PULSO PAPER MULTI-STRATEGY] Balance: $5000.00 USD | Posiciones: 0 | Estrategias: 3
2026-08-19 15:40:25,975 [INFO] 📊 [PULSO PAPER MULTI-STRATEGY] Balance: $5000.00 USD | Posiciones: 0 | Estrategias: 3
2026-08-19 15:41:34,885 [INFO] 📊 [PULSO PAPER MULTI-STRATEGY] Balance: $5000.00 USD | Posiciones: 0 | Estrategias: 3
2026-08-19 15:42:43,701 [INFO] 📊 [PULSO PAPER MULTI-STRATEGY] Balance: $5000.00 USD | Posiciones: 0 | Estrategias: 3
2026-08-19 15:43:52,410 [INFO] 📊 [PULSO PAPER MULTI-STRATEGY] Balance: $5000.00 USD | Posiciones: 0 | Estrategias: 3
2026-08-19 15:45:01,248 [INFO] 📊 [PULSO PAPER MULTI-STRATEGY] Balance: $5000.00 USD | Posiciones: 0 | Estrategias: 3
2026-08-19 15:46:08,928 [INFO] 📊 [PULSO PAPER MULTI-STRATEGY] Balance: $5000.00 USD | Posiciones: 0 | Estrategias: 3
2026-08-19 15:47:19,055 [INFO] 📊 [PULSO PAPER MULTI-STRATEGY] Balance: $5000.00 USD | Posiciones: 0 | Estrategias: 3
2026-08-19 15:48:30,018 [INFO] 📊 [PULSO PAPER MULTI-STRATEGY] Balance: $5000.00 USD | Posiciones: 0 | Estrategias: 3
2026-08-19 15:49:37,097 [INFO] 📊 [PULSO PAPER MULTI-STRATEGY] Balance: $5000.00 USD | Posiciones: 0 | Estrategias: 3
2026-08-19 15:50:47,203 [INFO] 📊 [PULSO PAPER MULTI-STRATEGY] Balance: $5000.00 USD | Posiciones: 0 | Estrategias: 3
2026-08-19 15:51:55,772 [INFO] 📊 [PULSO PAPER MULTI-STRATEGY] Balance: $5000.00 USD | Posiciones: 0 | Estrategias: 3
2026-08-19 15:53:03,926 [INFO] 📊 [PULSO PAPER MULTI-STRATEGY] Balance: $5000.00 USD | Posiciones: 0 | Estrategias: 3
2026-08-19 15:54:10,735 [INFO] 📊 [PULSO PAPER MULTI-STRATEGY] Balance: $5000.00 USD | Posiciones: 0 | Estrategias: 3
2026-08-19 15:55:19,759 [INFO] 📊 [PULSO PAPER MULTI-STRATEGY] Balance: $5000.00 USD | Posiciones: 0 | Estrategias: 3
2026-08-19 15:56:29,703 [INFO] 📊 [PULSO PAPER MULTI-STRATEGY] Balance: $5000.00 USD | Posiciones: 0 | Estrategias: 3
2026-08-19 15:57:37,752 [INFO] 📊 [PULSO PAPER MULTI-STRATEGY] Balance: $5000.00 USD | Posiciones: 0 | Estrategias: 3
2026-08-19 15:58:45,832 [INFO] 📊 [PULSO PAPER MULTI-STRATEGY] Balance: $5000.00 USD | Posiciones: 0 | Estrategias: 3
2026-08-19 15:59:57,071 [INFO] 📊 [PULSO PAPER MULTI-STRATEGY] Balance: $5000.00 USD | Posiciones: 0 | Estrategias: 3
2026-08-19 16:01:02,955 [INFO] 📊 [PULSO PAPER MULTI-STRATEGY] Balance: $5000.00 USD | Posiciones: 0 | Estrategias: 3
2026-08-19 16:02:10,353 [INFO] 📊 [PULSO PAPER MULTI-STRATEGY] Balance: $5000.00 USD | Posiciones: 0 | Estrategias: 3
2026-08-19 16:03:22,419 [INFO] 📊 [PULSO PAPER MULTI-STRATEGY] Balance: $5000.00 USD | Posiciones: 0 | Estrategias: 3
2026-08-19 16:04:32,665 [INFO] 📊 [PULSO PAPER MULTI-STRATEGY] Balance: $5000.00 USD | Posiciones: 0 | Estrategias: 3
2026-08-19 16:05:40,314 [INFO] 📊 [PULSO PAPER MULTI-STRATEGY] Balance: $5000.00 USD | Posiciones: 0 | Estrategias: 3
2026-08-19 16:06:48,720 [INFO] 📊 [PULSO PAPER MULTI-STRATEGY] Balance: $5000.00 USD | Posiciones: 0 | Estrategias: 3
2026-08-19 16:07:59,173 [INFO] 📊 [PULSO PAPER MULTI-STRATEGY] Balance: $5000.00 USD | Posiciones: 0 | Estrategias: 3
2026-08-19 16:09:06,312 [INFO] 📊 [PULSO PAPER MULTI-STRATEGY] Balance: $5000.00 USD | Posiciones: 0 | Estrategias: 3
2026-08-19 16:10:14,322 [INFO] 📊 [PULSO PAPER MULTI-STRATEGY] Balance: $5000.00 USD | Posiciones: 0 | Estrategias: 3
2026-08-19 16:11:24,608 [INFO] 📊 [PULSO PAPER MULTI-STRATEGY] Balance: $5000.00 USD | Posiciones: 0 | Estrategias: 3
2026-08-19 16:12:32,431 [INFO] 📊 [PULSO PAPER MULTI-STRATEGY] Balance: $5000.00 USD | Posiciones: 0 | Estrategias: 3
2026-08-19 16:13:40,263 [INFO] 📊 [PULSO PAPER MULTI-STRATEGY] Balance: $5000.00 USD | Posiciones: 0 | Estrategias: 3
2026-08-19 16:14:48,350 [INFO] 📊 [PULSO PAPER MULTI-STRATEGY] Balance: $5000.00 USD | Posiciones: 0 | Estrategias: 3
2026-08-19 16:16:00,015 [INFO] 📊 [PULSO PAPER MULTI-STRATEGY] Balance: $5000.00 USD | Posiciones: 0 | Estrategias: 3
2026-08-19 16:17:10,198 [INFO] 📊 [PULSO PAPER MULTI-STRATEGY] Balance: $5000.00 USD | Posiciones: 0 | Estrategias: 3
2026-08-19 16:18:19,311 [INFO] 📊 [PULSO PAPER MULTI-STRATEGY] Balance: $5000.00 USD | Posiciones: 0 | Estrategias: 3
2026-08-19 16:19:28,630 [INFO] 📊 [PULSO PAPER MULTI-STRATEGY] Balance: $5000.00 USD | Posiciones: 0 | Estrategias: 3
2026-08-19 16:20:37,691 [INFO] 📊 [PULSO PAPER MULTI-STRATEGY] Balance: $5000.00 USD | Posiciones: 0 | Estrategias: 3
2026-08-19 16:21:46,977 [INFO] 📊 [PULSO PAPER MULTI-STRATEGY] Balance: $5000.00 USD | Posiciones: 0 | Estrategias: 3
2026-08-19 16:22:56,734 [INFO] 📊 [PULSO PAPER MULTI-STRATEGY] Balance: $5000.00 USD | Posiciones: 0 | Estrategias: 3
2026-08-19 16:24:06,128 [INFO] 📊 [PULSO PAPER MULTI-STRATEGY] Balance: $5000.00 USD | Posiciones: 0 | Estrategias: 3
2026-08-19 16:25:14,161 [INFO] 📊 [PULSO PAPER MULTI-STRATEGY] Balance: $5000.00 USD | Posiciones: 0 | Estrategias: 3
2026-08-19 16:26:25,417 [INFO] 📊 [PULSO PAPER MULTI-STRATEGY] Balance: $5000.00 USD | Posiciones: 0 | Estrategias: 3
2026-08-19 16:27:34,539 [INFO] 📊 [PULSO PAPER MULTI-STRATEGY] Balance: $5000.00 USD | Posiciones: 0 | Estrategias: 3
2026-08-19 16:28:42,574 [INFO] 📊 [PULSO PAPER MULTI-STRATEGY] Balance: $5000.00 USD | Posiciones: 0 | Estrategias: 3
2026-08-19 16:29:51,584 [INFO] 📊 [PULSO PAPER MULTI-STRATEGY] Balance: $5000.00 USD | Posiciones: 0 | Estrategias: 3
2026-08-19 16:31:01,191 [INFO] 📊 [PULSO PAPER MULTI-STRATEGY] Balance: $5000.00 USD | Posiciones: 0 | Estrategias: 3
2026-08-19 16:32:09,798 [INFO] 📊 [PULSO PAPER MULTI-STRATEGY] Balance: $5000.00 USD | Posiciones: 0 | Estrategias: 3
2026-08-19 16:33:19,948 [INFO] 📊 [PULSO PAPER MULTI-STRATEGY] Balance: $5000.00 USD | Posiciones: 0 | Estrategias: 3
2026-08-19 16:34:28,860 [INFO] 📊 [PULSO PAPER MULTI-STRATEGY] Balance: $5000.00 USD | Posiciones: 0 | Estrategias: 3
2026-08-19 16:35:36,411 [INFO] 📊 [PULSO PAPER MULTI-STRATEGY] Balance: $5000.00 USD | Posiciones: 0 | Estrategias: 3
2026-08-19 16:36:45,885 [INFO] 📊 [PULSO PAPER MULTI-STRATEGY] Balance: $5000.00 USD | Posiciones: 0 | Estrategias: 3
2026-08-19 16:37:56,399 [INFO] 📊 [PULSO PAPER MULTI-STRATEGY] Balance: $5000.00 USD | Posiciones: 0 | Estrategias: 3
2026-08-19 16:39:05,354 [INFO] 📊 [PULSO PAPER MULTI-STRATEGY] Balance: $5000.00 USD | Posiciones: 0 | Estrategias: 3
2026-08-19 16:40:12,779 [INFO] 📊 [PULSO PAPER MULTI-STRATEGY] Balance: $5000.00 USD | Posiciones: 0 | Estrategias: 3
2026-08-19 16:41:21,644 [INFO] 📊 [PULSO PAPER MULTI-STRATEGY] Balance: $5000.00 USD | Posiciones: 0 | Estrategias: 3
2026-08-19 16:42:31,178 [INFO] 📊 [PULSO PAPER MULTI-STRATEGY] Balance: $5000.00 USD | Posiciones: 0 | Estrategias: 3
2026-08-19 16:43:39,488 [INFO] 📊 [PULSO PAPER MULTI-STRATEGY] Balance: $5000.00 USD | Posiciones: 0 | Estrategias: 3
2026-08-19 16:44:49,377 [INFO] 📊 [PULSO PAPER MULTI-STRATEGY] Balance: $5000.00 USD | Posiciones: 0 | Estrategias: 3
2026-08-19 16:45:59,430 [INFO] 📊 [PULSO PAPER MULTI-STRATEGY] Balance: $5000.00 USD | Posiciones: 0 | Estrategias: 3
2026-08-19 16:47:07,735 [INFO] 📊 [PULSO PAPER MULTI-STRATEGY] Balance: $5000.00 USD | Posiciones: 0 | Estrategias: 3
2026-08-19 16:48:16,485 [INFO] 📊 [PULSO PAPER MULTI-STRATEGY] Balance: $5000.00 USD | Posiciones: 0 | Estrategias: 3
2026-08-19 16:49:26,471 [INFO] 📊 [PULSO PAPER MULTI-STRATEGY] Balance: $5000.00 USD | Posiciones: 0 | Estrategias: 3
2026-08-19 16:50:35,831 [INFO] 📊 [PULSO PAPER MULTI-STRATEGY] Balance: $5000.00 USD | Posiciones: 0 | Estrategias: 3
2026-08-19 16:51:43,702 [INFO] 📊 [PULSO PAPER MULTI-STRATEGY] Balance: $5000.00 USD | Posiciones: 0 | Estrategias: 3
2026-08-19 16:52:52,403 [INFO] 📊 [PULSO PAPER MULTI-STRATEGY] Balance: $5000.00 USD | Posiciones: 0 | Estrategias: 3
2026-08-19 16:54:01,125 [INFO] 📊 [PULSO PAPER MULTI-STRATEGY] Balance: $5000.00 USD | Posiciones: 0 | Estrategias: 3
2026-08-19 16:55:09,555 [INFO] 📊 [PULSO PAPER MULTI-STRATEGY] Balance: $5000.00 USD | Posiciones: 0 | Estrategias: 3
2026-08-19 16:56:19,664 [INFO] 📊 [PULSO PAPER MULTI-STRATEGY] Balance: $5000.00 USD | Posiciones: 0 | Estrategias: 3
2026-08-19 16:57:27,243 [INFO] 📊 [PULSO PAPER MULTI-STRATEGY] Balance: $5000.00 USD | Posiciones: 0 | Estrategias: 3
2026-08-19 16:58:36,162 [INFO] 📊 [PULSO PAPER MULTI-STRATEGY] Balance: $5000.00 USD | Posiciones: 0 | Estrategias: 3
2026-08-19 16:59:42,949 [INFO] 📊 [PULSO PAPER MULTI-STRATEGY] Balance: $5000.00 USD | Posiciones: 0 | Estrategias: 3
2026-08-19 17:00:53,505 [INFO] 📊 [PULSO PAPER MULTI-STRATEGY] Balance: $5000.00 USD | Posiciones: 0 | Estrategias: 3
2026-08-19 17:02:03,856 [INFO] 📊 [PULSO PAPER MULTI-STRATEGY] Balance: $5000.00 USD | Posiciones: 0 | Estrategias: 3
2026-08-19 17:03:11,748 [INFO] 📊 [PULSO PAPER MULTI-STRATEGY] Balance: $5000.00 USD | Posiciones: 0 | Estrategias: 3
2026-08-19 17:04:18,511 [INFO] 📊 [PULSO PAPER MULTI-STRATEGY] Balance: $5000.00 USD | Posiciones: 0 | Estrategias: 3
2026-08-19 17:05:31,731 [INFO] 📊 [PULSO PAPER MULTI-STRATEGY] Balance: $5000.00 USD | Posiciones: 0 | Estrategias: 3
2026-08-19 17:06:40,845 [INFO] 📊 [PULSO PAPER MULTI-STRATEGY] Balance: $5000.00 USD | Posiciones: 0 | Estrategias: 3
2026-08-19 17:07:49,989 [INFO] 📊 [PULSO PAPER MULTI-STRATEGY] Balance: $5000.00 USD | Posiciones: 0 | Estrategias: 3
2026-08-19 17:09:00,234 [INFO] 📊 [PULSO PAPER MULTI-STRATEGY] Balance: $5000.00 USD | Posiciones: 0 | Estrategias: 3
2026-08-19 17:10:09,544 [INFO] 📊 [PULSO PAPER MULTI-STRATEGY] Balance: $5000.00 USD | Posiciones: 0 | Estrategias: 3
2026-08-19 17:11:19,981 [INFO] 📊 [PULSO PAPER MULTI-STRATEGY] Balance: $5000.00 USD | Posiciones: 0 | Estrategias: 3
2026-08-19 17:12:31,068 [INFO] 📊 [PULSO PAPER MULTI-STRATEGY] Balance: $5000.00 USD | Posiciones: 0 | Estrategias: 3
2026-08-19 17:13:38,751 [INFO] 📊 [PULSO PAPER MULTI-STRATEGY] Balance: $5000.00 USD | Posiciones: 0 | Estrategias: 3
2026-08-19 17:14:46,310 [INFO] 📊 [PULSO PAPER MULTI-STRATEGY] Balance: $5000.00 USD | Posiciones: 0 | Estrategias: 3
2026-08-19 17:15:56,369 [INFO] 📊 [PULSO PAPER MULTI-STRATEGY] Balance: $5000.00 USD | Posiciones: 0 | Estrategias: 3
2026-08-19 17:17:05,922 [INFO] 📊 [PULSO PAPER MULTI-STRATEGY] Balance: $5000.00 USD | Posiciones: 0 | Estrategias: 3
2026-08-19 17:18:13,523 [INFO] 📊 [PULSO PAPER MULTI-STRATEGY] Balance: $5000.00 USD | Posiciones: 0 | Estrategias: 3
2026-08-19 17:19:21,892 [INFO] 📊 [PULSO PAPER MULTI-STRATEGY] Balance: $5000.00 USD | Posiciones: 0 | Estrategias: 3
2026-08-19 17:20:32,558 [INFO] 📊 [PULSO PAPER MULTI-STRATEGY] Balance: $5000.00 USD | Posiciones: 0 | Estrategias: 3
2026-08-19 17:21:39,954 [INFO] 📊 [PULSO PAPER MULTI-STRATEGY] Balance: $5000.00 USD | Posiciones: 0 | Estrategias: 3
2026-08-19 17:22:49,475 [INFO] 📊 [PULSO PAPER MULTI-STRATEGY] Balance: $5000.00 USD | Posiciones: 0 | Estrategias: 3
2026-08-19 17:23:59,566 [INFO] 📊 [PULSO PAPER MULTI-STRATEGY] Balance: $5000.00 USD | Posiciones: 0 | Estrategias: 3
2026-08-19 17:25:08,068 [INFO] 📊 [PULSO PAPER MULTI-STRATEGY] Balance: $5000.00 USD | Posiciones: 0 | Estrategias: 3
2026-08-19 17:26:15,698 [INFO] 📊 [PULSO PAPER MULTI-STRATEGY] Balance: $5000.00 USD | Posiciones: 0 | Estrategias: 3
2026-08-19 17:27:24,401 [INFO] 📊 [PULSO PAPER MULTI-STRATEGY] Balance: $5000.00 USD | Posiciones: 0 | Estrategias: 3
2026-08-19 17:28:33,601 [INFO] 📊 [PULSO PAPER MULTI-STRATEGY] Balance: $5000.00 USD | Posiciones: 0 | Estrategias: 3
2026-08-19 17:29:41,937 [INFO] 📊 [PULSO PAPER MULTI-STRATEGY] Balance: $5000.00 USD | Posiciones: 0 | Estrategias: 3
2026-08-19 17:30:50,640 [INFO] 📊 [PULSO PAPER MULTI-STRATEGY] Balance: $5000.00 USD | Posiciones: 0 | Estrategias: 3
2026-08-19 17:32:00,836 [INFO] 📊 [PULSO PAPER MULTI-STRATEGY] Balance: $5000.00 USD | Posiciones: 0 | Estrategias: 3
2026-08-19 17:33:09,447 [INFO] 📊 [PULSO PAPER MULTI-STRATEGY] Balance: $5000.00 USD | Posiciones: 0 | Estrategias: 3
2026-08-19 17:34:17,562 [INFO] 📊 [PULSO PAPER MULTI-STRATEGY] Balance: $5000.00 USD | Posiciones: 0 | Estrategias: 3
2026-08-19 17:35:25,343 [INFO] 📊 [PULSO PAPER MULTI-STRATEGY] Balance: $5000.00 USD | Posiciones: 0 | Estrategias: 3
2026-08-19 17:36:33,369 [INFO] 📊 [PULSO PAPER MULTI-STRATEGY] Balance: $5000.00 USD | Posiciones: 0 | Estrategias: 3
2026-08-19 17:37:40,938 [INFO] 📊 [PULSO PAPER MULTI-STRATEGY] Balance: $5000.00 USD | Posiciones: 0 | Estrategias: 3
2026-08-19 17:38:50,042 [INFO] 📊 [PULSO PAPER MULTI-STRATEGY] Balance: $5000.00 USD | Posiciones: 0 | Estrategias: 3
2026-08-19 17:39:58,944 [INFO] 📊 [PULSO PAPER MULTI-STRATEGY] Balance: $5000.00 USD | Posiciones: 0 | Estrategias: 3
2026-08-19 17:41:07,315 [INFO] 📊 [PULSO PAPER MULTI-STRATEGY] Balance: $5000.00 USD | Posiciones: 0 | Estrategias: 3
2026-08-19 17:42:15,866 [INFO] 📊 [PULSO PAPER MULTI-STRATEGY] Balance: $5000.00 USD | Posiciones: 0 | Estrategias: 3
2026-08-19 17:43:25,353 [INFO] 📊 [PULSO PAPER MULTI-STRATEGY] Balance: $5000.00 USD | Posiciones: 0 | Estrategias: 3
2026-08-19 17:44:34,299 [INFO] 📊 [PULSO PAPER MULTI-STRATEGY] Balance: $5000.00 USD | Posiciones: 0 | Estrategias: 3
2026-08-19 17:45:42,407 [INFO] 📊 [PULSO PAPER MULTI-STRATEGY] Balance: $5000.00 USD | Posiciones: 0 | Estrategias: 3
2026-08-19 17:46:50,615 [INFO] 📊 [PULSO PAPER MULTI-STRATEGY] Balance: $5000.00 USD | Posiciones: 0 | Estrategias: 3
2026-08-19 17:48:01,209 [INFO] 📊 [PULSO PAPER MULTI-STRATEGY] Balance: $5000.00 USD | Posiciones: 0 | Estrategias: 3
2026-08-19 17:49:08,821 [INFO] 📊 [PULSO PAPER MULTI-STRATEGY] Balance: $5000.00 USD | Posiciones: 0 | Estrategias: 3
2026-08-19 17:50:15,748 [INFO] 📊 [PULSO PAPER MULTI-STRATEGY] Balance: $5000.00 USD | Posiciones: 0 | Estrategias: 3
2026-08-19 17:51:24,521 [INFO] 📊 [PULSO PAPER MULTI-STRATEGY] Balance: $5000.00 USD | Posiciones: 0 | Estrategias: 3
2026-08-19 17:52:32,824 [INFO] 📊 [PULSO PAPER MULTI-STRATEGY] Balance: $5000.00 USD | Posiciones: 0 | Estrategias: 3
2026-08-19 17:53:40,594 [INFO] 📊 [PULSO PAPER MULTI-STRATEGY] Balance: $5000.00 USD | Posiciones: 0 | Estrategias: 3
2026-08-19 17:54:47,741 [INFO] 📊 [PULSO PAPER MULTI-STRATEGY] Balance: $5000.00 USD | Posiciones: 0 | Estrategias: 3
2026-08-19 17:55:57,416 [INFO] 📊 [PULSO PAPER MULTI-STRATEGY] Balance: $5000.00 USD | Posiciones: 0 | Estrategias: 3
2026-08-19 17:57:05,633 [INFO] 📊 [PULSO PAPER MULTI-STRATEGY] Balance: $5000.00 USD | Posiciones: 0 | Estrategias: 3
2026-08-19 17:58:13,149 [INFO] 📊 [PULSO PAPER MULTI-STRATEGY] Balance: $5000.00 USD | Posiciones: 0 | Estrategias: 3
2026-08-19 17:59:21,894 [INFO] 📊 [PULSO PAPER MULTI-STRATEGY] Balance: $5000.00 USD | Posiciones: 0 | Estrategias: 3
2026-08-19 18:00:31,015 [INFO] 📊 [PULSO PAPER MULTI-STRATEGY] Balance: $5000.00 USD | Posiciones: 0 | Estrategias: 3
2026-08-19 18:01:39,265 [INFO] 📊 [PULSO PAPER MULTI-STRATEGY] Balance: $5000.00 USD | Posiciones: 0 | Estrategias: 3
2026-08-19 18:02:48,437 [INFO] 📊 [PULSO PAPER MULTI-STRATEGY] Balance: $5000.00 USD | Posiciones: 0 | Estrategias: 3
2026-08-19 18:03:57,795 [INFO] 📊 [PULSO PAPER MULTI-STRATEGY] Balance: $5000.00 USD | Posiciones: 0 | Estrategias: 3
2026-08-19 18:05:07,714 [INFO] 📊 [PULSO PAPER MULTI-STRATEGY] Balance: $5000.00 USD | Posiciones: 0 | Estrategias: 3
2026-08-19 18:06:15,556 [INFO] 📊 [PULSO PAPER MULTI-STRATEGY] Balance: $5000.00 USD | Posiciones: 0 | Estrategias: 3
2026-08-19 18:07:24,445 [INFO] 📊 [PULSO PAPER MULTI-STRATEGY] Balance: $5000.00 USD | Posiciones: 0 | Estrategias: 3
2026-08-19 18:08:33,039 [INFO] 📊 [PULSO PAPER MULTI-STRATEGY] Balance: $5000.00 USD | Posiciones: 0 | Estrategias: 3
2026-08-19 18:09:41,584 [INFO] 📊 [PULSO PAPER MULTI-STRATEGY] Balance: $5000.00 USD | Posiciones: 0 | Estrategias: 3
2026-08-19 18:10:49,633 [INFO] 📊 [PULSO PAPER MULTI-STRATEGY] Balance: $5000.00 USD | Posiciones: 0 | Estrategias: 3
2026-08-19 18:11:59,065 [INFO] 📊 [PULSO PAPER MULTI-STRATEGY] Balance: $5000.00 USD | Posiciones: 0 | Estrategias: 3
2026-08-19 18:13:07,259 [INFO] 📊 [PULSO PAPER MULTI-STRATEGY] Balance: $5000.00 USD | Posiciones: 0 | Estrategias: 3
2026-08-19 18:14:14,647 [INFO] 📊 [PULSO PAPER MULTI-STRATEGY] Balance: $5000.00 USD | Posiciones: 0 | Estrategias: 3
2026-08-19 18:15:23,854 [INFO] 📊 [PULSO PAPER MULTI-STRATEGY] Balance: $5000.00 USD | Posiciones: 0 | Estrategias: 3
2026-08-19 18:16:33,087 [INFO] 📊 [PULSO PAPER MULTI-STRATEGY] Balance: $5000.00 USD | Posiciones: 0 | Estrategias: 3
2026-08-19 18:17:39,825 [INFO] 📊 [PULSO PAPER MULTI-STRATEGY] Balance: $5000.00 USD | Posiciones: 0 | Estrategias: 3
2026-08-19 18:18:47,895 [INFO] 📊 [PULSO PAPER MULTI-STRATEGY] Balance: $5000.00 USD | Posiciones: 0 | Estrategias: 3
2026-08-19 18:19:57,789 [INFO] 📊 [PULSO PAPER MULTI-STRATEGY] Balance: $5000.00 USD | Posiciones: 0 | Estrategias: 3
2026-08-19 18:21:06,803 [INFO] 📊 [PULSO PAPER MULTI-STRATEGY] Balance: $5000.00 USD | Posiciones: 0 | Estrategias: 3
2026-08-19 18:22:15,110 [INFO] 📊 [PULSO PAPER MULTI-STRATEGY] Balance: $5000.00 USD | Posiciones: 0 | Estrategias: 3
2026-08-19 18:23:24,379 [INFO] 📊 [PULSO PAPER MULTI-STRATEGY] Balance: $5000.00 USD | Posiciones: 0 | Estrategias: 3
2026-08-19 18:24:33,679 [INFO] 📊 [PULSO PAPER MULTI-STRATEGY] Balance: $5000.00 USD | Posiciones: 0 | Estrategias: 3
2026-08-19 18:25:42,188 [INFO] 📊 [PULSO PAPER MULTI-STRATEGY] Balance: $5000.00 USD | Posiciones: 0 | Estrategias: 3
2026-08-19 18:26:50,875 [INFO] 📊 [PULSO PAPER MULTI-STRATEGY] Balance: $5000.00 USD | Posiciones: 0 | Estrategias: 3
2026-08-19 18:28:01,119 [INFO] 📊 [PULSO PAPER MULTI-STRATEGY] Balance: $5000.00 USD | Posiciones: 0 | Estrategias: 3
2026-08-19 18:29:08,434 [INFO] 📊 [PULSO PAPER MULTI-STRATEGY] Balance: $5000.00 USD | Posiciones: 0 | Estrategias: 3
2026-08-19 18:30:16,826 [INFO] 📊 [PULSO PAPER MULTI-STRATEGY] Balance: $5000.00 USD | Posiciones: 0 | Estrategias: 3
2026-08-19 18:31:26,648 [INFO] 📊 [PULSO PAPER MULTI-STRATEGY] Balance: $5000.00 USD | Posiciones: 0 | Estrategias: 3
2026-08-19 18:32:36,073 [INFO] 📊 [PULSO PAPER MULTI-STRATEGY] Balance: $5000.00 USD | Posiciones: 0 | Estrategias: 3
2026-08-19 18:33:43,888 [INFO] 📊 [PULSO PAPER MULTI-STRATEGY] Balance: $5000.00 USD | Posiciones: 0 | Estrategias: 3
2026-08-19 18:34:53,283 [INFO] 📊 [PULSO PAPER MULTI-STRATEGY] Balance: $5000.00 USD | Posiciones: 0 | Estrategias: 3
2026-08-19 18:36:01,791 [INFO] 📊 [PULSO PAPER MULTI-STRATEGY] Balance: $5000.00 USD | Posiciones: 0 | Estrategias: 3
2026-08-19 18:37:08,751 [INFO] 📊 [PULSO PAPER MULTI-STRATEGY] Balance: $5000.00 USD | Posiciones: 0 | Estrategias: 3
2026-08-19 18:38:18,107 [INFO] 📊 [PULSO PAPER MULTI-STRATEGY] Balance: $5000.00 USD | Posiciones: 0 | Estrategias: 3
2026-08-19 18:39:26,591 [INFO] 📊 [PULSO PAPER MULTI-STRATEGY] Balance: $5000.00 USD | Posiciones: 0 | Estrategias: 3
2026-08-19 18:40:35,188 [INFO] 📊 [PULSO PAPER MULTI-STRATEGY] Balance: $5000.00 USD | Posiciones: 0 | Estrategias: 3
2026-08-19 18:41:43,500 [INFO] 📊 [PULSO PAPER MULTI-STRATEGY] Balance: $5000.00 USD | Posiciones: 0 | Estrategias: 3
2026-08-19 18:42:53,838 [INFO] 📊 [PULSO PAPER MULTI-STRATEGY] Balance: $5000.00 USD | Posiciones: 0 | Estrategias: 3
2026-08-19 18:44:03,473 [INFO] 📊 [PULSO PAPER MULTI-STRATEGY] Balance: $5000.00 USD | Posiciones: 0 | Estrategias: 3
2026-08-19 18:45:10,889 [INFO] 📊 [PULSO PAPER MULTI-STRATEGY] Balance: $5000.00 USD | Posiciones: 0 | Estrategias: 3
2026-08-19 18:46:18,232 [INFO] 📊 [PULSO PAPER MULTI-STRATEGY] Balance: $5000.00 USD | Posiciones: 0 | Estrategias: 3
2026-08-19 18:47:28,788 [INFO] 📊 [PULSO PAPER MULTI-STRATEGY] Balance: $5000.00 USD | Posiciones: 0 | Estrategias: 3
2026-08-19 18:48:37,303 [INFO] 📊 [PULSO PAPER MULTI-STRATEGY] Balance: $5000.00 USD | Posiciones: 0 | Estrategias: 3
2026-08-19 18:49:45,617 [INFO] 📊 [PULSO PAPER MULTI-STRATEGY] Balance: $5000.00 USD | Posiciones: 0 | Estrategias: 3
2026-08-19 18:50:53,081 [INFO] 📊 [PULSO PAPER MULTI-STRATEGY] Balance: $5000.00 USD | Posiciones: 0 | Estrategias: 3
2026-08-19 18:52:02,610 [INFO] 📊 [PULSO PAPER MULTI-STRATEGY] Balance: $5000.00 USD | Posiciones: 0 | Estrategias: 3
2026-08-19 18:53:12,621 [INFO] 📊 [PULSO PAPER MULTI-STRATEGY] Balance: $5000.00 USD | Posiciones: 0 | Estrategias: 3
2026-08-19 18:54:23,484 [INFO] 📊 [PULSO PAPER MULTI-STRATEGY] Balance: $5000.00 USD | Posiciones: 0 | Estrategias: 3
2026-08-19 18:55:30,502 [INFO] 📊 [PULSO PAPER MULTI-STRATEGY] Balance: $5000.00 USD | Posiciones: 0 | Estrategias: 3
2026-08-19 18:56:40,523 [INFO] 📊 [PULSO PAPER MULTI-STRATEGY] Balance: $5000.00 USD | Posiciones: 0 | Estrategias: 3
2026-08-19 18:57:49,450 [INFO] 📊 [PULSO PAPER MULTI-STRATEGY] Balance: $5000.00 USD | Posiciones: 0 | Estrategias: 3
2026-08-19 18:58:58,949 [INFO] 📊 [PULSO PAPER MULTI-STRATEGY] Balance: $5000.00 USD | Posiciones: 0 | Estrategias: 3
2026-08-19 19:00:07,457 [INFO] 📊 [PULSO PAPER MULTI-STRATEGY] Balance: $5000.00 USD | Posiciones: 0 | Estrategias: 3
2026-08-19 19:01:17,538 [INFO] 📊 [PULSO PAPER MULTI-STRATEGY] Balance: $5000.00 USD | Posiciones: 0 | Estrategias: 3
2026-08-19 19:02:28,054 [INFO] 📊 [PULSO PAPER MULTI-STRATEGY] Balance: $5000.00 USD | Posiciones: 0 | Estrategias: 3
2026-08-19 19:03:35,861 [INFO] 📊 [PULSO PAPER MULTI-STRATEGY] Balance: $5000.00 USD | Posiciones: 0 | Estrategias: 3
2026-08-19 19:04:45,503 [INFO] 📊 [PULSO PAPER MULTI-STRATEGY] Balance: $5000.00 USD | Posiciones: 0 | Estrategias: 3
2026-08-19 19:05:54,599 [INFO] 📊 [PULSO PAPER MULTI-STRATEGY] Balance: $5000.00 USD | Posiciones: 0 | Estrategias: 3
2026-08-19 19:07:04,449 [INFO] 📊 [PULSO PAPER MULTI-STRATEGY] Balance: $5000.00 USD | Posiciones: 0 | Estrategias: 3
2026-08-19 19:08:14,327 [INFO] 📊 [PULSO PAPER MULTI-STRATEGY] Balance: $5000.00 USD | Posiciones: 0 | Estrategias: 3
2026-08-19 19:09:23,924 [INFO] 📊 [PULSO PAPER MULTI-STRATEGY] Balance: $5000.00 USD | Posiciones: 0 | Estrategias: 3
2026-08-19 19:10:32,327 [INFO] 📊 [PULSO PAPER MULTI-STRATEGY] Balance: $5000.00 USD | Posiciones: 0 | Estrategias: 3
2026-08-19 19:11:41,866 [INFO] 📊 [PULSO PAPER MULTI-STRATEGY] Balance: $5000.00 USD | Posiciones: 0 | Estrategias: 3
2026-08-19 19:12:51,580 [INFO] 📊 [PULSO PAPER MULTI-STRATEGY] Balance: $5000.00 USD | Posiciones: 0 | Estrategias: 3
2026-08-19 19:14:00,239 [INFO] 📊 [PULSO PAPER MULTI-STRATEGY] Balance: $5000.00 USD | Posiciones: 0 | Estrategias: 3
2026-08-19 19:15:09,971 [INFO] 📊 [PULSO PAPER MULTI-STRATEGY] Balance: $5000.00 USD | Posiciones: 0 | Estrategias: 3
2026-08-19 19:16:18,335 [INFO] 📊 [PULSO PAPER MULTI-STRATEGY] Balance: $5000.00 USD | Posiciones: 0 | Estrategias: 3
2026-08-19 19:17:28,139 [INFO] 📊 [PULSO PAPER MULTI-STRATEGY] Balance: $5000.00 USD | Posiciones: 0 | Estrategias: 3
2026-08-19 19:18:36,081 [INFO] 📊 [PULSO PAPER MULTI-STRATEGY] Balance: $5000.00 USD | Posiciones: 0 | Estrategias: 3
2026-08-19 19:19:45,594 [INFO] 📊 [PULSO PAPER MULTI-STRATEGY] Balance: $5000.00 USD | Posiciones: 0 | Estrategias: 3
2026-08-19 19:20:53,389 [INFO] 📊 [PULSO PAPER MULTI-STRATEGY] Balance: $5000.00 USD | Posiciones: 0 | Estrategias: 3
2026-08-19 19:22:02,420 [INFO] 📊 [PULSO PAPER MULTI-STRATEGY] Balance: $5000.00 USD | Posiciones: 0 | Estrategias: 3
2026-08-19 19:23:10,105 [INFO] 📊 [PULSO PAPER MULTI-STRATEGY] Balance: $5000.00 USD | Posiciones: 0 | Estrategias: 3
2026-08-19 19:24:20,137 [INFO] 📊 [PULSO PAPER MULTI-STRATEGY] Balance: $5000.00 USD | Posiciones: 0 | Estrategias: 3
2026-08-19 19:25:29,670 [INFO] 📊 [PULSO PAPER MULTI-STRATEGY] Balance: $5000.00 USD | Posiciones: 0 | Estrategias: 3
2026-08-19 19:26:38,715 [INFO] 📊 [PULSO PAPER MULTI-STRATEGY] Balance: $5000.00 USD | Posiciones: 0 | Estrategias: 3
2026-08-19 19:27:46,934 [INFO] 📊 [PULSO PAPER MULTI-STRATEGY] Balance: $5000.00 USD | Posiciones: 0 | Estrategias: 3
2026-08-19 19:28:55,234 [INFO] 📊 [PULSO PAPER MULTI-STRATEGY] Balance: $5000.00 USD | Posiciones: 0 | Estrategias: 3
2026-08-19 19:30:03,513 [INFO] 📊 [PULSO PAPER MULTI-STRATEGY] Balance: $5000.00 USD | Posiciones: 0 | Estrategias: 3
2026-08-19 19:31:12,605 [INFO] 📊 [PULSO PAPER MULTI-STRATEGY] Balance: $5000.00 USD | Posiciones: 0 | Estrategias: 3
2026-08-19 19:32:21,499 [INFO] 📊 [PULSO PAPER MULTI-STRATEGY] Balance: $5000.00 USD | Posiciones: 0 | Estrategias: 3
2026-08-19 19:33:29,334 [INFO] 📊 [PULSO PAPER MULTI-STRATEGY] Balance: $5000.00 USD | Posiciones: 0 | Estrategias: 3
2026-08-19 19:34:37,658 [INFO] 📊 [PULSO PAPER MULTI-STRATEGY] Balance: $5000.00 USD | Posiciones: 0 | Estrategias: 3
2026-08-19 19:35:46,130 [INFO] 📊 [PULSO PAPER MULTI-STRATEGY] Balance: $5000.00 USD | Posiciones: 0 | Estrategias: 3
2026-08-19 19:36:53,026 [INFO] 📊 [PULSO PAPER MULTI-STRATEGY] Balance: $5000.00 USD | Posiciones: 0 | Estrategias: 3
2026-08-19 19:38:01,250 [INFO] 📊 [PULSO PAPER MULTI-STRATEGY] Balance: $5000.00 USD | Posiciones: 0 | Estrategias: 3
2026-08-19 19:39:08,660 [INFO] 📊 [PULSO PAPER MULTI-STRATEGY] Balance: $5000.00 USD | Posiciones: 0 | Estrategias: 3
2026-08-19 19:40:17,502 [INFO] 📊 [PULSO PAPER MULTI-STRATEGY] Balance: $5000.00 USD | Posiciones: 0 | Estrategias: 3
2026-08-19 19:41:25,603 [INFO] 📊 [PULSO PAPER MULTI-STRATEGY] Balance: $5000.00 USD | Posiciones: 0 | Estrategias: 3
2026-08-19 19:42:33,517 [INFO] 📊 [PULSO PAPER MULTI-STRATEGY] Balance: $5000.00 USD | Posiciones: 0 | Estrategias: 3
2026-08-19 19:43:42,138 [INFO] 📊 [PULSO PAPER MULTI-STRATEGY] Balance: $5000.00 USD | Posiciones: 0 | Estrategias: 3
2026-08-19 19:44:49,817 [INFO] 📊 [PULSO PAPER MULTI-STRATEGY] Balance: $5000.00 USD | Posiciones: 0 | Estrategias: 3
2026-08-19 19:45:57,782 [INFO] 📊 [PULSO PAPER MULTI-STRATEGY] Balance: $5000.00 USD | Posiciones: 0 | Estrategias: 3
2026-08-19 19:47:06,051 [INFO] 📊 [PULSO PAPER MULTI-STRATEGY] Balance: $5000.00 USD | Posiciones: 0 | Estrategias: 3
2026-08-19 19:48:14,740 [INFO] 📊 [PULSO PAPER MULTI-STRATEGY] Balance: $5000.00 USD | Posiciones: 0 | Estrategias: 3
2026-08-19 19:49:22,756 [INFO] 📊 [PULSO PAPER MULTI-STRATEGY] Balance: $5000.00 USD | Posiciones: 0 | Estrategias: 3
2026-08-19 19:50:31,728 [INFO] 📊 [PULSO PAPER MULTI-STRATEGY] Balance: $5000.00 USD | Posiciones: 0 | Estrategias: 3
2026-08-19 19:51:40,010 [INFO] 📊 [PULSO PAPER MULTI-STRATEGY] Balance: $5000.00 USD | Posiciones: 0 | Estrategias: 3
2026-08-19 19:52:47,744 [INFO] 📊 [PULSO PAPER MULTI-STRATEGY] Balance: $5000.00 USD | Posiciones: 0 | Estrategias: 3
2026-08-19 19:53:55,382 [INFO] 📊 [PULSO PAPER MULTI-STRATEGY] Balance: $5000.00 USD | Posiciones: 0 | Estrategias: 3
2026-08-19 19:55:04,147 [INFO] 📊 [PULSO PAPER MULTI-STRATEGY] Balance: $5000.00 USD | Posiciones: 0 | Estrategias: 3
2026-08-19 19:56:13,521 [INFO] 📊 [PULSO PAPER MULTI-STRATEGY] Balance: $5000.00 USD | Posiciones: 0 | Estrategias: 3
2026-08-19 19:57:21,548 [INFO] 📊 [PULSO PAPER MULTI-STRATEGY] Balance: $5000.00 USD | Posiciones: 0 | Estrategias: 3
2026-08-19 19:58:29,771 [INFO] 📊 [PULSO PAPER MULTI-STRATEGY] Balance: $5000.00 USD | Posiciones: 0 | Estrategias: 3
2026-08-19 19:59:38,638 [INFO] 📊 [PULSO PAPER MULTI-STRATEGY] Balance: $5000.00 USD | Posiciones: 0 | Estrategias: 3
2026-08-19 20:00:46,555 [INFO] 📊 [PULSO PAPER MULTI-STRATEGY] Balance: $5000.00 USD | Posiciones: 0 | Estrategias: 3
2026-08-19 20:01:54,221 [INFO] 📊 [PULSO PAPER MULTI-STRATEGY] Balance: $5000.00 USD | Posiciones: 0 | Estrategias: 3
2026-08-19 20:03:03,436 [INFO] 📊 [PULSO PAPER MULTI-STRATEGY] Balance: $5000.00 USD | Posiciones: 0 | Estrategias: 3
2026-08-19 20:04:11,758 [INFO] 📊 [PULSO PAPER MULTI-STRATEGY] Balance: $5000.00 USD | Posiciones: 0 | Estrategias: 3
2026-08-19 20:05:20,141 [INFO] 📊 [PULSO PAPER MULTI-STRATEGY] Balance: $5000.00 USD | Posiciones: 0 | Estrategias: 3
2026-08-19 20:06:30,172 [INFO] 📊 [PULSO PAPER MULTI-STRATEGY] Balance: $5000.00 USD | Posiciones: 0 | Estrategias: 3
2026-08-19 20:07:37,786 [INFO] 📊 [PULSO PAPER MULTI-STRATEGY] Balance: $5000.00 USD | Posiciones: 0 | Estrategias: 3
2026-08-19 20:08:46,113 [INFO] 📊 [PULSO PAPER MULTI-STRATEGY] Balance: $5000.00 USD | Posiciones: 0 | Estrategias: 3
2026-08-19 20:09:54,248 [INFO] 📊 [PULSO PAPER MULTI-STRATEGY] Balance: $5000.00 USD | Posiciones: 0 | Estrategias: 3
2026-08-19 20:11:01,809 [INFO] 📊 [PULSO PAPER MULTI-STRATEGY] Balance: $5000.00 USD | Posiciones: 0 | Estrategias: 3
2026-08-19 20:12:10,949 [INFO] 📊 [PULSO PAPER MULTI-STRATEGY] Balance: $5000.00 USD | Posiciones: 0 | Estrategias: 3
2026-08-19 20:13:19,984 [INFO] 📊 [PULSO PAPER MULTI-STRATEGY] Balance: $5000.00 USD | Posiciones: 0 | Estrategias: 3
2026-08-19 20:14:28,788 [INFO] 📊 [PULSO PAPER MULTI-STRATEGY] Balance: $5000.00 USD | Posiciones: 0 | Estrategias: 3
2026-08-19 20:15:38,061 [INFO] 📊 [PULSO PAPER MULTI-STRATEGY] Balance: $5000.00 USD | Posiciones: 0 | Estrategias: 3
2026-08-19 20:16:45,184 [INFO] 📊 [PULSO PAPER MULTI-STRATEGY] Balance: $5000.00 USD | Posiciones: 0 | Estrategias: 3
2026-08-19 20:17:54,344 [INFO] 📊 [PULSO PAPER MULTI-STRATEGY] Balance: $5000.00 USD | Posiciones: 0 | Estrategias: 3
2026-08-19 20:19:03,976 [INFO] 📊 [PULSO PAPER MULTI-STRATEGY] Balance: $5000.00 USD | Posiciones: 0 | Estrategias: 3
2026-08-19 20:20:14,093 [INFO] 📊 [PULSO PAPER MULTI-STRATEGY] Balance: $5000.00 USD | Posiciones: 0 | Estrategias: 3
2026-08-19 20:21:21,222 [INFO] 📊 [PULSO PAPER MULTI-STRATEGY] Balance: $5000.00 USD | Posiciones: 0 | Estrategias: 3
2026-08-19 20:22:30,032 [INFO] 📊 [PULSO PAPER MULTI-STRATEGY] Balance: $5000.00 USD | Posiciones: 0 | Estrategias: 3
2026-08-19 20:23:39,287 [INFO] 📊 [PULSO PAPER MULTI-STRATEGY] Balance: $5000.00 USD | Posiciones: 0 | Estrategias: 3
2026-08-19 20:24:47,970 [INFO] 📊 [PULSO PAPER MULTI-STRATEGY] Balance: $5000.00 USD | Posiciones: 0 | Estrategias: 3
2026-08-19 20:25:57,106 [INFO] 📊 [PULSO PAPER MULTI-STRATEGY] Balance: $5000.00 USD | Posiciones: 0 | Estrategias: 3
2026-08-19 20:27:05,727 [INFO] 📊 [PULSO PAPER MULTI-STRATEGY] Balance: $5000.00 USD | Posiciones: 0 | Estrategias: 3
2026-08-19 20:28:12,670 [INFO] 📊 [PULSO PAPER MULTI-STRATEGY] Balance: $5000.00 USD | Posiciones: 0 | Estrategias: 3
2026-08-19 20:29:22,517 [INFO] 📊 [PULSO PAPER MULTI-STRATEGY] Balance: $5000.00 USD | Posiciones: 0 | Estrategias: 3
2026-08-19 20:30:30,375 [INFO] 📊 [PULSO PAPER MULTI-STRATEGY] Balance: $5000.00 USD | Posiciones: 0 | Estrategias: 3
2026-08-19 20:31:39,428 [INFO] 📊 [PULSO PAPER MULTI-STRATEGY] Balance: $5000.00 USD | Posiciones: 0 | Estrategias: 3
2026-08-19 20:32:47,734 [INFO] 📊 [PULSO PAPER MULTI-STRATEGY] Balance: $5000.00 USD | Posiciones: 0 | Estrategias: 3
2026-08-19 20:33:57,068 [INFO] 📊 [PULSO PAPER MULTI-STRATEGY] Balance: $5000.00 USD | Posiciones: 0 | Estrategias: 3
2026-08-19 20:35:05,685 [INFO] 📊 [PULSO PAPER MULTI-STRATEGY] Balance: $5000.00 USD | Posiciones: 0 | Estrategias: 3
2026-08-19 20:36:14,894 [INFO] 📊 [PULSO PAPER MULTI-STRATEGY] Balance: $5000.00 USD | Posiciones: 0 | Estrategias: 3
2026-08-19 20:37:25,458 [INFO] 📊 [PULSO PAPER MULTI-STRATEGY] Balance: $5000.00 USD | Posiciones: 0 | Estrategias: 3
2026-08-19 20:38:33,731 [INFO] 📊 [PULSO PAPER MULTI-STRATEGY] Balance: $5000.00 USD | Posiciones: 0 | Estrategias: 3
2026-08-19 20:39:43,278 [INFO] 📊 [PULSO PAPER MULTI-STRATEGY] Balance: $5000.00 USD | Posiciones: 0 | Estrategias: 3
2026-08-19 20:40:50,950 [INFO] 📊 [PULSO PAPER MULTI-STRATEGY] Balance: $5000.00 USD | Posiciones: 0 | Estrategias: 3
2026-08-19 20:42:00,175 [INFO] 📊 [PULSO PAPER MULTI-STRATEGY] Balance: $5000.00 USD | Posiciones: 0 | Estrategias: 3
2026-08-19 20:43:08,520 [INFO] 📊 [PULSO PAPER MULTI-STRATEGY] Balance: $5000.00 USD | Posiciones: 0 | Estrategias: 3
2026-08-19 20:44:18,086 [INFO] 📊 [PULSO PAPER MULTI-STRATEGY] Balance: $5000.00 USD | Posiciones: 0 | Estrategias: 3
2026-08-19 20:45:26,047 [INFO] 📊 [PULSO PAPER MULTI-STRATEGY] Balance: $5000.00 USD | Posiciones: 0 | Estrategias: 3
2026-08-19 20:46:35,148 [INFO] 📊 [PULSO PAPER MULTI-STRATEGY] Balance: $5000.00 USD | Posiciones: 0 | Estrategias: 3
2026-08-19 20:47:42,774 [INFO] 📊 [PULSO PAPER MULTI-STRATEGY] Balance: $5000.00 USD | Posiciones: 0 | Estrategias: 3
2026-08-19 20:48:50,827 [INFO] 📊 [PULSO PAPER MULTI-STRATEGY] Balance: $5000.00 USD | Posiciones: 0 | Estrategias: 3
2026-08-19 20:49:58,927 [INFO] 📊 [PULSO PAPER MULTI-STRATEGY] Balance: $5000.00 USD | Posiciones: 0 | Estrategias: 3
2026-08-19 20:51:06,494 [INFO] 📊 [PULSO PAPER MULTI-STRATEGY] Balance: $5000.00 USD | Posiciones: 0 | Estrategias: 3
2026-08-19 20:52:13,383 [INFO] 📊 [PULSO PAPER MULTI-STRATEGY] Balance: $5000.00 USD | Posiciones: 0 | Estrategias: 3
2026-08-19 20:53:20,657 [INFO] 📊 [PULSO PAPER MULTI-STRATEGY] Balance: $5000.00 USD | Posiciones: 0 | Estrategias: 3
2026-08-19 20:54:28,585 [INFO] 📊 [PULSO PAPER MULTI-STRATEGY] Balance: $5000.00 USD | Posiciones: 0 | Estrategias: 3
2026-08-19 20:55:36,800 [INFO] 📊 [PULSO PAPER MULTI-STRATEGY] Balance: $5000.00 USD | Posiciones: 0 | Estrategias: 3
2026-08-19 20:56:44,768 [INFO] 📊 [PULSO PAPER MULTI-STRATEGY] Balance: $5000.00 USD | Posiciones: 0 | Estrategias: 3
2026-08-19 20:57:51,609 [INFO] 📊 [PULSO PAPER MULTI-STRATEGY] Balance: $5000.00 USD | Posiciones: 0 | Estrategias: 3
2026-08-19 20:58:58,389 [INFO] 📊 [PULSO PAPER MULTI-STRATEGY] Balance: $5000.00 USD | Posiciones: 0 | Estrategias: 3
2026-08-19 21:00:06,096 [INFO] 📊 [PULSO PAPER MULTI-STRATEGY] Balance: $5000.00 USD | Posiciones: 0 | Estrategias: 3
2026-08-19 21:01:14,607 [INFO] 📊 [PULSO PAPER MULTI-STRATEGY] Balance: $5000.00 USD | Posiciones: 0 | Estrategias: 3
2026-08-19 21:02:21,638 [INFO] 📊 [PULSO PAPER MULTI-STRATEGY] Balance: $5000.00 USD | Posiciones: 0 | Estrategias: 3
2026-08-19 21:03:28,515 [INFO] 📊 [PULSO PAPER MULTI-STRATEGY] Balance: $5000.00 USD | Posiciones: 0 | Estrategias: 3
2026-08-19 21:04:36,588 [INFO] 📊 [PULSO PAPER MULTI-STRATEGY] Balance: $5000.00 USD | Posiciones: 0 | Estrategias: 3
2026-08-19 21:05:43,805 [INFO] 📊 [PULSO PAPER MULTI-STRATEGY] Balance: $5000.00 USD | Posiciones: 0 | Estrategias: 3
2026-08-19 21:06:51,525 [INFO] 📊 [PULSO PAPER MULTI-STRATEGY] Balance: $5000.00 USD | Posiciones: 0 | Estrategias: 3
2026-08-19 21:07:58,678 [INFO] 📊 [PULSO PAPER MULTI-STRATEGY] Balance: $5000.00 USD | Posiciones: 0 | Estrategias: 3
2026-08-19 21:09:05,697 [INFO] 📊 [PULSO PAPER MULTI-STRATEGY] Balance: $5000.00 USD | Posiciones: 0 | Estrategias: 3
2026-08-19 21:10:12,679 [INFO] 📊 [PULSO PAPER MULTI-STRATEGY] Balance: $5000.00 USD | Posiciones: 0 | Estrategias: 3
2026-08-19 21:11:21,732 [INFO] 📊 [PULSO PAPER MULTI-STRATEGY] Balance: $5000.00 USD | Posiciones: 0 | Estrategias: 3
2026-08-19 21:12:29,835 [INFO] 📊 [PULSO PAPER MULTI-STRATEGY] Balance: $5000.00 USD | Posiciones: 0 | Estrategias: 3
2026-08-19 21:13:38,194 [INFO] 📊 [PULSO PAPER MULTI-STRATEGY] Balance: $5000.00 USD | Posiciones: 0 | Estrategias: 3
2026-08-19 21:14:45,506 [INFO] 📊 [PULSO PAPER MULTI-STRATEGY] Balance: $5000.00 USD | Posiciones: 0 | Estrategias: 3
2026-08-19 21:15:51,863 [INFO] 📊 [PULSO PAPER MULTI-STRATEGY] Balance: $5000.00 USD | Posiciones: 0 | Estrategias: 3
2026-08-19 21:17:00,637 [INFO] 📊 [PULSO PAPER MULTI-STRATEGY] Balance: $5000.00 USD | Posiciones: 0 | Estrategias: 3
2026-08-19 21:18:07,194 [INFO] 📊 [PULSO PAPER MULTI-STRATEGY] Balance: $5000.00 USD | Posiciones: 0 | Estrategias: 3
2026-08-19 21:19:14,982 [INFO] 📊 [PULSO PAPER MULTI-STRATEGY] Balance: $5000.00 USD | Posiciones: 0 | Estrategias: 3
2026-08-19 21:20:21,058 [INFO] 📊 [PULSO PAPER MULTI-STRATEGY] Balance: $5000.00 USD | Posiciones: 0 | Estrategias: 3
2026-08-19 21:21:28,935 [INFO] 📊 [PULSO PAPER MULTI-STRATEGY] Balance: $5000.00 USD | Posiciones: 0 | Estrategias: 3
2026-08-19 21:22:35,788 [INFO] 📊 [PULSO PAPER MULTI-STRATEGY] Balance: $5000.00 USD | Posiciones: 0 | Estrategias: 3
2026-08-19 21:23:43,008 [INFO] 📊 [PULSO PAPER MULTI-STRATEGY] Balance: $5000.00 USD | Posiciones: 0 | Estrategias: 3
2026-08-19 21:24:50,043 [INFO] 📊 [PULSO PAPER MULTI-STRATEGY] Balance: $5000.00 USD | Posiciones: 0 | Estrategias: 3
2026-08-19 21:25:57,111 [INFO] 📊 [PULSO PAPER MULTI-STRATEGY] Balance: $5000.00 USD | Posiciones: 0 | Estrategias: 3
2026-08-19 21:27:05,925 [INFO] 📊 [PULSO PAPER MULTI-STRATEGY] Balance: $5000.00 USD | Posiciones: 0 | Estrategias: 3
2026-08-19 21:28:14,308 [INFO] 📊 [PULSO PAPER MULTI-STRATEGY] Balance: $5000.00 USD | Posiciones: 0 | Estrategias: 3
2026-08-19 21:29:21,933 [INFO] 📊 [PULSO PAPER MULTI-STRATEGY] Balance: $5000.00 USD | Posiciones: 0 | Estrategias: 3
2026-08-19 21:30:29,697 [INFO] 📊 [PULSO PAPER MULTI-STRATEGY] Balance: $5000.00 USD | Posiciones: 0 | Estrategias: 3
2026-08-19 21:31:37,414 [INFO] 📊 [PULSO PAPER MULTI-STRATEGY] Balance: $5000.00 USD | Posiciones: 0 | Estrategias: 3
2026-08-19 21:32:45,996 [INFO] 📊 [PULSO PAPER MULTI-STRATEGY] Balance: $5000.00 USD | Posiciones: 0 | Estrategias: 3
2026-08-19 21:33:53,181 [INFO] 📊 [PULSO PAPER MULTI-STRATEGY] Balance: $5000.00 USD | Posiciones: 0 | Estrategias: 3
2026-08-19 21:35:01,163 [INFO] 📊 [PULSO PAPER MULTI-STRATEGY] Balance: $5000.00 USD | Posiciones: 0 | Estrategias: 3
2026-08-19 21:36:09,362 [INFO] 📊 [PULSO PAPER MULTI-STRATEGY] Balance: $5000.00 USD | Posiciones: 0 | Estrategias: 3
2026-08-19 21:37:16,256 [INFO] 📊 [PULSO PAPER MULTI-STRATEGY] Balance: $5000.00 USD | Posiciones: 0 | Estrategias: 3
2026-08-19 21:38:24,333 [INFO] 📊 [PULSO PAPER MULTI-STRATEGY] Balance: $5000.00 USD | Posiciones: 0 | Estrategias: 3
2026-08-19 21:39:32,599 [INFO] 📊 [PULSO PAPER MULTI-STRATEGY] Balance: $5000.00 USD | Posiciones: 0 | Estrategias: 3
2026-08-19 21:40:42,563 [INFO] 📊 [PULSO PAPER MULTI-STRATEGY] Balance: $5000.00 USD | Posiciones: 0 | Estrategias: 3
2026-08-19 21:41:51,796 [INFO] 📊 [PULSO PAPER MULTI-STRATEGY] Balance: $5000.00 USD | Posiciones: 0 | Estrategias: 3
2026-08-19 21:43:00,453 [INFO] 📊 [PULSO PAPER MULTI-STRATEGY] Balance: $5000.00 USD | Posiciones: 0 | Estrategias: 3
2026-08-19 21:44:08,708 [INFO] 📊 [PULSO PAPER MULTI-STRATEGY] Balance: $5000.00 USD | Posiciones: 0 | Estrategias: 3
2026-08-19 21:45:16,804 [INFO] 📊 [PULSO PAPER MULTI-STRATEGY] Balance: $5000.00 USD | Posiciones: 0 | Estrategias: 3
2026-08-19 21:46:26,123 [INFO] 📊 [PULSO PAPER MULTI-STRATEGY] Balance: $5000.00 USD | Posiciones: 0 | Estrategias: 3
2026-08-19 21:47:35,259 [INFO] 📊 [PULSO PAPER MULTI-STRATEGY] Balance: $5000.00 USD | Posiciones: 0 | Estrategias: 3
2026-08-19 21:48:42,622 [INFO] 📊 [PULSO PAPER MULTI-STRATEGY] Balance: $5000.00 USD | Posiciones: 0 | Estrategias: 3
2026-08-19 21:49:51,580 [INFO] 📊 [PULSO PAPER MULTI-STRATEGY] Balance: $5000.00 USD | Posiciones: 0 | Estrategias: 3
2026-08-19 21:51:00,259 [INFO] 📊 [PULSO PAPER MULTI-STRATEGY] Balance: $5000.00 USD | Posiciones: 0 | Estrategias: 3
2026-08-19 21:52:09,237 [INFO] 📊 [PULSO PAPER MULTI-STRATEGY] Balance: $5000.00 USD | Posiciones: 0 | Estrategias: 3
2026-08-19 21:53:17,427 [INFO] 📊 [PULSO PAPER MULTI-STRATEGY] Balance: $5000.00 USD | Posiciones: 0 | Estrategias: 3
2026-08-19 21:54:25,250 [INFO] 📊 [PULSO PAPER MULTI-STRATEGY] Balance: $5000.00 USD | Posiciones: 0 | Estrategias: 3
2026-08-19 21:55:32,903 [INFO] 📊 [PULSO PAPER MULTI-STRATEGY] Balance: $5000.00 USD | Posiciones: 0 | Estrategias: 3
2026-08-19 21:56:42,270 [INFO] 📊 [PULSO PAPER MULTI-STRATEGY] Balance: $5000.00 USD | Posiciones: 0 | Estrategias: 3
2026-08-19 21:57:50,995 [INFO] 📊 [PULSO PAPER MULTI-STRATEGY] Balance: $5000.00 USD | Posiciones: 0 | Estrategias: 3
2026-08-19 21:58:59,601 [INFO] 📊 [PULSO PAPER MULTI-STRATEGY] Balance: $5000.00 USD | Posiciones: 0 | Estrategias: 3
2026-08-19 22:00:07,444 [INFO] 📊 [PULSO PAPER MULTI-STRATEGY] Balance: $5000.00 USD | Posiciones: 0 | Estrategias: 3
2026-08-19 22:01:18,925 [INFO] 📊 [PULSO PAPER MULTI-STRATEGY] Balance: $5000.00 USD | Posiciones: 0 | Estrategias: 3
2026-08-19 22:02:27,660 [INFO] 📊 [PULSO PAPER MULTI-STRATEGY] Balance: $5000.00 USD | Posiciones: 0 | Estrategias: 3
2026-08-19 22:03:35,778 [INFO] 📊 [PULSO PAPER MULTI-STRATEGY] Balance: $5000.00 USD | Posiciones: 0 | Estrategias: 3
2026-08-19 22:04:43,947 [INFO] 📊 [PULSO PAPER MULTI-STRATEGY] Balance: $5000.00 USD | Posiciones: 0 | Estrategias: 3
2026-08-19 22:05:51,061 [INFO] 📊 [PULSO PAPER MULTI-STRATEGY] Balance: $5000.00 USD | Posiciones: 0 | Estrategias: 3
2026-08-19 22:06:59,683 [INFO] 📊 [PULSO PAPER MULTI-STRATEGY] Balance: $5000.00 USD | Posiciones: 0 | Estrategias: 3
2026-08-19 22:08:08,096 [INFO] 📊 [PULSO PAPER MULTI-STRATEGY] Balance: $5000.00 USD | Posiciones: 0 | Estrategias: 3
2026-08-19 22:09:17,570 [INFO] 📊 [PULSO PAPER MULTI-STRATEGY] Balance: $5000.00 USD | Posiciones: 0 | Estrategias: 3
2026-08-19 22:10:26,306 [INFO] 📊 [PULSO PAPER MULTI-STRATEGY] Balance: $5000.00 USD | Posiciones: 0 | Estrategias: 3
2026-08-19 22:11:34,684 [INFO] 📊 [PULSO PAPER MULTI-STRATEGY] Balance: $5000.00 USD | Posiciones: 0 | Estrategias: 3
2026-08-19 22:12:43,996 [INFO] 📊 [PULSO PAPER MULTI-STRATEGY] Balance: $5000.00 USD | Posiciones: 0 | Estrategias: 3
2026-08-19 22:13:51,773 [INFO] 📊 [PULSO PAPER MULTI-STRATEGY] Balance: $5000.00 USD | Posiciones: 0 | Estrategias: 3
2026-08-19 22:15:01,167 [INFO] 📊 [PULSO PAPER MULTI-STRATEGY] Balance: $5000.00 USD | Posiciones: 0 | Estrategias: 3
2026-08-19 22:16:09,223 [INFO] 📊 [PULSO PAPER MULTI-STRATEGY] Balance: $5000.00 USD | Posiciones: 0 | Estrategias: 3
2026-08-19 22:17:18,326 [INFO] 📊 [PULSO PAPER MULTI-STRATEGY] Balance: $5000.00 USD | Posiciones: 0 | Estrategias: 3
2026-08-19 22:18:27,553 [INFO] 📊 [PULSO PAPER MULTI-STRATEGY] Balance: $5000.00 USD | Posiciones: 0 | Estrategias: 3
2026-08-19 22:19:36,966 [INFO] 📊 [PULSO PAPER MULTI-STRATEGY] Balance: $5000.00 USD | Posiciones: 0 | Estrategias: 3
2026-08-19 22:20:46,141 [INFO] 📊 [PULSO PAPER MULTI-STRATEGY] Balance: $5000.00 USD | Posiciones: 0 | Estrategias: 3
2026-08-19 22:21:55,266 [INFO] 📊 [PULSO PAPER MULTI-STRATEGY] Balance: $5000.00 USD | Posiciones: 0 | Estrategias: 3
2026-08-19 22:23:05,171 [INFO] 📊 [PULSO PAPER MULTI-STRATEGY] Balance: $5000.00 USD | Posiciones: 0 | Estrategias: 3
2026-08-19 22:24:13,440 [INFO] 📊 [PULSO PAPER MULTI-STRATEGY] Balance: $5000.00 USD | Posiciones: 0 | Estrategias: 3
2026-08-19 22:25:21,299 [INFO] 📊 [PULSO PAPER MULTI-STRATEGY] Balance: $5000.00 USD | Posiciones: 0 | Estrategias: 3
2026-08-19 22:26:30,320 [INFO] 📊 [PULSO PAPER MULTI-STRATEGY] Balance: $5000.00 USD | Posiciones: 0 | Estrategias: 3
2026-08-19 22:27:38,935 [INFO] 📊 [PULSO PAPER MULTI-STRATEGY] Balance: $5000.00 USD | Posiciones: 0 | Estrategias: 3
2026-08-19 22:28:48,258 [INFO] 📊 [PULSO PAPER MULTI-STRATEGY] Balance: $5000.00 USD | Posiciones: 0 | Estrategias: 3
2026-08-19 22:29:58,475 [INFO] 📊 [PULSO PAPER MULTI-STRATEGY] Balance: $5000.00 USD | Posiciones: 0 | Estrategias: 3
2026-08-19 22:31:08,920 [INFO] 📊 [PULSO PAPER MULTI-STRATEGY] Balance: $5000.00 USD | Posiciones: 0 | Estrategias: 3
2026-08-19 22:32:17,544 [INFO] 📊 [PULSO PAPER MULTI-STRATEGY] Balance: $5000.00 USD | Posiciones: 0 | Estrategias: 3
2026-08-19 22:33:29,045 [INFO] 📊 [PULSO PAPER MULTI-STRATEGY] Balance: $5000.00 USD | Posiciones: 0 | Estrategias: 3
2026-08-19 22:34:37,816 [INFO] 📊 [PULSO PAPER MULTI-STRATEGY] Balance: $5000.00 USD | Posiciones: 0 | Estrategias: 3
2026-08-19 22:35:47,152 [INFO] 📊 [PULSO PAPER MULTI-STRATEGY] Balance: $5000.00 USD | Posiciones: 0 | Estrategias: 3
2026-08-19 22:36:55,597 [INFO] 📊 [PULSO PAPER MULTI-STRATEGY] Balance: $5000.00 USD | Posiciones: 0 | Estrategias: 3
2026-08-19 22:38:05,114 [INFO] 📊 [PULSO PAPER MULTI-STRATEGY] Balance: $5000.00 USD | Posiciones: 0 | Estrategias: 3
2026-08-19 22:39:14,026 [INFO] 📊 [PULSO PAPER MULTI-STRATEGY] Balance: $5000.00 USD | Posiciones: 0 | Estrategias: 3
2026-08-19 22:40:22,354 [INFO] 📊 [PULSO PAPER MULTI-STRATEGY] Balance: $5000.00 USD | Posiciones: 0 | Estrategias: 3
2026-08-19 22:41:31,884 [INFO] 📊 [PULSO PAPER MULTI-STRATEGY] Balance: $5000.00 USD | Posiciones: 0 | Estrategias: 3
2026-08-19 22:42:40,477 [INFO] 📊 [PULSO PAPER MULTI-STRATEGY] Balance: $5000.00 USD | Posiciones: 0 | Estrategias: 3
2026-08-19 22:43:49,184 [INFO] 📊 [PULSO PAPER MULTI-STRATEGY] Balance: $5000.00 USD | Posiciones: 0 | Estrategias: 3
2026-08-19 22:44:58,787 [INFO] 📊 [PULSO PAPER MULTI-STRATEGY] Balance: $5000.00 USD | Posiciones: 0 | Estrategias: 3
2026-08-19 22:46:08,662 [INFO] 📊 [PULSO PAPER MULTI-STRATEGY] Balance: $5000.00 USD | Posiciones: 0 | Estrategias: 3
2026-08-19 22:47:17,181 [INFO] 📊 [PULSO PAPER MULTI-STRATEGY] Balance: $5000.00 USD | Posiciones: 0 | Estrategias: 3
2026-08-19 22:48:25,504 [INFO] 📊 [PULSO PAPER MULTI-STRATEGY] Balance: $5000.00 USD | Posiciones: 0 | Estrategias: 3
2026-08-19 22:49:34,124 [INFO] 📊 [PULSO PAPER MULTI-STRATEGY] Balance: $5000.00 USD | Posiciones: 0 | Estrategias: 3
2026-08-19 22:50:42,773 [INFO] 📊 [PULSO PAPER MULTI-STRATEGY] Balance: $5000.00 USD | Posiciones: 0 | Estrategias: 3
2026-08-19 22:51:49,599 [INFO] 📊 [PULSO PAPER MULTI-STRATEGY] Balance: $5000.00 USD | Posiciones: 0 | Estrategias: 3
2026-08-19 22:52:57,848 [INFO] 📊 [PULSO PAPER MULTI-STRATEGY] Balance: $5000.00 USD | Posiciones: 0 | Estrategias: 3
2026-08-19 22:54:06,492 [INFO] 📊 [PULSO PAPER MULTI-STRATEGY] Balance: $5000.00 USD | Posiciones: 0 | Estrategias: 3
2026-08-19 22:55:14,546 [INFO] 📊 [PULSO PAPER MULTI-STRATEGY] Balance: $5000.00 USD | Posiciones: 0 | Estrategias: 3
2026-08-19 22:56:22,835 [INFO] 📊 [PULSO PAPER MULTI-STRATEGY] Balance: $5000.00 USD | Posiciones: 0 | Estrategias: 3
2026-08-19 22:57:31,058 [INFO] 📊 [PULSO PAPER MULTI-STRATEGY] Balance: $5000.00 USD | Posiciones: 0 | Estrategias: 3
2026-08-19 22:58:40,609 [INFO] 📊 [PULSO PAPER MULTI-STRATEGY] Balance: $5000.00 USD | Posiciones: 0 | Estrategias: 3
2026-08-19 22:59:49,386 [INFO] 📊 [PULSO PAPER MULTI-STRATEGY] Balance: $5000.00 USD | Posiciones: 0 | Estrategias: 3
2026-08-19 23:00:57,687 [INFO] 📊 [PULSO PAPER MULTI-STRATEGY] Balance: $5000.00 USD | Posiciones: 0 | Estrategias: 3
2026-08-19 23:02:06,200 [INFO] 📊 [PULSO PAPER MULTI-STRATEGY] Balance: $5000.00 USD | Posiciones: 0 | Estrategias: 3
2026-08-19 23:03:13,919 [INFO] 📊 [PULSO PAPER MULTI-STRATEGY] Balance: $5000.00 USD | Posiciones: 0 | Estrategias: 3
2026-08-19 23:04:21,497 [INFO] 📊 [PULSO PAPER MULTI-STRATEGY] Balance: $5000.00 USD | Posiciones: 0 | Estrategias: 3
2026-08-19 23:05:29,961 [INFO] 📊 [PULSO PAPER MULTI-STRATEGY] Balance: $5000.00 USD | Posiciones: 0 | Estrategias: 3
2026-08-19 23:06:37,979 [INFO] 📊 [PULSO PAPER MULTI-STRATEGY] Balance: $5000.00 USD | Posiciones: 0 | Estrategias: 3
2026-08-19 23:07:46,174 [INFO] 📊 [PULSO PAPER MULTI-STRATEGY] Balance: $5000.00 USD | Posiciones: 0 | Estrategias: 3
2026-08-19 23:08:54,154 [INFO] 📊 [PULSO PAPER MULTI-STRATEGY] Balance: $5000.00 USD | Posiciones: 0 | Estrategias: 3
2026-08-19 23:10:02,563 [INFO] 📊 [PULSO PAPER MULTI-STRATEGY] Balance: $5000.00 USD | Posiciones: 0 | Estrategias: 3
2026-08-19 23:11:09,121 [INFO] 📊 [PULSO PAPER MULTI-STRATEGY] Balance: $5000.00 USD | Posiciones: 0 | Estrategias: 3
2026-08-19 23:12:16,200 [INFO] 📊 [PULSO PAPER MULTI-STRATEGY] Balance: $5000.00 USD | Posiciones: 0 | Estrategias: 3
2026-08-19 23:13:23,089 [INFO] 📊 [PULSO PAPER MULTI-STRATEGY] Balance: $5000.00 USD | Posiciones: 0 | Estrategias: 3
2026-08-19 23:14:29,590 [INFO] 📊 [PULSO PAPER MULTI-STRATEGY] Balance: $5000.00 USD | Posiciones: 0 | Estrategias: 3
2026-08-19 23:15:36,819 [INFO] 📊 [PULSO PAPER MULTI-STRATEGY] Balance: $5000.00 USD | Posiciones: 0 | Estrategias: 3
2026-08-19 23:16:43,415 [INFO] 📊 [PULSO PAPER MULTI-STRATEGY] Balance: $5000.00 USD | Posiciones: 0 | Estrategias: 3
2026-08-19 23:17:51,269 [INFO] 📊 [PULSO PAPER MULTI-STRATEGY] Balance: $5000.00 USD | Posiciones: 0 | Estrategias: 3
2026-08-19 23:18:58,638 [INFO] 📊 [PULSO PAPER MULTI-STRATEGY] Balance: $5000.00 USD | Posiciones: 0 | Estrategias: 3
2026-08-19 23:20:06,863 [INFO] 📊 [PULSO PAPER MULTI-STRATEGY] Balance: $5000.00 USD | Posiciones: 0 | Estrategias: 3
2026-08-19 23:21:14,307 [INFO] 📊 [PULSO PAPER MULTI-STRATEGY] Balance: $5000.00 USD | Posiciones: 0 | Estrategias: 3
2026-08-19 23:22:21,866 [INFO] 📊 [PULSO PAPER MULTI-STRATEGY] Balance: $5000.00 USD | Posiciones: 0 | Estrategias: 3
2026-08-19 23:23:29,480 [INFO] 📊 [PULSO PAPER MULTI-STRATEGY] Balance: $5000.00 USD | Posiciones: 0 | Estrategias: 3
2026-08-19 23:24:37,582 [INFO] 📊 [PULSO PAPER MULTI-STRATEGY] Balance: $5000.00 USD | Posiciones: 0 | Estrategias: 3
2026-08-19 23:25:45,224 [INFO] 📊 [PULSO PAPER MULTI-STRATEGY] Balance: $5000.00 USD | Posiciones: 0 | Estrategias: 3
2026-08-19 23:26:52,713 [INFO] 📊 [PULSO PAPER MULTI-STRATEGY] Balance: $5000.00 USD | Posiciones: 0 | Estrategias: 3
2026-08-19 23:27:59,888 [INFO] 📊 [PULSO PAPER MULTI-STRATEGY] Balance: $5000.00 USD | Posiciones: 0 | Estrategias: 3
2026-08-19 23:29:06,001 [INFO] 📊 [PULSO PAPER MULTI-STRATEGY] Balance: $5000.00 USD | Posiciones: 0 | Estrategias: 3
2026-08-19 23:30:13,237 [INFO] 📊 [PULSO PAPER MULTI-STRATEGY] Balance: $5000.00 USD | Posiciones: 0 | Estrategias: 3
2026-08-19 23:31:22,744 [INFO] 📊 [PULSO PAPER MULTI-STRATEGY] Balance: $5000.00 USD | Posiciones: 0 | Estrategias: 3
2026-08-19 23:32:31,049 [INFO] 📊 [PULSO PAPER MULTI-STRATEGY] Balance: $5000.00 USD | Posiciones: 0 | Estrategias: 3
2026-08-19 23:33:38,547 [INFO] 📊 [PULSO PAPER MULTI-STRATEGY] Balance: $5000.00 USD | Posiciones: 0 | Estrategias: 3
2026-08-19 23:34:46,624 [INFO] 📊 [PULSO PAPER MULTI-STRATEGY] Balance: $5000.00 USD | Posiciones: 0 | Estrategias: 3
2026-08-19 23:35:54,045 [INFO] 📊 [PULSO PAPER MULTI-STRATEGY] Balance: $5000.00 USD | Posiciones: 0 | Estrategias: 3
2026-08-19 23:37:02,320 [INFO] 📊 [PULSO PAPER MULTI-STRATEGY] Balance: $5000.00 USD | Posiciones: 0 | Estrategias: 3
2026-08-19 23:38:11,024 [INFO] 📊 [PULSO PAPER MULTI-STRATEGY] Balance: $5000.00 USD | Posiciones: 0 | Estrategias: 3
2026-08-19 23:39:19,757 [INFO] 📊 [PULSO PAPER MULTI-STRATEGY] Balance: $5000.00 USD | Posiciones: 0 | Estrategias: 3
2026-08-19 23:40:27,442 [INFO] 📊 [PULSO PAPER MULTI-STRATEGY] Balance: $5000.00 USD | Posiciones: 0 | Estrategias: 3
2026-08-19 23:41:34,556 [INFO] 📊 [PULSO PAPER MULTI-STRATEGY] Balance: $5000.00 USD | Posiciones: 0 | Estrategias: 3
2026-08-19 23:42:42,120 [INFO] 📊 [PULSO PAPER MULTI-STRATEGY] Balance: $5000.00 USD | Posiciones: 0 | Estrategias: 3
2026-08-19 23:43:49,031 [INFO] 📊 [PULSO PAPER MULTI-STRATEGY] Balance: $5000.00 USD | Posiciones: 0 | Estrategias: 3
2026-08-19 23:44:56,633 [INFO] 📊 [PULSO PAPER MULTI-STRATEGY] Balance: $5000.00 USD | Posiciones: 0 | Estrategias: 3
2026-08-19 23:46:03,808 [INFO] 📊 [PULSO PAPER MULTI-STRATEGY] Balance: $5000.00 USD | Posiciones: 0 | Estrategias: 3
2026-08-19 23:47:11,024 [INFO] 📊 [PULSO PAPER MULTI-STRATEGY] Balance: $5000.00 USD | Posiciones: 0 | Estrategias: 3
2026-08-19 23:48:18,714 [INFO] 📊 [PULSO PAPER MULTI-STRATEGY] Balance: $5000.00 USD | Posiciones: 0 | Estrategias: 3
2026-08-19 23:49:28,086 [INFO] 📊 [PULSO PAPER MULTI-STRATEGY] Balance: $5000.00 USD | Posiciones: 0 | Estrategias: 3
2026-08-19 23:50:36,780 [INFO] 📊 [PULSO PAPER MULTI-STRATEGY] Balance: $5000.00 USD | Posiciones: 0 | Estrategias: 3
2026-08-19 23:51:45,630 [INFO] 📊 [PULSO PAPER MULTI-STRATEGY] Balance: $5000.00 USD | Posiciones: 0 | Estrategias: 3
2026-08-19 23:52:53,978 [INFO] 📊 [PULSO PAPER MULTI-STRATEGY] Balance: $5000.00 USD | Posiciones: 0 | Estrategias: 3
2026-08-19 23:54:02,320 [INFO] 📊 [PULSO PAPER MULTI-STRATEGY] Balance: $5000.00 USD | Posiciones: 0 | Estrategias: 3
2026-08-19 23:55:09,891 [INFO] 📊 [PULSO PAPER MULTI-STRATEGY] Balance: $5000.00 USD | Posiciones: 0 | Estrategias: 3
2026-08-19 23:56:17,055 [INFO] 📊 [PULSO PAPER MULTI-STRATEGY] Balance: $5000.00 USD | Posiciones: 0 | Estrategias: 3
2026-08-19 23:57:26,642 [INFO] 📊 [PULSO PAPER MULTI-STRATEGY] Balance: $5000.00 USD | Posiciones: 0 | Estrategias: 3
2026-08-19 23:58:34,224 [INFO] 📊 [PULSO PAPER MULTI-STRATEGY] Balance: $5000.00 USD | Posiciones: 0 | Estrategias: 3
2026-08-19 23:59:44,507 [INFO] 📊 [PULSO PAPER MULTI-STRATEGY] Balance: $5000.00 USD | Posiciones: 0 | Estrategias: 3
2026-08-20 00:00:53,487 [INFO] 📊 [PULSO PAPER MULTI-STRATEGY] Balance: $5000.00 USD | Posiciones: 0 | Estrategias: 3
2026-08-20 00:02:01,127 [INFO] 📊 [PULSO PAPER MULTI-STRATEGY] Balance: $5000.00 USD | Posiciones: 0 | Estrategias: 3
2026-08-20 00:03:09,146 [INFO] 📊 [PULSO PAPER MULTI-STRATEGY] Balance: $5000.00 USD | Posiciones: 0 | Estrategias: 3
2026-08-20 00:04:17,177 [INFO] 📊 [PULSO PAPER MULTI-STRATEGY] Balance: $5000.00 USD | Posiciones: 0 | Estrategias: 3
2026-08-20 00:05:25,280 [INFO] 📊 [PULSO PAPER MULTI-STRATEGY] Balance: $5000.00 USD | Posiciones: 0 | Estrategias: 3
2026-08-20 00:06:34,238 [INFO] 📊 [PULSO PAPER MULTI-STRATEGY] Balance: $5000.00 USD | Posiciones: 0 | Estrategias: 3
2026-08-20 00:07:41,882 [INFO] 📊 [PULSO PAPER MULTI-STRATEGY] Balance: $5000.00 USD | Posiciones: 0 | Estrategias: 3
2026-08-20 00:08:49,676 [INFO] 📊 [PULSO PAPER MULTI-STRATEGY] Balance: $5000.00 USD | Posiciones: 0 | Estrategias: 3
2026-08-20 00:09:59,907 [INFO] 📊 [PULSO PAPER MULTI-STRATEGY] Balance: $5000.00 USD | Posiciones: 0 | Estrategias: 3
2026-08-20 00:11:07,946 [INFO] 📊 [PULSO PAPER MULTI-STRATEGY] Balance: $5000.00 USD | Posiciones: 0 | Estrategias: 3
2026-08-20 00:12:15,472 [INFO] 📊 [PULSO PAPER MULTI-STRATEGY] Balance: $5000.00 USD | Posiciones: 0 | Estrategias: 3
2026-08-20 00:13:24,172 [INFO] 📊 [PULSO PAPER MULTI-STRATEGY] Balance: $5000.00 USD | Posiciones: 0 | Estrategias: 3
2026-08-20 00:14:31,964 [INFO] 📊 [PULSO PAPER MULTI-STRATEGY] Balance: $5000.00 USD | Posiciones: 0 | Estrategias: 3
2026-08-20 00:15:39,665 [INFO] 📊 [PULSO PAPER MULTI-STRATEGY] Balance: $5000.00 USD | Posiciones: 0 | Estrategias: 3
2026-08-20 00:16:47,142 [INFO] 📊 [PULSO PAPER MULTI-STRATEGY] Balance: $5000.00 USD | Posiciones: 0 | Estrategias: 3
2026-08-20 00:17:54,394 [INFO] 📊 [PULSO PAPER MULTI-STRATEGY] Balance: $5000.00 USD | Posiciones: 0 | Estrategias: 3
2026-08-20 00:19:03,017 [INFO] 📊 [PULSO PAPER MULTI-STRATEGY] Balance: $5000.00 USD | Posiciones: 0 | Estrategias: 3
2026-08-20 00:20:11,157 [INFO] 📊 [PULSO PAPER MULTI-STRATEGY] Balance: $5000.00 USD | Posiciones: 0 | Estrategias: 3
2026-08-20 00:21:18,916 [INFO] 📊 [PULSO PAPER MULTI-STRATEGY] Balance: $5000.00 USD | Posiciones: 0 | Estrategias: 3
2026-08-20 00:22:26,307 [INFO] 📊 [PULSO PAPER MULTI-STRATEGY] Balance: $5000.00 USD | Posiciones: 0 | Estrategias: 3
2026-08-20 00:23:33,766 [INFO] 📊 [PULSO PAPER MULTI-STRATEGY] Balance: $5000.00 USD | Posiciones: 0 | Estrategias: 3
2026-08-20 00:24:41,808 [INFO] 📊 [PULSO PAPER MULTI-STRATEGY] Balance: $5000.00 USD | Posiciones: 0 | Estrategias: 3
2026-08-20 00:25:50,292 [INFO] 📊 [PULSO PAPER MULTI-STRATEGY] Balance: $5000.00 USD | Posiciones: 0 | Estrategias: 3
2026-08-20 00:26:58,390 [INFO] 📊 [PULSO PAPER MULTI-STRATEGY] Balance: $5000.00 USD | Posiciones: 0 | Estrategias: 3
2026-08-20 00:28:06,393 [INFO] 📊 [PULSO PAPER MULTI-STRATEGY] Balance: $5000.00 USD | Posiciones: 0 | Estrategias: 3
2026-08-20 00:29:15,211 [INFO] 📊 [PULSO PAPER MULTI-STRATEGY] Balance: $5000.00 USD | Posiciones: 0 | Estrategias: 3
2026-08-20 00:30:22,641 [INFO] 📊 [PULSO PAPER MULTI-STRATEGY] Balance: $5000.00 USD | Posiciones: 0 | Estrategias: 3
2026-08-20 00:31:29,901 [INFO] 📊 [PULSO PAPER MULTI-STRATEGY] Balance: $5000.00 USD | Posiciones: 0 | Estrategias: 3
2026-08-20 00:32:37,889 [INFO] 📊 [PULSO PAPER MULTI-STRATEGY] Balance: $5000.00 USD | Posiciones: 0 | Estrategias: 3
2026-08-20 00:33:46,462 [INFO] 📊 [PULSO PAPER MULTI-STRATEGY] Balance: $5000.00 USD | Posiciones: 0 | Estrategias: 3
2026-08-20 00:34:54,785 [INFO] 📊 [PULSO PAPER MULTI-STRATEGY] Balance: $5000.00 USD | Posiciones: 0 | Estrategias: 3
2026-08-20 00:36:03,191 [INFO] 📊 [PULSO PAPER MULTI-STRATEGY] Balance: $5000.00 USD | Posiciones: 0 | Estrategias: 3
2026-08-20 00:37:10,960 [INFO] 📊 [PULSO PAPER MULTI-STRATEGY] Balance: $5000.00 USD | Posiciones: 0 | Estrategias: 3
2026-08-20 00:38:18,243 [INFO] 📊 [PULSO PAPER MULTI-STRATEGY] Balance: $5000.00 USD | Posiciones: 0 | Estrategias: 3
2026-08-20 00:39:26,806 [INFO] 📊 [PULSO PAPER MULTI-STRATEGY] Balance: $5000.00 USD | Posiciones: 0 | Estrategias: 3
2026-08-20 00:40:34,126 [INFO] 📊 [PULSO PAPER MULTI-STRATEGY] Balance: $5000.00 USD | Posiciones: 0 | Estrategias: 3
2026-08-20 00:41:41,752 [INFO] 📊 [PULSO PAPER MULTI-STRATEGY] Balance: $5000.00 USD | Posiciones: 0 | Estrategias: 3
2026-08-20 00:42:48,375 [INFO] 📊 [PULSO PAPER MULTI-STRATEGY] Balance: $5000.00 USD | Posiciones: 0 | Estrategias: 3
2026-08-20 00:43:57,411 [INFO] 📊 [PULSO PAPER MULTI-STRATEGY] Balance: $5000.00 USD | Posiciones: 0 | Estrategias: 3
2026-08-20 00:45:04,990 [INFO] 📊 [PULSO PAPER MULTI-STRATEGY] Balance: $5000.00 USD | Posiciones: 0 | Estrategias: 3
2026-08-20 00:46:12,515 [INFO] 📊 [PULSO PAPER MULTI-STRATEGY] Balance: $5000.00 USD | Posiciones: 0 | Estrategias: 3
2026-08-20 00:47:21,999 [INFO] 📊 [PULSO PAPER MULTI-STRATEGY] Balance: $5000.00 USD | Posiciones: 0 | Estrategias: 3
2026-08-20 00:48:29,944 [INFO] 📊 [PULSO PAPER MULTI-STRATEGY] Balance: $5000.00 USD | Posiciones: 0 | Estrategias: 3
2026-08-20 00:49:38,902 [INFO] 📊 [PULSO PAPER MULTI-STRATEGY] Balance: $5000.00 USD | Posiciones: 0 | Estrategias: 3
2026-08-20 00:50:46,246 [INFO] 📊 [PULSO PAPER MULTI-STRATEGY] Balance: $5000.00 USD | Posiciones: 0 | Estrategias: 3
2026-08-20 00:51:54,498 [INFO] 📊 [PULSO PAPER MULTI-STRATEGY] Balance: $5000.00 USD | Posiciones: 0 | Estrategias: 3
2026-08-20 00:53:02,872 [INFO] 📊 [PULSO PAPER MULTI-STRATEGY] Balance: $5000.00 USD | Posiciones: 0 | Estrategias: 3
2026-08-20 00:54:10,590 [INFO] 📊 [PULSO PAPER MULTI-STRATEGY] Balance: $5000.00 USD | Posiciones: 0 | Estrategias: 3
2026-08-20 00:55:19,675 [INFO] 📊 [PULSO PAPER MULTI-STRATEGY] Balance: $5000.00 USD | Posiciones: 0 | Estrategias: 3
2026-08-20 00:56:27,533 [INFO] 📊 [PULSO PAPER MULTI-STRATEGY] Balance: $5000.00 USD | Posiciones: 0 | Estrategias: 3
2026-08-20 00:57:35,037 [INFO] 📊 [PULSO PAPER MULTI-STRATEGY] Balance: $5000.00 USD | Posiciones: 0 | Estrategias: 3
2026-08-20 00:58:44,429 [INFO] 📊 [PULSO PAPER MULTI-STRATEGY] Balance: $5000.00 USD | Posiciones: 0 | Estrategias: 3
2026-08-20 00:59:51,841 [INFO] 📊 [PULSO PAPER MULTI-STRATEGY] Balance: $5000.00 USD | Posiciones: 0 | Estrategias: 3
2026-08-20 01:01:00,863 [INFO] 📊 [PULSO PAPER MULTI-STRATEGY] Balance: $5000.00 USD | Posiciones: 0 | Estrategias: 3
2026-08-20 01:02:08,511 [INFO] 📊 [PULSO PAPER MULTI-STRATEGY] Balance: $5000.00 USD | Posiciones: 0 | Estrategias: 3
2026-08-20 01:03:17,305 [INFO] 📊 [PULSO PAPER MULTI-STRATEGY] Balance: $5000.00 USD | Posiciones: 0 | Estrategias: 3
2026-08-20 01:04:26,625 [INFO] 📊 [PULSO PAPER MULTI-STRATEGY] Balance: $5000.00 USD | Posiciones: 0 | Estrategias: 3
2026-08-20 01:05:35,672 [INFO] 📊 [PULSO PAPER MULTI-STRATEGY] Balance: $5000.00 USD | Posiciones: 0 | Estrategias: 3
2026-08-20 01:06:42,821 [INFO] 📊 [PULSO PAPER MULTI-STRATEGY] Balance: $5000.00 USD | Posiciones: 0 | Estrategias: 3
2026-08-20 01:07:50,409 [INFO] 📊 [PULSO PAPER MULTI-STRATEGY] Balance: $5000.00 USD | Posiciones: 0 | Estrategias: 3
2026-08-20 01:08:58,421 [INFO] 📊 [PULSO PAPER MULTI-STRATEGY] Balance: $5000.00 USD | Posiciones: 0 | Estrategias: 3
2026-08-20 01:10:06,618 [INFO] 📊 [PULSO PAPER MULTI-STRATEGY] Balance: $5000.00 USD | Posiciones: 0 | Estrategias: 3
2026-08-20 01:11:14,602 [INFO] 📊 [PULSO PAPER MULTI-STRATEGY] Balance: $5000.00 USD | Posiciones: 0 | Estrategias: 3
2026-08-20 01:12:29,882 [INFO] 📊 [PULSO PAPER MULTI-STRATEGY] Balance: $5000.00 USD | Posiciones: 0 | Estrategias: 3
2026-08-20 01:13:38,580 [INFO] 📊 [PULSO PAPER MULTI-STRATEGY] Balance: $5000.00 USD | Posiciones: 0 | Estrategias: 3
2026-08-20 01:14:46,260 [INFO] 📊 [PULSO PAPER MULTI-STRATEGY] Balance: $5000.00 USD | Posiciones: 0 | Estrategias: 3
2026-08-20 01:15:53,886 [INFO] 📊 [PULSO PAPER MULTI-STRATEGY] Balance: $5000.00 USD | Posiciones: 0 | Estrategias: 3
2026-08-20 01:17:04,208 [INFO] 📊 [PULSO PAPER MULTI-STRATEGY] Balance: $5000.00 USD | Posiciones: 0 | Estrategias: 3
2026-08-20 01:18:12,118 [INFO] 📊 [PULSO PAPER MULTI-STRATEGY] Balance: $5000.00 USD | Posiciones: 0 | Estrategias: 3
2026-08-20 01:19:19,385 [INFO] 📊 [PULSO PAPER MULTI-STRATEGY] Balance: $5000.00 USD | Posiciones: 0 | Estrategias: 3
2026-08-20 01:20:26,647 [INFO] 📊 [PULSO PAPER MULTI-STRATEGY] Balance: $5000.00 USD | Posiciones: 0 | Estrategias: 3
2026-08-20 01:21:35,505 [INFO] 📊 [PULSO PAPER MULTI-STRATEGY] Balance: $5000.00 USD | Posiciones: 0 | Estrategias: 3
2026-08-20 01:22:42,542 [INFO] 📊 [PULSO PAPER MULTI-STRATEGY] Balance: $5000.00 USD | Posiciones: 0 | Estrategias: 3
2026-08-20 01:23:50,652 [INFO] 📊 [PULSO PAPER MULTI-STRATEGY] Balance: $5000.00 USD | Posiciones: 0 | Estrategias: 3
2026-08-20 01:24:59,338 [INFO] 📊 [PULSO PAPER MULTI-STRATEGY] Balance: $5000.00 USD | Posiciones: 0 | Estrategias: 3
2026-08-20 01:26:08,869 [INFO] 📊 [PULSO PAPER MULTI-STRATEGY] Balance: $5000.00 USD | Posiciones: 0 | Estrategias: 3
2026-08-20 01:27:16,455 [INFO] 📊 [PULSO PAPER MULTI-STRATEGY] Balance: $5000.00 USD | Posiciones: 0 | Estrategias: 3
2026-08-20 01:28:24,793 [INFO] 📊 [PULSO PAPER MULTI-STRATEGY] Balance: $5000.00 USD | Posiciones: 0 | Estrategias: 3
2026-08-20 01:29:34,520 [INFO] 📊 [PULSO PAPER MULTI-STRATEGY] Balance: $5000.00 USD | Posiciones: 0 | Estrategias: 3
2026-08-20 01:30:42,354 [INFO] 📊 [PULSO PAPER MULTI-STRATEGY] Balance: $5000.00 USD | Posiciones: 0 | Estrategias: 3
2026-08-20 01:31:51,927 [INFO] 📊 [PULSO PAPER MULTI-STRATEGY] Balance: $5000.00 USD | Posiciones: 0 | Estrategias: 3
2026-08-20 01:32:58,785 [INFO] 📊 [PULSO PAPER MULTI-STRATEGY] Balance: $5000.00 USD | Posiciones: 0 | Estrategias: 3
2026-08-20 01:34:07,638 [INFO] 📊 [PULSO PAPER MULTI-STRATEGY] Balance: $5000.00 USD | Posiciones: 0 | Estrategias: 3
2026-08-20 01:35:16,706 [INFO] 📊 [PULSO PAPER MULTI-STRATEGY] Balance: $5000.00 USD | Posiciones: 0 | Estrategias: 3
2026-08-20 01:36:22,694 [INFO] 📊 [PULSO PAPER MULTI-STRATEGY] Balance: $5000.00 USD | Posiciones: 0 | Estrategias: 3
2026-08-20 01:37:29,275 [INFO] 📊 [PULSO PAPER MULTI-STRATEGY] Balance: $5000.00 USD | Posiciones: 0 | Estrategias: 3
2026-08-20 01:38:37,866 [INFO] 📊 [PULSO PAPER MULTI-STRATEGY] Balance: $5000.00 USD | Posiciones: 0 | Estrategias: 3
2026-08-20 01:39:45,258 [INFO] 📊 [PULSO PAPER MULTI-STRATEGY] Balance: $5000.00 USD | Posiciones: 0 | Estrategias: 3
2026-08-20 01:40:52,812 [INFO] 📊 [PULSO PAPER MULTI-STRATEGY] Balance: $5000.00 USD | Posiciones: 0 | Estrategias: 3
2026-08-20 01:42:01,946 [INFO] 📊 [PULSO PAPER MULTI-STRATEGY] Balance: $5000.00 USD | Posiciones: 0 | Estrategias: 3
2026-08-20 01:43:10,445 [INFO] 📊 [PULSO PAPER MULTI-STRATEGY] Balance: $5000.00 USD | Posiciones: 0 | Estrategias: 3
2026-08-20 01:44:17,610 [INFO] 📊 [PULSO PAPER MULTI-STRATEGY] Balance: $5000.00 USD | Posiciones: 0 | Estrategias: 3
2026-08-20 01:45:25,864 [INFO] 📊 [PULSO PAPER MULTI-STRATEGY] Balance: $5000.00 USD | Posiciones: 0 | Estrategias: 3
2026-08-20 01:46:34,108 [INFO] 📊 [PULSO PAPER MULTI-STRATEGY] Balance: $5000.00 USD | Posiciones: 0 | Estrategias: 3
2026-08-20 01:47:43,575 [INFO] 📊 [PULSO PAPER MULTI-STRATEGY] Balance: $5000.00 USD | Posiciones: 0 | Estrategias: 3
2026-08-20 01:48:51,121 [INFO] 📊 [PULSO PAPER MULTI-STRATEGY] Balance: $5000.00 USD | Posiciones: 0 | Estrategias: 3
2026-08-20 01:49:59,327 [INFO] 📊 [PULSO PAPER MULTI-STRATEGY] Balance: $5000.00 USD | Posiciones: 0 | Estrategias: 3
2026-08-20 01:51:07,316 [INFO] 📊 [PULSO PAPER MULTI-STRATEGY] Balance: $5000.00 USD | Posiciones: 0 | Estrategias: 3
2026-08-20 01:52:14,107 [INFO] 📊 [PULSO PAPER MULTI-STRATEGY] Balance: $5000.00 USD | Posiciones: 0 | Estrategias: 3
2026-08-20 01:53:21,420 [INFO] 📊 [PULSO PAPER MULTI-STRATEGY] Balance: $5000.00 USD | Posiciones: 0 | Estrategias: 3
2026-08-20 01:54:28,947 [INFO] 📊 [PULSO PAPER MULTI-STRATEGY] Balance: $5000.00 USD | Posiciones: 0 | Estrategias: 3
2026-08-20 01:55:36,680 [INFO] 📊 [PULSO PAPER MULTI-STRATEGY] Balance: $5000.00 USD | Posiciones: 0 | Estrategias: 3
2026-08-20 01:56:43,795 [INFO] 📊 [PULSO PAPER MULTI-STRATEGY] Balance: $5000.00 USD | Posiciones: 0 | Estrategias: 3
2026-08-20 01:57:51,668 [INFO] 📊 [PULSO PAPER MULTI-STRATEGY] Balance: $5000.00 USD | Posiciones: 0 | Estrategias: 3
2026-08-20 01:58:58,998 [INFO] 📊 [PULSO PAPER MULTI-STRATEGY] Balance: $5000.00 USD | Posiciones: 0 | Estrategias: 3
2026-08-20 02:00:06,269 [INFO] 📊 [PULSO PAPER MULTI-STRATEGY] Balance: $5000.00 USD | Posiciones: 0 | Estrategias: 3
2026-08-20 02:01:14,574 [INFO] 📊 [PULSO PAPER MULTI-STRATEGY] Balance: $5000.00 USD | Posiciones: 0 | Estrategias: 3
2026-08-20 02:02:22,267 [INFO] 📊 [PULSO PAPER MULTI-STRATEGY] Balance: $5000.00 USD | Posiciones: 0 | Estrategias: 3
2026-08-20 02:03:30,182 [INFO] 📊 [PULSO PAPER MULTI-STRATEGY] Balance: $5000.00 USD | Posiciones: 0 | Estrategias: 3
2026-08-20 02:04:36,321 [INFO] 📊 [PULSO PAPER MULTI-STRATEGY] Balance: $5000.00 USD | Posiciones: 0 | Estrategias: 3
2026-08-20 02:05:44,710 [INFO] 📊 [PULSO PAPER MULTI-STRATEGY] Balance: $5000.00 USD | Posiciones: 0 | Estrategias: 3
2026-08-20 02:06:50,648 [INFO] 📊 [PULSO PAPER MULTI-STRATEGY] Balance: $5000.00 USD | Posiciones: 0 | Estrategias: 3
2026-08-20 02:07:58,478 [INFO] 📊 [PULSO PAPER MULTI-STRATEGY] Balance: $5000.00 USD | Posiciones: 0 | Estrategias: 3
2026-08-20 02:09:07,733 [INFO] 📊 [PULSO PAPER MULTI-STRATEGY] Balance: $5000.00 USD | Posiciones: 0 | Estrategias: 3
2026-08-20 02:10:14,833 [INFO] 📊 [PULSO PAPER MULTI-STRATEGY] Balance: $5000.00 USD | Posiciones: 0 | Estrategias: 3
2026-08-20 02:11:22,940 [INFO] 📊 [PULSO PAPER MULTI-STRATEGY] Balance: $5000.00 USD | Posiciones: 0 | Estrategias: 3
2026-08-20 02:12:32,719 [INFO] 📊 [PULSO PAPER MULTI-STRATEGY] Balance: $5000.00 USD | Posiciones: 0 | Estrategias: 3
2026-08-20 02:13:41,337 [INFO] 📊 [PULSO PAPER MULTI-STRATEGY] Balance: $5000.00 USD | Posiciones: 0 | Estrategias: 3
2026-08-20 02:14:49,881 [INFO] 📊 [PULSO PAPER MULTI-STRATEGY] Balance: $5000.00 USD | Posiciones: 0 | Estrategias: 3
2026-08-20 02:15:59,821 [INFO] 📊 [PULSO PAPER MULTI-STRATEGY] Balance: $5000.00 USD | Posiciones: 0 | Estrategias: 3
2026-08-20 02:17:10,602 [INFO] 📊 [PULSO PAPER MULTI-STRATEGY] Balance: $5000.00 USD | Posiciones: 0 | Estrategias: 3
2026-08-20 02:18:18,723 [INFO] 📊 [PULSO PAPER MULTI-STRATEGY] Balance: $5000.00 USD | Posiciones: 0 | Estrategias: 3
2026-08-20 02:19:28,484 [INFO] 📊 [PULSO PAPER MULTI-STRATEGY] Balance: $5000.00 USD | Posiciones: 0 | Estrategias: 3
2026-08-20 02:20:39,038 [INFO] 📊 [PULSO PAPER MULTI-STRATEGY] Balance: $5000.00 USD | Posiciones: 0 | Estrategias: 3
2026-08-20 02:21:47,068 [INFO] 📊 [PULSO PAPER MULTI-STRATEGY] Balance: $5000.00 USD | Posiciones: 0 | Estrategias: 3
2026-08-20 02:22:55,082 [INFO] 📊 [PULSO PAPER MULTI-STRATEGY] Balance: $5000.00 USD | Posiciones: 0 | Estrategias: 3
2026-08-20 02:24:02,964 [INFO] 📊 [PULSO PAPER MULTI-STRATEGY] Balance: $5000.00 USD | Posiciones: 0 | Estrategias: 3
2026-08-20 02:25:11,798 [INFO] 📊 [PULSO PAPER MULTI-STRATEGY] Balance: $5000.00 USD | Posiciones: 0 | Estrategias: 3
2026-08-20 02:26:20,621 [INFO] 📊 [PULSO PAPER MULTI-STRATEGY] Balance: $5000.00 USD | Posiciones: 0 | Estrategias: 3
2026-08-20 02:27:28,459 [INFO] 📊 [PULSO PAPER MULTI-STRATEGY] Balance: $5000.00 USD | Posiciones: 0 | Estrategias: 3
2026-08-20 02:28:35,836 [INFO] 📊 [PULSO PAPER MULTI-STRATEGY] Balance: $5000.00 USD | Posiciones: 0 | Estrategias: 3
2026-08-20 02:29:44,566 [INFO] 📊 [PULSO PAPER MULTI-STRATEGY] Balance: $5000.00 USD | Posiciones: 0 | Estrategias: 3
2026-08-20 02:30:52,705 [INFO] 📊 [PULSO PAPER MULTI-STRATEGY] Balance: $5000.00 USD | Posiciones: 0 | Estrategias: 3
2026-08-20 02:32:01,989 [INFO] 📊 [PULSO PAPER MULTI-STRATEGY] Balance: $5000.00 USD | Posiciones: 0 | Estrategias: 3
2026-08-20 02:33:11,833 [INFO] 📊 [PULSO PAPER MULTI-STRATEGY] Balance: $5000.00 USD | Posiciones: 0 | Estrategias: 3
2026-08-20 02:34:20,902 [INFO] 📊 [PULSO PAPER MULTI-STRATEGY] Balance: $5000.00 USD | Posiciones: 0 | Estrategias: 3
2026-08-20 02:35:30,294 [INFO] 📊 [PULSO PAPER MULTI-STRATEGY] Balance: $5000.00 USD | Posiciones: 0 | Estrategias: 3
2026-08-20 02:36:37,673 [INFO] 📊 [PULSO PAPER MULTI-STRATEGY] Balance: $5000.00 USD | Posiciones: 0 | Estrategias: 3
2026-08-20 02:37:46,434 [INFO] 📊 [PULSO PAPER MULTI-STRATEGY] Balance: $5000.00 USD | Posiciones: 0 | Estrategias: 3
2026-08-20 02:38:54,624 [INFO] 📊 [PULSO PAPER MULTI-STRATEGY] Balance: $5000.00 USD | Posiciones: 0 | Estrategias: 3
2026-08-20 02:40:02,578 [INFO] 📊 [PULSO PAPER MULTI-STRATEGY] Balance: $5000.00 USD | Posiciones: 0 | Estrategias: 3
2026-08-20 02:41:11,420 [INFO] 📊 [PULSO PAPER MULTI-STRATEGY] Balance: $5000.00 USD | Posiciones: 0 | Estrategias: 3
2026-08-20 02:42:20,866 [INFO] 📊 [PULSO PAPER MULTI-STRATEGY] Balance: $5000.00 USD | Posiciones: 0 | Estrategias: 3
2026-08-20 02:43:31,497 [INFO] 📊 [PULSO PAPER MULTI-STRATEGY] Balance: $5000.00 USD | Posiciones: 0 | Estrategias: 3
2026-08-20 02:44:41,004 [INFO] 📊 [PULSO PAPER MULTI-STRATEGY] Balance: $5000.00 USD | Posiciones: 0 | Estrategias: 3
2026-08-20 02:45:49,468 [INFO] 📊 [PULSO PAPER MULTI-STRATEGY] Balance: $5000.00 USD | Posiciones: 0 | Estrategias: 3
2026-08-20 02:46:57,774 [INFO] 📊 [PULSO PAPER MULTI-STRATEGY] Balance: $5000.00 USD | Posiciones: 0 | Estrategias: 3
2026-08-20 02:48:06,621 [INFO] 📊 [PULSO PAPER MULTI-STRATEGY] Balance: $5000.00 USD | Posiciones: 0 | Estrategias: 3
2026-08-20 02:49:15,034 [INFO] 📊 [PULSO PAPER MULTI-STRATEGY] Balance: $5000.00 USD | Posiciones: 0 | Estrategias: 3
2026-08-20 02:50:23,976 [INFO] 📊 [PULSO PAPER MULTI-STRATEGY] Balance: $5000.00 USD | Posiciones: 0 | Estrategias: 3
2026-08-20 02:51:33,315 [INFO] 📊 [PULSO PAPER MULTI-STRATEGY] Balance: $5000.00 USD | Posiciones: 0 | Estrategias: 3
2026-08-20 02:52:42,203 [INFO] 📊 [PULSO PAPER MULTI-STRATEGY] Balance: $5000.00 USD | Posiciones: 0 | Estrategias: 3
2026-08-20 02:53:51,361 [INFO] 📊 [PULSO PAPER MULTI-STRATEGY] Balance: $5000.00 USD | Posiciones: 0 | Estrategias: 3
2026-08-20 02:54:58,602 [INFO] 📊 [PULSO PAPER MULTI-STRATEGY] Balance: $5000.00 USD | Posiciones: 0 | Estrategias: 3
2026-08-20 02:56:07,002 [INFO] 📊 [PULSO PAPER MULTI-STRATEGY] Balance: $5000.00 USD | Posiciones: 0 | Estrategias: 3
2026-08-20 02:57:16,316 [INFO] 📊 [PULSO PAPER MULTI-STRATEGY] Balance: $5000.00 USD | Posiciones: 0 | Estrategias: 3
2026-08-20 02:58:25,758 [INFO] 📊 [PULSO PAPER MULTI-STRATEGY] Balance: $5000.00 USD | Posiciones: 0 | Estrategias: 3
2026-08-20 02:59:33,469 [INFO] 📊 [PULSO PAPER MULTI-STRATEGY] Balance: $5000.00 USD | Posiciones: 0 | Estrategias: 3
2026-08-20 03:00:43,688 [INFO] 📊 [PULSO PAPER MULTI-STRATEGY] Balance: $5000.00 USD | Posiciones: 0 | Estrategias: 3
2026-08-20 03:01:52,492 [INFO] 📊 [PULSO PAPER MULTI-STRATEGY] Balance: $5000.00 USD | Posiciones: 0 | Estrategias: 3
2026-08-20 03:03:00,526 [INFO] 📊 [PULSO PAPER MULTI-STRATEGY] Balance: $5000.00 USD | Posiciones: 0 | Estrategias: 3
2026-08-20 03:04:09,124 [INFO] 📊 [PULSO PAPER MULTI-STRATEGY] Balance: $5000.00 USD | Posiciones: 0 | Estrategias: 3
2026-08-20 03:05:18,218 [INFO] 📊 [PULSO PAPER MULTI-STRATEGY] Balance: $5000.00 USD | Posiciones: 0 | Estrategias: 3
2026-08-20 03:06:29,902 [INFO] 📊 [PULSO PAPER MULTI-STRATEGY] Balance: $5000.00 USD | Posiciones: 0 | Estrategias: 3
2026-08-20 03:07:39,122 [INFO] 📊 [PULSO PAPER MULTI-STRATEGY] Balance: $5000.00 USD | Posiciones: 0 | Estrategias: 3
2026-08-20 03:08:49,685 [INFO] 📊 [PULSO PAPER MULTI-STRATEGY] Balance: $5000.00 USD | Posiciones: 0 | Estrategias: 3
2026-08-20 03:10:01,590 [INFO] 📊 [PULSO PAPER MULTI-STRATEGY] Balance: $5000.00 USD | Posiciones: 0 | Estrategias: 3
2026-08-20 03:11:11,400 [INFO] 📊 [PULSO PAPER MULTI-STRATEGY] Balance: $5000.00 USD | Posiciones: 0 | Estrategias: 3
2026-08-20 03:12:20,222 [INFO] 📊 [PULSO PAPER MULTI-STRATEGY] Balance: $5000.00 USD | Posiciones: 0 | Estrategias: 3
2026-08-20 03:13:28,828 [INFO] 📊 [PULSO PAPER MULTI-STRATEGY] Balance: $5000.00 USD | Posiciones: 0 | Estrategias: 3
2026-08-20 03:14:37,528 [INFO] 📊 [PULSO PAPER MULTI-STRATEGY] Balance: $5000.00 USD | Posiciones: 0 | Estrategias: 3
2026-08-20 03:15:47,789 [INFO] 📊 [PULSO PAPER MULTI-STRATEGY] Balance: $5000.00 USD | Posiciones: 0 | Estrategias: 3
2026-08-20 03:16:56,402 [INFO] 📊 [PULSO PAPER MULTI-STRATEGY] Balance: $5000.00 USD | Posiciones: 0 | Estrategias: 3
2026-08-20 03:18:06,537 [INFO] 📊 [PULSO PAPER MULTI-STRATEGY] Balance: $5000.00 USD | Posiciones: 0 | Estrategias: 3
2026-08-20 03:19:15,252 [INFO] 📊 [PULSO PAPER MULTI-STRATEGY] Balance: $5000.00 USD | Posiciones: 0 | Estrategias: 3
2026-08-20 03:20:24,231 [INFO] 📊 [PULSO PAPER MULTI-STRATEGY] Balance: $5000.00 USD | Posiciones: 0 | Estrategias: 3
2026-08-20 03:21:32,670 [INFO] 📊 [PULSO PAPER MULTI-STRATEGY] Balance: $5000.00 USD | Posiciones: 0 | Estrategias: 3
2026-08-20 03:22:41,740 [INFO] 📊 [PULSO PAPER MULTI-STRATEGY] Balance: $5000.00 USD | Posiciones: 0 | Estrategias: 3
2026-08-20 03:23:49,886 [INFO] 📊 [PULSO PAPER MULTI-STRATEGY] Balance: $5000.00 USD | Posiciones: 0 | Estrategias: 3
2026-08-20 03:24:59,576 [INFO] 📊 [PULSO PAPER MULTI-STRATEGY] Balance: $5000.00 USD | Posiciones: 0 | Estrategias: 3
2026-08-20 03:26:07,519 [INFO] 📊 [PULSO PAPER MULTI-STRATEGY] Balance: $5000.00 USD | Posiciones: 0 | Estrategias: 3
2026-08-20 03:27:15,214 [INFO] 📊 [PULSO PAPER MULTI-STRATEGY] Balance: $5000.00 USD | Posiciones: 0 | Estrategias: 3
2026-08-20 03:28:24,736 [INFO] 📊 [PULSO PAPER MULTI-STRATEGY] Balance: $5000.00 USD | Posiciones: 0 | Estrategias: 3
2026-08-20 03:29:33,444 [INFO] 📊 [PULSO PAPER MULTI-STRATEGY] Balance: $5000.00 USD | Posiciones: 0 | Estrategias: 3
2026-08-20 03:30:43,281 [INFO] 📊 [PULSO PAPER MULTI-STRATEGY] Balance: $5000.00 USD | Posiciones: 0 | Estrategias: 3
2026-08-20 03:31:52,205 [INFO] 📊 [PULSO PAPER MULTI-STRATEGY] Balance: $5000.00 USD | Posiciones: 0 | Estrategias: 3
2026-08-20 03:33:00,197 [INFO] 📊 [PULSO PAPER MULTI-STRATEGY] Balance: $5000.00 USD | Posiciones: 0 | Estrategias: 3
2026-08-20 03:34:09,325 [INFO] 📊 [PULSO PAPER MULTI-STRATEGY] Balance: $5000.00 USD | Posiciones: 0 | Estrategias: 3
2026-08-20 03:35:18,749 [INFO] 📊 [PULSO PAPER MULTI-STRATEGY] Balance: $5000.00 USD | Posiciones: 0 | Estrategias: 3
2026-08-20 03:36:27,866 [INFO] 📊 [PULSO PAPER MULTI-STRATEGY] Balance: $5000.00 USD | Posiciones: 0 | Estrategias: 3
2026-08-20 03:37:37,196 [INFO] 📊 [PULSO PAPER MULTI-STRATEGY] Balance: $5000.00 USD | Posiciones: 0 | Estrategias: 3
2026-08-20 03:38:45,432 [INFO] 📊 [PULSO PAPER MULTI-STRATEGY] Balance: $5000.00 USD | Posiciones: 0 | Estrategias: 3
2026-08-20 03:39:55,714 [INFO] 📊 [PULSO PAPER MULTI-STRATEGY] Balance: $5000.00 USD | Posiciones: 0 | Estrategias: 3
2026-08-20 03:41:04,449 [INFO] 📊 [PULSO PAPER MULTI-STRATEGY] Balance: $5000.00 USD | Posiciones: 0 | Estrategias: 3
2026-08-20 03:42:11,500 [INFO] 📊 [PULSO PAPER MULTI-STRATEGY] Balance: $5000.00 USD | Posiciones: 0 | Estrategias: 3
2026-08-20 03:43:21,265 [INFO] 📊 [PULSO PAPER MULTI-STRATEGY] Balance: $5000.00 USD | Posiciones: 0 | Estrategias: 3
2026-08-20 03:44:29,363 [INFO] 📊 [PULSO PAPER MULTI-STRATEGY] Balance: $5000.00 USD | Posiciones: 0 | Estrategias: 3
2026-08-20 03:45:38,003 [INFO] 📊 [PULSO PAPER MULTI-STRATEGY] Balance: $5000.00 USD | Posiciones: 0 | Estrategias: 3
2026-08-20 03:46:48,421 [INFO] 📊 [PULSO PAPER MULTI-STRATEGY] Balance: $5000.00 USD | Posiciones: 0 | Estrategias: 3
2026-08-20 03:47:58,430 [INFO] 📊 [PULSO PAPER MULTI-STRATEGY] Balance: $5000.00 USD | Posiciones: 0 | Estrategias: 3
2026-08-20 03:49:05,824 [INFO] 📊 [PULSO PAPER MULTI-STRATEGY] Balance: $5000.00 USD | Posiciones: 0 | Estrategias: 3
2026-08-20 03:50:13,940 [INFO] 📊 [PULSO PAPER MULTI-STRATEGY] Balance: $5000.00 USD | Posiciones: 0 | Estrategias: 3
2026-08-20 03:51:22,346 [INFO] 📊 [PULSO PAPER MULTI-STRATEGY] Balance: $5000.00 USD | Posiciones: 0 | Estrategias: 3
2026-08-20 03:52:32,393 [INFO] 📊 [PULSO PAPER MULTI-STRATEGY] Balance: $5000.00 USD | Posiciones: 0 | Estrategias: 3
2026-08-20 03:53:41,149 [INFO] 📊 [PULSO PAPER MULTI-STRATEGY] Balance: $5000.00 USD | Posiciones: 0 | Estrategias: 3
2026-08-20 03:54:49,833 [INFO] 📊 [PULSO PAPER MULTI-STRATEGY] Balance: $5000.00 USD | Posiciones: 0 | Estrategias: 3
2026-08-20 03:55:58,251 [INFO] 📊 [PULSO PAPER MULTI-STRATEGY] Balance: $5000.00 USD | Posiciones: 0 | Estrategias: 3
2026-08-20 03:57:06,717 [INFO] 📊 [PULSO PAPER MULTI-STRATEGY] Balance: $5000.00 USD | Posiciones: 0 | Estrategias: 3
2026-08-20 03:58:13,803 [INFO] 📊 [PULSO PAPER MULTI-STRATEGY] Balance: $5000.00 USD | Posiciones: 0 | Estrategias: 3
2026-08-20 03:59:23,669 [INFO] 📊 [PULSO PAPER MULTI-STRATEGY] Balance: $5000.00 USD | Posiciones: 0 | Estrategias: 3
2026-08-20 04:00:33,396 [INFO] 📊 [PULSO PAPER MULTI-STRATEGY] Balance: $5000.00 USD | Posiciones: 0 | Estrategias: 3
2026-08-20 04:01:40,245 [INFO] 📊 [PULSO PAPER MULTI-STRATEGY] Balance: $5000.00 USD | Posiciones: 0 | Estrategias: 3
2026-08-20 04:02:48,343 [INFO] 📊 [PULSO PAPER MULTI-STRATEGY] Balance: $5000.00 USD | Posiciones: 0 | Estrategias: 3
2026-08-20 04:03:58,285 [INFO] 📊 [PULSO PAPER MULTI-STRATEGY] Balance: $5000.00 USD | Posiciones: 0 | Estrategias: 3
2026-08-20 04:05:06,664 [INFO] 📊 [PULSO PAPER MULTI-STRATEGY] Balance: $5000.00 USD | Posiciones: 0 | Estrategias: 3
2026-08-20 04:06:14,468 [INFO] 📊 [PULSO PAPER MULTI-STRATEGY] Balance: $5000.00 USD | Posiciones: 0 | Estrategias: 3
2026-08-20 04:07:24,133 [INFO] 📊 [PULSO PAPER MULTI-STRATEGY] Balance: $5000.00 USD | Posiciones: 0 | Estrategias: 3
2026-08-20 04:08:34,392 [INFO] 📊 [PULSO PAPER MULTI-STRATEGY] Balance: $5000.00 USD | Posiciones: 0 | Estrategias: 3
2026-08-20 04:09:41,016 [INFO] 📊 [PULSO PAPER MULTI-STRATEGY] Balance: $5000.00 USD | Posiciones: 0 | Estrategias: 3
2026-08-20 04:10:49,252 [INFO] 📊 [PULSO PAPER MULTI-STRATEGY] Balance: $5000.00 USD | Posiciones: 0 | Estrategias: 3
2026-08-20 04:11:58,549 [INFO] 📊 [PULSO PAPER MULTI-STRATEGY] Balance: $5000.00 USD | Posiciones: 0 | Estrategias: 3
2026-08-20 04:13:07,563 [INFO] 📊 [PULSO PAPER MULTI-STRATEGY] Balance: $5000.00 USD | Posiciones: 0 | Estrategias: 3
2026-08-20 04:14:14,743 [INFO] 📊 [PULSO PAPER MULTI-STRATEGY] Balance: $5000.00 USD | Posiciones: 0 | Estrategias: 3
2026-08-20 04:15:24,164 [INFO] 📊 [PULSO PAPER MULTI-STRATEGY] Balance: $5000.00 USD | Posiciones: 0 | Estrategias: 3
2026-08-20 04:16:34,438 [INFO] 📊 [PULSO PAPER MULTI-STRATEGY] Balance: $5000.00 USD | Posiciones: 0 | Estrategias: 3
2026-08-20 04:17:41,593 [INFO] 📊 [PULSO PAPER MULTI-STRATEGY] Balance: $5000.00 USD | Posiciones: 0 | Estrategias: 3
2026-08-20 04:18:50,308 [INFO] 📊 [PULSO PAPER MULTI-STRATEGY] Balance: $5000.00 USD | Posiciones: 0 | Estrategias: 3
2026-08-20 04:19:59,324 [INFO] 📊 [PULSO PAPER MULTI-STRATEGY] Balance: $5000.00 USD | Posiciones: 0 | Estrategias: 3
2026-08-20 04:21:06,141 [INFO] 📊 [PULSO PAPER MULTI-STRATEGY] Balance: $5000.00 USD | Posiciones: 0 | Estrategias: 3
2026-08-20 04:22:13,056 [INFO] 📊 [PULSO PAPER MULTI-STRATEGY] Balance: $5000.00 USD | Posiciones: 0 | Estrategias: 3
2026-08-20 04:23:22,894 [INFO] 📊 [PULSO PAPER MULTI-STRATEGY] Balance: $5000.00 USD | Posiciones: 0 | Estrategias: 3
2026-08-20 04:24:32,438 [INFO] 📊 [PULSO PAPER MULTI-STRATEGY] Balance: $5000.00 USD | Posiciones: 0 | Estrategias: 3
2026-08-20 04:25:39,860 [INFO] 📊 [PULSO PAPER MULTI-STRATEGY] Balance: $5000.00 USD | Posiciones: 0 | Estrategias: 3
2026-08-20 04:26:46,618 [INFO] 📊 [PULSO PAPER MULTI-STRATEGY] Balance: $5000.00 USD | Posiciones: 0 | Estrategias: 3
2026-08-20 04:27:56,514 [INFO] 📊 [PULSO PAPER MULTI-STRATEGY] Balance: $5000.00 USD | Posiciones: 0 | Estrategias: 3
2026-08-20 04:29:03,968 [INFO] 📊 [PULSO PAPER MULTI-STRATEGY] Balance: $5000.00 USD | Posiciones: 0 | Estrategias: 3
2026-08-20 04:30:12,513 [INFO] 📊 [PULSO PAPER MULTI-STRATEGY] Balance: $5000.00 USD | Posiciones: 0 | Estrategias: 3
2026-08-20 04:31:22,060 [INFO] 📊 [PULSO PAPER MULTI-STRATEGY] Balance: $5000.00 USD | Posiciones: 0 | Estrategias: 3
2026-08-20 04:32:30,847 [INFO] 📊 [PULSO PAPER MULTI-STRATEGY] Balance: $5000.00 USD | Posiciones: 0 | Estrategias: 3
2026-08-20 04:33:38,086 [INFO] 📊 [PULSO PAPER MULTI-STRATEGY] Balance: $5000.00 USD | Posiciones: 0 | Estrategias: 3
2026-08-20 04:34:45,510 [INFO] 📊 [PULSO PAPER MULTI-STRATEGY] Balance: $5000.00 USD | Posiciones: 0 | Estrategias: 3
2026-08-20 04:35:53,088 [INFO] 📊 [PULSO PAPER MULTI-STRATEGY] Balance: $5000.00 USD | Posiciones: 0 | Estrategias: 3
2026-08-20 04:37:01,495 [INFO] 📊 [PULSO PAPER MULTI-STRATEGY] Balance: $5000.00 USD | Posiciones: 0 | Estrategias: 3
2026-08-20 04:38:09,536 [INFO] 📊 [PULSO PAPER MULTI-STRATEGY] Balance: $5000.00 USD | Posiciones: 0 | Estrategias: 3
2026-08-20 04:39:16,772 [INFO] 📊 [PULSO PAPER MULTI-STRATEGY] Balance: $5000.00 USD | Posiciones: 0 | Estrategias: 3
2026-08-20 04:40:26,705 [INFO] 📊 [PULSO PAPER MULTI-STRATEGY] Balance: $5000.00 USD | Posiciones: 0 | Estrategias: 3
2026-08-20 04:41:34,629 [INFO] 📊 [PULSO PAPER MULTI-STRATEGY] Balance: $5000.00 USD | Posiciones: 0 | Estrategias: 3
2026-08-20 04:42:43,033 [INFO] 📊 [PULSO PAPER MULTI-STRATEGY] Balance: $5000.00 USD | Posiciones: 0 | Estrategias: 3
2026-08-20 04:43:52,437 [INFO] 📊 [PULSO PAPER MULTI-STRATEGY] Balance: $5000.00 USD | Posiciones: 0 | Estrategias: 3
2026-08-20 04:45:00,440 [INFO] 📊 [PULSO PAPER MULTI-STRATEGY] Balance: $5000.00 USD | Posiciones: 0 | Estrategias: 3
2026-08-20 04:46:08,417 [INFO] 📊 [PULSO PAPER MULTI-STRATEGY] Balance: $5000.00 USD | Posiciones: 0 | Estrategias: 3
2026-08-20 04:47:17,054 [INFO] 📊 [PULSO PAPER MULTI-STRATEGY] Balance: $5000.00 USD | Posiciones: 0 | Estrategias: 3
2026-08-20 04:48:24,977 [INFO] 📊 [PULSO PAPER MULTI-STRATEGY] Balance: $5000.00 USD | Posiciones: 0 | Estrategias: 3
2026-08-20 04:49:33,021 [INFO] 📊 [PULSO PAPER MULTI-STRATEGY] Balance: $5000.00 USD | Posiciones: 0 | Estrategias: 3
2026-08-20 04:50:41,037 [INFO] 📊 [PULSO PAPER MULTI-STRATEGY] Balance: $5000.00 USD | Posiciones: 0 | Estrategias: 3
2026-08-20 04:51:49,115 [INFO] 📊 [PULSO PAPER MULTI-STRATEGY] Balance: $5000.00 USD | Posiciones: 0 | Estrategias: 3
2026-08-20 04:52:57,893 [INFO] 📊 [PULSO PAPER MULTI-STRATEGY] Balance: $5000.00 USD | Posiciones: 0 | Estrategias: 3
2026-08-20 04:54:07,982 [INFO] 📊 [PULSO PAPER MULTI-STRATEGY] Balance: $5000.00 USD | Posiciones: 0 | Estrategias: 3
2026-08-20 04:55:16,765 [INFO] 📊 [PULSO PAPER MULTI-STRATEGY] Balance: $5000.00 USD | Posiciones: 0 | Estrategias: 3
2026-08-20 04:56:25,086 [INFO] 📊 [PULSO PAPER MULTI-STRATEGY] Balance: $5000.00 USD | Posiciones: 0 | Estrategias: 3
2026-08-20 04:57:34,515 [INFO] 📊 [PULSO PAPER MULTI-STRATEGY] Balance: $5000.00 USD | Posiciones: 0 | Estrategias: 3
2026-08-20 04:58:41,100 [INFO] 📊 [PULSO PAPER MULTI-STRATEGY] Balance: $5000.00 USD | Posiciones: 0 | Estrategias: 3
2026-08-20 04:59:49,885 [INFO] 📊 [PULSO PAPER MULTI-STRATEGY] Balance: $5000.00 USD | Posiciones: 0 | Estrategias: 3
2026-08-20 05:00:57,414 [INFO] 📊 [PULSO PAPER MULTI-STRATEGY] Balance: $5000.00 USD | Posiciones: 0 | Estrategias: 3
2026-08-20 05:02:05,879 [INFO] 📊 [PULSO PAPER MULTI-STRATEGY] Balance: $5000.00 USD | Posiciones: 0 | Estrategias: 3
2026-08-20 05:03:13,169 [INFO] 📊 [PULSO PAPER MULTI-STRATEGY] Balance: $5000.00 USD | Posiciones: 0 | Estrategias: 3
2026-08-20 05:04:21,151 [INFO] 📊 [PULSO PAPER MULTI-STRATEGY] Balance: $5000.00 USD | Posiciones: 0 | Estrategias: 3
2026-08-20 05:05:30,579 [INFO] 📊 [PULSO PAPER MULTI-STRATEGY] Balance: $5000.00 USD | Posiciones: 0 | Estrategias: 3
2026-08-20 05:06:39,686 [INFO] 📊 [PULSO PAPER MULTI-STRATEGY] Balance: $5000.00 USD | Posiciones: 0 | Estrategias: 3
2026-08-20 05:07:48,552 [INFO] 📊 [PULSO PAPER MULTI-STRATEGY] Balance: $5000.00 USD | Posiciones: 0 | Estrategias: 3
2026-08-20 05:08:56,035 [INFO] 📊 [PULSO PAPER MULTI-STRATEGY] Balance: $5000.00 USD | Posiciones: 0 | Estrategias: 3
2026-08-20 05:10:05,430 [INFO] 📊 [PULSO PAPER MULTI-STRATEGY] Balance: $5000.00 USD | Posiciones: 0 | Estrategias: 3
2026-08-20 05:11:14,999 [INFO] 📊 [PULSO PAPER MULTI-STRATEGY] Balance: $5000.00 USD | Posiciones: 0 | Estrategias: 3
2026-08-20 05:12:22,753 [INFO] 📊 [PULSO PAPER MULTI-STRATEGY] Balance: $5000.00 USD | Posiciones: 0 | Estrategias: 3
2026-08-20 05:13:31,014 [INFO] 📊 [PULSO PAPER MULTI-STRATEGY] Balance: $5000.00 USD | Posiciones: 0 | Estrategias: 3
2026-08-20 05:14:39,968 [INFO] 📊 [PULSO PAPER MULTI-STRATEGY] Balance: $5000.00 USD | Posiciones: 0 | Estrategias: 3
2026-08-20 05:15:49,595 [INFO] 📊 [PULSO PAPER MULTI-STRATEGY] Balance: $5000.00 USD | Posiciones: 0 | Estrategias: 3
2026-08-20 05:16:58,842 [INFO] 📊 [PULSO PAPER MULTI-STRATEGY] Balance: $5000.00 USD | Posiciones: 0 | Estrategias: 3
2026-08-20 05:18:07,023 [INFO] 📊 [PULSO PAPER MULTI-STRATEGY] Balance: $5000.00 USD | Posiciones: 0 | Estrategias: 3
2026-08-20 05:19:17,059 [INFO] 📊 [PULSO PAPER MULTI-STRATEGY] Balance: $5000.00 USD | Posiciones: 0 | Estrategias: 3
2026-08-20 05:20:25,876 [INFO] 📊 [PULSO PAPER MULTI-STRATEGY] Balance: $5000.00 USD | Posiciones: 0 | Estrategias: 3
2026-08-20 05:21:32,799 [INFO] 📊 [PULSO PAPER MULTI-STRATEGY] Balance: $5000.00 USD | Posiciones: 0 | Estrategias: 3
2026-08-20 05:22:41,456 [INFO] 📊 [PULSO PAPER MULTI-STRATEGY] Balance: $5000.00 USD | Posiciones: 0 | Estrategias: 3
2026-08-20 05:23:50,372 [INFO] 📊 [PULSO PAPER MULTI-STRATEGY] Balance: $5000.00 USD | Posiciones: 0 | Estrategias: 3
2026-08-20 05:24:59,112 [INFO] 📊 [PULSO PAPER MULTI-STRATEGY] Balance: $5000.00 USD | Posiciones: 0 | Estrategias: 3
2026-08-20 05:26:07,900 [INFO] 📊 [PULSO PAPER MULTI-STRATEGY] Balance: $5000.00 USD | Posiciones: 0 | Estrategias: 3
2026-08-20 05:27:16,917 [INFO] 📊 [PULSO PAPER MULTI-STRATEGY] Balance: $5000.00 USD | Posiciones: 0 | Estrategias: 3
2026-08-20 05:28:25,785 [INFO] 📊 [PULSO PAPER MULTI-STRATEGY] Balance: $5000.00 USD | Posiciones: 0 | Estrategias: 3
2026-08-20 05:29:33,641 [INFO] 📊 [PULSO PAPER MULTI-STRATEGY] Balance: $5000.00 USD | Posiciones: 0 | Estrategias: 3
2026-08-20 05:30:42,335 [INFO] 📊 [PULSO PAPER MULTI-STRATEGY] Balance: $5000.00 USD | Posiciones: 0 | Estrategias: 3
2026-08-20 05:31:51,305 [INFO] 📊 [PULSO PAPER MULTI-STRATEGY] Balance: $5000.00 USD | Posiciones: 0 | Estrategias: 3
2026-08-20 05:32:59,322 [INFO] 📊 [PULSO PAPER MULTI-STRATEGY] Balance: $5000.00 USD | Posiciones: 0 | Estrategias: 3
2026-08-20 05:34:08,322 [INFO] 📊 [PULSO PAPER MULTI-STRATEGY] Balance: $5000.00 USD | Posiciones: 0 | Estrategias: 3
2026-08-20 05:35:17,498 [INFO] 📊 [PULSO PAPER MULTI-STRATEGY] Balance: $5000.00 USD | Posiciones: 0 | Estrategias: 3
2026-08-20 05:36:26,731 [INFO] 📊 [PULSO PAPER MULTI-STRATEGY] Balance: $5000.00 USD | Posiciones: 0 | Estrategias: 3
2026-08-20 05:37:35,280 [INFO] 📊 [PULSO PAPER MULTI-STRATEGY] Balance: $5000.00 USD | Posiciones: 0 | Estrategias: 3
2026-08-20 05:38:43,864 [INFO] 📊 [PULSO PAPER MULTI-STRATEGY] Balance: $5000.00 USD | Posiciones: 0 | Estrategias: 3
2026-08-20 05:39:51,893 [INFO] 📊 [PULSO PAPER MULTI-STRATEGY] Balance: $5000.00 USD | Posiciones: 0 | Estrategias: 3
2026-08-20 05:41:00,856 [INFO] 📊 [PULSO PAPER MULTI-STRATEGY] Balance: $5000.00 USD | Posiciones: 0 | Estrategias: 3
2026-08-20 05:42:10,128 [INFO] 📊 [PULSO PAPER MULTI-STRATEGY] Balance: $5000.00 USD | Posiciones: 0 | Estrategias: 3
2026-08-20 05:43:19,199 [INFO] 📊 [PULSO PAPER MULTI-STRATEGY] Balance: $5000.00 USD | Posiciones: 0 | Estrategias: 3
2026-08-20 05:44:27,514 [INFO] 📊 [PULSO PAPER MULTI-STRATEGY] Balance: $5000.00 USD | Posiciones: 0 | Estrategias: 3
2026-08-20 05:45:34,580 [INFO] 📊 [PULSO PAPER MULTI-STRATEGY] Balance: $5000.00 USD | Posiciones: 0 | Estrategias: 3
2026-08-20 05:46:43,122 [INFO] 📊 [PULSO PAPER MULTI-STRATEGY] Balance: $5000.00 USD | Posiciones: 0 | Estrategias: 3
2026-08-20 05:47:52,504 [INFO] 📊 [PULSO PAPER MULTI-STRATEGY] Balance: $5000.00 USD | Posiciones: 0 | Estrategias: 3
2026-08-20 05:49:01,209 [INFO] 📊 [PULSO PAPER MULTI-STRATEGY] Balance: $5000.00 USD | Posiciones: 0 | Estrategias: 3
2026-08-20 05:50:09,930 [INFO] 📊 [PULSO PAPER MULTI-STRATEGY] Balance: $5000.00 USD | Posiciones: 0 | Estrategias: 3
2026-08-20 05:51:19,145 [INFO] 📊 [PULSO PAPER MULTI-STRATEGY] Balance: $5000.00 USD | Posiciones: 0 | Estrategias: 3
2026-08-20 05:52:28,193 [INFO] 📊 [PULSO PAPER MULTI-STRATEGY] Balance: $5000.00 USD | Posiciones: 0 | Estrategias: 3
2026-08-20 05:53:37,389 [INFO] 📊 [PULSO PAPER MULTI-STRATEGY] Balance: $5000.00 USD | Posiciones: 0 | Estrategias: 3
2026-08-20 05:54:45,022 [INFO] 📊 [PULSO PAPER MULTI-STRATEGY] Balance: $5000.00 USD | Posiciones: 0 | Estrategias: 3
2026-08-20 05:55:53,352 [INFO] 📊 [PULSO PAPER MULTI-STRATEGY] Balance: $5000.00 USD | Posiciones: 0 | Estrategias: 3
2026-08-20 05:57:02,295 [INFO] 📊 [PULSO PAPER MULTI-STRATEGY] Balance: $5000.00 USD | Posiciones: 0 | Estrategias: 3
2026-08-20 05:58:10,330 [INFO] 📊 [PULSO PAPER MULTI-STRATEGY] Balance: $5000.00 USD | Posiciones: 0 | Estrategias: 3
2026-08-20 05:59:18,489 [INFO] 📊 [PULSO PAPER MULTI-STRATEGY] Balance: $5000.00 USD | Posiciones: 0 | Estrategias: 3
2026-08-20 06:00:27,737 [INFO] 📊 [PULSO PAPER MULTI-STRATEGY] Balance: $5000.00 USD | Posiciones: 0 | Estrategias: 3
2026-08-20 06:01:36,763 [INFO] 📊 [PULSO PAPER MULTI-STRATEGY] Balance: $5000.00 USD | Posiciones: 0 | Estrategias: 3
2026-08-20 06:02:45,915 [INFO] 📊 [PULSO PAPER MULTI-STRATEGY] Balance: $5000.00 USD | Posiciones: 0 | Estrategias: 3
2026-08-20 06:03:55,197 [INFO] 📊 [PULSO PAPER MULTI-STRATEGY] Balance: $5000.00 USD | Posiciones: 0 | Estrategias: 3
2026-08-20 06:05:03,703 [INFO] 📊 [PULSO PAPER MULTI-STRATEGY] Balance: $5000.00 USD | Posiciones: 0 | Estrategias: 3
2026-08-20 06:06:12,349 [INFO] 📊 [PULSO PAPER MULTI-STRATEGY] Balance: $5000.00 USD | Posiciones: 0 | Estrategias: 3
2026-08-20 06:07:21,731 [INFO] 📊 [PULSO PAPER MULTI-STRATEGY] Balance: $5000.00 USD | Posiciones: 0 | Estrategias: 3
2026-08-20 06:08:31,683 [INFO] 📊 [PULSO PAPER MULTI-STRATEGY] Balance: $5000.00 USD | Posiciones: 0 | Estrategias: 3
2026-08-20 06:09:40,688 [INFO] 📊 [PULSO PAPER MULTI-STRATEGY] Balance: $5000.00 USD | Posiciones: 0 | Estrategias: 3
2026-08-20 06:10:48,784 [INFO] 📊 [PULSO PAPER MULTI-STRATEGY] Balance: $5000.00 USD | Posiciones: 0 | Estrategias: 3
2026-08-20 06:11:58,411 [INFO] 📊 [PULSO PAPER MULTI-STRATEGY] Balance: $5000.00 USD | Posiciones: 0 | Estrategias: 3
2026-08-20 06:13:07,972 [INFO] 📊 [PULSO PAPER MULTI-STRATEGY] Balance: $5000.00 USD | Posiciones: 0 | Estrategias: 3
2026-08-20 06:14:17,704 [INFO] 📊 [PULSO PAPER MULTI-STRATEGY] Balance: $5000.00 USD | Posiciones: 0 | Estrategias: 3
2026-08-20 06:15:28,474 [INFO] 📊 [PULSO PAPER MULTI-STRATEGY] Balance: $5000.00 USD | Posiciones: 0 | Estrategias: 3
2026-08-20 06:16:37,358 [INFO] 📊 [PULSO PAPER MULTI-STRATEGY] Balance: $5000.00 USD | Posiciones: 0 | Estrategias: 3
2026-08-20 06:17:46,592 [INFO] 📊 [PULSO PAPER MULTI-STRATEGY] Balance: $5000.00 USD | Posiciones: 0 | Estrategias: 3
2026-08-20 06:18:55,812 [INFO] 📊 [PULSO PAPER MULTI-STRATEGY] Balance: $5000.00 USD | Posiciones: 0 | Estrategias: 3
2026-08-20 06:20:04,641 [INFO] 📊 [PULSO PAPER MULTI-STRATEGY] Balance: $5000.00 USD | Posiciones: 0 | Estrategias: 3
2026-08-20 06:21:13,286 [INFO] 📊 [PULSO PAPER MULTI-STRATEGY] Balance: $5000.00 USD | Posiciones: 0 | Estrategias: 3
2026-08-20 06:22:22,159 [INFO] 📊 [PULSO PAPER MULTI-STRATEGY] Balance: $5000.00 USD | Posiciones: 0 | Estrategias: 3
2026-08-20 06:23:31,166 [INFO] 📊 [PULSO PAPER MULTI-STRATEGY] Balance: $5000.00 USD | Posiciones: 0 | Estrategias: 3
2026-08-20 06:24:39,840 [INFO] 📊 [PULSO PAPER MULTI-STRATEGY] Balance: $5000.00 USD | Posiciones: 0 | Estrategias: 3
2026-08-20 06:25:50,249 [INFO] 📊 [PULSO PAPER MULTI-STRATEGY] Balance: $5000.00 USD | Posiciones: 0 | Estrategias: 3
2026-08-20 06:26:58,725 [INFO] 📊 [PULSO PAPER MULTI-STRATEGY] Balance: $5000.00 USD | Posiciones: 0 | Estrategias: 3
2026-08-20 06:28:07,157 [INFO] 📊 [PULSO PAPER MULTI-STRATEGY] Balance: $5000.00 USD | Posiciones: 0 | Estrategias: 3
2026-08-20 06:29:16,960 [INFO] 📊 [PULSO PAPER MULTI-STRATEGY] Balance: $5000.00 USD | Posiciones: 0 | Estrategias: 3
2026-08-20 06:30:26,520 [INFO] 📊 [PULSO PAPER MULTI-STRATEGY] Balance: $5000.00 USD | Posiciones: 0 | Estrategias: 3
2026-08-20 06:31:35,626 [INFO] 📊 [PULSO PAPER MULTI-STRATEGY] Balance: $5000.00 USD | Posiciones: 0 | Estrategias: 3
2026-08-20 06:32:43,167 [INFO] 📊 [PULSO PAPER MULTI-STRATEGY] Balance: $5000.00 USD | Posiciones: 0 | Estrategias: 3
2026-08-20 06:33:52,946 [INFO] 📊 [PULSO PAPER MULTI-STRATEGY] Balance: $5000.00 USD | Posiciones: 0 | Estrategias: 3
2026-08-20 06:35:01,506 [INFO] 📊 [PULSO PAPER MULTI-STRATEGY] Balance: $5000.00 USD | Posiciones: 0 | Estrategias: 3
2026-08-20 06:36:10,314 [INFO] 📊 [PULSO PAPER MULTI-STRATEGY] Balance: $5000.00 USD | Posiciones: 0 | Estrategias: 3
2026-08-20 06:37:19,798 [INFO] 📊 [PULSO PAPER MULTI-STRATEGY] Balance: $5000.00 USD | Posiciones: 0 | Estrategias: 3
2026-08-20 06:38:31,077 [INFO] 📊 [PULSO PAPER MULTI-STRATEGY] Balance: $5000.00 USD | Posiciones: 0 | Estrategias: 3
2026-08-20 06:39:39,692 [INFO] 📊 [PULSO PAPER MULTI-STRATEGY] Balance: $5000.00 USD | Posiciones: 0 | Estrategias: 3
2026-08-20 06:40:48,424 [INFO] 📊 [PULSO PAPER MULTI-STRATEGY] Balance: $5000.00 USD | Posiciones: 0 | Estrategias: 3
2026-08-20 06:41:57,013 [INFO] 📊 [PULSO PAPER MULTI-STRATEGY] Balance: $5000.00 USD | Posiciones: 0 | Estrategias: 3
2026-08-20 06:43:05,519 [INFO] 📊 [PULSO PAPER MULTI-STRATEGY] Balance: $5000.00 USD | Posiciones: 0 | Estrategias: 3
2026-08-20 06:44:14,749 [INFO] 📊 [PULSO PAPER MULTI-STRATEGY] Balance: $5000.00 USD | Posiciones: 0 | Estrategias: 3
2026-08-20 06:45:24,916 [INFO] 📊 [PULSO PAPER MULTI-STRATEGY] Balance: $5000.00 USD | Posiciones: 0 | Estrategias: 3
2026-08-20 06:46:34,304 [INFO] 📊 [PULSO PAPER MULTI-STRATEGY] Balance: $5000.00 USD | Posiciones: 0 | Estrategias: 3
2026-08-20 06:47:43,526 [INFO] 📊 [PULSO PAPER MULTI-STRATEGY] Balance: $5000.00 USD | Posiciones: 0 | Estrategias: 3
2026-08-20 06:48:50,623 [INFO] 📊 [PULSO PAPER MULTI-STRATEGY] Balance: $5000.00 USD | Posiciones: 0 | Estrategias: 3
2026-08-20 06:50:00,261 [INFO] 📊 [PULSO PAPER MULTI-STRATEGY] Balance: $5000.00 USD | Posiciones: 0 | Estrategias: 3
2026-08-20 06:51:10,391 [INFO] 📊 [PULSO PAPER MULTI-STRATEGY] Balance: $5000.00 USD | Posiciones: 0 | Estrategias: 3
2026-08-20 06:52:20,025 [INFO] 📊 [PULSO PAPER MULTI-STRATEGY] Balance: $5000.00 USD | Posiciones: 0 | Estrategias: 3
2026-08-20 06:53:28,520 [INFO] 📊 [PULSO PAPER MULTI-STRATEGY] Balance: $5000.00 USD | Posiciones: 0 | Estrategias: 3
2026-08-20 06:54:37,251 [INFO] 📊 [PULSO PAPER MULTI-STRATEGY] Balance: $5000.00 USD | Posiciones: 0 | Estrategias: 3
2026-08-20 06:55:46,578 [INFO] 📊 [PULSO PAPER MULTI-STRATEGY] Balance: $5000.00 USD | Posiciones: 0 | Estrategias: 3
2026-08-20 06:56:54,145 [INFO] 📊 [PULSO PAPER MULTI-STRATEGY] Balance: $5000.00 USD | Posiciones: 0 | Estrategias: 3
2026-08-20 06:58:03,779 [INFO] 📊 [PULSO PAPER MULTI-STRATEGY] Balance: $5000.00 USD | Posiciones: 0 | Estrategias: 3
2026-08-20 06:59:13,410 [INFO] 📊 [PULSO PAPER MULTI-STRATEGY] Balance: $5000.00 USD | Posiciones: 0 | Estrategias: 3
2026-08-20 07:00:21,714 [INFO] 📊 [PULSO PAPER MULTI-STRATEGY] Balance: $5000.00 USD | Posiciones: 0 | Estrategias: 3
2026-08-20 07:01:30,438 [INFO] 📊 [PULSO PAPER MULTI-STRATEGY] Balance: $5000.00 USD | Posiciones: 0 | Estrategias: 3
2026-08-20 07:02:38,752 [INFO] 📊 [PULSO PAPER MULTI-STRATEGY] Balance: $5000.00 USD | Posiciones: 0 | Estrategias: 3
2026-08-20 07:03:48,075 [INFO] 📊 [PULSO PAPER MULTI-STRATEGY] Balance: $5000.00 USD | Posiciones: 0 | Estrategias: 3
2026-08-20 07:04:54,776 [INFO] 📊 [PULSO PAPER MULTI-STRATEGY] Balance: $5000.00 USD | Posiciones: 0 | Estrategias: 3
2026-08-20 07:06:05,076 [INFO] 📊 [PULSO PAPER MULTI-STRATEGY] Balance: $5000.00 USD | Posiciones: 0 | Estrategias: 3
2026-08-20 07:07:13,363 [INFO] 📊 [PULSO PAPER MULTI-STRATEGY] Balance: $5000.00 USD | Posiciones: 0 | Estrategias: 3
2026-08-20 07:08:23,003 [INFO] 📊 [PULSO PAPER MULTI-STRATEGY] Balance: $5000.00 USD | Posiciones: 0 | Estrategias: 3
2026-08-20 07:09:32,327 [INFO] 📊 [PULSO PAPER MULTI-STRATEGY] Balance: $5000.00 USD | Posiciones: 0 | Estrategias: 3
2026-08-20 07:10:41,239 [INFO] 📊 [PULSO PAPER MULTI-STRATEGY] Balance: $5000.00 USD | Posiciones: 0 | Estrategias: 3
2026-08-20 07:11:48,981 [INFO] 📊 [PULSO PAPER MULTI-STRATEGY] Balance: $5000.00 USD | Posiciones: 0 | Estrategias: 3
2026-08-20 07:12:58,081 [INFO] 📊 [PULSO PAPER MULTI-STRATEGY] Balance: $5000.00 USD | Posiciones: 0 | Estrategias: 3
2026-08-20 07:14:07,189 [INFO] 📊 [PULSO PAPER MULTI-STRATEGY] Balance: $5000.00 USD | Posiciones: 0 | Estrategias: 3
2026-08-20 07:15:15,897 [INFO] 📊 [PULSO PAPER MULTI-STRATEGY] Balance: $5000.00 USD | Posiciones: 0 | Estrategias: 3
2026-08-20 07:16:24,493 [INFO] 📊 [PULSO PAPER MULTI-STRATEGY] Balance: $5000.00 USD | Posiciones: 0 | Estrategias: 3
2026-08-20 07:17:31,988 [INFO] 📊 [PULSO PAPER MULTI-STRATEGY] Balance: $5000.00 USD | Posiciones: 0 | Estrategias: 3
2026-08-20 07:18:40,692 [INFO] 📊 [PULSO PAPER MULTI-STRATEGY] Balance: $5000.00 USD | Posiciones: 0 | Estrategias: 3
2026-08-20 07:19:49,772 [INFO] 📊 [PULSO PAPER MULTI-STRATEGY] Balance: $5000.00 USD | Posiciones: 0 | Estrategias: 3
2026-08-20 07:21:00,056 [INFO] 📊 [PULSO PAPER MULTI-STRATEGY] Balance: $5000.00 USD | Posiciones: 0 | Estrategias: 3
2026-08-20 07:22:08,561 [INFO] 📊 [PULSO PAPER MULTI-STRATEGY] Balance: $5000.00 USD | Posiciones: 0 | Estrategias: 3
2026-08-20 07:23:17,955 [INFO] 📊 [PULSO PAPER MULTI-STRATEGY] Balance: $5000.00 USD | Posiciones: 0 | Estrategias: 3
2026-08-20 07:24:25,574 [INFO] 📊 [PULSO PAPER MULTI-STRATEGY] Balance: $5000.00 USD | Posiciones: 0 | Estrategias: 3
2026-08-20 07:25:32,729 [INFO] 📊 [PULSO PAPER MULTI-STRATEGY] Balance: $5000.00 USD | Posiciones: 0 | Estrategias: 3
2026-08-20 07:26:40,496 [INFO] 📊 [PULSO PAPER MULTI-STRATEGY] Balance: $5000.00 USD | Posiciones: 0 | Estrategias: 3
2026-08-20 07:27:49,357 [INFO] 📊 [PULSO PAPER MULTI-STRATEGY] Balance: $5000.00 USD | Posiciones: 0 | Estrategias: 3
2026-08-20 07:28:59,048 [INFO] 📊 [PULSO PAPER MULTI-STRATEGY] Balance: $5000.00 USD | Posiciones: 0 | Estrategias: 3
2026-08-20 07:30:06,807 [INFO] 📊 [PULSO PAPER MULTI-STRATEGY] Balance: $5000.00 USD | Posiciones: 0 | Estrategias: 3
2026-08-20 07:31:16,349 [INFO] 📊 [PULSO PAPER MULTI-STRATEGY] Balance: $5000.00 USD | Posiciones: 0 | Estrategias: 3
2026-08-20 07:32:24,712 [INFO] 📊 [PULSO PAPER MULTI-STRATEGY] Balance: $5000.00 USD | Posiciones: 0 | Estrategias: 3
2026-08-20 07:33:32,405 [INFO] 📊 [PULSO PAPER MULTI-STRATEGY] Balance: $5000.00 USD | Posiciones: 0 | Estrategias: 3
2026-08-20 07:34:40,651 [INFO] 📊 [PULSO PAPER MULTI-STRATEGY] Balance: $5000.00 USD | Posiciones: 0 | Estrategias: 3
2026-08-20 07:35:48,965 [INFO] 📊 [PULSO PAPER MULTI-STRATEGY] Balance: $5000.00 USD | Posiciones: 0 | Estrategias: 3
2026-08-20 07:36:56,802 [INFO] 📊 [PULSO PAPER MULTI-STRATEGY] Balance: $5000.00 USD | Posiciones: 0 | Estrategias: 3
2026-08-20 07:38:05,477 [INFO] 📊 [PULSO PAPER MULTI-STRATEGY] Balance: $5000.00 USD | Posiciones: 0 | Estrategias: 3
2026-08-20 07:39:14,374 [INFO] 📊 [PULSO PAPER MULTI-STRATEGY] Balance: $5000.00 USD | Posiciones: 0 | Estrategias: 3
2026-08-20 07:40:22,729 [INFO] 📊 [PULSO PAPER MULTI-STRATEGY] Balance: $5000.00 USD | Posiciones: 0 | Estrategias: 3
2026-08-20 07:41:30,308 [INFO] 📊 [PULSO PAPER MULTI-STRATEGY] Balance: $5000.00 USD | Posiciones: 0 | Estrategias: 3
2026-08-20 07:42:39,237 [INFO] 📊 [PULSO PAPER MULTI-STRATEGY] Balance: $5000.00 USD | Posiciones: 0 | Estrategias: 3
2026-08-20 07:43:47,237 [INFO] 📊 [PULSO PAPER MULTI-STRATEGY] Balance: $5000.00 USD | Posiciones: 0 | Estrategias: 3
2026-08-20 07:44:55,731 [INFO] 📊 [PULSO PAPER MULTI-STRATEGY] Balance: $5000.00 USD | Posiciones: 0 | Estrategias: 3
2026-08-20 07:46:03,260 [INFO] 📊 [PULSO PAPER MULTI-STRATEGY] Balance: $5000.00 USD | Posiciones: 0 | Estrategias: 3
2026-08-20 07:47:11,220 [INFO] 📊 [PULSO PAPER MULTI-STRATEGY] Balance: $5000.00 USD | Posiciones: 0 | Estrategias: 3
2026-08-20 07:48:19,620 [INFO] 📊 [PULSO PAPER MULTI-STRATEGY] Balance: $5000.00 USD | Posiciones: 0 | Estrategias: 3
2026-08-20 07:49:27,503 [INFO] 📊 [PULSO PAPER MULTI-STRATEGY] Balance: $5000.00 USD | Posiciones: 0 | Estrategias: 3
2026-08-20 07:50:34,729 [INFO] 📊 [PULSO PAPER MULTI-STRATEGY] Balance: $5000.00 USD | Posiciones: 0 | Estrategias: 3
2026-08-20 07:51:43,413 [INFO] 📊 [PULSO PAPER MULTI-STRATEGY] Balance: $5000.00 USD | Posiciones: 0 | Estrategias: 3
2026-08-20 07:52:51,307 [INFO] 📊 [PULSO PAPER MULTI-STRATEGY] Balance: $5000.00 USD | Posiciones: 0 | Estrategias: 3
2026-08-20 07:53:59,455 [INFO] 📊 [PULSO PAPER MULTI-STRATEGY] Balance: $5000.00 USD | Posiciones: 0 | Estrategias: 3
2026-08-20 07:55:07,779 [INFO] 📊 [PULSO PAPER MULTI-STRATEGY] Balance: $5000.00 USD | Posiciones: 0 | Estrategias: 3
2026-08-20 07:56:17,521 [INFO] 📊 [PULSO PAPER MULTI-STRATEGY] Balance: $5000.00 USD | Posiciones: 0 | Estrategias: 3
2026-08-20 07:57:25,878 [INFO] 📊 [PULSO PAPER MULTI-STRATEGY] Balance: $5000.00 USD | Posiciones: 0 | Estrategias: 3
2026-08-20 07:58:34,337 [INFO] 📊 [PULSO PAPER MULTI-STRATEGY] Balance: $5000.00 USD | Posiciones: 0 | Estrategias: 3
2026-08-20 07:59:43,076 [INFO] 📊 [PULSO PAPER MULTI-STRATEGY] Balance: $5000.00 USD | Posiciones: 0 | Estrategias: 3
2026-08-20 08:00:50,576 [INFO] 📊 [PULSO PAPER MULTI-STRATEGY] Balance: $5000.00 USD | Posiciones: 0 | Estrategias: 3
2026-08-20 08:01:59,544 [INFO] 📊 [PULSO PAPER MULTI-STRATEGY] Balance: $5000.00 USD | Posiciones: 0 | Estrategias: 3
2026-08-20 08:03:06,551 [INFO] 📊 [PULSO PAPER MULTI-STRATEGY] Balance: $5000.00 USD | Posiciones: 0 | Estrategias: 3
2026-08-20 08:04:14,509 [INFO] 📊 [PULSO PAPER MULTI-STRATEGY] Balance: $5000.00 USD | Posiciones: 0 | Estrategias: 3
2026-08-20 08:05:23,135 [INFO] 📊 [PULSO PAPER MULTI-STRATEGY] Balance: $5000.00 USD | Posiciones: 0 | Estrategias: 3
2026-08-20 08:06:30,713 [INFO] 📊 [PULSO PAPER MULTI-STRATEGY] Balance: $5000.00 USD | Posiciones: 0 | Estrategias: 3
2026-08-20 08:07:39,634 [INFO] 📊 [PULSO PAPER MULTI-STRATEGY] Balance: $5000.00 USD | Posiciones: 0 | Estrategias: 3
2026-08-20 08:08:47,508 [INFO] 📊 [PULSO PAPER MULTI-STRATEGY] Balance: $5000.00 USD | Posiciones: 0 | Estrategias: 3
2026-08-20 08:09:55,072 [INFO] 📊 [PULSO PAPER MULTI-STRATEGY] Balance: $5000.00 USD | Posiciones: 0 | Estrategias: 3
2026-08-20 08:11:03,304 [INFO] 📊 [PULSO PAPER MULTI-STRATEGY] Balance: $5000.00 USD | Posiciones: 0 | Estrategias: 3
2026-08-20 08:12:11,101 [INFO] 📊 [PULSO PAPER MULTI-STRATEGY] Balance: $5000.00 USD | Posiciones: 0 | Estrategias: 3
2026-08-20 08:13:19,189 [INFO] 📊 [PULSO PAPER MULTI-STRATEGY] Balance: $5000.00 USD | Posiciones: 0 | Estrategias: 3
2026-08-20 08:14:28,469 [INFO] 📊 [PULSO PAPER MULTI-STRATEGY] Balance: $5000.00 USD | Posiciones: 0 | Estrategias: 3
2026-08-20 08:15:35,637 [INFO] 📊 [PULSO PAPER MULTI-STRATEGY] Balance: $5000.00 USD | Posiciones: 0 | Estrategias: 3
2026-08-20 08:16:44,528 [INFO] 📊 [PULSO PAPER MULTI-STRATEGY] Balance: $5000.00 USD | Posiciones: 0 | Estrategias: 3
2026-08-20 08:17:52,439 [INFO] 📊 [PULSO PAPER MULTI-STRATEGY] Balance: $5000.00 USD | Posiciones: 0 | Estrategias: 3
2026-08-20 08:19:00,322 [INFO] 📊 [PULSO PAPER MULTI-STRATEGY] Balance: $5000.00 USD | Posiciones: 0 | Estrategias: 3
2026-08-20 08:20:07,469 [INFO] 📊 [PULSO PAPER MULTI-STRATEGY] Balance: $5000.00 USD | Posiciones: 0 | Estrategias: 3
2026-08-20 08:21:15,883 [INFO] 📊 [PULSO PAPER MULTI-STRATEGY] Balance: $5000.00 USD | Posiciones: 0 | Estrategias: 3
2026-08-20 08:22:30,939 [INFO] 📊 [PULSO PAPER MULTI-STRATEGY] Balance: $5000.00 USD | Posiciones: 0 | Estrategias: 3
2026-08-20 08:23:38,723 [INFO] 📊 [PULSO PAPER MULTI-STRATEGY] Balance: $5000.00 USD | Posiciones: 0 | Estrategias: 3
2026-08-20 08:24:47,429 [INFO] 📊 [PULSO PAPER MULTI-STRATEGY] Balance: $5000.00 USD | Posiciones: 0 | Estrategias: 3
2026-08-20 08:25:56,549 [INFO] 📊 [PULSO PAPER MULTI-STRATEGY] Balance: $5000.00 USD | Posiciones: 0 | Estrategias: 3
2026-08-20 08:27:04,600 [INFO] 📊 [PULSO PAPER MULTI-STRATEGY] Balance: $5000.00 USD | Posiciones: 0 | Estrategias: 3
2026-08-20 08:28:11,510 [INFO] 📊 [PULSO PAPER MULTI-STRATEGY] Balance: $5000.00 USD | Posiciones: 0 | Estrategias: 3
2026-08-20 08:29:19,318 [INFO] 📊 [PULSO PAPER MULTI-STRATEGY] Balance: $5000.00 USD | Posiciones: 0 | Estrategias: 3
2026-08-20 08:30:27,050 [INFO] 📊 [PULSO PAPER MULTI-STRATEGY] Balance: $5000.00 USD | Posiciones: 0 | Estrategias: 3
2026-08-20 08:31:33,678 [INFO] 📊 [PULSO PAPER MULTI-STRATEGY] Balance: $5000.00 USD | Posiciones: 0 | Estrategias: 3
2026-08-20 08:32:40,935 [INFO] 📊 [PULSO PAPER MULTI-STRATEGY] Balance: $5000.00 USD | Posiciones: 0 | Estrategias: 3
2026-08-20 08:33:48,311 [INFO] 📊 [PULSO PAPER MULTI-STRATEGY] Balance: $5000.00 USD | Posiciones: 0 | Estrategias: 3
2026-08-20 08:34:56,222 [INFO] 📊 [PULSO PAPER MULTI-STRATEGY] Balance: $5000.00 USD | Posiciones: 0 | Estrategias: 3
2026-08-20 08:36:03,699 [INFO] 📊 [PULSO PAPER MULTI-STRATEGY] Balance: $5000.00 USD | Posiciones: 0 | Estrategias: 3
2026-08-20 08:37:12,102 [INFO] 📊 [PULSO PAPER MULTI-STRATEGY] Balance: $5000.00 USD | Posiciones: 0 | Estrategias: 3
2026-08-20 08:38:21,131 [INFO] 📊 [PULSO PAPER MULTI-STRATEGY] Balance: $5000.00 USD | Posiciones: 0 | Estrategias: 3
2026-08-20 08:39:27,808 [INFO] 📊 [PULSO PAPER MULTI-STRATEGY] Balance: $5000.00 USD | Posiciones: 0 | Estrategias: 3
2026-08-20 08:40:36,487 [INFO] 📊 [PULSO PAPER MULTI-STRATEGY] Balance: $5000.00 USD | Posiciones: 0 | Estrategias: 3
2026-08-20 08:41:44,306 [INFO] 📊 [PULSO PAPER MULTI-STRATEGY] Balance: $5000.00 USD | Posiciones: 0 | Estrategias: 3
2026-08-20 08:42:51,865 [INFO] 📊 [PULSO PAPER MULTI-STRATEGY] Balance: $5000.00 USD | Posiciones: 0 | Estrategias: 3
2026-08-20 08:44:00,377 [INFO] 📊 [PULSO PAPER MULTI-STRATEGY] Balance: $5000.00 USD | Posiciones: 0 | Estrategias: 3
2026-08-20 08:45:07,851 [INFO] 📊 [PULSO PAPER MULTI-STRATEGY] Balance: $5000.00 USD | Posiciones: 0 | Estrategias: 3
2026-08-20 08:46:17,399 [INFO] 📊 [PULSO PAPER MULTI-STRATEGY] Balance: $5000.00 USD | Posiciones: 0 | Estrategias: 3
2026-08-20 08:47:25,196 [INFO] 📊 [PULSO PAPER MULTI-STRATEGY] Balance: $5000.00 USD | Posiciones: 0 | Estrategias: 3
2026-08-20 08:48:33,795 [INFO] 📊 [PULSO PAPER MULTI-STRATEGY] Balance: $5000.00 USD | Posiciones: 0 | Estrategias: 3
2026-08-20 08:49:41,167 [INFO] 📊 [PULSO PAPER MULTI-STRATEGY] Balance: $5000.00 USD | Posiciones: 0 | Estrategias: 3
2026-08-20 08:50:48,352 [INFO] 📊 [PULSO PAPER MULTI-STRATEGY] Balance: $5000.00 USD | Posiciones: 0 | Estrategias: 3
2026-08-20 08:51:54,744 [INFO] 📊 [PULSO PAPER MULTI-STRATEGY] Balance: $5000.00 USD | Posiciones: 0 | Estrategias: 3
2026-08-20 08:53:02,896 [INFO] 📊 [PULSO PAPER MULTI-STRATEGY] Balance: $5000.00 USD | Posiciones: 0 | Estrategias: 3
2026-08-20 08:54:10,379 [INFO] 📊 [PULSO PAPER MULTI-STRATEGY] Balance: $5000.00 USD | Posiciones: 0 | Estrategias: 3
2026-08-20 08:55:17,705 [INFO] 📊 [PULSO PAPER MULTI-STRATEGY] Balance: $5000.00 USD | Posiciones: 0 | Estrategias: 3
2026-08-20 08:56:27,393 [INFO] 📊 [PULSO PAPER MULTI-STRATEGY] Balance: $5000.00 USD | Posiciones: 0 | Estrategias: 3
2026-08-20 08:57:36,106 [INFO] 📊 [PULSO PAPER MULTI-STRATEGY] Balance: $5000.00 USD | Posiciones: 0 | Estrategias: 3
2026-08-20 08:58:43,493 [INFO] 📊 [PULSO PAPER MULTI-STRATEGY] Balance: $5000.00 USD | Posiciones: 0 | Estrategias: 3
2026-08-20 08:59:51,277 [INFO] 📊 [PULSO PAPER MULTI-STRATEGY] Balance: $5000.00 USD | Posiciones: 0 | Estrategias: 3
2026-08-20 09:00:59,482 [INFO] 📊 [PULSO PAPER MULTI-STRATEGY] Balance: $5000.00 USD | Posiciones: 0 | Estrategias: 3
2026-08-20 09:02:07,157 [INFO] 📊 [PULSO PAPER MULTI-STRATEGY] Balance: $5000.00 USD | Posiciones: 0 | Estrategias: 3
2026-08-20 09:03:16,588 [INFO] 📊 [PULSO PAPER MULTI-STRATEGY] Balance: $5000.00 USD | Posiciones: 0 | Estrategias: 3
2026-08-20 09:04:24,288 [INFO] 📊 [PULSO PAPER MULTI-STRATEGY] Balance: $5000.00 USD | Posiciones: 0 | Estrategias: 3
2026-08-20 09:05:33,459 [INFO] 📊 [PULSO PAPER MULTI-STRATEGY] Balance: $5000.00 USD | Posiciones: 0 | Estrategias: 3
2026-08-20 09:06:41,513 [INFO] 📊 [PULSO PAPER MULTI-STRATEGY] Balance: $5000.00 USD | Posiciones: 0 | Estrategias: 3
2026-08-20 09:07:50,035 [INFO] 📊 [PULSO PAPER MULTI-STRATEGY] Balance: $5000.00 USD | Posiciones: 0 | Estrategias: 3
2026-08-20 09:08:59,846 [INFO] 📊 [PULSO PAPER MULTI-STRATEGY] Balance: $5000.00 USD | Posiciones: 0 | Estrategias: 3
2026-08-20 09:10:08,456 [INFO] 📊 [PULSO PAPER MULTI-STRATEGY] Balance: $5000.00 USD | Posiciones: 0 | Estrategias: 3
2026-08-20 09:11:17,574 [INFO] 📊 [PULSO PAPER MULTI-STRATEGY] Balance: $5000.00 USD | Posiciones: 0 | Estrategias: 3
2026-08-20 09:12:26,285 [INFO] 📊 [PULSO PAPER MULTI-STRATEGY] Balance: $5000.00 USD | Posiciones: 0 | Estrategias: 3
2026-08-20 09:13:34,898 [INFO] 📊 [PULSO PAPER MULTI-STRATEGY] Balance: $5000.00 USD | Posiciones: 0 | Estrategias: 3
2026-08-20 09:14:43,604 [INFO] 📊 [PULSO PAPER MULTI-STRATEGY] Balance: $5000.00 USD | Posiciones: 0 | Estrategias: 3
2026-08-20 09:15:52,045 [INFO] 📊 [PULSO PAPER MULTI-STRATEGY] Balance: $5000.00 USD | Posiciones: 0 | Estrategias: 3
2026-08-20 09:16:59,103 [INFO] 📊 [PULSO PAPER MULTI-STRATEGY] Balance: $5000.00 USD | Posiciones: 0 | Estrategias: 3
2026-08-20 09:18:06,460 [INFO] 📊 [PULSO PAPER MULTI-STRATEGY] Balance: $5000.00 USD | Posiciones: 0 | Estrategias: 3
2026-08-20 09:19:14,522 [INFO] 📊 [PULSO PAPER MULTI-STRATEGY] Balance: $5000.00 USD | Posiciones: 0 | Estrategias: 3
2026-08-20 09:20:21,171 [INFO] 📊 [PULSO PAPER MULTI-STRATEGY] Balance: $5000.00 USD | Posiciones: 0 | Estrategias: 3
2026-08-20 09:21:29,112 [INFO] 📊 [PULSO PAPER MULTI-STRATEGY] Balance: $5000.00 USD | Posiciones: 0 | Estrategias: 3
2026-08-20 09:22:37,356 [INFO] 📊 [PULSO PAPER MULTI-STRATEGY] Balance: $5000.00 USD | Posiciones: 0 | Estrategias: 3
2026-08-20 09:23:46,542 [INFO] 📊 [PULSO PAPER MULTI-STRATEGY] Balance: $5000.00 USD | Posiciones: 0 | Estrategias: 3
2026-08-20 09:24:53,404 [INFO] 📊 [PULSO PAPER MULTI-STRATEGY] Balance: $5000.00 USD | Posiciones: 0 | Estrategias: 3
2026-08-20 09:26:00,584 [INFO] 📊 [PULSO PAPER MULTI-STRATEGY] Balance: $5000.00 USD | Posiciones: 0 | Estrategias: 3
2026-08-20 09:27:10,423 [INFO] 📊 [PULSO PAPER MULTI-STRATEGY] Balance: $5000.00 USD | Posiciones: 0 | Estrategias: 3
2026-08-20 09:28:17,909 [INFO] 📊 [PULSO PAPER MULTI-STRATEGY] Balance: $5000.00 USD | Posiciones: 0 | Estrategias: 3
2026-08-20 09:29:25,305 [INFO] 📊 [PULSO PAPER MULTI-STRATEGY] Balance: $5000.00 USD | Posiciones: 0 | Estrategias: 3
2026-08-20 09:30:33,084 [INFO] 📊 [PULSO PAPER MULTI-STRATEGY] Balance: $5000.00 USD | Posiciones: 0 | Estrategias: 3
2026-08-20 09:31:41,118 [INFO] 📊 [PULSO PAPER MULTI-STRATEGY] Balance: $5000.00 USD | Posiciones: 0 | Estrategias: 3
2026-08-20 09:32:49,755 [INFO] 📊 [PULSO PAPER MULTI-STRATEGY] Balance: $5000.00 USD | Posiciones: 0 | Estrategias: 3
2026-08-20 09:33:56,851 [INFO] 📊 [PULSO PAPER MULTI-STRATEGY] Balance: $5000.00 USD | Posiciones: 0 | Estrategias: 3
2026-08-20 09:35:04,494 [INFO] 📊 [PULSO PAPER MULTI-STRATEGY] Balance: $5000.00 USD | Posiciones: 0 | Estrategias: 3
2026-08-20 09:36:12,859 [INFO] 📊 [PULSO PAPER MULTI-STRATEGY] Balance: $5000.00 USD | Posiciones: 0 | Estrategias: 3
2026-08-20 09:37:21,812 [INFO] 📊 [PULSO PAPER MULTI-STRATEGY] Balance: $5000.00 USD | Posiciones: 0 | Estrategias: 3
2026-08-20 09:38:30,172 [INFO] 📊 [PULSO PAPER MULTI-STRATEGY] Balance: $5000.00 USD | Posiciones: 0 | Estrategias: 3
2026-08-20 09:39:38,783 [INFO] 📊 [PULSO PAPER MULTI-STRATEGY] Balance: $5000.00 USD | Posiciones: 0 | Estrategias: 3
2026-08-20 09:40:46,876 [INFO] 📊 [PULSO PAPER MULTI-STRATEGY] Balance: $5000.00 USD | Posiciones: 0 | Estrategias: 3
2026-08-20 09:41:54,709 [INFO] 📊 [PULSO PAPER MULTI-STRATEGY] Balance: $5000.00 USD | Posiciones: 0 | Estrategias: 3
2026-08-20 09:43:04,706 [INFO] 📊 [PULSO PAPER MULTI-STRATEGY] Balance: $5000.00 USD | Posiciones: 0 | Estrategias: 3
2026-08-20 09:44:13,007 [INFO] 📊 [PULSO PAPER MULTI-STRATEGY] Balance: $5000.00 USD | Posiciones: 0 | Estrategias: 3
2026-08-20 09:45:20,904 [INFO] 📊 [PULSO PAPER MULTI-STRATEGY] Balance: $5000.00 USD | Posiciones: 0 | Estrategias: 3
2026-08-20 09:46:28,786 [INFO] 📊 [PULSO PAPER MULTI-STRATEGY] Balance: $5000.00 USD | Posiciones: 0 | Estrategias: 3
2026-08-20 09:47:35,609 [INFO] 📊 [PULSO PAPER MULTI-STRATEGY] Balance: $5000.00 USD | Posiciones: 0 | Estrategias: 3
2026-08-20 09:48:43,137 [INFO] 📊 [PULSO PAPER MULTI-STRATEGY] Balance: $5000.00 USD | Posiciones: 0 | Estrategias: 3
2026-08-20 09:49:50,555 [INFO] 📊 [PULSO PAPER MULTI-STRATEGY] Balance: $5000.00 USD | Posiciones: 0 | Estrategias: 3
2026-08-20 09:51:00,776 [INFO] 📊 [PULSO PAPER MULTI-STRATEGY] Balance: $5000.00 USD | Posiciones: 0 | Estrategias: 3
2026-08-20 09:52:08,604 [INFO] 📊 [PULSO PAPER MULTI-STRATEGY] Balance: $5000.00 USD | Posiciones: 0 | Estrategias: 3
2026-08-20 09:53:16,561 [INFO] 📊 [PULSO PAPER MULTI-STRATEGY] Balance: $5000.00 USD | Posiciones: 0 | Estrategias: 3
2026-08-20 09:54:24,094 [INFO] 📊 [PULSO PAPER MULTI-STRATEGY] Balance: $5000.00 USD | Posiciones: 0 | Estrategias: 3
2026-08-20 09:55:32,308 [INFO] 📊 [PULSO PAPER MULTI-STRATEGY] Balance: $5000.00 USD | Posiciones: 0 | Estrategias: 3
2026-08-20 09:56:41,781 [INFO] 📊 [PULSO PAPER MULTI-STRATEGY] Balance: $5000.00 USD | Posiciones: 0 | Estrategias: 3
2026-08-20 09:57:48,756 [INFO] 📊 [PULSO PAPER MULTI-STRATEGY] Balance: $5000.00 USD | Posiciones: 0 | Estrategias: 3
2026-08-20 09:58:57,078 [INFO] 📊 [PULSO PAPER MULTI-STRATEGY] Balance: $5000.00 USD | Posiciones: 0 | Estrategias: 3
2026-08-20 10:00:04,527 [INFO] 📊 [PULSO PAPER MULTI-STRATEGY] Balance: $5000.00 USD | Posiciones: 0 | Estrategias: 3
2026-08-20 10:01:12,112 [INFO] 📊 [PULSO PAPER MULTI-STRATEGY] Balance: $5000.00 USD | Posiciones: 0 | Estrategias: 3
2026-08-20 10:02:20,948 [INFO] 📊 [PULSO PAPER MULTI-STRATEGY] Balance: $5000.00 USD | Posiciones: 0 | Estrategias: 3
2026-08-20 10:03:29,742 [INFO] 📊 [PULSO PAPER MULTI-STRATEGY] Balance: $5000.00 USD | Posiciones: 0 | Estrategias: 3
2026-08-20 10:04:39,306 [INFO] 📊 [PULSO PAPER MULTI-STRATEGY] Balance: $5000.00 USD | Posiciones: 0 | Estrategias: 3
2026-08-20 10:05:48,088 [INFO] 📊 [PULSO PAPER MULTI-STRATEGY] Balance: $5000.00 USD | Posiciones: 0 | Estrategias: 3
2026-08-20 10:06:56,081 [INFO] 📊 [PULSO PAPER MULTI-STRATEGY] Balance: $5000.00 USD | Posiciones: 0 | Estrategias: 3
2026-08-20 10:08:04,976 [INFO] 📊 [PULSO PAPER MULTI-STRATEGY] Balance: $5000.00 USD | Posiciones: 0 | Estrategias: 3
2026-08-20 10:09:12,380 [INFO] 📊 [PULSO PAPER MULTI-STRATEGY] Balance: $5000.00 USD | Posiciones: 0 | Estrategias: 3
2026-08-20 10:10:19,656 [INFO] 📊 [PULSO PAPER MULTI-STRATEGY] Balance: $5000.00 USD | Posiciones: 0 | Estrategias: 3
2026-08-20 10:11:27,316 [INFO] 📊 [PULSO PAPER MULTI-STRATEGY] Balance: $5000.00 USD | Posiciones: 0 | Estrategias: 3
2026-08-20 10:12:34,788 [INFO] 📊 [PULSO PAPER MULTI-STRATEGY] Balance: $5000.00 USD | Posiciones: 0 | Estrategias: 3
2026-08-20 10:13:42,786 [INFO] 📊 [PULSO PAPER MULTI-STRATEGY] Balance: $5000.00 USD | Posiciones: 0 | Estrategias: 3
2026-08-20 10:14:50,327 [INFO] 📊 [PULSO PAPER MULTI-STRATEGY] Balance: $5000.00 USD | Posiciones: 0 | Estrategias: 3
2026-08-20 10:15:58,216 [INFO] 📊 [PULSO PAPER MULTI-STRATEGY] Balance: $5000.00 USD | Posiciones: 0 | Estrategias: 3
2026-08-20 10:17:06,306 [INFO] 📊 [PULSO PAPER MULTI-STRATEGY] Balance: $5000.00 USD | Posiciones: 0 | Estrategias: 3
2026-08-20 10:18:13,817 [INFO] 📊 [PULSO PAPER MULTI-STRATEGY] Balance: $5000.00 USD | Posiciones: 0 | Estrategias: 3
2026-08-20 10:19:22,411 [INFO] 📊 [PULSO PAPER MULTI-STRATEGY] Balance: $5000.00 USD | Posiciones: 0 | Estrategias: 3
2026-08-20 10:20:31,303 [INFO] 📊 [PULSO PAPER MULTI-STRATEGY] Balance: $5000.00 USD | Posiciones: 0 | Estrategias: 3
2026-08-20 10:21:40,619 [INFO] 📊 [PULSO PAPER MULTI-STRATEGY] Balance: $5000.00 USD | Posiciones: 0 | Estrategias: 3
2026-08-20 10:22:52,968 [INFO] 📊 [PULSO PAPER MULTI-STRATEGY] Balance: $5000.00 USD | Posiciones: 0 | Estrategias: 3
2026-08-20 10:24:01,797 [INFO] 📊 [PULSO PAPER MULTI-STRATEGY] Balance: $5000.00 USD | Posiciones: 0 | Estrategias: 3
2026-08-20 10:25:09,006 [INFO] 📊 [PULSO PAPER MULTI-STRATEGY] Balance: $5000.00 USD | Posiciones: 0 | Estrategias: 3
2026-08-20 10:26:17,005 [INFO] 📊 [PULSO PAPER MULTI-STRATEGY] Balance: $5000.00 USD | Posiciones: 0 | Estrategias: 3
2026-08-20 10:27:25,319 [INFO] 📊 [PULSO PAPER MULTI-STRATEGY] Balance: $5000.00 USD | Posiciones: 0 | Estrategias: 3
2026-08-20 10:28:33,334 [INFO] 📊 [PULSO PAPER MULTI-STRATEGY] Balance: $5000.00 USD | Posiciones: 0 | Estrategias: 3
2026-08-20 10:29:43,141 [INFO] 📊 [PULSO PAPER MULTI-STRATEGY] Balance: $5000.00 USD | Posiciones: 0 | Estrategias: 3
2026-08-20 10:30:50,938 [INFO] 📊 [PULSO PAPER MULTI-STRATEGY] Balance: $5000.00 USD | Posiciones: 0 | Estrategias: 3
2026-08-20 10:31:58,858 [INFO] 📊 [PULSO PAPER MULTI-STRATEGY] Balance: $5000.00 USD | Posiciones: 0 | Estrategias: 3
2026-08-20 10:33:06,613 [INFO] 📊 [PULSO PAPER MULTI-STRATEGY] Balance: $5000.00 USD | Posiciones: 0 | Estrategias: 3
2026-08-20 10:34:14,612 [INFO] 📊 [PULSO PAPER MULTI-STRATEGY] Balance: $5000.00 USD | Posiciones: 0 | Estrategias: 3
2026-08-20 10:35:22,802 [INFO] 📊 [PULSO PAPER MULTI-STRATEGY] Balance: $5000.00 USD | Posiciones: 0 | Estrategias: 3
2026-08-20 10:36:31,268 [INFO] 📊 [PULSO PAPER MULTI-STRATEGY] Balance: $5000.00 USD | Posiciones: 0 | Estrategias: 3
2026-08-20 10:37:39,045 [INFO] 📊 [PULSO PAPER MULTI-STRATEGY] Balance: $5000.00 USD | Posiciones: 0 | Estrategias: 3
2026-08-20 10:38:47,617 [INFO] 📊 [PULSO PAPER MULTI-STRATEGY] Balance: $5000.00 USD | Posiciones: 0 | Estrategias: 3
2026-08-20 10:39:55,251 [INFO] 📊 [PULSO PAPER MULTI-STRATEGY] Balance: $5000.00 USD | Posiciones: 0 | Estrategias: 3
2026-08-20 10:41:04,877 [INFO] 📊 [PULSO PAPER MULTI-STRATEGY] Balance: $5000.00 USD | Posiciones: 0 | Estrategias: 3
2026-08-20 10:42:11,682 [INFO] 📊 [PULSO PAPER MULTI-STRATEGY] Balance: $5000.00 USD | Posiciones: 0 | Estrategias: 3
2026-08-20 10:43:19,736 [INFO] 📊 [PULSO PAPER MULTI-STRATEGY] Balance: $5000.00 USD | Posiciones: 0 | Estrategias: 3
2026-08-20 10:44:27,069 [INFO] 📊 [PULSO PAPER MULTI-STRATEGY] Balance: $5000.00 USD | Posiciones: 0 | Estrategias: 3
2026-08-20 10:45:36,463 [INFO] 📊 [PULSO PAPER MULTI-STRATEGY] Balance: $5000.00 USD | Posiciones: 0 | Estrategias: 3
2026-08-20 10:46:44,116 [INFO] 📊 [PULSO PAPER MULTI-STRATEGY] Balance: $5000.00 USD | Posiciones: 0 | Estrategias: 3
2026-08-20 10:47:52,125 [INFO] 📊 [PULSO PAPER MULTI-STRATEGY] Balance: $5000.00 USD | Posiciones: 0 | Estrategias: 3
2026-08-20 10:48:59,290 [INFO] 📊 [PULSO PAPER MULTI-STRATEGY] Balance: $5000.00 USD | Posiciones: 0 | Estrategias: 3
2026-08-20 10:50:07,150 [INFO] 📊 [PULSO PAPER MULTI-STRATEGY] Balance: $5000.00 USD | Posiciones: 0 | Estrategias: 3
2026-08-20 10:51:16,270 [INFO] 📊 [PULSO PAPER MULTI-STRATEGY] Balance: $5000.00 USD | Posiciones: 0 | Estrategias: 3
2026-08-20 10:52:25,180 [INFO] 📊 [PULSO PAPER MULTI-STRATEGY] Balance: $5000.00 USD | Posiciones: 0 | Estrategias: 3
2026-08-20 10:53:32,875 [INFO] 📊 [PULSO PAPER MULTI-STRATEGY] Balance: $5000.00 USD | Posiciones: 0 | Estrategias: 3
2026-08-20 10:54:43,038 [INFO] 📊 [PULSO PAPER MULTI-STRATEGY] Balance: $5000.00 USD | Posiciones: 0 | Estrategias: 3
2026-08-20 10:55:50,311 [INFO] 📊 [PULSO PAPER MULTI-STRATEGY] Balance: $5000.00 USD | Posiciones: 0 | Estrategias: 3
2026-08-20 10:56:57,526 [INFO] 📊 [PULSO PAPER MULTI-STRATEGY] Balance: $5000.00 USD | Posiciones: 0 | Estrategias: 3
2026-08-20 10:58:07,314 [INFO] 📊 [PULSO PAPER MULTI-STRATEGY] Balance: $5000.00 USD | Posiciones: 0 | Estrategias: 3
2026-08-20 10:59:15,920 [INFO] 📊 [PULSO PAPER MULTI-STRATEGY] Balance: $5000.00 USD | Posiciones: 0 | Estrategias: 3
2026-08-20 11:00:23,712 [INFO] 📊 [PULSO PAPER MULTI-STRATEGY] Balance: $5000.00 USD | Posiciones: 0 | Estrategias: 3
2026-08-20 11:01:30,996 [INFO] 📊 [PULSO PAPER MULTI-STRATEGY] Balance: $5000.00 USD | Posiciones: 0 | Estrategias: 3
2026-08-20 11:02:39,912 [INFO] 📊 [PULSO PAPER MULTI-STRATEGY] Balance: $5000.00 USD | Posiciones: 0 | Estrategias: 3
2026-08-20 11:03:48,717 [INFO] 📊 [PULSO PAPER MULTI-STRATEGY] Balance: $5000.00 USD | Posiciones: 0 | Estrategias: 3
2026-08-20 11:04:56,007 [INFO] 📊 [PULSO PAPER MULTI-STRATEGY] Balance: $5000.00 USD | Posiciones: 0 | Estrategias: 3
2026-08-20 11:06:05,968 [INFO] 📊 [PULSO PAPER MULTI-STRATEGY] Balance: $5000.00 USD | Posiciones: 0 | Estrategias: 3
2026-08-20 11:07:14,438 [INFO] 📊 [PULSO PAPER MULTI-STRATEGY] Balance: $5000.00 USD | Posiciones: 0 | Estrategias: 3
2026-08-20 11:08:22,276 [INFO] 📊 [PULSO PAPER MULTI-STRATEGY] Balance: $5000.00 USD | Posiciones: 0 | Estrategias: 3
2026-08-20 11:09:30,153 [INFO] 📊 [PULSO PAPER MULTI-STRATEGY] Balance: $5000.00 USD | Posiciones: 0 | Estrategias: 3
2026-08-20 11:10:38,219 [INFO] 📊 [PULSO PAPER MULTI-STRATEGY] Balance: $5000.00 USD | Posiciones: 0 | Estrategias: 3
2026-08-20 11:11:45,971 [INFO] 📊 [PULSO PAPER MULTI-STRATEGY] Balance: $5000.00 USD | Posiciones: 0 | Estrategias: 3
2026-08-20 11:12:53,597 [INFO] 📊 [PULSO PAPER MULTI-STRATEGY] Balance: $5000.00 USD | Posiciones: 0 | Estrategias: 3
2026-08-20 11:14:02,808 [INFO] 📊 [PULSO PAPER MULTI-STRATEGY] Balance: $5000.00 USD | Posiciones: 0 | Estrategias: 3
2026-08-20 11:15:10,146 [INFO] 📊 [PULSO PAPER MULTI-STRATEGY] Balance: $5000.00 USD | Posiciones: 0 | Estrategias: 3
2026-08-20 11:16:18,620 [INFO] 📊 [PULSO PAPER MULTI-STRATEGY] Balance: $5000.00 USD | Posiciones: 0 | Estrategias: 3
2026-08-20 11:17:26,804 [INFO] 📊 [PULSO PAPER MULTI-STRATEGY] Balance: $5000.00 USD | Posiciones: 0 | Estrategias: 3
2026-08-20 11:18:34,883 [INFO] 📊 [PULSO PAPER MULTI-STRATEGY] Balance: $5000.00 USD | Posiciones: 0 | Estrategias: 3
2026-08-20 11:19:42,381 [INFO] 📊 [PULSO PAPER MULTI-STRATEGY] Balance: $5000.00 USD | Posiciones: 0 | Estrategias: 3
2026-08-20 11:20:52,594 [INFO] 📊 [PULSO PAPER MULTI-STRATEGY] Balance: $5000.00 USD | Posiciones: 0 | Estrategias: 3
2026-08-20 11:22:01,961 [INFO] 📊 [PULSO PAPER MULTI-STRATEGY] Balance: $5000.00 USD | Posiciones: 0 | Estrategias: 3
2026-08-20 11:23:12,321 [INFO] 📊 [PULSO PAPER MULTI-STRATEGY] Balance: $5000.00 USD | Posiciones: 0 | Estrategias: 3
2026-08-20 11:24:22,153 [INFO] 📊 [PULSO PAPER MULTI-STRATEGY] Balance: $5000.00 USD | Posiciones: 0 | Estrategias: 3
2026-08-20 11:25:31,808 [INFO] 📊 [PULSO PAPER MULTI-STRATEGY] Balance: $5000.00 USD | Posiciones: 0 | Estrategias: 3
2026-08-20 11:26:41,830 [WARNING] Fetch klines error (BTCUSDT): HTTPSConnectionPool(host='testnet.binancefuture.com', port=443): Read timed out. (read timeout=None)
2026-08-20 11:27:50,252 [INFO] 📊 [PULSO PAPER MULTI-STRATEGY] Balance: $5000.00 USD | Posiciones: 0 | Estrategias: 3
2026-08-20 11:28:59,878 [INFO] 📊 [PULSO PAPER MULTI-STRATEGY] Balance: $5000.00 USD | Posiciones: 0 | Estrategias: 3
2026-08-20 11:30:06,489 [INFO] 📊 [PULSO PAPER MULTI-STRATEGY] Balance: $5000.00 USD | Posiciones: 0 | Estrategias: 3
2026-08-20 11:31:15,207 [INFO] 📊 [PULSO PAPER MULTI-STRATEGY] Balance: $5000.00 USD | Posiciones: 0 | Estrategias: 3
2026-08-20 11:32:23,996 [INFO] 📊 [PULSO PAPER MULTI-STRATEGY] Balance: $5000.00 USD | Posiciones: 0 | Estrategias: 3
2026-08-20 11:33:30,913 [INFO] 📊 [PULSO PAPER MULTI-STRATEGY] Balance: $5000.00 USD | Posiciones: 0 | Estrategias: 3
2026-08-20 11:34:38,709 [INFO] 📊 [PULSO PAPER MULTI-STRATEGY] Balance: $5000.00 USD | Posiciones: 0 | Estrategias: 3
2026-08-20 11:35:46,405 [INFO] 📊 [PULSO PAPER MULTI-STRATEGY] Balance: $5000.00 USD | Posiciones: 0 | Estrategias: 3
2026-08-20 11:36:55,299 [INFO] 📊 [PULSO PAPER MULTI-STRATEGY] Balance: $5000.00 USD | Posiciones: 0 | Estrategias: 3
2026-08-20 11:38:02,690 [INFO] 📊 [PULSO PAPER MULTI-STRATEGY] Balance: $5000.00 USD | Posiciones: 0 | Estrategias: 3
2026-08-20 11:39:12,423 [INFO] 📊 [PULSO PAPER MULTI-STRATEGY] Balance: $5000.00 USD | Posiciones: 0 | Estrategias: 3
2026-08-20 11:40:21,442 [INFO] 📊 [PULSO PAPER MULTI-STRATEGY] Balance: $5000.00 USD | Posiciones: 0 | Estrategias: 3
2026-08-20 11:41:30,168 [INFO] 📊 [PULSO PAPER MULTI-STRATEGY] Balance: $5000.00 USD | Posiciones: 0 | Estrategias: 3
2026-08-20 11:42:39,078 [INFO] 📊 [PULSO PAPER MULTI-STRATEGY] Balance: $5000.00 USD | Posiciones: 0 | Estrategias: 3
2026-08-20 11:43:47,174 [INFO] 📊 [PULSO PAPER MULTI-STRATEGY] Balance: $5000.00 USD | Posiciones: 0 | Estrategias: 3
2026-08-20 11:44:54,183 [INFO] 📊 [PULSO PAPER MULTI-STRATEGY] Balance: $5000.00 USD | Posiciones: 0 | Estrategias: 3
2026-08-20 11:46:02,395 [INFO] 📊 [PULSO PAPER MULTI-STRATEGY] Balance: $5000.00 USD | Posiciones: 0 | Estrategias: 3
2026-08-20 11:47:10,984 [INFO] 📊 [PULSO PAPER MULTI-STRATEGY] Balance: $5000.00 USD | Posiciones: 0 | Estrategias: 3
2026-08-20 11:48:20,530 [INFO] 📊 [PULSO PAPER MULTI-STRATEGY] Balance: $5000.00 USD | Posiciones: 0 | Estrategias: 3
2026-08-20 11:49:28,413 [INFO] 📊 [PULSO PAPER MULTI-STRATEGY] Balance: $5000.00 USD | Posiciones: 0 | Estrategias: 3
2026-08-20 11:50:34,848 [INFO] 📊 [PULSO PAPER MULTI-STRATEGY] Balance: $5000.00 USD | Posiciones: 0 | Estrategias: 3
2026-08-20 11:51:43,448 [INFO] 📊 [PULSO PAPER MULTI-STRATEGY] Balance: $5000.00 USD | Posiciones: 0 | Estrategias: 3
2026-08-20 11:52:51,654 [INFO] 📊 [PULSO PAPER MULTI-STRATEGY] Balance: $5000.00 USD | Posiciones: 0 | Estrategias: 3
2026-08-20 11:53:59,190 [INFO] 📊 [PULSO PAPER MULTI-STRATEGY] Balance: $5000.00 USD | Posiciones: 0 | Estrategias: 3
2026-08-20 11:55:08,147 [INFO] 📊 [PULSO PAPER MULTI-STRATEGY] Balance: $5000.00 USD | Posiciones: 0 | Estrategias: 3
2026-08-20 11:56:15,898 [INFO] 📊 [PULSO PAPER MULTI-STRATEGY] Balance: $5000.00 USD | Posiciones: 0 | Estrategias: 3
2026-08-20 11:57:24,954 [INFO] 📊 [PULSO PAPER MULTI-STRATEGY] Balance: $5000.00 USD | Posiciones: 0 | Estrategias: 3
2026-08-20 11:58:32,985 [INFO] 📊 [PULSO PAPER MULTI-STRATEGY] Balance: $5000.00 USD | Posiciones: 0 | Estrategias: 3
2026-08-20 11:59:40,533 [INFO] 📊 [PULSO PAPER MULTI-STRATEGY] Balance: $5000.00 USD | Posiciones: 0 | Estrategias: 3
2026-08-20 12:00:48,287 [INFO] 📊 [PULSO PAPER MULTI-STRATEGY] Balance: $5000.00 USD | Posiciones: 0 | Estrategias: 3
2026-08-20 12:01:56,527 [INFO] 📊 [PULSO PAPER MULTI-STRATEGY] Balance: $5000.00 USD | Posiciones: 0 | Estrategias: 3
2026-08-20 12:03:05,030 [INFO] 📊 [PULSO PAPER MULTI-STRATEGY] Balance: $5000.00 USD | Posiciones: 0 | Estrategias: 3
2026-08-20 12:04:12,732 [INFO] 📊 [PULSO PAPER MULTI-STRATEGY] Balance: $5000.00 USD | Posiciones: 0 | Estrategias: 3
2026-08-20 12:05:21,294 [INFO] 📊 [PULSO PAPER MULTI-STRATEGY] Balance: $5000.00 USD | Posiciones: 0 | Estrategias: 3
2026-08-20 12:06:29,648 [INFO] 📊 [PULSO PAPER MULTI-STRATEGY] Balance: $5000.00 USD | Posiciones: 0 | Estrategias: 3
2026-08-20 12:07:37,031 [INFO] 📊 [PULSO PAPER MULTI-STRATEGY] Balance: $5000.00 USD | Posiciones: 0 | Estrategias: 3
2026-08-20 12:08:45,426 [INFO] 📊 [PULSO PAPER MULTI-STRATEGY] Balance: $5000.00 USD | Posiciones: 0 | Estrategias: 3
2026-08-20 12:09:54,235 [INFO] 📊 [PULSO PAPER MULTI-STRATEGY] Balance: $5000.00 USD | Posiciones: 0 | Estrategias: 3
2026-08-20 12:11:02,016 [INFO] 📊 [PULSO PAPER MULTI-STRATEGY] Balance: $5000.00 USD | Posiciones: 0 | Estrategias: 3
2026-08-20 12:12:09,619 [INFO] 📊 [PULSO PAPER MULTI-STRATEGY] Balance: $5000.00 USD | Posiciones: 0 | Estrategias: 3
2026-08-20 12:13:18,728 [INFO] 📊 [PULSO PAPER MULTI-STRATEGY] Balance: $5000.00 USD | Posiciones: 0 | Estrategias: 3
2026-08-20 12:14:26,777 [INFO] 📊 [PULSO PAPER MULTI-STRATEGY] Balance: $5000.00 USD | Posiciones: 0 | Estrategias: 3
2026-08-20 12:15:35,240 [INFO] 📊 [PULSO PAPER MULTI-STRATEGY] Balance: $5000.00 USD | Posiciones: 0 | Estrategias: 3
2026-08-20 12:16:43,747 [INFO] 📊 [PULSO PAPER MULTI-STRATEGY] Balance: $5000.00 USD | Posiciones: 0 | Estrategias: 3
2026-08-20 12:17:51,569 [INFO] 📊 [PULSO PAPER MULTI-STRATEGY] Balance: $5000.00 USD | Posiciones: 0 | Estrategias: 3
2026-08-20 12:19:02,803 [INFO] 📊 [PULSO PAPER MULTI-STRATEGY] Balance: $5000.00 USD | Posiciones: 0 | Estrategias: 3
2026-08-20 12:20:10,838 [INFO] 📊 [PULSO PAPER MULTI-STRATEGY] Balance: $5000.00 USD | Posiciones: 0 | Estrategias: 3
2026-08-20 12:21:18,274 [INFO] 📊 [PULSO PAPER MULTI-STRATEGY] Balance: $5000.00 USD | Posiciones: 0 | Estrategias: 3
2026-08-20 12:22:25,979 [INFO] 📊 [PULSO PAPER MULTI-STRATEGY] Balance: $5000.00 USD | Posiciones: 0 | Estrategias: 3
2026-08-20 12:23:32,894 [INFO] 📊 [PULSO PAPER MULTI-STRATEGY] Balance: $5000.00 USD | Posiciones: 0 | Estrategias: 3
2026-08-20 12:24:41,967 [INFO] 📊 [PULSO PAPER MULTI-STRATEGY] Balance: $5000.00 USD | Posiciones: 0 | Estrategias: 3
2026-08-20 12:25:49,994 [INFO] 📊 [PULSO PAPER MULTI-STRATEGY] Balance: $5000.00 USD | Posiciones: 0 | Estrategias: 3
2026-08-20 12:26:58,147 [INFO] 📊 [PULSO PAPER MULTI-STRATEGY] Balance: $5000.00 USD | Posiciones: 0 | Estrategias: 3
2026-08-20 12:28:06,392 [INFO] 📊 [PULSO PAPER MULTI-STRATEGY] Balance: $5000.00 USD | Posiciones: 0 | Estrategias: 3
2026-08-20 12:29:15,393 [INFO] 📊 [PULSO PAPER MULTI-STRATEGY] Balance: $5000.00 USD | Posiciones: 0 | Estrategias: 3
2026-08-20 12:30:23,787 [INFO] 📊 [PULSO PAPER MULTI-STRATEGY] Balance: $5000.00 USD | Posiciones: 0 | Estrategias: 3
2026-08-20 12:31:30,961 [INFO] 📊 [PULSO PAPER MULTI-STRATEGY] Balance: $5000.00 USD | Posiciones: 0 | Estrategias: 3
2026-08-20 12:32:39,469 [INFO] 📊 [PULSO PAPER MULTI-STRATEGY] Balance: $5000.00 USD | Posiciones: 0 | Estrategias: 3
2026-08-20 12:33:49,207 [INFO] 📊 [PULSO PAPER MULTI-STRATEGY] Balance: $5000.00 USD | Posiciones: 0 | Estrategias: 3
2026-08-20 12:34:58,110 [INFO] 📊 [PULSO PAPER MULTI-STRATEGY] Balance: $5000.00 USD | Posiciones: 0 | Estrategias: 3
2026-08-20 12:36:06,022 [INFO] 📊 [PULSO PAPER MULTI-STRATEGY] Balance: $5000.00 USD | Posiciones: 0 | Estrategias: 3
2026-08-20 12:37:13,884 [INFO] 📊 [PULSO PAPER MULTI-STRATEGY] Balance: $5000.00 USD | Posiciones: 0 | Estrategias: 3
2026-08-20 12:38:22,845 [INFO] 📊 [PULSO PAPER MULTI-STRATEGY] Balance: $5000.00 USD | Posiciones: 0 | Estrategias: 3
2026-08-20 12:39:32,042 [INFO] 📊 [PULSO PAPER MULTI-STRATEGY] Balance: $5000.00 USD | Posiciones: 0 | Estrategias: 3
2026-08-20 12:40:39,949 [INFO] 📊 [PULSO PAPER MULTI-STRATEGY] Balance: $5000.00 USD | Posiciones: 0 | Estrategias: 3
2026-08-20 12:41:49,072 [INFO] 📊 [PULSO PAPER MULTI-STRATEGY] Balance: $5000.00 USD | Posiciones: 0 | Estrategias: 3
2026-08-20 12:42:57,298 [INFO] 📊 [PULSO PAPER MULTI-STRATEGY] Balance: $5000.00 USD | Posiciones: 0 | Estrategias: 3
2026-08-20 12:44:05,763 [INFO] 📊 [PULSO PAPER MULTI-STRATEGY] Balance: $5000.00 USD | Posiciones: 0 | Estrategias: 3
2026-08-20 12:45:13,875 [INFO] 📊 [PULSO PAPER MULTI-STRATEGY] Balance: $5000.00 USD | Posiciones: 0 | Estrategias: 3
2026-08-20 12:46:22,171 [INFO] 📊 [PULSO PAPER MULTI-STRATEGY] Balance: $5000.00 USD | Posiciones: 0 | Estrategias: 3
2026-08-20 12:47:30,038 [INFO] 📊 [PULSO PAPER MULTI-STRATEGY] Balance: $5000.00 USD | Posiciones: 0 | Estrategias: 3
2026-08-20 12:48:38,545 [INFO] 📊 [PULSO PAPER MULTI-STRATEGY] Balance: $5000.00 USD | Posiciones: 0 | Estrategias: 3
2026-08-20 12:49:47,188 [INFO] 📊 [PULSO PAPER MULTI-STRATEGY] Balance: $5000.00 USD | Posiciones: 0 | Estrategias: 3
2026-08-20 12:50:55,577 [INFO] 📊 [PULSO PAPER MULTI-STRATEGY] Balance: $5000.00 USD | Posiciones: 0 | Estrategias: 3
2026-08-20 12:52:03,496 [INFO] 📊 [PULSO PAPER MULTI-STRATEGY] Balance: $5000.00 USD | Posiciones: 0 | Estrategias: 3
2026-08-20 12:53:10,891 [INFO] 📊 [PULSO PAPER MULTI-STRATEGY] Balance: $5000.00 USD | Posiciones: 0 | Estrategias: 3
2026-08-20 12:54:19,414 [INFO] 📊 [PULSO PAPER MULTI-STRATEGY] Balance: $5000.00 USD | Posiciones: 0 | Estrategias: 3
2026-08-20 12:55:27,497 [INFO] 📊 [PULSO PAPER MULTI-STRATEGY] Balance: $5000.00 USD | Posiciones: 0 | Estrategias: 3
2026-08-20 12:56:36,079 [INFO] 📊 [PULSO PAPER MULTI-STRATEGY] Balance: $5000.00 USD | Posiciones: 0 | Estrategias: 3
2026-08-20 12:57:44,596 [INFO] 📊 [PULSO PAPER MULTI-STRATEGY] Balance: $5000.00 USD | Posiciones: 0 | Estrategias: 3
2026-08-20 12:58:52,095 [INFO] 📊 [PULSO PAPER MULTI-STRATEGY] Balance: $5000.00 USD | Posiciones: 0 | Estrategias: 3
2026-08-20 13:00:01,174 [INFO] 📊 [PULSO PAPER MULTI-STRATEGY] Balance: $5000.00 USD | Posiciones: 0 | Estrategias: 3
2026-08-20 13:01:09,575 [INFO] 📊 [PULSO PAPER MULTI-STRATEGY] Balance: $5000.00 USD | Posiciones: 0 | Estrategias: 3
2026-08-20 13:02:18,038 [INFO] 📊 [PULSO PAPER MULTI-STRATEGY] Balance: $5000.00 USD | Posiciones: 0 | Estrategias: 3
2026-08-20 13:03:29,266 [INFO] 📊 [PULSO PAPER MULTI-STRATEGY] Balance: $5000.00 USD | Posiciones: 0 | Estrategias: 3
2026-08-20 13:04:37,770 [INFO] 📊 [PULSO PAPER MULTI-STRATEGY] Balance: $5000.00 USD | Posiciones: 0 | Estrategias: 3
2026-08-20 13:05:46,928 [INFO] 📊 [PULSO PAPER MULTI-STRATEGY] Balance: $5000.00 USD | Posiciones: 0 | Estrategias: 3
2026-08-20 13:06:54,456 [INFO] 📊 [PULSO PAPER MULTI-STRATEGY] Balance: $5000.00 USD | Posiciones: 0 | Estrategias: 3
2026-08-20 13:08:02,305 [INFO] 📊 [PULSO PAPER MULTI-STRATEGY] Balance: $5000.00 USD | Posiciones: 0 | Estrategias: 3
2026-08-20 13:09:10,267 [INFO] 📊 [PULSO PAPER MULTI-STRATEGY] Balance: $5000.00 USD | Posiciones: 0 | Estrategias: 3
2026-08-20 13:10:19,799 [INFO] 📊 [PULSO PAPER MULTI-STRATEGY] Balance: $5000.00 USD | Posiciones: 0 | Estrategias: 3
2026-08-20 13:11:30,732 [INFO] 📊 [PULSO PAPER MULTI-STRATEGY] Balance: $5000.00 USD | Posiciones: 0 | Estrategias: 3
2026-08-20 13:12:38,660 [INFO] 📊 [PULSO PAPER MULTI-STRATEGY] Balance: $5000.00 USD | Posiciones: 0 | Estrategias: 3
2026-08-20 13:13:47,967 [INFO] 📊 [PULSO PAPER MULTI-STRATEGY] Balance: $5000.00 USD | Posiciones: 0 | Estrategias: 3
2026-08-20 13:14:58,363 [INFO] 📊 [PULSO PAPER MULTI-STRATEGY] Balance: $5000.00 USD | Posiciones: 0 | Estrategias: 3
2026-08-20 13:16:06,131 [INFO] 📊 [PULSO PAPER MULTI-STRATEGY] Balance: $5000.00 USD | Posiciones: 0 | Estrategias: 3
2026-08-20 13:17:14,040 [INFO] 📊 [PULSO PAPER MULTI-STRATEGY] Balance: $5000.00 USD | Posiciones: 0 | Estrategias: 3
2026-08-20 13:18:23,656 [INFO] 📊 [PULSO PAPER MULTI-STRATEGY] Balance: $5000.00 USD | Posiciones: 0 | Estrategias: 3
2026-08-20 13:19:30,951 [INFO] 📊 [PULSO PAPER MULTI-STRATEGY] Balance: $5000.00 USD | Posiciones: 0 | Estrategias: 3
2026-08-20 13:19:53,165 [WARNING] Fetch klines error (BTCUSDT): HTTPSConnectionPool(host='testnet.binancefuture.com', port=443): Read timed out. (read timeout=None)
2026-08-20 13:21:00,989 [INFO] 📊 [PULSO PAPER MULTI-STRATEGY] Balance: $5000.00 USD | Posiciones: 0 | Estrategias: 3
2026-08-20 13:22:09,921 [INFO] 📊 [PULSO PAPER MULTI-STRATEGY] Balance: $5000.00 USD | Posiciones: 0 | Estrategias: 3
2026-08-20 13:23:18,840 [INFO] 📊 [PULSO PAPER MULTI-STRATEGY] Balance: $5000.00 USD | Posiciones: 0 | Estrategias: 3
2026-08-20 13:24:28,584 [INFO] 📊 [PULSO PAPER MULTI-STRATEGY] Balance: $5000.00 USD | Posiciones: 0 | Estrategias: 3
2026-08-20 13:25:37,430 [INFO] 📊 [PULSO PAPER MULTI-STRATEGY] Balance: $5000.00 USD | Posiciones: 0 | Estrategias: 3
2026-08-20 13:26:47,288 [INFO] 📊 [PULSO PAPER MULTI-STRATEGY] Balance: $5000.00 USD | Posiciones: 0 | Estrategias: 3
2026-08-20 13:27:55,219 [INFO] 📊 [PULSO PAPER MULTI-STRATEGY] Balance: $5000.00 USD | Posiciones: 0 | Estrategias: 3
2026-08-20 13:29:03,017 [INFO] 📊 [PULSO PAPER MULTI-STRATEGY] Balance: $5000.00 USD | Posiciones: 0 | Estrategias: 3
2026-08-20 13:30:11,524 [INFO] 📊 [PULSO PAPER MULTI-STRATEGY] Balance: $5000.00 USD | Posiciones: 0 | Estrategias: 3
2026-08-20 13:31:20,031 [INFO] 📊 [PULSO PAPER MULTI-STRATEGY] Balance: $5000.00 USD | Posiciones: 0 | Estrategias: 3
2026-08-20 13:32:29,965 [INFO] 📊 [PULSO PAPER MULTI-STRATEGY] Balance: $5000.00 USD | Posiciones: 0 | Estrategias: 3
2026-08-20 13:33:40,522 [INFO] 📊 [PULSO PAPER MULTI-STRATEGY] Balance: $5000.00 USD | Posiciones: 0 | Estrategias: 3
2026-08-20 13:34:49,511 [INFO] 📊 [PULSO PAPER MULTI-STRATEGY] Balance: $5000.00 USD | Posiciones: 0 | Estrategias: 3
2026-08-20 13:35:55,842 [INFO] 📊 [PULSO PAPER MULTI-STRATEGY] Balance: $5000.00 USD | Posiciones: 0 | Estrategias: 3
2026-08-20 13:37:02,592 [INFO] 📊 [PULSO PAPER MULTI-STRATEGY] Balance: $5000.00 USD | Posiciones: 0 | Estrategias: 3
2026-08-20 13:38:11,284 [INFO] 📊 [PULSO PAPER MULTI-STRATEGY] Balance: $5000.00 USD | Posiciones: 0 | Estrategias: 3
2026-08-20 13:39:19,065 [INFO] 📊 [PULSO PAPER MULTI-STRATEGY] Balance: $5000.00 USD | Posiciones: 0 | Estrategias: 3
2026-08-20 13:40:27,467 [INFO] 📊 [PULSO PAPER MULTI-STRATEGY] Balance: $5000.00 USD | Posiciones: 0 | Estrategias: 3
2026-08-20 13:41:34,745 [INFO] 📊 [PULSO PAPER MULTI-STRATEGY] Balance: $5000.00 USD | Posiciones: 0 | Estrategias: 3
2026-08-20 13:42:42,534 [INFO] 📊 [PULSO PAPER MULTI-STRATEGY] Balance: $5000.00 USD | Posiciones: 0 | Estrategias: 3
2026-08-20 13:43:49,707 [INFO] 📊 [PULSO PAPER MULTI-STRATEGY] Balance: $5000.00 USD | Posiciones: 0 | Estrategias: 3
2026-08-20 13:44:58,016 [INFO] 📊 [PULSO PAPER MULTI-STRATEGY] Balance: $5000.00 USD | Posiciones: 0 | Estrategias: 3
2026-08-20 13:46:07,747 [INFO] 📊 [PULSO PAPER MULTI-STRATEGY] Balance: $5000.00 USD | Posiciones: 0 | Estrategias: 3
2026-08-20 13:47:15,234 [INFO] 📊 [PULSO PAPER MULTI-STRATEGY] Balance: $5000.00 USD | Posiciones: 0 | Estrategias: 3
2026-08-20 13:48:24,667 [INFO] 📊 [PULSO PAPER MULTI-STRATEGY] Balance: $5000.00 USD | Posiciones: 0 | Estrategias: 3
2026-08-20 13:49:32,156 [INFO] 📊 [PULSO PAPER MULTI-STRATEGY] Balance: $5000.00 USD | Posiciones: 0 | Estrategias: 3
2026-08-20 13:50:40,573 [INFO] 📊 [PULSO PAPER MULTI-STRATEGY] Balance: $5000.00 USD | Posiciones: 0 | Estrategias: 3
2026-08-20 13:51:49,156 [INFO] 📊 [PULSO PAPER MULTI-STRATEGY] Balance: $5000.00 USD | Posiciones: 0 | Estrategias: 3
2026-08-20 13:52:58,426 [INFO] 📊 [PULSO PAPER MULTI-STRATEGY] Balance: $5000.00 USD | Posiciones: 0 | Estrategias: 3
2026-08-20 13:54:07,394 [INFO] 📊 [PULSO PAPER MULTI-STRATEGY] Balance: $5000.00 USD | Posiciones: 0 | Estrategias: 3
2026-08-20 13:55:15,803 [INFO] 📊 [PULSO PAPER MULTI-STRATEGY] Balance: $5000.00 USD | Posiciones: 0 | Estrategias: 3
2026-08-20 13:56:25,463 [INFO] 📊 [PULSO PAPER MULTI-STRATEGY] Balance: $5000.00 USD | Posiciones: 0 | Estrategias: 3
2026-08-20 13:57:33,151 [INFO] 📊 [PULSO PAPER MULTI-STRATEGY] Balance: $5000.00 USD | Posiciones: 0 | Estrategias: 3
2026-08-20 13:58:41,936 [INFO] 📊 [PULSO PAPER MULTI-STRATEGY] Balance: $5000.00 USD | Posiciones: 0 | Estrategias: 3
2026-08-20 13:59:51,053 [INFO] 📊 [PULSO PAPER MULTI-STRATEGY] Balance: $5000.00 USD | Posiciones: 0 | Estrategias: 3
2026-08-20 14:00:59,486 [INFO] 📊 [PULSO PAPER MULTI-STRATEGY] Balance: $5000.00 USD | Posiciones: 0 | Estrategias: 3
2026-08-20 14:02:07,863 [INFO] 📊 [PULSO PAPER MULTI-STRATEGY] Balance: $5000.00 USD | Posiciones: 0 | Estrategias: 3
2026-08-20 14:03:17,342 [INFO] 📊 [PULSO PAPER MULTI-STRATEGY] Balance: $5000.00 USD | Posiciones: 0 | Estrategias: 3
2026-08-20 14:04:25,181 [INFO] 📊 [PULSO PAPER MULTI-STRATEGY] Balance: $5000.00 USD | Posiciones: 0 | Estrategias: 3
2026-08-20 14:05:32,721 [INFO] 📊 [PULSO PAPER MULTI-STRATEGY] Balance: $5000.00 USD | Posiciones: 0 | Estrategias: 3
2026-08-20 14:06:42,200 [INFO] 📊 [PULSO PAPER MULTI-STRATEGY] Balance: $5000.00 USD | Posiciones: 0 | Estrategias: 3
2026-08-20 14:07:51,233 [INFO] 📊 [PULSO PAPER MULTI-STRATEGY] Balance: $5000.00 USD | Posiciones: 0 | Estrategias: 3
2026-08-20 14:09:01,877 [INFO] 📊 [PULSO PAPER MULTI-STRATEGY] Balance: $5000.00 USD | Posiciones: 0 | Estrategias: 3
2026-08-20 14:10:10,389 [INFO] 📊 [PULSO PAPER MULTI-STRATEGY] Balance: $5000.00 USD | Posiciones: 0 | Estrategias: 3
2026-08-20 14:11:20,226 [INFO] 📊 [PULSO PAPER MULTI-STRATEGY] Balance: $5000.00 USD | Posiciones: 0 | Estrategias: 3
2026-08-20 14:12:28,659 [INFO] 📊 [PULSO PAPER MULTI-STRATEGY] Balance: $5000.00 USD | Posiciones: 0 | Estrategias: 3
2026-08-20 14:13:37,336 [INFO] 📊 [PULSO PAPER MULTI-STRATEGY] Balance: $5000.00 USD | Posiciones: 0 | Estrategias: 3
2026-08-20 14:14:46,170 [INFO] 📊 [PULSO PAPER MULTI-STRATEGY] Balance: $5000.00 USD | Posiciones: 0 | Estrategias: 3
2026-08-20 14:15:55,174 [INFO] 📊 [PULSO PAPER MULTI-STRATEGY] Balance: $5000.00 USD | Posiciones: 0 | Estrategias: 3
2026-08-20 14:17:04,714 [INFO] 📊 [PULSO PAPER MULTI-STRATEGY] Balance: $5000.00 USD | Posiciones: 0 | Estrategias: 3
2026-08-20 14:18:13,852 [INFO] 📊 [PULSO PAPER MULTI-STRATEGY] Balance: $5000.00 USD | Posiciones: 0 | Estrategias: 3
2026-08-20 14:19:23,387 [INFO] 📊 [PULSO PAPER MULTI-STRATEGY] Balance: $5000.00 USD | Posiciones: 0 | Estrategias: 3
2026-08-20 14:20:32,310 [INFO] 📊 [PULSO PAPER MULTI-STRATEGY] Balance: $5000.00 USD | Posiciones: 0 | Estrategias: 3
2026-08-20 14:21:42,001 [INFO] 📊 [PULSO PAPER MULTI-STRATEGY] Balance: $5000.00 USD | Posiciones: 0 | Estrategias: 3
2026-08-20 14:22:50,614 [INFO] 📊 [PULSO PAPER MULTI-STRATEGY] Balance: $5000.00 USD | Posiciones: 0 | Estrategias: 3
2026-08-20 14:23:58,893 [INFO] 📊 [PULSO PAPER MULTI-STRATEGY] Balance: $5000.00 USD | Posiciones: 0 | Estrategias: 3
2026-08-20 14:25:05,993 [INFO] 📊 [PULSO PAPER MULTI-STRATEGY] Balance: $5000.00 USD | Posiciones: 0 | Estrategias: 3
2026-08-20 14:26:12,860 [INFO] 📊 [PULSO PAPER MULTI-STRATEGY] Balance: $5000.00 USD | Posiciones: 0 | Estrategias: 3
2026-08-20 14:27:20,733 [INFO] 📊 [PULSO PAPER MULTI-STRATEGY] Balance: $5000.00 USD | Posiciones: 0 | Estrategias: 3
2026-08-20 14:28:28,194 [INFO] 📊 [PULSO PAPER MULTI-STRATEGY] Balance: $5000.00 USD | Posiciones: 0 | Estrategias: 3
2026-08-20 14:29:33,417 [INFO] 📊 [PULSO PAPER MULTI-STRATEGY] Balance: $5000.00 USD | Posiciones: 0 | Estrategias: 3
2026-08-20 14:30:41,169 [INFO] 📊 [PULSO PAPER MULTI-STRATEGY] Balance: $5000.00 USD | Posiciones: 0 | Estrategias: 3
2026-08-20 14:31:48,536 [INFO] 📊 [PULSO PAPER MULTI-STRATEGY] Balance: $5000.00 USD | Posiciones: 0 | Estrategias: 3
2026-08-20 14:32:57,490 [INFO] 📊 [PULSO PAPER MULTI-STRATEGY] Balance: $5000.00 USD | Posiciones: 0 | Estrategias: 3
2026-08-20 14:34:04,330 [INFO] 📊 [PULSO PAPER MULTI-STRATEGY] Balance: $5000.00 USD | Posiciones: 0 | Estrategias: 3
2026-08-20 14:35:12,566 [INFO] 📊 [PULSO PAPER MULTI-STRATEGY] Balance: $5000.00 USD | Posiciones: 0 | Estrategias: 3
2026-08-20 14:36:21,537 [INFO] 📊 [PULSO PAPER MULTI-STRATEGY] Balance: $5000.00 USD | Posiciones: 0 | Estrategias: 3
2026-08-20 14:37:29,222 [INFO] 📊 [PULSO PAPER MULTI-STRATEGY] Balance: $5000.00 USD | Posiciones: 0 | Estrategias: 3
2026-08-20 14:38:37,468 [INFO] 📊 [PULSO PAPER MULTI-STRATEGY] Balance: $5000.00 USD | Posiciones: 0 | Estrategias: 3
2026-08-20 14:39:47,272 [INFO] 📊 [PULSO PAPER MULTI-STRATEGY] Balance: $5000.00 USD | Posiciones: 0 | Estrategias: 3
2026-08-20 14:40:57,525 [INFO] 📊 [PULSO PAPER MULTI-STRATEGY] Balance: $5000.00 USD | Posiciones: 0 | Estrategias: 3
2026-08-20 14:42:07,274 [INFO] 📊 [PULSO PAPER MULTI-STRATEGY] Balance: $5000.00 USD | Posiciones: 0 | Estrategias: 3
2026-08-20 14:43:15,960 [INFO] 📊 [PULSO PAPER MULTI-STRATEGY] Balance: $5000.00 USD | Posiciones: 0 | Estrategias: 3
2026-08-20 14:44:25,383 [INFO] 📊 [PULSO PAPER MULTI-STRATEGY] Balance: $5000.00 USD | Posiciones: 0 | Estrategias: 3
2026-08-20 14:45:32,371 [INFO] 📊 [PULSO PAPER MULTI-STRATEGY] Balance: $5000.00 USD | Posiciones: 0 | Estrategias: 3
2026-08-20 14:46:41,392 [INFO] 📊 [PULSO PAPER MULTI-STRATEGY] Balance: $5000.00 USD | Posiciones: 0 | Estrategias: 3
2026-08-20 14:47:51,128 [INFO] 📊 [PULSO PAPER MULTI-STRATEGY] Balance: $5000.00 USD | Posiciones: 0 | Estrategias: 3
2026-08-20 14:49:00,344 [INFO] 📊 [PULSO PAPER MULTI-STRATEGY] Balance: $5000.00 USD | Posiciones: 0 | Estrategias: 3
2026-08-20 14:50:08,333 [INFO] 📊 [PULSO PAPER MULTI-STRATEGY] Balance: $5000.00 USD | Posiciones: 0 | Estrategias: 3
2026-08-20 14:51:16,961 [INFO] 📊 [PULSO PAPER MULTI-STRATEGY] Balance: $5000.00 USD | Posiciones: 0 | Estrategias: 3
2026-08-20 14:52:25,781 [INFO] 📊 [PULSO PAPER MULTI-STRATEGY] Balance: $5000.00 USD | Posiciones: 0 | Estrategias: 3
2026-08-20 14:53:34,461 [INFO] 📊 [PULSO PAPER MULTI-STRATEGY] Balance: $5000.00 USD | Posiciones: 0 | Estrategias: 3
2026-08-20 14:54:45,327 [INFO] 📊 [PULSO PAPER MULTI-STRATEGY] Balance: $5000.00 USD | Posiciones: 0 | Estrategias: 3
2026-08-20 14:55:54,367 [INFO] 📊 [PULSO PAPER MULTI-STRATEGY] Balance: $5000.00 USD | Posiciones: 0 | Estrategias: 3
2026-08-20 14:57:04,064 [INFO] 📊 [PULSO PAPER MULTI-STRATEGY] Balance: $5000.00 USD | Posiciones: 0 | Estrategias: 3
2026-08-20 14:58:15,364 [INFO] 📊 [PULSO PAPER MULTI-STRATEGY] Balance: $5000.00 USD | Posiciones: 0 | Estrategias: 3
2026-08-20 14:59:25,919 [INFO] 📊 [PULSO PAPER MULTI-STRATEGY] Balance: $5000.00 USD | Posiciones: 0 | Estrategias: 3
2026-08-20 15:00:33,519 [INFO] 📊 [PULSO PAPER MULTI-STRATEGY] Balance: $5000.00 USD | Posiciones: 0 | Estrategias: 3
2026-08-20 15:01:44,468 [INFO] 📊 [PULSO PAPER MULTI-STRATEGY] Balance: $5000.00 USD | Posiciones: 0 | Estrategias: 3
2026-08-20 15:02:52,649 [INFO] 📊 [PULSO PAPER MULTI-STRATEGY] Balance: $5000.00 USD | Posiciones: 0 | Estrategias: 3
2026-08-20 15:04:02,836 [INFO] 📊 [PULSO PAPER MULTI-STRATEGY] Balance: $5000.00 USD | Posiciones: 0 | Estrategias: 3
2026-08-20 15:05:12,943 [INFO] 📊 [PULSO PAPER MULTI-STRATEGY] Balance: $5000.00 USD | Posiciones: 0 | Estrategias: 3
2026-08-20 15:06:21,626 [INFO] 📊 [PULSO PAPER MULTI-STRATEGY] Balance: $5000.00 USD | Posiciones: 0 | Estrategias: 3
2026-08-20 15:07:29,968 [INFO] 📊 [PULSO PAPER MULTI-STRATEGY] Balance: $5000.00 USD | Posiciones: 0 | Estrategias: 3
2026-08-20 15:08:38,598 [INFO] 📊 [PULSO PAPER MULTI-STRATEGY] Balance: $5000.00 USD | Posiciones: 0 | Estrategias: 3
2026-08-20 15:09:46,882 [INFO] 📊 [PULSO PAPER MULTI-STRATEGY] Balance: $5000.00 USD | Posiciones: 0 | Estrategias: 3
2026-08-20 15:10:55,388 [INFO] 📊 [PULSO PAPER MULTI-STRATEGY] Balance: $5000.00 USD | Posiciones: 0 | Estrategias: 3
2026-08-20 15:12:05,134 [INFO] 📊 [PULSO PAPER MULTI-STRATEGY] Balance: $5000.00 USD | Posiciones: 0 | Estrategias: 3
2026-08-20 15:13:13,308 [INFO] 📊 [PULSO PAPER MULTI-STRATEGY] Balance: $5000.00 USD | Posiciones: 0 | Estrategias: 3
2026-08-20 15:14:21,425 [INFO] 📊 [PULSO PAPER MULTI-STRATEGY] Balance: $5000.00 USD | Posiciones: 0 | Estrategias: 3
2026-08-20 15:15:29,321 [INFO] 📊 [PULSO PAPER MULTI-STRATEGY] Balance: $5000.00 USD | Posiciones: 0 | Estrategias: 3
2026-08-20 15:16:37,262 [INFO] 📊 [PULSO PAPER MULTI-STRATEGY] Balance: $5000.00 USD | Posiciones: 0 | Estrategias: 3
2026-08-20 15:17:45,848 [INFO] 📊 [PULSO PAPER MULTI-STRATEGY] Balance: $5000.00 USD | Posiciones: 0 | Estrategias: 3
2026-08-20 15:18:52,772 [INFO] 📊 [PULSO PAPER MULTI-STRATEGY] Balance: $5000.00 USD | Posiciones: 0 | Estrategias: 3
2026-08-20 15:20:01,232 [INFO] 📊 [PULSO PAPER MULTI-STRATEGY] Balance: $5000.00 USD | Posiciones: 0 | Estrategias: 3
2026-08-20 15:21:10,827 [INFO] 📊 [PULSO PAPER MULTI-STRATEGY] Balance: $5000.00 USD | Posiciones: 0 | Estrategias: 3
2026-08-20 15:22:19,625 [INFO] 📊 [PULSO PAPER MULTI-STRATEGY] Balance: $5000.00 USD | Posiciones: 0 | Estrategias: 3
2026-08-20 15:23:29,080 [INFO] 📊 [PULSO PAPER MULTI-STRATEGY] Balance: $5000.00 USD | Posiciones: 0 | Estrategias: 3
2026-08-20 15:24:38,492 [INFO] 📊 [PULSO PAPER MULTI-STRATEGY] Balance: $5000.00 USD | Posiciones: 0 | Estrategias: 3
2026-08-20 15:25:47,439 [INFO] 📊 [PULSO PAPER MULTI-STRATEGY] Balance: $5000.00 USD | Posiciones: 0 | Estrategias: 3
2026-08-20 15:26:55,978 [INFO] 📊 [PULSO PAPER MULTI-STRATEGY] Balance: $5000.00 USD | Posiciones: 0 | Estrategias: 3
2026-08-20 15:28:04,374 [INFO] 📊 [PULSO PAPER MULTI-STRATEGY] Balance: $5000.00 USD | Posiciones: 0 | Estrategias: 3
2026-08-20 15:29:12,523 [INFO] 📊 [PULSO PAPER MULTI-STRATEGY] Balance: $5000.00 USD | Posiciones: 0 | Estrategias: 3
2026-08-20 15:30:20,819 [INFO] 📊 [PULSO PAPER MULTI-STRATEGY] Balance: $5000.00 USD | Posiciones: 0 | Estrategias: 3
2026-08-20 15:31:29,933 [INFO] 📊 [PULSO PAPER MULTI-STRATEGY] Balance: $5000.00 USD | Posiciones: 0 | Estrategias: 3
2026-08-20 15:32:39,423 [INFO] 📊 [PULSO PAPER MULTI-STRATEGY] Balance: $5000.00 USD | Posiciones: 0 | Estrategias: 3
2026-08-20 15:33:48,860 [INFO] 📊 [PULSO PAPER MULTI-STRATEGY] Balance: $5000.00 USD | Posiciones: 0 | Estrategias: 3
2026-08-20 15:34:58,113 [INFO] 📊 [PULSO PAPER MULTI-STRATEGY] Balance: $5000.00 USD | Posiciones: 0 | Estrategias: 3
2026-08-20 15:36:06,722 [INFO] 📊 [PULSO PAPER MULTI-STRATEGY] Balance: $5000.00 USD | Posiciones: 0 | Estrategias: 3
2026-08-20 15:37:14,383 [INFO] 📊 [PULSO PAPER MULTI-STRATEGY] Balance: $5000.00 USD | Posiciones: 0 | Estrategias: 3
2026-08-20 15:38:23,654 [INFO] 📊 [PULSO PAPER MULTI-STRATEGY] Balance: $5000.00 USD | Posiciones: 0 | Estrategias: 3
2026-08-20 15:39:32,243 [INFO] 📊 [PULSO PAPER MULTI-STRATEGY] Balance: $5000.00 USD | Posiciones: 0 | Estrategias: 3
2026-08-20 15:40:41,705 [INFO] 📊 [PULSO PAPER MULTI-STRATEGY] Balance: $5000.00 USD | Posiciones: 0 | Estrategias: 3
2026-08-20 15:41:50,600 [INFO] 📊 [PULSO PAPER MULTI-STRATEGY] Balance: $5000.00 USD | Posiciones: 0 | Estrategias: 3
2026-08-20 15:42:59,461 [INFO] 📊 [PULSO PAPER MULTI-STRATEGY] Balance: $5000.00 USD | Posiciones: 0 | Estrategias: 3
2026-08-20 15:44:08,528 [INFO] 📊 [PULSO PAPER MULTI-STRATEGY] Balance: $5000.00 USD | Posiciones: 0 | Estrategias: 3
2026-08-20 15:45:16,493 [INFO] 📊 [PULSO PAPER MULTI-STRATEGY] Balance: $5000.00 USD | Posiciones: 0 | Estrategias: 3
2026-08-20 15:46:23,838 [INFO] 📊 [PULSO PAPER MULTI-STRATEGY] Balance: $5000.00 USD | Posiciones: 0 | Estrategias: 3
2026-08-20 15:47:33,542 [INFO] 📊 [PULSO PAPER MULTI-STRATEGY] Balance: $5000.00 USD | Posiciones: 0 | Estrategias: 3
2026-08-20 15:48:42,888 [INFO] 📊 [PULSO PAPER MULTI-STRATEGY] Balance: $5000.00 USD | Posiciones: 0 | Estrategias: 3
2026-08-20 15:49:51,467 [INFO] 📊 [PULSO PAPER MULTI-STRATEGY] Balance: $5000.00 USD | Posiciones: 0 | Estrategias: 3
2026-08-20 15:50:59,730 [INFO] 📊 [PULSO PAPER MULTI-STRATEGY] Balance: $5000.00 USD | Posiciones: 0 | Estrategias: 3
2026-08-20 15:52:09,525 [INFO] 📊 [PULSO PAPER MULTI-STRATEGY] Balance: $5000.00 USD | Posiciones: 0 | Estrategias: 3
2026-08-20 15:53:16,883 [INFO] 📊 [PULSO PAPER MULTI-STRATEGY] Balance: $5000.00 USD | Posiciones: 0 | Estrategias: 3
2026-08-20 15:54:24,988 [INFO] 📊 [PULSO PAPER MULTI-STRATEGY] Balance: $5000.00 USD | Posiciones: 0 | Estrategias: 3
2026-08-20 15:55:33,450 [INFO] 📊 [PULSO PAPER MULTI-STRATEGY] Balance: $5000.00 USD | Posiciones: 0 | Estrategias: 3
2026-08-20 15:56:43,166 [INFO] 📊 [PULSO PAPER MULTI-STRATEGY] Balance: $5000.00 USD | Posiciones: 0 | Estrategias: 3
2026-08-20 15:57:52,566 [INFO] 📊 [PULSO PAPER MULTI-STRATEGY] Balance: $5000.00 USD | Posiciones: 0 | Estrategias: 3
2026-08-20 15:59:01,226 [INFO] 📊 [PULSO PAPER MULTI-STRATEGY] Balance: $5000.00 USD | Posiciones: 0 | Estrategias: 3
2026-08-20 16:00:09,750 [INFO] 📊 [PULSO PAPER MULTI-STRATEGY] Balance: $5000.00 USD | Posiciones: 0 | Estrategias: 3
2026-08-20 16:01:18,484 [INFO] 📊 [PULSO PAPER MULTI-STRATEGY] Balance: $5000.00 USD | Posiciones: 0 | Estrategias: 3
2026-08-20 16:02:27,808 [INFO] 📊 [PULSO PAPER MULTI-STRATEGY] Balance: $5000.00 USD | Posiciones: 0 | Estrategias: 3
2026-08-20 16:03:37,135 [INFO] 📊 [PULSO PAPER MULTI-STRATEGY] Balance: $5000.00 USD | Posiciones: 0 | Estrategias: 3
2026-08-20 16:04:46,133 [INFO] 📊 [PULSO PAPER MULTI-STRATEGY] Balance: $5000.00 USD | Posiciones: 0 | Estrategias: 3
2026-08-20 16:05:54,828 [INFO] 📊 [PULSO PAPER MULTI-STRATEGY] Balance: $5000.00 USD | Posiciones: 0 | Estrategias: 3
2026-08-20 16:07:04,599 [INFO] 📊 [PULSO PAPER MULTI-STRATEGY] Balance: $5000.00 USD | Posiciones: 0 | Estrategias: 3
2026-08-20 16:08:13,731 [INFO] 📊 [PULSO PAPER MULTI-STRATEGY] Balance: $5000.00 USD | Posiciones: 0 | Estrategias: 3
2026-08-20 16:09:22,122 [INFO] 📊 [PULSO PAPER MULTI-STRATEGY] Balance: $5000.00 USD | Posiciones: 0 | Estrategias: 3
2026-08-20 16:10:30,053 [INFO] 📊 [PULSO PAPER MULTI-STRATEGY] Balance: $5000.00 USD | Posiciones: 0 | Estrategias: 3
2026-08-20 16:11:37,499 [INFO] 📊 [PULSO PAPER MULTI-STRATEGY] Balance: $5000.00 USD | Posiciones: 0 | Estrategias: 3
2026-08-20 16:12:45,901 [INFO] 📊 [PULSO PAPER MULTI-STRATEGY] Balance: $5000.00 USD | Posiciones: 0 | Estrategias: 3
2026-08-20 16:13:55,660 [INFO] 📊 [PULSO PAPER MULTI-STRATEGY] Balance: $5000.00 USD | Posiciones: 0 | Estrategias: 3
2026-08-20 16:15:06,092 [INFO] 📊 [PULSO PAPER MULTI-STRATEGY] Balance: $5000.00 USD | Posiciones: 0 | Estrategias: 3
2026-08-20 16:16:13,820 [INFO] 📊 [PULSO PAPER MULTI-STRATEGY] Balance: $5000.00 USD | Posiciones: 0 | Estrategias: 3
2026-08-20 16:17:24,641 [INFO] 📊 [PULSO PAPER MULTI-STRATEGY] Balance: $5000.00 USD | Posiciones: 0 | Estrategias: 3
2026-08-20 16:18:33,698 [INFO] 📊 [PULSO PAPER MULTI-STRATEGY] Balance: $5000.00 USD | Posiciones: 0 | Estrategias: 3
2026-08-20 16:19:41,898 [INFO] 📊 [PULSO PAPER MULTI-STRATEGY] Balance: $5000.00 USD | Posiciones: 0 | Estrategias: 3
2026-08-20 16:20:51,232 [INFO] 📊 [PULSO PAPER MULTI-STRATEGY] Balance: $5000.00 USD | Posiciones: 0 | Estrategias: 3
2026-08-20 16:22:00,881 [INFO] 📊 [PULSO PAPER MULTI-STRATEGY] Balance: $5000.00 USD | Posiciones: 0 | Estrategias: 3
2026-08-20 16:23:09,448 [INFO] 📊 [PULSO PAPER MULTI-STRATEGY] Balance: $5000.00 USD | Posiciones: 0 | Estrategias: 3
2026-08-20 16:24:19,163 [INFO] 📊 [PULSO PAPER MULTI-STRATEGY] Balance: $5000.00 USD | Posiciones: 0 | Estrategias: 3
2026-08-20 16:25:26,052 [INFO] 📊 [PULSO PAPER MULTI-STRATEGY] Balance: $5000.00 USD | Posiciones: 0 | Estrategias: 3
2026-08-20 16:26:33,868 [INFO] 📊 [PULSO PAPER MULTI-STRATEGY] Balance: $5000.00 USD | Posiciones: 0 | Estrategias: 3
2026-08-20 16:27:43,599 [INFO] 📊 [PULSO PAPER MULTI-STRATEGY] Balance: $5000.00 USD | Posiciones: 0 | Estrategias: 3
2026-08-20 16:28:52,849 [INFO] 📊 [PULSO PAPER MULTI-STRATEGY] Balance: $5000.00 USD | Posiciones: 0 | Estrategias: 3
2026-08-20 16:30:03,340 [INFO] 📊 [PULSO PAPER MULTI-STRATEGY] Balance: $5000.00 USD | Posiciones: 0 | Estrategias: 3
2026-08-20 16:31:13,094 [INFO] 📊 [PULSO PAPER MULTI-STRATEGY] Balance: $5000.00 USD | Posiciones: 0 | Estrategias: 3
2026-08-20 16:32:23,839 [INFO] 📊 [PULSO PAPER MULTI-STRATEGY] Balance: $5000.00 USD | Posiciones: 0 | Estrategias: 3
2026-08-20 16:33:33,883 [INFO] 📊 [PULSO PAPER MULTI-STRATEGY] Balance: $5000.00 USD | Posiciones: 0 | Estrategias: 3
2026-08-20 16:34:45,183 [INFO] 📊 [PULSO PAPER MULTI-STRATEGY] Balance: $5000.00 USD | Posiciones: 0 | Estrategias: 3
2026-08-20 16:35:54,391 [INFO] 📊 [PULSO PAPER MULTI-STRATEGY] Balance: $5000.00 USD | Posiciones: 0 | Estrategias: 3
2026-08-20 16:37:03,192 [INFO] 📊 [PULSO PAPER MULTI-STRATEGY] Balance: $5000.00 USD | Posiciones: 0 | Estrategias: 3
2026-08-20 16:38:10,905 [INFO] 📊 [PULSO PAPER MULTI-STRATEGY] Balance: $5000.00 USD | Posiciones: 0 | Estrategias: 3
2026-08-20 16:39:18,226 [INFO] 📊 [PULSO PAPER MULTI-STRATEGY] Balance: $5000.00 USD | Posiciones: 0 | Estrategias: 3
2026-08-20 16:40:26,357 [INFO] 📊 [PULSO PAPER MULTI-STRATEGY] Balance: $5000.00 USD | Posiciones: 0 | Estrategias: 3
2026-08-20 16:41:33,013 [INFO] 📊 [PULSO PAPER MULTI-STRATEGY] Balance: $5000.00 USD | Posiciones: 0 | Estrategias: 3
2026-08-20 16:42:41,952 [INFO] 📊 [PULSO PAPER MULTI-STRATEGY] Balance: $5000.00 USD | Posiciones: 0 | Estrategias: 3
2026-08-20 16:43:50,040 [INFO] 📊 [PULSO PAPER MULTI-STRATEGY] Balance: $5000.00 USD | Posiciones: 0 | Estrategias: 3
2026-08-20 16:44:58,373 [INFO] 📊 [PULSO PAPER MULTI-STRATEGY] Balance: $5000.00 USD | Posiciones: 0 | Estrategias: 3
2026-08-20 16:46:06,359 [INFO] 📊 [PULSO PAPER MULTI-STRATEGY] Balance: $5000.00 USD | Posiciones: 0 | Estrategias: 3
2026-08-20 16:47:14,629 [INFO] 📊 [PULSO PAPER MULTI-STRATEGY] Balance: $5000.00 USD | Posiciones: 0 | Estrategias: 3
2026-08-20 16:48:22,740 [INFO] 📊 [PULSO PAPER MULTI-STRATEGY] Balance: $5000.00 USD | Posiciones: 0 | Estrategias: 3
2026-08-20 16:49:31,669 [INFO] 📊 [PULSO PAPER MULTI-STRATEGY] Balance: $5000.00 USD | Posiciones: 0 | Estrategias: 3
2026-08-20 16:50:42,397 [INFO] 📊 [PULSO PAPER MULTI-STRATEGY] Balance: $5000.00 USD | Posiciones: 0 | Estrategias: 3
2026-08-20 16:51:49,720 [INFO] 📊 [PULSO PAPER MULTI-STRATEGY] Balance: $5000.00 USD | Posiciones: 0 | Estrategias: 3
2026-08-20 16:52:57,058 [INFO] 📊 [PULSO PAPER MULTI-STRATEGY] Balance: $5000.00 USD | Posiciones: 0 | Estrategias: 3
2026-08-20 16:54:03,269 [INFO] 📊 [PULSO PAPER MULTI-STRATEGY] Balance: $5000.00 USD | Posiciones: 0 | Estrategias: 3
2026-08-20 16:55:10,659 [INFO] 📊 [PULSO PAPER MULTI-STRATEGY] Balance: $5000.00 USD | Posiciones: 0 | Estrategias: 3
2026-08-20 16:56:18,377 [INFO] 📊 [PULSO PAPER MULTI-STRATEGY] Balance: $5000.00 USD | Posiciones: 0 | Estrategias: 3
2026-08-20 16:57:25,927 [INFO] 📊 [PULSO PAPER MULTI-STRATEGY] Balance: $5000.00 USD | Posiciones: 0 | Estrategias: 3
2026-08-20 16:58:34,774 [INFO] 📊 [PULSO PAPER MULTI-STRATEGY] Balance: $5000.00 USD | Posiciones: 0 | Estrategias: 3
2026-08-20 16:59:41,714 [INFO] 📊 [PULSO PAPER MULTI-STRATEGY] Balance: $5000.00 USD | Posiciones: 0 | Estrategias: 3
2026-08-20 17:00:49,900 [INFO] 📊 [PULSO PAPER MULTI-STRATEGY] Balance: $5000.00 USD | Posiciones: 0 | Estrategias: 3
2026-08-20 17:01:58,025 [INFO] 📊 [PULSO PAPER MULTI-STRATEGY] Balance: $5000.00 USD | Posiciones: 0 | Estrategias: 3
2026-08-20 17:03:07,580 [INFO] 📊 [PULSO PAPER MULTI-STRATEGY] Balance: $5000.00 USD | Posiciones: 0 | Estrategias: 3
2026-08-20 17:04:15,393 [INFO] 📊 [PULSO PAPER MULTI-STRATEGY] Balance: $5000.00 USD | Posiciones: 0 | Estrategias: 3
2026-08-20 17:05:25,681 [INFO] 📊 [PULSO PAPER MULTI-STRATEGY] Balance: $5000.00 USD | Posiciones: 0 | Estrategias: 3
2026-08-20 17:06:34,344 [INFO] 📊 [PULSO PAPER MULTI-STRATEGY] Balance: $5000.00 USD | Posiciones: 0 | Estrategias: 3
2026-08-20 17:07:43,756 [INFO] 📊 [PULSO PAPER MULTI-STRATEGY] Balance: $5000.00 USD | Posiciones: 0 | Estrategias: 3
2026-08-20 17:08:52,653 [INFO] 📊 [PULSO PAPER MULTI-STRATEGY] Balance: $5000.00 USD | Posiciones: 0 | Estrategias: 3
2026-08-20 17:10:03,534 [INFO] 📊 [PULSO PAPER MULTI-STRATEGY] Balance: $5000.00 USD | Posiciones: 0 | Estrategias: 3
2026-08-20 17:11:11,836 [INFO] 📊 [PULSO PAPER MULTI-STRATEGY] Balance: $5000.00 USD | Posiciones: 0 | Estrategias: 3
2026-08-20 17:12:20,002 [INFO] 📊 [PULSO PAPER MULTI-STRATEGY] Balance: $5000.00 USD | Posiciones: 0 | Estrategias: 3
2026-08-20 17:13:27,527 [INFO] 📊 [PULSO PAPER MULTI-STRATEGY] Balance: $5000.00 USD | Posiciones: 0 | Estrategias: 3
2026-08-20 17:14:37,152 [INFO] 📊 [PULSO PAPER MULTI-STRATEGY] Balance: $5000.00 USD | Posiciones: 0 | Estrategias: 3
2026-08-20 17:15:46,125 [INFO] 📊 [PULSO PAPER MULTI-STRATEGY] Balance: $5000.00 USD | Posiciones: 0 | Estrategias: 3
2026-08-20 17:16:54,317 [INFO] 📊 [PULSO PAPER MULTI-STRATEGY] Balance: $5000.00 USD | Posiciones: 0 | Estrategias: 3
2026-08-20 17:18:04,949 [INFO] 📊 [PULSO PAPER MULTI-STRATEGY] Balance: $5000.00 USD | Posiciones: 0 | Estrategias: 3
2026-08-20 17:19:15,226 [INFO] 📊 [PULSO PAPER MULTI-STRATEGY] Balance: $5000.00 USD | Posiciones: 0 | Estrategias: 3
2026-08-20 17:20:24,314 [INFO] 📊 [PULSO PAPER MULTI-STRATEGY] Balance: $5000.00 USD | Posiciones: 0 | Estrategias: 3
2026-08-20 17:21:34,602 [INFO] 📊 [PULSO PAPER MULTI-STRATEGY] Balance: $5000.00 USD | Posiciones: 0 | Estrategias: 3
2026-08-20 17:22:45,324 [INFO] 📊 [PULSO PAPER MULTI-STRATEGY] Balance: $5000.00 USD | Posiciones: 0 | Estrategias: 3
2026-08-20 17:23:55,345 [INFO] 📊 [PULSO PAPER MULTI-STRATEGY] Balance: $5000.00 USD | Posiciones: 0 | Estrategias: 3
2026-08-20 17:25:04,841 [INFO] 📊 [PULSO PAPER MULTI-STRATEGY] Balance: $5000.00 USD | Posiciones: 0 | Estrategias: 3
2026-08-20 17:26:12,929 [INFO] 📊 [PULSO PAPER MULTI-STRATEGY] Balance: $5000.00 USD | Posiciones: 0 | Estrategias: 3
2026-08-20 17:27:21,252 [INFO] 📊 [PULSO PAPER MULTI-STRATEGY] Balance: $5000.00 USD | Posiciones: 0 | Estrategias: 3
2026-08-20 17:28:29,990 [INFO] 📊 [PULSO PAPER MULTI-STRATEGY] Balance: $5000.00 USD | Posiciones: 0 | Estrategias: 3
2026-08-20 17:29:39,449 [INFO] 📊 [PULSO PAPER MULTI-STRATEGY] Balance: $5000.00 USD | Posiciones: 0 | Estrategias: 3
2026-08-20 17:30:47,238 [INFO] 📊 [PULSO PAPER MULTI-STRATEGY] Balance: $5000.00 USD | Posiciones: 0 | Estrategias: 3
2026-08-20 17:31:55,618 [INFO] 📊 [PULSO PAPER MULTI-STRATEGY] Balance: $5000.00 USD | Posiciones: 0 | Estrategias: 3
2026-08-20 17:33:02,243 [INFO] 📊 [PULSO PAPER MULTI-STRATEGY] Balance: $5000.00 USD | Posiciones: 0 | Estrategias: 3
2026-08-20 17:34:09,252 [INFO] 📊 [PULSO PAPER MULTI-STRATEGY] Balance: $5000.00 USD | Posiciones: 0 | Estrategias: 3
2026-08-20 17:35:18,117 [INFO] 📊 [PULSO PAPER MULTI-STRATEGY] Balance: $5000.00 USD | Posiciones: 0 | Estrategias: 3
2026-08-20 17:36:25,142 [INFO] 📊 [PULSO PAPER MULTI-STRATEGY] Balance: $5000.00 USD | Posiciones: 0 | Estrategias: 3
2026-08-20 17:37:32,927 [INFO] 📊 [PULSO PAPER MULTI-STRATEGY] Balance: $5000.00 USD | Posiciones: 0 | Estrategias: 3
2026-08-20 17:38:41,935 [INFO] 📊 [PULSO PAPER MULTI-STRATEGY] Balance: $5000.00 USD | Posiciones: 0 | Estrategias: 3
2026-08-20 17:39:51,103 [INFO] 📊 [PULSO PAPER MULTI-STRATEGY] Balance: $5000.00 USD | Posiciones: 0 | Estrategias: 3
2026-08-20 17:40:59,398 [INFO] 📊 [PULSO PAPER MULTI-STRATEGY] Balance: $5000.00 USD | Posiciones: 0 | Estrategias: 3
2026-08-20 17:42:08,725 [INFO] 📊 [PULSO PAPER MULTI-STRATEGY] Balance: $5000.00 USD | Posiciones: 0 | Estrategias: 3
2026-08-20 17:43:18,060 [INFO] 📊 [PULSO PAPER MULTI-STRATEGY] Balance: $5000.00 USD | Posiciones: 0 | Estrategias: 3
2026-08-20 17:44:29,405 [INFO] 📊 [PULSO PAPER MULTI-STRATEGY] Balance: $5000.00 USD | Posiciones: 0 | Estrategias: 3
2026-08-20 17:45:39,415 [INFO] 📊 [PULSO PAPER MULTI-STRATEGY] Balance: $5000.00 USD | Posiciones: 0 | Estrategias: 3
2026-08-20 17:46:48,895 [INFO] 📊 [PULSO PAPER MULTI-STRATEGY] Balance: $5000.00 USD | Posiciones: 0 | Estrategias: 3
2026-08-20 17:47:57,750 [INFO] 📊 [PULSO PAPER MULTI-STRATEGY] Balance: $5000.00 USD | Posiciones: 0 | Estrategias: 3
2026-08-20 17:49:06,420 [INFO] 📊 [PULSO PAPER MULTI-STRATEGY] Balance: $5000.00 USD | Posiciones: 0 | Estrategias: 3
2026-08-20 17:50:16,169 [INFO] 📊 [PULSO PAPER MULTI-STRATEGY] Balance: $5000.00 USD | Posiciones: 0 | Estrategias: 3
2026-08-20 17:51:24,723 [INFO] 📊 [PULSO PAPER MULTI-STRATEGY] Balance: $5000.00 USD | Posiciones: 0 | Estrategias: 3
2026-08-20 17:52:35,367 [INFO] 📊 [PULSO PAPER MULTI-STRATEGY] Balance: $5000.00 USD | Posiciones: 0 | Estrategias: 3
2026-08-20 17:53:44,007 [INFO] 📊 [PULSO PAPER MULTI-STRATEGY] Balance: $5000.00 USD | Posiciones: 0 | Estrategias: 3
2026-08-20 17:54:52,160 [INFO] 📊 [PULSO PAPER MULTI-STRATEGY] Balance: $5000.00 USD | Posiciones: 0 | Estrategias: 3
2026-08-20 17:56:00,312 [INFO] 📊 [PULSO PAPER MULTI-STRATEGY] Balance: $5000.00 USD | Posiciones: 0 | Estrategias: 3
2026-08-20 17:57:09,075 [INFO] 📊 [PULSO PAPER MULTI-STRATEGY] Balance: $5000.00 USD | Posiciones: 0 | Estrategias: 3
2026-08-20 17:58:17,580 [INFO] 📊 [PULSO PAPER MULTI-STRATEGY] Balance: $5000.00 USD | Posiciones: 0 | Estrategias: 3
2026-08-20 17:59:27,962 [INFO] 📊 [PULSO PAPER MULTI-STRATEGY] Balance: $5000.00 USD | Posiciones: 0 | Estrategias: 3
2026-08-20 18:00:35,515 [INFO] 📊 [PULSO PAPER MULTI-STRATEGY] Balance: $5000.00 USD | Posiciones: 0 | Estrategias: 3
2026-08-20 18:01:44,684 [INFO] 📊 [PULSO PAPER MULTI-STRATEGY] Balance: $5000.00 USD | Posiciones: 0 | Estrategias: 3
2026-08-20 18:02:52,647 [INFO] 📊 [PULSO PAPER MULTI-STRATEGY] Balance: $5000.00 USD | Posiciones: 0 | Estrategias: 3
2026-08-20 18:04:01,239 [INFO] 📊 [PULSO PAPER MULTI-STRATEGY] Balance: $5000.00 USD | Posiciones: 0 | Estrategias: 3
2026-08-20 18:05:09,853 [INFO] 📊 [PULSO PAPER MULTI-STRATEGY] Balance: $5000.00 USD | Posiciones: 0 | Estrategias: 3
2026-08-20 18:06:20,114 [INFO] 📊 [PULSO PAPER MULTI-STRATEGY] Balance: $5000.00 USD | Posiciones: 0 | Estrategias: 3
2026-08-20 18:07:28,413 [INFO] 📊 [PULSO PAPER MULTI-STRATEGY] Balance: $5000.00 USD | Posiciones: 0 | Estrategias: 3
2026-08-20 18:08:36,816 [INFO] 📊 [PULSO PAPER MULTI-STRATEGY] Balance: $5000.00 USD | Posiciones: 0 | Estrategias: 3
2026-08-20 18:09:45,037 [INFO] 📊 [PULSO PAPER MULTI-STRATEGY] Balance: $5000.00 USD | Posiciones: 0 | Estrategias: 3
2026-08-20 18:10:52,298 [INFO] 📊 [PULSO PAPER MULTI-STRATEGY] Balance: $5000.00 USD | Posiciones: 0 | Estrategias: 3
2026-08-20 18:12:01,398 [INFO] 📊 [PULSO PAPER MULTI-STRATEGY] Balance: $5000.00 USD | Posiciones: 0 | Estrategias: 3
2026-08-20 18:13:09,544 [INFO] 📊 [PULSO PAPER MULTI-STRATEGY] Balance: $5000.00 USD | Posiciones: 0 | Estrategias: 3
2026-08-20 18:14:16,809 [INFO] 📊 [PULSO PAPER MULTI-STRATEGY] Balance: $5000.00 USD | Posiciones: 0 | Estrategias: 3
2026-08-20 18:15:25,403 [INFO] 📊 [PULSO PAPER MULTI-STRATEGY] Balance: $5000.00 USD | Posiciones: 0 | Estrategias: 3
2026-08-20 18:16:34,727 [INFO] 📊 [PULSO PAPER MULTI-STRATEGY] Balance: $5000.00 USD | Posiciones: 0 | Estrategias: 3
2026-08-20 18:17:43,670 [INFO] 📊 [PULSO PAPER MULTI-STRATEGY] Balance: $5000.00 USD | Posiciones: 0 | Estrategias: 3
2026-08-20 18:18:52,742 [INFO] 📊 [PULSO PAPER MULTI-STRATEGY] Balance: $5000.00 USD | Posiciones: 0 | Estrategias: 3
2026-08-20 18:20:00,531 [INFO] 📊 [PULSO PAPER MULTI-STRATEGY] Balance: $5000.00 USD | Posiciones: 0 | Estrategias: 3
2026-08-20 18:21:08,974 [INFO] 📊 [PULSO PAPER MULTI-STRATEGY] Balance: $5000.00 USD | Posiciones: 0 | Estrategias: 3
2026-08-20 18:22:18,263 [INFO] 📊 [PULSO PAPER MULTI-STRATEGY] Balance: $5000.00 USD | Posiciones: 0 | Estrategias: 3
2026-08-20 18:23:25,571 [INFO] 📊 [PULSO PAPER MULTI-STRATEGY] Balance: $5000.00 USD | Posiciones: 0 | Estrategias: 3
2026-08-20 18:24:34,281 [INFO] 📊 [PULSO PAPER MULTI-STRATEGY] Balance: $5000.00 USD | Posiciones: 0 | Estrategias: 3
2026-08-20 18:25:43,189 [INFO] 📊 [PULSO PAPER MULTI-STRATEGY] Balance: $5000.00 USD | Posiciones: 0 | Estrategias: 3
2026-08-20 18:26:51,192 [INFO] 📊 [PULSO PAPER MULTI-STRATEGY] Balance: $5000.00 USD | Posiciones: 0 | Estrategias: 3
2026-08-20 18:28:00,902 [INFO] 📊 [PULSO PAPER MULTI-STRATEGY] Balance: $5000.00 USD | Posiciones: 0 | Estrategias: 3
2026-08-20 18:29:10,287 [INFO] 📊 [PULSO PAPER MULTI-STRATEGY] Balance: $5000.00 USD | Posiciones: 0 | Estrategias: 3
2026-08-20 18:30:19,047 [INFO] 📊 [PULSO PAPER MULTI-STRATEGY] Balance: $5000.00 USD | Posiciones: 0 | Estrategias: 3
2026-08-20 18:31:26,728 [INFO] 📊 [PULSO PAPER MULTI-STRATEGY] Balance: $5000.00 USD | Posiciones: 0 | Estrategias: 3
2026-08-20 18:32:35,352 [INFO] 📊 [PULSO PAPER MULTI-STRATEGY] Balance: $5000.00 USD | Posiciones: 0 | Estrategias: 3
2026-08-20 18:33:45,278 [INFO] 📊 [PULSO PAPER MULTI-STRATEGY] Balance: $5000.00 USD | Posiciones: 0 | Estrategias: 3
2026-08-20 18:34:53,617 [INFO] 📊 [PULSO PAPER MULTI-STRATEGY] Balance: $5000.00 USD | Posiciones: 0 | Estrategias: 3
2026-08-20 18:36:01,404 [INFO] 📊 [PULSO PAPER MULTI-STRATEGY] Balance: $5000.00 USD | Posiciones: 0 | Estrategias: 3
2026-08-20 18:37:10,045 [INFO] 📊 [PULSO PAPER MULTI-STRATEGY] Balance: $5000.00 USD | Posiciones: 0 | Estrategias: 3
2026-08-20 18:38:17,663 [INFO] 📊 [PULSO PAPER MULTI-STRATEGY] Balance: $5000.00 USD | Posiciones: 0 | Estrategias: 3
2026-08-20 18:39:25,901 [INFO] 📊 [PULSO PAPER MULTI-STRATEGY] Balance: $5000.00 USD | Posiciones: 0 | Estrategias: 3
2026-08-20 18:40:35,361 [INFO] 📊 [PULSO PAPER MULTI-STRATEGY] Balance: $5000.00 USD | Posiciones: 0 | Estrategias: 3
2026-08-20 18:41:44,311 [INFO] 📊 [PULSO PAPER MULTI-STRATEGY] Balance: $5000.00 USD | Posiciones: 0 | Estrategias: 3
2026-08-20 18:42:51,817 [INFO] 📊 [PULSO PAPER MULTI-STRATEGY] Balance: $5000.00 USD | Posiciones: 0 | Estrategias: 3
2026-08-20 18:44:00,509 [INFO] 📊 [PULSO PAPER MULTI-STRATEGY] Balance: $5000.00 USD | Posiciones: 0 | Estrategias: 3
2026-08-20 18:45:10,219 [INFO] 📊 [PULSO PAPER MULTI-STRATEGY] Balance: $5000.00 USD | Posiciones: 0 | Estrategias: 3
2026-08-20 18:46:20,427 [INFO] 📊 [PULSO PAPER MULTI-STRATEGY] Balance: $5000.00 USD | Posiciones: 0 | Estrategias: 3
2026-08-20 18:47:30,393 [INFO] 📊 [PULSO PAPER MULTI-STRATEGY] Balance: $5000.00 USD | Posiciones: 0 | Estrategias: 3
2026-08-20 18:48:40,335 [INFO] 📊 [PULSO PAPER MULTI-STRATEGY] Balance: $5000.00 USD | Posiciones: 0 | Estrategias: 3
2026-08-20 18:49:49,169 [INFO] 📊 [PULSO PAPER MULTI-STRATEGY] Balance: $5000.00 USD | Posiciones: 0 | Estrategias: 3
2026-08-20 18:50:58,313 [INFO] 📊 [PULSO PAPER MULTI-STRATEGY] Balance: $5000.00 USD | Posiciones: 0 | Estrategias: 3
2026-08-20 18:52:07,412 [INFO] 📊 [PULSO PAPER MULTI-STRATEGY] Balance: $5000.00 USD | Posiciones: 0 | Estrategias: 3
2026-08-20 18:53:16,947 [INFO] 📊 [PULSO PAPER MULTI-STRATEGY] Balance: $5000.00 USD | Posiciones: 0 | Estrategias: 3
2026-08-20 18:54:24,633 [INFO] 📊 [PULSO PAPER MULTI-STRATEGY] Balance: $5000.00 USD | Posiciones: 0 | Estrategias: 3
2026-08-20 18:55:32,226 [INFO] 📊 [PULSO PAPER MULTI-STRATEGY] Balance: $5000.00 USD | Posiciones: 0 | Estrategias: 3
2026-08-20 18:56:41,079 [INFO] 📊 [PULSO PAPER MULTI-STRATEGY] Balance: $5000.00 USD | Posiciones: 0 | Estrategias: 3
2026-08-20 18:57:49,436 [INFO] 📊 [PULSO PAPER MULTI-STRATEGY] Balance: $5000.00 USD | Posiciones: 0 | Estrategias: 3
2026-08-20 18:58:58,144 [INFO] 📊 [PULSO PAPER MULTI-STRATEGY] Balance: $5000.00 USD | Posiciones: 0 | Estrategias: 3
2026-08-20 19:00:07,697 [INFO] 📊 [PULSO PAPER MULTI-STRATEGY] Balance: $5000.00 USD | Posiciones: 0 | Estrategias: 3
2026-08-20 19:01:16,529 [INFO] 📊 [PULSO PAPER MULTI-STRATEGY] Balance: $5000.00 USD | Posiciones: 0 | Estrategias: 3
2026-08-20 19:02:24,716 [INFO] 📊 [PULSO PAPER MULTI-STRATEGY] Balance: $5000.00 USD | Posiciones: 0 | Estrategias: 3
2026-08-20 19:03:33,718 [INFO] 📊 [PULSO PAPER MULTI-STRATEGY] Balance: $5000.00 USD | Posiciones: 0 | Estrategias: 3
2026-08-20 19:04:41,679 [INFO] 📊 [PULSO PAPER MULTI-STRATEGY] Balance: $5000.00 USD | Posiciones: 0 | Estrategias: 3
2026-08-20 19:05:51,153 [INFO] 📊 [PULSO PAPER MULTI-STRATEGY] Balance: $5000.00 USD | Posiciones: 0 | Estrategias: 3
2026-08-20 19:07:01,203 [INFO] 📊 [PULSO PAPER MULTI-STRATEGY] Balance: $5000.00 USD | Posiciones: 0 | Estrategias: 3
2026-08-20 19:08:09,496 [INFO] 📊 [PULSO PAPER MULTI-STRATEGY] Balance: $5000.00 USD | Posiciones: 0 | Estrategias: 3
2026-08-20 19:09:18,213 [INFO] 📊 [PULSO PAPER MULTI-STRATEGY] Balance: $5000.00 USD | Posiciones: 0 | Estrategias: 3
2026-08-20 19:10:27,657 [INFO] 📊 [PULSO PAPER MULTI-STRATEGY] Balance: $5000.00 USD | Posiciones: 0 | Estrategias: 3
2026-08-20 19:11:36,785 [INFO] 📊 [PULSO PAPER MULTI-STRATEGY] Balance: $5000.00 USD | Posiciones: 0 | Estrategias: 3
2026-08-20 19:12:45,638 [INFO] 📊 [PULSO PAPER MULTI-STRATEGY] Balance: $5000.00 USD | Posiciones: 0 | Estrategias: 3
2026-08-20 19:13:55,736 [INFO] 📊 [PULSO PAPER MULTI-STRATEGY] Balance: $5000.00 USD | Posiciones: 0 | Estrategias: 3
2026-08-20 19:15:04,006 [INFO] 📊 [PULSO PAPER MULTI-STRATEGY] Balance: $5000.00 USD | Posiciones: 0 | Estrategias: 3
2026-08-20 19:16:13,144 [INFO] 📊 [PULSO PAPER MULTI-STRATEGY] Balance: $5000.00 USD | Posiciones: 0 | Estrategias: 3
2026-08-20 19:17:22,549 [INFO] 📊 [PULSO PAPER MULTI-STRATEGY] Balance: $5000.00 USD | Posiciones: 0 | Estrategias: 3
2026-08-20 19:18:32,110 [INFO] 📊 [PULSO PAPER MULTI-STRATEGY] Balance: $5000.00 USD | Posiciones: 0 | Estrategias: 3
2026-08-20 19:19:42,122 [INFO] 📊 [PULSO PAPER MULTI-STRATEGY] Balance: $5000.00 USD | Posiciones: 0 | Estrategias: 3
2026-08-20 19:20:49,834 [INFO] 📊 [PULSO PAPER MULTI-STRATEGY] Balance: $5000.00 USD | Posiciones: 0 | Estrategias: 3
2026-08-20 19:21:58,705 [INFO] 📊 [PULSO PAPER MULTI-STRATEGY] Balance: $5000.00 USD | Posiciones: 0 | Estrategias: 3
2026-08-20 19:23:08,652 [INFO] 📊 [PULSO PAPER MULTI-STRATEGY] Balance: $5000.00 USD | Posiciones: 0 | Estrategias: 3
2026-08-20 19:24:18,873 [INFO] 📊 [PULSO PAPER MULTI-STRATEGY] Balance: $5000.00 USD | Posiciones: 0 | Estrategias: 3
2026-08-20 19:25:27,411 [INFO] 📊 [PULSO PAPER MULTI-STRATEGY] Balance: $5000.00 USD | Posiciones: 0 | Estrategias: 3
2026-08-20 19:26:36,408 [INFO] 📊 [PULSO PAPER MULTI-STRATEGY] Balance: $5000.00 USD | Posiciones: 0 | Estrategias: 3
2026-08-20 19:27:46,062 [INFO] 📊 [PULSO PAPER MULTI-STRATEGY] Balance: $5000.00 USD | Posiciones: 0 | Estrategias: 3
2026-08-20 19:28:53,886 [INFO] 📊 [PULSO PAPER MULTI-STRATEGY] Balance: $5000.00 USD | Posiciones: 0 | Estrategias: 3
2026-08-20 19:30:03,152 [INFO] 📊 [PULSO PAPER MULTI-STRATEGY] Balance: $5000.00 USD | Posiciones: 0 | Estrategias: 3
2026-08-20 19:31:11,212 [INFO] 📊 [PULSO PAPER MULTI-STRATEGY] Balance: $5000.00 USD | Posiciones: 0 | Estrategias: 3
2026-08-20 19:32:18,565 [INFO] 📊 [PULSO PAPER MULTI-STRATEGY] Balance: $5000.00 USD | Posiciones: 0 | Estrategias: 3
2026-08-20 19:33:26,526 [INFO] 📊 [PULSO PAPER MULTI-STRATEGY] Balance: $5000.00 USD | Posiciones: 0 | Estrategias: 3
2026-08-20 19:34:34,216 [INFO] 📊 [PULSO PAPER MULTI-STRATEGY] Balance: $5000.00 USD | Posiciones: 0 | Estrategias: 3
2026-08-20 19:35:42,058 [INFO] 📊 [PULSO PAPER MULTI-STRATEGY] Balance: $5000.00 USD | Posiciones: 0 | Estrategias: 3
2026-08-20 19:36:49,719 [INFO] 📊 [PULSO PAPER MULTI-STRATEGY] Balance: $5000.00 USD | Posiciones: 0 | Estrategias: 3
2026-08-20 19:37:58,101 [INFO] 📊 [PULSO PAPER MULTI-STRATEGY] Balance: $5000.00 USD | Posiciones: 0 | Estrategias: 3
2026-08-20 19:39:07,851 [INFO] 📊 [PULSO PAPER MULTI-STRATEGY] Balance: $5000.00 USD | Posiciones: 0 | Estrategias: 3
2026-08-20 19:40:16,284 [INFO] 📊 [PULSO PAPER MULTI-STRATEGY] Balance: $5000.00 USD | Posiciones: 0 | Estrategias: 3
2026-08-20 19:41:24,467 [INFO] 📊 [PULSO PAPER MULTI-STRATEGY] Balance: $5000.00 USD | Posiciones: 0 | Estrategias: 3
2026-08-20 19:42:34,842 [INFO] 📊 [PULSO PAPER MULTI-STRATEGY] Balance: $5000.00 USD | Posiciones: 0 | Estrategias: 3
2026-08-20 19:43:45,486 [INFO] 📊 [PULSO PAPER MULTI-STRATEGY] Balance: $5000.00 USD | Posiciones: 0 | Estrategias: 3
2026-08-20 19:44:53,494 [INFO] 📊 [PULSO PAPER MULTI-STRATEGY] Balance: $5000.00 USD | Posiciones: 0 | Estrategias: 3
2026-08-20 19:46:02,368 [INFO] 📊 [PULSO PAPER MULTI-STRATEGY] Balance: $5000.00 USD | Posiciones: 0 | Estrategias: 3
2026-08-20 19:47:10,839 [INFO] 📊 [PULSO PAPER MULTI-STRATEGY] Balance: $5000.00 USD | Posiciones: 0 | Estrategias: 3
2026-08-20 19:48:20,232 [INFO] 📊 [PULSO PAPER MULTI-STRATEGY] Balance: $5000.00 USD | Posiciones: 0 | Estrategias: 3
2026-08-20 19:49:29,012 [INFO] 📊 [PULSO PAPER MULTI-STRATEGY] Balance: $5000.00 USD | Posiciones: 0 | Estrategias: 3
2026-08-20 19:50:37,686 [INFO] 📊 [PULSO PAPER MULTI-STRATEGY] Balance: $5000.00 USD | Posiciones: 0 | Estrategias: 3
2026-08-20 19:51:47,798 [INFO] 📊 [PULSO PAPER MULTI-STRATEGY] Balance: $5000.00 USD | Posiciones: 0 | Estrategias: 3
2026-08-20 19:52:56,917 [INFO] 📊 [PULSO PAPER MULTI-STRATEGY] Balance: $5000.00 USD | Posiciones: 0 | Estrategias: 3
2026-08-20 19:54:05,358 [INFO] 📊 [PULSO PAPER MULTI-STRATEGY] Balance: $5000.00 USD | Posiciones: 0 | Estrategias: 3
2026-08-20 19:55:15,163 [INFO] 📊 [PULSO PAPER MULTI-STRATEGY] Balance: $5000.00 USD | Posiciones: 0 | Estrategias: 3
2026-08-20 19:56:24,986 [INFO] 📊 [PULSO PAPER MULTI-STRATEGY] Balance: $5000.00 USD | Posiciones: 0 | Estrategias: 3
2026-08-20 19:57:33,132 [INFO] 📊 [PULSO PAPER MULTI-STRATEGY] Balance: $5000.00 USD | Posiciones: 0 | Estrategias: 3
2026-08-20 19:58:41,796 [INFO] 📊 [PULSO PAPER MULTI-STRATEGY] Balance: $5000.00 USD | Posiciones: 0 | Estrategias: 3
2026-08-20 19:59:49,196 [INFO] 📊 [PULSO PAPER MULTI-STRATEGY] Balance: $5000.00 USD | Posiciones: 0 | Estrategias: 3
2026-08-20 20:00:56,971 [INFO] 📊 [PULSO PAPER MULTI-STRATEGY] Balance: $5000.00 USD | Posiciones: 0 | Estrategias: 3
2026-08-20 20:02:05,929 [INFO] 📊 [PULSO PAPER MULTI-STRATEGY] Balance: $5000.00 USD | Posiciones: 0 | Estrategias: 3
2026-08-20 20:03:14,449 [INFO] 📊 [PULSO PAPER MULTI-STRATEGY] Balance: $5000.00 USD | Posiciones: 0 | Estrategias: 3
2026-08-20 20:04:24,083 [INFO] 📊 [PULSO PAPER MULTI-STRATEGY] Balance: $5000.00 USD | Posiciones: 0 | Estrategias: 3
2026-08-20 20:05:34,920 [INFO] 📊 [PULSO PAPER MULTI-STRATEGY] Balance: $5000.00 USD | Posiciones: 0 | Estrategias: 3
2026-08-20 20:06:44,655 [INFO] 📊 [PULSO PAPER MULTI-STRATEGY] Balance: $5000.00 USD | Posiciones: 0 | Estrategias: 3
2026-08-20 20:07:54,892 [INFO] 📊 [PULSO PAPER MULTI-STRATEGY] Balance: $5000.00 USD | Posiciones: 0 | Estrategias: 3
2026-08-20 20:09:04,184 [INFO] 📊 [PULSO PAPER MULTI-STRATEGY] Balance: $5000.00 USD | Posiciones: 0 | Estrategias: 3
2026-08-20 20:10:11,682 [INFO] 📊 [PULSO PAPER MULTI-STRATEGY] Balance: $5000.00 USD | Posiciones: 0 | Estrategias: 3
2026-08-20 20:11:19,450 [INFO] 📊 [PULSO PAPER MULTI-STRATEGY] Balance: $5000.00 USD | Posiciones: 0 | Estrategias: 3
2026-08-20 20:12:28,488 [INFO] 📊 [PULSO PAPER MULTI-STRATEGY] Balance: $5000.00 USD | Posiciones: 0 | Estrategias: 3
2026-08-20 20:13:37,203 [INFO] 📊 [PULSO PAPER MULTI-STRATEGY] Balance: $5000.00 USD | Posiciones: 0 | Estrategias: 3
2026-08-20 20:14:46,442 [INFO] 📊 [PULSO PAPER MULTI-STRATEGY] Balance: $5000.00 USD | Posiciones: 0 | Estrategias: 3
2026-08-20 20:15:54,960 [INFO] 📊 [PULSO PAPER MULTI-STRATEGY] Balance: $5000.00 USD | Posiciones: 0 | Estrategias: 3
2026-08-20 20:17:03,451 [INFO] 📊 [PULSO PAPER MULTI-STRATEGY] Balance: $5000.00 USD | Posiciones: 0 | Estrategias: 3
2026-08-20 20:18:12,469 [INFO] 📊 [PULSO PAPER MULTI-STRATEGY] Balance: $5000.00 USD | Posiciones: 0 | Estrategias: 3
2026-08-20 20:19:21,305 [INFO] 📊 [PULSO PAPER MULTI-STRATEGY] Balance: $5000.00 USD | Posiciones: 0 | Estrategias: 3
2026-08-20 20:20:30,918 [INFO] 📊 [PULSO PAPER MULTI-STRATEGY] Balance: $5000.00 USD | Posiciones: 0 | Estrategias: 3
2026-08-20 20:21:39,838 [INFO] 📊 [PULSO PAPER MULTI-STRATEGY] Balance: $5000.00 USD | Posiciones: 0 | Estrategias: 3
2026-08-20 20:22:48,132 [INFO] 📊 [PULSO PAPER MULTI-STRATEGY] Balance: $5000.00 USD | Posiciones: 0 | Estrategias: 3
2026-08-20 20:23:56,639 [INFO] 📊 [PULSO PAPER MULTI-STRATEGY] Balance: $5000.00 USD | Posiciones: 0 | Estrategias: 3
2026-08-20 20:25:06,589 [INFO] 📊 [PULSO PAPER MULTI-STRATEGY] Balance: $5000.00 USD | Posiciones: 0 | Estrategias: 3
2026-08-20 20:26:14,541 [INFO] 📊 [PULSO PAPER MULTI-STRATEGY] Balance: $5000.00 USD | Posiciones: 0 | Estrategias: 3
2026-08-20 20:27:24,867 [INFO] 📊 [PULSO PAPER MULTI-STRATEGY] Balance: $5000.00 USD | Posiciones: 0 | Estrategias: 3
2026-08-20 20:28:34,303 [INFO] 📊 [PULSO PAPER MULTI-STRATEGY] Balance: $5000.00 USD | Posiciones: 0 | Estrategias: 3
2026-08-20 20:29:43,781 [INFO] 📊 [PULSO PAPER MULTI-STRATEGY] Balance: $5000.00 USD | Posiciones: 0 | Estrategias: 3
2026-08-20 20:30:51,304 [INFO] 📊 [PULSO PAPER MULTI-STRATEGY] Balance: $5000.00 USD | Posiciones: 0 | Estrategias: 3
2026-08-20 20:32:02,082 [INFO] 📊 [PULSO PAPER MULTI-STRATEGY] Balance: $5000.00 USD | Posiciones: 0 | Estrategias: 3
2026-08-20 20:33:11,301 [INFO] 📊 [PULSO PAPER MULTI-STRATEGY] Balance: $5000.00 USD | Posiciones: 0 | Estrategias: 3
2026-08-20 20:34:19,494 [INFO] 📊 [PULSO PAPER MULTI-STRATEGY] Balance: $5000.00 USD | Posiciones: 0 | Estrategias: 3
2026-08-20 20:35:28,715 [INFO] 📊 [PULSO PAPER MULTI-STRATEGY] Balance: $5000.00 USD | Posiciones: 0 | Estrategias: 3
2026-08-20 20:36:37,829 [INFO] 📊 [PULSO PAPER MULTI-STRATEGY] Balance: $5000.00 USD | Posiciones: 0 | Estrategias: 3
2026-08-20 20:37:47,976 [INFO] 📊 [PULSO PAPER MULTI-STRATEGY] Balance: $5000.00 USD | Posiciones: 0 | Estrategias: 3
2026-08-20 20:38:55,969 [INFO] 📊 [PULSO PAPER MULTI-STRATEGY] Balance: $5000.00 USD | Posiciones: 0 | Estrategias: 3
2026-08-20 20:40:04,488 [INFO] 📊 [PULSO PAPER MULTI-STRATEGY] Balance: $5000.00 USD | Posiciones: 0 | Estrategias: 3
2026-08-20 20:41:13,491 [INFO] 📊 [PULSO PAPER MULTI-STRATEGY] Balance: $5000.00 USD | Posiciones: 0 | Estrategias: 3
2026-08-20 20:42:20,151 [INFO] 📊 [PULSO PAPER MULTI-STRATEGY] Balance: $5000.00 USD | Posiciones: 0 | Estrategias: 3
2026-08-20 20:43:28,814 [INFO] 📊 [PULSO PAPER MULTI-STRATEGY] Balance: $5000.00 USD | Posiciones: 0 | Estrategias: 3
2026-08-20 20:44:37,440 [INFO] 📊 [PULSO PAPER MULTI-STRATEGY] Balance: $5000.00 USD | Posiciones: 0 | Estrategias: 3
2026-08-20 20:45:45,830 [INFO] 📊 [PULSO PAPER MULTI-STRATEGY] Balance: $5000.00 USD | Posiciones: 0 | Estrategias: 3
2026-08-20 20:46:52,954 [INFO] 📊 [PULSO PAPER MULTI-STRATEGY] Balance: $5000.00 USD | Posiciones: 0 | Estrategias: 3
2026-08-20 20:48:02,467 [INFO] 📊 [PULSO PAPER MULTI-STRATEGY] Balance: $5000.00 USD | Posiciones: 0 | Estrategias: 3
2026-08-20 20:49:11,657 [INFO] 📊 [PULSO PAPER MULTI-STRATEGY] Balance: $5000.00 USD | Posiciones: 0 | Estrategias: 3
2026-08-20 20:50:19,756 [INFO] 📊 [PULSO PAPER MULTI-STRATEGY] Balance: $5000.00 USD | Posiciones: 0 | Estrategias: 3
2026-08-20 20:51:27,733 [INFO] 📊 [PULSO PAPER MULTI-STRATEGY] Balance: $5000.00 USD | Posiciones: 0 | Estrategias: 3
2026-08-20 20:52:35,332 [INFO] 📊 [PULSO PAPER MULTI-STRATEGY] Balance: $5000.00 USD | Posiciones: 0 | Estrategias: 3
2026-08-20 20:53:43,344 [INFO] 📊 [PULSO PAPER MULTI-STRATEGY] Balance: $5000.00 USD | Posiciones: 0 | Estrategias: 3
2026-08-20 20:54:52,127 [INFO] 📊 [PULSO PAPER MULTI-STRATEGY] Balance: $5000.00 USD | Posiciones: 0 | Estrategias: 3
2026-08-20 20:56:00,538 [INFO] 📊 [PULSO PAPER MULTI-STRATEGY] Balance: $5000.00 USD | Posiciones: 0 | Estrategias: 3
2026-08-20 20:57:10,277 [INFO] 📊 [PULSO PAPER MULTI-STRATEGY] Balance: $5000.00 USD | Posiciones: 0 | Estrategias: 3
2026-08-20 20:58:19,080 [INFO] 📊 [PULSO PAPER MULTI-STRATEGY] Balance: $5000.00 USD | Posiciones: 0 | Estrategias: 3
2026-08-20 20:59:27,858 [INFO] 📊 [PULSO PAPER MULTI-STRATEGY] Balance: $5000.00 USD | Posiciones: 0 | Estrategias: 3
2026-08-20 21:00:37,847 [INFO] 📊 [PULSO PAPER MULTI-STRATEGY] Balance: $5000.00 USD | Posiciones: 0 | Estrategias: 3
2026-08-20 21:01:46,443 [INFO] 📊 [PULSO PAPER MULTI-STRATEGY] Balance: $5000.00 USD | Posiciones: 0 | Estrategias: 3
2026-08-20 21:02:56,055 [INFO] 📊 [PULSO PAPER MULTI-STRATEGY] Balance: $5000.00 USD | Posiciones: 0 | Estrategias: 3
2026-08-20 21:04:05,573 [INFO] 📊 [PULSO PAPER MULTI-STRATEGY] Balance: $5000.00 USD | Posiciones: 0 | Estrategias: 3
2026-08-20 21:05:13,653 [INFO] 📊 [PULSO PAPER MULTI-STRATEGY] Balance: $5000.00 USD | Posiciones: 0 | Estrategias: 3
2026-08-20 21:06:22,527 [INFO] 📊 [PULSO PAPER MULTI-STRATEGY] Balance: $5000.00 USD | Posiciones: 0 | Estrategias: 3
2026-08-20 21:07:30,945 [INFO] 📊 [PULSO PAPER MULTI-STRATEGY] Balance: $5000.00 USD | Posiciones: 0 | Estrategias: 3
2026-08-20 21:08:40,023 [INFO] 📊 [PULSO PAPER MULTI-STRATEGY] Balance: $5000.00 USD | Posiciones: 0 | Estrategias: 3
2026-08-20 21:09:49,483 [INFO] 📊 [PULSO PAPER MULTI-STRATEGY] Balance: $5000.00 USD | Posiciones: 0 | Estrategias: 3
2026-08-20 21:10:56,756 [INFO] 📊 [PULSO PAPER MULTI-STRATEGY] Balance: $5000.00 USD | Posiciones: 0 | Estrategias: 3
2026-08-20 21:12:06,535 [INFO] 📊 [PULSO PAPER MULTI-STRATEGY] Balance: $5000.00 USD | Posiciones: 0 | Estrategias: 3
2026-08-20 21:13:16,044 [INFO] 📊 [PULSO PAPER MULTI-STRATEGY] Balance: $5000.00 USD | Posiciones: 0 | Estrategias: 3
2026-08-20 21:14:24,726 [INFO] 📊 [PULSO PAPER MULTI-STRATEGY] Balance: $5000.00 USD | Posiciones: 0 | Estrategias: 3
2026-08-20 21:15:33,267 [INFO] 📊 [PULSO PAPER MULTI-STRATEGY] Balance: $5000.00 USD | Posiciones: 0 | Estrategias: 3
2026-08-20 21:16:41,385 [INFO] 📊 [PULSO PAPER MULTI-STRATEGY] Balance: $5000.00 USD | Posiciones: 0 | Estrategias: 3
2026-08-20 21:17:50,258 [INFO] 📊 [PULSO PAPER MULTI-STRATEGY] Balance: $5000.00 USD | Posiciones: 0 | Estrategias: 3
2026-08-20 21:18:58,756 [INFO] 📊 [PULSO PAPER MULTI-STRATEGY] Balance: $5000.00 USD | Posiciones: 0 | Estrategias: 3
2026-08-20 21:20:08,076 [INFO] 📊 [PULSO PAPER MULTI-STRATEGY] Balance: $5000.00 USD | Posiciones: 0 | Estrategias: 3
2026-08-20 21:21:16,689 [INFO] 📊 [PULSO PAPER MULTI-STRATEGY] Balance: $5000.00 USD | Posiciones: 0 | Estrategias: 3
2026-08-20 21:22:25,313 [INFO] 📊 [PULSO PAPER MULTI-STRATEGY] Balance: $5000.00 USD | Posiciones: 0 | Estrategias: 3
2026-08-20 21:23:33,842 [INFO] 📊 [PULSO PAPER MULTI-STRATEGY] Balance: $5000.00 USD | Posiciones: 0 | Estrategias: 3
2026-08-20 21:24:42,828 [INFO] 📊 [PULSO PAPER MULTI-STRATEGY] Balance: $5000.00 USD | Posiciones: 0 | Estrategias: 3
2026-08-20 21:25:52,362 [INFO] 📊 [PULSO PAPER MULTI-STRATEGY] Balance: $5000.00 USD | Posiciones: 0 | Estrategias: 3
2026-08-20 21:27:01,165 [INFO] 📊 [PULSO PAPER MULTI-STRATEGY] Balance: $5000.00 USD | Posiciones: 0 | Estrategias: 3
2026-08-20 21:28:09,576 [INFO] 📊 [PULSO PAPER MULTI-STRATEGY] Balance: $5000.00 USD | Posiciones: 0 | Estrategias: 3
2026-08-20 21:29:18,896 [INFO] 📊 [PULSO PAPER MULTI-STRATEGY] Balance: $5000.00 USD | Posiciones: 0 | Estrategias: 3
2026-08-20 21:30:26,860 [INFO] 📊 [PULSO PAPER MULTI-STRATEGY] Balance: $5000.00 USD | Posiciones: 0 | Estrategias: 3
2026-08-20 21:31:34,752 [INFO] 📊 [PULSO PAPER MULTI-STRATEGY] Balance: $5000.00 USD | Posiciones: 0 | Estrategias: 3
2026-08-20 21:32:43,557 [INFO] 📊 [PULSO PAPER MULTI-STRATEGY] Balance: $5000.00 USD | Posiciones: 0 | Estrategias: 3
2026-08-20 21:33:52,371 [INFO] 📊 [PULSO PAPER MULTI-STRATEGY] Balance: $5000.00 USD | Posiciones: 0 | Estrategias: 3
2026-08-20 21:35:02,280 [INFO] 📊 [PULSO PAPER MULTI-STRATEGY] Balance: $5000.00 USD | Posiciones: 0 | Estrategias: 3
2026-08-20 21:36:09,543 [INFO] 📊 [PULSO PAPER MULTI-STRATEGY] Balance: $5000.00 USD | Posiciones: 0 | Estrategias: 3
2026-08-20 21:37:16,623 [INFO] 📊 [PULSO PAPER MULTI-STRATEGY] Balance: $5000.00 USD | Posiciones: 0 | Estrategias: 3
2026-08-20 21:38:26,719 [INFO] 📊 [PULSO PAPER MULTI-STRATEGY] Balance: $5000.00 USD | Posiciones: 0 | Estrategias: 3
2026-08-20 21:39:34,708 [INFO] 📊 [PULSO PAPER MULTI-STRATEGY] Balance: $5000.00 USD | Posiciones: 0 | Estrategias: 3
2026-08-20 21:40:43,294 [INFO] 📊 [PULSO PAPER MULTI-STRATEGY] Balance: $5000.00 USD | Posiciones: 0 | Estrategias: 3
2026-08-20 21:41:51,711 [INFO] 📊 [PULSO PAPER MULTI-STRATEGY] Balance: $5000.00 USD | Posiciones: 0 | Estrategias: 3
2026-08-20 21:43:01,752 [INFO] 📊 [PULSO PAPER MULTI-STRATEGY] Balance: $5000.00 USD | Posiciones: 0 | Estrategias: 3
2026-08-20 21:44:09,335 [INFO] 📊 [PULSO PAPER MULTI-STRATEGY] Balance: $5000.00 USD | Posiciones: 0 | Estrategias: 3
2026-08-20 21:45:17,254 [INFO] 📊 [PULSO PAPER MULTI-STRATEGY] Balance: $5000.00 USD | Posiciones: 0 | Estrategias: 3
2026-08-20 21:46:25,786 [INFO] 📊 [PULSO PAPER MULTI-STRATEGY] Balance: $5000.00 USD | Posiciones: 0 | Estrategias: 3
2026-08-20 21:47:33,948 [INFO] 📊 [PULSO PAPER MULTI-STRATEGY] Balance: $5000.00 USD | Posiciones: 0 | Estrategias: 3
2026-08-20 21:48:42,627 [INFO] 📊 [PULSO PAPER MULTI-STRATEGY] Balance: $5000.00 USD | Posiciones: 0 | Estrategias: 3
2026-08-20 21:49:52,224 [INFO] 📊 [PULSO PAPER MULTI-STRATEGY] Balance: $5000.00 USD | Posiciones: 0 | Estrategias: 3
2026-08-20 21:51:00,559 [INFO] 📊 [PULSO PAPER MULTI-STRATEGY] Balance: $5000.00 USD | Posiciones: 0 | Estrategias: 3
2026-08-20 21:52:09,197 [INFO] 📊 [PULSO PAPER MULTI-STRATEGY] Balance: $5000.00 USD | Posiciones: 0 | Estrategias: 3
2026-08-20 21:53:20,091 [INFO] 📊 [PULSO PAPER MULTI-STRATEGY] Balance: $5000.00 USD | Posiciones: 0 | Estrategias: 3
2026-08-20 21:54:27,749 [INFO] 📊 [PULSO PAPER MULTI-STRATEGY] Balance: $5000.00 USD | Posiciones: 0 | Estrategias: 3
2026-08-20 21:55:35,945 [INFO] 📊 [PULSO PAPER MULTI-STRATEGY] Balance: $5000.00 USD | Posiciones: 0 | Estrategias: 3
2026-08-20 21:56:44,811 [INFO] 📊 [PULSO PAPER MULTI-STRATEGY] Balance: $5000.00 USD | Posiciones: 0 | Estrategias: 3
2026-08-20 21:57:55,018 [INFO] 📊 [PULSO PAPER MULTI-STRATEGY] Balance: $5000.00 USD | Posiciones: 0 | Estrategias: 3
2026-08-20 21:59:04,333 [INFO] 📊 [PULSO PAPER MULTI-STRATEGY] Balance: $5000.00 USD | Posiciones: 0 | Estrategias: 3
2026-08-20 22:00:11,298 [INFO] 📊 [PULSO PAPER MULTI-STRATEGY] Balance: $5000.00 USD | Posiciones: 0 | Estrategias: 3
2026-08-20 22:01:20,316 [INFO] 📊 [PULSO PAPER MULTI-STRATEGY] Balance: $5000.00 USD | Posiciones: 0 | Estrategias: 3
2026-08-20 22:02:29,125 [INFO] 📊 [PULSO PAPER MULTI-STRATEGY] Balance: $5000.00 USD | Posiciones: 0 | Estrategias: 3
2026-08-20 22:03:40,188 [INFO] 📊 [PULSO PAPER MULTI-STRATEGY] Balance: $5000.00 USD | Posiciones: 0 | Estrategias: 3
2026-08-20 22:04:48,557 [INFO] 📊 [PULSO PAPER MULTI-STRATEGY] Balance: $5000.00 USD | Posiciones: 0 | Estrategias: 3
2026-08-20 22:05:59,477 [INFO] 📊 [PULSO PAPER MULTI-STRATEGY] Balance: $5000.00 USD | Posiciones: 0 | Estrategias: 3
2026-08-20 22:07:09,976 [INFO] 📊 [PULSO PAPER MULTI-STRATEGY] Balance: $5000.00 USD | Posiciones: 0 | Estrategias: 3
2026-08-20 22:08:18,230 [INFO] 📊 [PULSO PAPER MULTI-STRATEGY] Balance: $5000.00 USD | Posiciones: 0 | Estrategias: 3
2026-08-20 22:09:26,459 [INFO] 📊 [PULSO PAPER MULTI-STRATEGY] Balance: $5000.00 USD | Posiciones: 0 | Estrategias: 3
2026-08-20 22:10:32,764 [INFO] 📊 [PULSO PAPER MULTI-STRATEGY] Balance: $5000.00 USD | Posiciones: 0 | Estrategias: 3
2026-08-20 22:11:41,392 [INFO] 📊 [PULSO PAPER MULTI-STRATEGY] Balance: $5000.00 USD | Posiciones: 0 | Estrategias: 3
2026-08-20 22:12:50,912 [INFO] 📊 [PULSO PAPER MULTI-STRATEGY] Balance: $5000.00 USD | Posiciones: 0 | Estrategias: 3
2026-08-20 22:14:00,469 [INFO] 📊 [PULSO PAPER MULTI-STRATEGY] Balance: $5000.00 USD | Posiciones: 0 | Estrategias: 3
2026-08-20 22:15:09,654 [INFO] 📊 [PULSO PAPER MULTI-STRATEGY] Balance: $5000.00 USD | Posiciones: 0 | Estrategias: 3
2026-08-20 22:16:18,572 [INFO] 📊 [PULSO PAPER MULTI-STRATEGY] Balance: $5000.00 USD | Posiciones: 0 | Estrategias: 3
2026-08-20 22:17:25,114 [INFO] 📊 [PULSO PAPER MULTI-STRATEGY] Balance: $5000.00 USD | Posiciones: 0 | Estrategias: 3
2026-08-20 22:18:33,890 [INFO] 📊 [PULSO PAPER MULTI-STRATEGY] Balance: $5000.00 USD | Posiciones: 0 | Estrategias: 3
2026-08-20 22:19:42,602 [INFO] 📊 [PULSO PAPER MULTI-STRATEGY] Balance: $5000.00 USD | Posiciones: 0 | Estrategias: 3
2026-08-20 22:20:49,806 [INFO] 📊 [PULSO PAPER MULTI-STRATEGY] Balance: $5000.00 USD | Posiciones: 0 | Estrategias: 3
2026-08-20 22:21:58,709 [INFO] 📊 [PULSO PAPER MULTI-STRATEGY] Balance: $5000.00 USD | Posiciones: 0 | Estrategias: 3
2026-08-20 22:23:06,992 [INFO] 📊 [PULSO PAPER MULTI-STRATEGY] Balance: $5000.00 USD | Posiciones: 0 | Estrategias: 3
2026-08-20 22:24:15,642 [INFO] 📊 [PULSO PAPER MULTI-STRATEGY] Balance: $5000.00 USD | Posiciones: 0 | Estrategias: 3
2026-08-20 22:25:24,707 [INFO] 📊 [PULSO PAPER MULTI-STRATEGY] Balance: $5000.00 USD | Posiciones: 0 | Estrategias: 3
2026-08-20 22:26:33,545 [INFO] 📊 [PULSO PAPER MULTI-STRATEGY] Balance: $5000.00 USD | Posiciones: 0 | Estrategias: 3
2026-08-20 22:27:41,321 [INFO] 📊 [PULSO PAPER MULTI-STRATEGY] Balance: $5000.00 USD | Posiciones: 0 | Estrategias: 3
2026-08-20 22:28:50,498 [INFO] 📊 [PULSO PAPER MULTI-STRATEGY] Balance: $5000.00 USD | Posiciones: 0 | Estrategias: 3
2026-08-20 22:29:59,357 [INFO] 📊 [PULSO PAPER MULTI-STRATEGY] Balance: $5000.00 USD | Posiciones: 0 | Estrategias: 3
2026-08-20 22:31:07,062 [INFO] 📊 [PULSO PAPER MULTI-STRATEGY] Balance: $5000.00 USD | Posiciones: 0 | Estrategias: 3
2026-08-20 22:32:16,062 [INFO] 📊 [PULSO PAPER MULTI-STRATEGY] Balance: $5000.00 USD | Posiciones: 0 | Estrategias: 3
2026-08-20 22:33:23,637 [INFO] 📊 [PULSO PAPER MULTI-STRATEGY] Balance: $5000.00 USD | Posiciones: 0 | Estrategias: 3
2026-08-20 22:34:32,952 [INFO] 📊 [PULSO PAPER MULTI-STRATEGY] Balance: $5000.00 USD | Posiciones: 0 | Estrategias: 3
2026-08-20 22:35:41,813 [INFO] 📊 [PULSO PAPER MULTI-STRATEGY] Balance: $5000.00 USD | Posiciones: 0 | Estrategias: 3
2026-08-20 22:36:51,549 [INFO] 📊 [PULSO PAPER MULTI-STRATEGY] Balance: $5000.00 USD | Posiciones: 0 | Estrategias: 3
2026-08-20 22:38:00,524 [INFO] 📊 [PULSO PAPER MULTI-STRATEGY] Balance: $5000.00 USD | Posiciones: 0 | Estrategias: 3
2026-08-20 22:39:09,798 [INFO] 📊 [PULSO PAPER MULTI-STRATEGY] Balance: $5000.00 USD | Posiciones: 0 | Estrategias: 3
2026-08-20 22:40:18,710 [INFO] 📊 [PULSO PAPER MULTI-STRATEGY] Balance: $5000.00 USD | Posiciones: 0 | Estrategias: 3
2026-08-20 22:41:27,181 [INFO] 📊 [PULSO PAPER MULTI-STRATEGY] Balance: $5000.00 USD | Posiciones: 0 | Estrategias: 3
2026-08-20 22:42:35,931 [INFO] 📊 [PULSO PAPER MULTI-STRATEGY] Balance: $5000.00 USD | Posiciones: 0 | Estrategias: 3
2026-08-20 22:43:45,061 [INFO] 📊 [PULSO PAPER MULTI-STRATEGY] Balance: $5000.00 USD | Posiciones: 0 | Estrategias: 3
2026-08-20 22:44:53,258 [INFO] 📊 [PULSO PAPER MULTI-STRATEGY] Balance: $5000.00 USD | Posiciones: 0 | Estrategias: 3
2026-08-20 22:46:01,874 [INFO] 📊 [PULSO PAPER MULTI-STRATEGY] Balance: $5000.00 USD | Posiciones: 0 | Estrategias: 3
2026-08-20 22:47:11,312 [INFO] 📊 [PULSO PAPER MULTI-STRATEGY] Balance: $5000.00 USD | Posiciones: 0 | Estrategias: 3
2026-08-20 22:48:19,892 [INFO] 📊 [PULSO PAPER MULTI-STRATEGY] Balance: $5000.00 USD | Posiciones: 0 | Estrategias: 3
2026-08-20 22:49:28,604 [INFO] 📊 [PULSO PAPER MULTI-STRATEGY] Balance: $5000.00 USD | Posiciones: 0 | Estrategias: 3
2026-08-20 22:50:37,832 [INFO] 📊 [PULSO PAPER MULTI-STRATEGY] Balance: $5000.00 USD | Posiciones: 0 | Estrategias: 3
2026-08-20 22:51:47,566 [INFO] 📊 [PULSO PAPER MULTI-STRATEGY] Balance: $5000.00 USD | Posiciones: 0 | Estrategias: 3
2026-08-20 22:52:55,987 [INFO] 📊 [PULSO PAPER MULTI-STRATEGY] Balance: $5000.00 USD | Posiciones: 0 | Estrategias: 3
2026-08-20 22:54:04,591 [INFO] 📊 [PULSO PAPER MULTI-STRATEGY] Balance: $5000.00 USD | Posiciones: 0 | Estrategias: 3
2026-08-20 22:55:13,913 [INFO] 📊 [PULSO PAPER MULTI-STRATEGY] Balance: $5000.00 USD | Posiciones: 0 | Estrategias: 3
2026-08-20 22:56:22,424 [INFO] 📊 [PULSO PAPER MULTI-STRATEGY] Balance: $5000.00 USD | Posiciones: 0 | Estrategias: 3
2026-08-20 22:57:30,963 [INFO] 📊 [PULSO PAPER MULTI-STRATEGY] Balance: $5000.00 USD | Posiciones: 0 | Estrategias: 3
2026-08-20 22:58:40,257 [INFO] 📊 [PULSO PAPER MULTI-STRATEGY] Balance: $5000.00 USD | Posiciones: 0 | Estrategias: 3
2026-08-20 22:59:49,988 [INFO] 📊 [PULSO PAPER MULTI-STRATEGY] Balance: $5000.00 USD | Posiciones: 0 | Estrategias: 3
2026-08-20 23:00:58,608 [INFO] 📊 [PULSO PAPER MULTI-STRATEGY] Balance: $5000.00 USD | Posiciones: 0 | Estrategias: 3
2026-08-20 23:02:07,778 [INFO] 📊 [PULSO PAPER MULTI-STRATEGY] Balance: $5000.00 USD | Posiciones: 0 | Estrategias: 3
2026-08-20 23:03:17,294 [INFO] 📊 [PULSO PAPER MULTI-STRATEGY] Balance: $5000.00 USD | Posiciones: 0 | Estrategias: 3
2026-08-20 23:04:25,834 [INFO] 📊 [PULSO PAPER MULTI-STRATEGY] Balance: $5000.00 USD | Posiciones: 0 | Estrategias: 3
2026-08-20 23:05:33,581 [INFO] 📊 [PULSO PAPER MULTI-STRATEGY] Balance: $5000.00 USD | Posiciones: 0 | Estrategias: 3
2026-08-20 23:06:42,603 [INFO] 📊 [PULSO PAPER MULTI-STRATEGY] Balance: $5000.00 USD | Posiciones: 0 | Estrategias: 3
2026-08-20 23:07:51,416 [INFO] 📊 [PULSO PAPER MULTI-STRATEGY] Balance: $5000.00 USD | Posiciones: 0 | Estrategias: 3
2026-08-20 23:09:00,475 [INFO] 📊 [PULSO PAPER MULTI-STRATEGY] Balance: $5000.00 USD | Posiciones: 0 | Estrategias: 3
2026-08-20 23:10:08,519 [INFO] 📊 [PULSO PAPER MULTI-STRATEGY] Balance: $5000.00 USD | Posiciones: 0 | Estrategias: 3
2026-08-20 23:11:17,026 [INFO] 📊 [PULSO PAPER MULTI-STRATEGY] Balance: $5000.00 USD | Posiciones: 0 | Estrategias: 3
2026-08-20 23:12:25,018 [INFO] 📊 [PULSO PAPER MULTI-STRATEGY] Balance: $5000.00 USD | Posiciones: 0 | Estrategias: 3
2026-08-20 23:13:33,428 [INFO] 📊 [PULSO PAPER MULTI-STRATEGY] Balance: $5000.00 USD | Posiciones: 0 | Estrategias: 3
2026-08-20 23:14:42,849 [INFO] 📊 [PULSO PAPER MULTI-STRATEGY] Balance: $5000.00 USD | Posiciones: 0 | Estrategias: 3
2026-08-20 23:15:52,222 [INFO] 📊 [PULSO PAPER MULTI-STRATEGY] Balance: $5000.00 USD | Posiciones: 0 | Estrategias: 3
2026-08-20 23:17:01,760 [INFO] 📊 [PULSO PAPER MULTI-STRATEGY] Balance: $5000.00 USD | Posiciones: 0 | Estrategias: 3
2026-08-20 23:18:10,213 [INFO] 📊 [PULSO PAPER MULTI-STRATEGY] Balance: $5000.00 USD | Posiciones: 0 | Estrategias: 3
2026-08-20 23:19:19,861 [INFO] 📊 [PULSO PAPER MULTI-STRATEGY] Balance: $5000.00 USD | Posiciones: 0 | Estrategias: 3
2026-08-20 23:20:29,579 [INFO] 📊 [PULSO PAPER MULTI-STRATEGY] Balance: $5000.00 USD | Posiciones: 0 | Estrategias: 3
2026-08-20 23:21:38,135 [INFO] 📊 [PULSO PAPER MULTI-STRATEGY] Balance: $5000.00 USD | Posiciones: 0 | Estrategias: 3
2026-08-20 23:22:47,662 [INFO] 📊 [PULSO PAPER MULTI-STRATEGY] Balance: $5000.00 USD | Posiciones: 0 | Estrategias: 3
2026-08-20 23:23:56,081 [INFO] 📊 [PULSO PAPER MULTI-STRATEGY] Balance: $5000.00 USD | Posiciones: 0 | Estrategias: 3
2026-08-20 23:25:04,082 [INFO] 📊 [PULSO PAPER MULTI-STRATEGY] Balance: $5000.00 USD | Posiciones: 0 | Estrategias: 3
2026-08-20 23:26:13,801 [INFO] 📊 [PULSO PAPER MULTI-STRATEGY] Balance: $5000.00 USD | Posiciones: 0 | Estrategias: 3
2026-08-20 23:27:22,834 [INFO] 📊 [PULSO PAPER MULTI-STRATEGY] Balance: $5000.00 USD | Posiciones: 0 | Estrategias: 3
2026-08-20 23:28:31,740 [INFO] 📊 [PULSO PAPER MULTI-STRATEGY] Balance: $5000.00 USD | Posiciones: 0 | Estrategias: 3
2026-08-20 23:29:39,478 [INFO] 📊 [PULSO PAPER MULTI-STRATEGY] Balance: $5000.00 USD | Posiciones: 0 | Estrategias: 3
2026-08-20 23:30:48,451 [INFO] 📊 [PULSO PAPER MULTI-STRATEGY] Balance: $5000.00 USD | Posiciones: 0 | Estrategias: 3
2026-08-20 23:31:58,131 [INFO] 📊 [PULSO PAPER MULTI-STRATEGY] Balance: $5000.00 USD | Posiciones: 0 | Estrategias: 3
2026-08-20 23:33:08,038 [INFO] 📊 [PULSO PAPER MULTI-STRATEGY] Balance: $5000.00 USD | Posiciones: 0 | Estrategias: 3
2026-08-20 23:34:15,950 [INFO] 📊 [PULSO PAPER MULTI-STRATEGY] Balance: $5000.00 USD | Posiciones: 0 | Estrategias: 3
2026-08-20 23:35:24,021 [INFO] 📊 [PULSO PAPER MULTI-STRATEGY] Balance: $5000.00 USD | Posiciones: 0 | Estrategias: 3
2026-08-20 23:36:33,036 [INFO] 📊 [PULSO PAPER MULTI-STRATEGY] Balance: $5000.00 USD | Posiciones: 0 | Estrategias: 3
2026-08-20 23:37:42,353 [INFO] 📊 [PULSO PAPER MULTI-STRATEGY] Balance: $5000.00 USD | Posiciones: 0 | Estrategias: 3
2026-08-20 23:38:51,486 [INFO] 📊 [PULSO PAPER MULTI-STRATEGY] Balance: $5000.00 USD | Posiciones: 0 | Estrategias: 3
2026-08-20 23:40:00,070 [INFO] 📊 [PULSO PAPER MULTI-STRATEGY] Balance: $5000.00 USD | Posiciones: 0 | Estrategias: 3
2026-08-20 23:41:08,877 [INFO] 📊 [PULSO PAPER MULTI-STRATEGY] Balance: $5000.00 USD | Posiciones: 0 | Estrategias: 3
2026-08-20 23:42:17,605 [INFO] 📊 [PULSO PAPER MULTI-STRATEGY] Balance: $5000.00 USD | Posiciones: 0 | Estrategias: 3
2026-08-20 23:43:26,749 [INFO] 📊 [PULSO PAPER MULTI-STRATEGY] Balance: $5000.00 USD | Posiciones: 0 | Estrategias: 3
2026-08-20 23:44:36,418 [INFO] 📊 [PULSO PAPER MULTI-STRATEGY] Balance: $5000.00 USD | Posiciones: 0 | Estrategias: 3
2026-08-20 23:45:46,401 [INFO] 📊 [PULSO PAPER MULTI-STRATEGY] Balance: $5000.00 USD | Posiciones: 0 | Estrategias: 3
2026-08-20 23:46:55,007 [INFO] 📊 [PULSO PAPER MULTI-STRATEGY] Balance: $5000.00 USD | Posiciones: 0 | Estrategias: 3
2026-08-20 23:48:02,597 [INFO] 📊 [PULSO PAPER MULTI-STRATEGY] Balance: $5000.00 USD | Posiciones: 0 | Estrategias: 3
2026-08-20 23:49:10,633 [INFO] 📊 [PULSO PAPER MULTI-STRATEGY] Balance: $5000.00 USD | Posiciones: 0 | Estrategias: 3
2026-08-20 23:50:19,811 [INFO] 📊 [PULSO PAPER MULTI-STRATEGY] Balance: $5000.00 USD | Posiciones: 0 | Estrategias: 3
2026-08-20 23:51:29,734 [INFO] 📊 [PULSO PAPER MULTI-STRATEGY] Balance: $5000.00 USD | Posiciones: 0 | Estrategias: 3
2026-08-20 23:52:39,676 [INFO] 📊 [PULSO PAPER MULTI-STRATEGY] Balance: $5000.00 USD | Posiciones: 0 | Estrategias: 3
2026-08-20 23:53:47,884 [INFO] 📊 [PULSO PAPER MULTI-STRATEGY] Balance: $5000.00 USD | Posiciones: 0 | Estrategias: 3
2026-08-20 23:54:56,128 [INFO] 📊 [PULSO PAPER MULTI-STRATEGY] Balance: $5000.00 USD | Posiciones: 0 | Estrategias: 3
2026-08-20 23:56:05,106 [INFO] 📊 [PULSO PAPER MULTI-STRATEGY] Balance: $5000.00 USD | Posiciones: 0 | Estrategias: 3
2026-08-20 23:57:14,566 [INFO] 📊 [PULSO PAPER MULTI-STRATEGY] Balance: $5000.00 USD | Posiciones: 0 | Estrategias: 3
2026-08-20 23:58:28,944 [INFO] 📊 [PULSO PAPER MULTI-STRATEGY] Balance: $5000.00 USD | Posiciones: 0 | Estrategias: 3
2026-08-20 23:59:37,364 [INFO] 📊 [PULSO PAPER MULTI-STRATEGY] Balance: $5000.00 USD | Posiciones: 0 | Estrategias: 3
2026-08-21 00:00:46,380 [INFO] 📊 [PULSO PAPER MULTI-STRATEGY] Balance: $5000.00 USD | Posiciones: 0 | Estrategias: 3
2026-08-21 00:01:53,964 [INFO] 📊 [PULSO PAPER MULTI-STRATEGY] Balance: $5000.00 USD | Posiciones: 0 | Estrategias: 3
2026-08-21 00:03:03,695 [INFO] 📊 [PULSO PAPER MULTI-STRATEGY] Balance: $5000.00 USD | Posiciones: 0 | Estrategias: 3
2026-08-21 00:04:12,792 [INFO] 📊 [PULSO PAPER MULTI-STRATEGY] Balance: $5000.00 USD | Posiciones: 0 | Estrategias: 3
2026-08-21 00:05:22,440 [INFO] 📊 [PULSO PAPER MULTI-STRATEGY] Balance: $5000.00 USD | Posiciones: 0 | Estrategias: 3
2026-08-21 00:06:30,955 [INFO] 📊 [PULSO PAPER MULTI-STRATEGY] Balance: $5000.00 USD | Posiciones: 0 | Estrategias: 3
2026-08-21 00:07:41,307 [INFO] 📊 [PULSO PAPER MULTI-STRATEGY] Balance: $5000.00 USD | Posiciones: 0 | Estrategias: 3
2026-08-21 00:08:49,392 [INFO] 📊 [PULSO PAPER MULTI-STRATEGY] Balance: $5000.00 USD | Posiciones: 0 | Estrategias: 3
2026-08-21 00:09:57,112 [INFO] 📊 [PULSO PAPER MULTI-STRATEGY] Balance: $5000.00 USD | Posiciones: 0 | Estrategias: 3
2026-08-21 00:11:06,193 [INFO] 📊 [PULSO PAPER MULTI-STRATEGY] Balance: $5000.00 USD | Posiciones: 0 | Estrategias: 3
2026-08-21 00:12:14,710 [INFO] 📊 [PULSO PAPER MULTI-STRATEGY] Balance: $5000.00 USD | Posiciones: 0 | Estrategias: 3
2026-08-21 00:13:24,851 [INFO] 📊 [PULSO PAPER MULTI-STRATEGY] Balance: $5000.00 USD | Posiciones: 0 | Estrategias: 3
2026-08-21 00:14:32,971 [INFO] 📊 [PULSO PAPER MULTI-STRATEGY] Balance: $5000.00 USD | Posiciones: 0 | Estrategias: 3
2026-08-21 00:15:42,682 [INFO] 📊 [PULSO PAPER MULTI-STRATEGY] Balance: $5000.00 USD | Posiciones: 0 | Estrategias: 3
2026-08-21 00:16:49,572 [INFO] 📊 [PULSO PAPER MULTI-STRATEGY] Balance: $5000.00 USD | Posiciones: 0 | Estrategias: 3
2026-08-21 00:17:58,746 [INFO] 📊 [PULSO PAPER MULTI-STRATEGY] Balance: $5000.00 USD | Posiciones: 0 | Estrategias: 3
2026-08-21 00:19:07,586 [INFO] 📊 [PULSO PAPER MULTI-STRATEGY] Balance: $5000.00 USD | Posiciones: 0 | Estrategias: 3
2026-08-21 00:20:15,783 [INFO] 📊 [PULSO PAPER MULTI-STRATEGY] Balance: $5000.00 USD | Posiciones: 0 | Estrategias: 3
2026-08-21 00:21:24,899 [INFO] 📊 [PULSO PAPER MULTI-STRATEGY] Balance: $5000.00 USD | Posiciones: 0 | Estrategias: 3
2026-08-21 00:22:33,011 [INFO] 📊 [PULSO PAPER MULTI-STRATEGY] Balance: $5000.00 USD | Posiciones: 0 | Estrategias: 3
2026-08-21 00:23:40,879 [INFO] 📊 [PULSO PAPER MULTI-STRATEGY] Balance: $5000.00 USD | Posiciones: 0 | Estrategias: 3
2026-08-21 00:24:48,678 [INFO] 📊 [PULSO PAPER MULTI-STRATEGY] Balance: $5000.00 USD | Posiciones: 0 | Estrategias: 3
2026-08-21 00:25:57,337 [INFO] 📊 [PULSO PAPER MULTI-STRATEGY] Balance: $5000.00 USD | Posiciones: 0 | Estrategias: 3
2026-08-21 00:27:06,432 [INFO] 📊 [PULSO PAPER MULTI-STRATEGY] Balance: $5000.00 USD | Posiciones: 0 | Estrategias: 3
2026-08-21 00:28:15,243 [INFO] 📊 [PULSO PAPER MULTI-STRATEGY] Balance: $5000.00 USD | Posiciones: 0 | Estrategias: 3
2026-08-21 00:29:24,681 [INFO] 📊 [PULSO PAPER MULTI-STRATEGY] Balance: $5000.00 USD | Posiciones: 0 | Estrategias: 3
2026-08-21 00:30:33,049 [INFO] 📊 [PULSO PAPER MULTI-STRATEGY] Balance: $5000.00 USD | Posiciones: 0 | Estrategias: 3
2026-08-21 00:31:42,401 [INFO] 📊 [PULSO PAPER MULTI-STRATEGY] Balance: $5000.00 USD | Posiciones: 0 | Estrategias: 3
2026-08-21 00:32:51,420 [INFO] 📊 [PULSO PAPER MULTI-STRATEGY] Balance: $5000.00 USD | Posiciones: 0 | Estrategias: 3
2026-08-21 00:34:01,476 [INFO] 📊 [PULSO PAPER MULTI-STRATEGY] Balance: $5000.00 USD | Posiciones: 0 | Estrategias: 3
2026-08-21 00:35:11,402 [INFO] 📊 [PULSO PAPER MULTI-STRATEGY] Balance: $5000.00 USD | Posiciones: 0 | Estrategias: 3
2026-08-21 00:36:18,796 [INFO] 📊 [PULSO PAPER MULTI-STRATEGY] Balance: $5000.00 USD | Posiciones: 0 | Estrategias: 3
2026-08-21 00:37:27,228 [INFO] 📊 [PULSO PAPER MULTI-STRATEGY] Balance: $5000.00 USD | Posiciones: 0 | Estrategias: 3
2026-08-21 00:38:35,640 [INFO] 📊 [PULSO PAPER MULTI-STRATEGY] Balance: $5000.00 USD | Posiciones: 0 | Estrategias: 3
2026-08-21 00:39:43,174 [INFO] 📊 [PULSO PAPER MULTI-STRATEGY] Balance: $5000.00 USD | Posiciones: 0 | Estrategias: 3
2026-08-21 00:40:51,275 [INFO] 📊 [PULSO PAPER MULTI-STRATEGY] Balance: $5000.00 USD | Posiciones: 0 | Estrategias: 3
2026-08-21 00:42:00,028 [INFO] 📊 [PULSO PAPER MULTI-STRATEGY] Balance: $5000.00 USD | Posiciones: 0 | Estrategias: 3
2026-08-21 00:43:10,203 [INFO] 📊 [PULSO PAPER MULTI-STRATEGY] Balance: $5000.00 USD | Posiciones: 0 | Estrategias: 3
2026-08-21 00:44:19,080 [INFO] 📊 [PULSO PAPER MULTI-STRATEGY] Balance: $5000.00 USD | Posiciones: 0 | Estrategias: 3
2026-08-21 00:45:26,875 [INFO] 📊 [PULSO PAPER MULTI-STRATEGY] Balance: $5000.00 USD | Posiciones: 0 | Estrategias: 3
2026-08-21 00:46:34,473 [INFO] 📊 [PULSO PAPER MULTI-STRATEGY] Balance: $5000.00 USD | Posiciones: 0 | Estrategias: 3
2026-08-21 00:47:43,026 [INFO] 📊 [PULSO PAPER MULTI-STRATEGY] Balance: $5000.00 USD | Posiciones: 0 | Estrategias: 3
2026-08-21 00:48:51,471 [INFO] 📊 [PULSO PAPER MULTI-STRATEGY] Balance: $5000.00 USD | Posiciones: 0 | Estrategias: 3
2026-08-21 00:50:00,486 [INFO] 📊 [PULSO PAPER MULTI-STRATEGY] Balance: $5000.00 USD | Posiciones: 0 | Estrategias: 3
2026-08-21 00:51:08,107 [INFO] 📊 [PULSO PAPER MULTI-STRATEGY] Balance: $5000.00 USD | Posiciones: 0 | Estrategias: 3
2026-08-21 00:52:17,716 [INFO] 📊 [PULSO PAPER MULTI-STRATEGY] Balance: $5000.00 USD | Posiciones: 0 | Estrategias: 3
2026-08-21 00:53:26,945 [INFO] 📊 [PULSO PAPER MULTI-STRATEGY] Balance: $5000.00 USD | Posiciones: 0 | Estrategias: 3
2026-08-21 00:54:35,348 [INFO] 📊 [PULSO PAPER MULTI-STRATEGY] Balance: $5000.00 USD | Posiciones: 0 | Estrategias: 3
2026-08-21 00:55:44,469 [INFO] 📊 [PULSO PAPER MULTI-STRATEGY] Balance: $5000.00 USD | Posiciones: 0 | Estrategias: 3
2026-08-21 00:56:53,135 [INFO] 📊 [PULSO PAPER MULTI-STRATEGY] Balance: $5000.00 USD | Posiciones: 0 | Estrategias: 3
2026-08-21 00:58:02,175 [INFO] 📊 [PULSO PAPER MULTI-STRATEGY] Balance: $5000.00 USD | Posiciones: 0 | Estrategias: 3
2026-08-21 00:59:10,447 [INFO] 📊 [PULSO PAPER MULTI-STRATEGY] Balance: $5000.00 USD | Posiciones: 0 | Estrategias: 3
2026-08-21 01:00:20,610 [INFO] 📊 [PULSO PAPER MULTI-STRATEGY] Balance: $5000.00 USD | Posiciones: 0 | Estrategias: 3
2026-08-21 01:01:28,105 [INFO] 📊 [PULSO PAPER MULTI-STRATEGY] Balance: $5000.00 USD | Posiciones: 0 | Estrategias: 3
2026-08-21 01:02:36,347 [INFO] 📊 [PULSO PAPER MULTI-STRATEGY] Balance: $5000.00 USD | Posiciones: 0 | Estrategias: 3
2026-08-21 01:03:46,384 [INFO] 📊 [PULSO PAPER MULTI-STRATEGY] Balance: $5000.00 USD | Posiciones: 0 | Estrategias: 3
2026-08-21 01:04:54,081 [INFO] 📊 [PULSO PAPER MULTI-STRATEGY] Balance: $5000.00 USD | Posiciones: 0 | Estrategias: 3
2026-08-21 01:06:03,263 [INFO] 📊 [PULSO PAPER MULTI-STRATEGY] Balance: $5000.00 USD | Posiciones: 0 | Estrategias: 3
2026-08-21 01:07:13,867 [INFO] 📊 [PULSO PAPER MULTI-STRATEGY] Balance: $5000.00 USD | Posiciones: 0 | Estrategias: 3
2026-08-21 01:08:21,916 [INFO] 📊 [PULSO PAPER MULTI-STRATEGY] Balance: $5000.00 USD | Posiciones: 0 | Estrategias: 3
2026-08-21 01:09:31,124 [INFO] 📊 [PULSO PAPER MULTI-STRATEGY] Balance: $5000.00 USD | Posiciones: 0 | Estrategias: 3
2026-08-21 01:10:38,719 [INFO] 📊 [PULSO PAPER MULTI-STRATEGY] Balance: $5000.00 USD | Posiciones: 0 | Estrategias: 3
2026-08-21 01:11:48,177 [INFO] 📊 [PULSO PAPER MULTI-STRATEGY] Balance: $5000.00 USD | Posiciones: 0 | Estrategias: 3
2026-08-21 01:12:57,792 [INFO] 📊 [PULSO PAPER MULTI-STRATEGY] Balance: $5000.00 USD | Posiciones: 0 | Estrategias: 3
2026-08-21 01:14:06,718 [INFO] 📊 [PULSO PAPER MULTI-STRATEGY] Balance: $5000.00 USD | Posiciones: 0 | Estrategias: 3
2026-08-21 01:15:16,034 [INFO] 📊 [PULSO PAPER MULTI-STRATEGY] Balance: $5000.00 USD | Posiciones: 0 | Estrategias: 3
2026-08-21 01:16:26,097 [INFO] 📊 [PULSO PAPER MULTI-STRATEGY] Balance: $5000.00 USD | Posiciones: 0 | Estrategias: 3
2026-08-21 01:17:35,111 [INFO] 📊 [PULSO PAPER MULTI-STRATEGY] Balance: $5000.00 USD | Posiciones: 0 | Estrategias: 3
2026-08-21 01:18:42,433 [INFO] 📊 [PULSO PAPER MULTI-STRATEGY] Balance: $5000.00 USD | Posiciones: 0 | Estrategias: 3
2026-08-21 01:19:51,139 [INFO] 📊 [PULSO PAPER MULTI-STRATEGY] Balance: $5000.00 USD | Posiciones: 0 | Estrategias: 3
2026-08-21 01:20:59,322 [INFO] 📊 [PULSO PAPER MULTI-STRATEGY] Balance: $5000.00 USD | Posiciones: 0 | Estrategias: 3
2026-08-21 01:22:09,149 [INFO] 📊 [PULSO PAPER MULTI-STRATEGY] Balance: $5000.00 USD | Posiciones: 0 | Estrategias: 3
2026-08-21 01:23:19,374 [INFO] 📊 [PULSO PAPER MULTI-STRATEGY] Balance: $5000.00 USD | Posiciones: 0 | Estrategias: 3
2026-08-21 01:24:27,190 [INFO] 📊 [PULSO PAPER MULTI-STRATEGY] Balance: $5000.00 USD | Posiciones: 0 | Estrategias: 3
2026-08-21 01:25:35,408 [INFO] 📊 [PULSO PAPER MULTI-STRATEGY] Balance: $5000.00 USD | Posiciones: 0 | Estrategias: 3
2026-08-21 01:26:43,509 [INFO] 📊 [PULSO PAPER MULTI-STRATEGY] Balance: $5000.00 USD | Posiciones: 0 | Estrategias: 3
2026-08-21 01:27:50,588 [INFO] 📊 [PULSO PAPER MULTI-STRATEGY] Balance: $5000.00 USD | Posiciones: 0 | Estrategias: 3
2026-08-21 01:29:00,521 [INFO] 📊 [PULSO PAPER MULTI-STRATEGY] Balance: $5000.00 USD | Posiciones: 0 | Estrategias: 3
2026-08-21 01:30:09,231 [INFO] 📊 [PULSO PAPER MULTI-STRATEGY] Balance: $5000.00 USD | Posiciones: 0 | Estrategias: 3
2026-08-21 01:31:18,111 [INFO] 📊 [PULSO PAPER MULTI-STRATEGY] Balance: $5000.00 USD | Posiciones: 0 | Estrategias: 3
2026-08-21 01:32:26,747 [INFO] 📊 [PULSO PAPER MULTI-STRATEGY] Balance: $5000.00 USD | Posiciones: 0 | Estrategias: 3
2026-08-21 01:33:35,642 [INFO] 📊 [PULSO PAPER MULTI-STRATEGY] Balance: $5000.00 USD | Posiciones: 0 | Estrategias: 3
2026-08-21 01:34:45,268 [INFO] 📊 [PULSO PAPER MULTI-STRATEGY] Balance: $5000.00 USD | Posiciones: 0 | Estrategias: 3
2026-08-21 01:35:53,305 [INFO] 📊 [PULSO PAPER MULTI-STRATEGY] Balance: $5000.00 USD | Posiciones: 0 | Estrategias: 3
2026-08-21 01:37:02,092 [INFO] 📊 [PULSO PAPER MULTI-STRATEGY] Balance: $5000.00 USD | Posiciones: 0 | Estrategias: 3
2026-08-21 01:38:10,437 [INFO] 📊 [PULSO PAPER MULTI-STRATEGY] Balance: $5000.00 USD | Posiciones: 0 | Estrategias: 3
2026-08-21 01:39:20,011 [INFO] 📊 [PULSO PAPER MULTI-STRATEGY] Balance: $5000.00 USD | Posiciones: 0 | Estrategias: 3
2026-08-21 01:40:27,863 [INFO] 📊 [PULSO PAPER MULTI-STRATEGY] Balance: $5000.00 USD | Posiciones: 0 | Estrategias: 3
2026-08-21 01:41:35,689 [INFO] 📊 [PULSO PAPER MULTI-STRATEGY] Balance: $5000.00 USD | Posiciones: 0 | Estrategias: 3
2026-08-21 01:42:45,679 [INFO] 📊 [PULSO PAPER MULTI-STRATEGY] Balance: $5000.00 USD | Posiciones: 0 | Estrategias: 3
2026-08-21 01:43:55,072 [INFO] 📊 [PULSO PAPER MULTI-STRATEGY] Balance: $5000.00 USD | Posiciones: 0 | Estrategias: 3
2026-08-21 01:45:03,720 [INFO] 📊 [PULSO PAPER MULTI-STRATEGY] Balance: $5000.00 USD | Posiciones: 0 | Estrategias: 3
2026-08-21 01:46:13,856 [INFO] 📊 [PULSO PAPER MULTI-STRATEGY] Balance: $5000.00 USD | Posiciones: 0 | Estrategias: 3
2026-08-21 01:47:23,019 [INFO] 📊 [PULSO PAPER MULTI-STRATEGY] Balance: $5000.00 USD | Posiciones: 0 | Estrategias: 3
2026-08-21 01:48:31,048 [INFO] 📊 [PULSO PAPER MULTI-STRATEGY] Balance: $5000.00 USD | Posiciones: 0 | Estrategias: 3
2026-08-21 01:49:39,917 [INFO] 📊 [PULSO PAPER MULTI-STRATEGY] Balance: $5000.00 USD | Posiciones: 0 | Estrategias: 3
2026-08-21 01:50:47,622 [INFO] 📊 [PULSO PAPER MULTI-STRATEGY] Balance: $5000.00 USD | Posiciones: 0 | Estrategias: 3
2026-08-21 01:51:55,732 [INFO] 📊 [PULSO PAPER MULTI-STRATEGY] Balance: $5000.00 USD | Posiciones: 0 | Estrategias: 3
2026-08-21 01:53:05,184 [INFO] 📊 [PULSO PAPER MULTI-STRATEGY] Balance: $5000.00 USD | Posiciones: 0 | Estrategias: 3
2026-08-21 01:54:13,167 [INFO] 📊 [PULSO PAPER MULTI-STRATEGY] Balance: $5000.00 USD | Posiciones: 0 | Estrategias: 3
2026-08-21 01:55:22,039 [INFO] 📊 [PULSO PAPER MULTI-STRATEGY] Balance: $5000.00 USD | Posiciones: 0 | Estrategias: 3
2026-08-21 01:56:30,654 [INFO] 📊 [PULSO PAPER MULTI-STRATEGY] Balance: $5000.00 USD | Posiciones: 0 | Estrategias: 3
2026-08-21 01:57:38,446 [INFO] 📊 [PULSO PAPER MULTI-STRATEGY] Balance: $5000.00 USD | Posiciones: 0 | Estrategias: 3
2026-08-21 01:58:46,842 [INFO] 📊 [PULSO PAPER MULTI-STRATEGY] Balance: $5000.00 USD | Posiciones: 0 | Estrategias: 3
2026-08-21 01:59:55,860 [INFO] 📊 [PULSO PAPER MULTI-STRATEGY] Balance: $5000.00 USD | Posiciones: 0 | Estrategias: 3
2026-08-21 02:01:05,472 [INFO] 📊 [PULSO PAPER MULTI-STRATEGY] Balance: $5000.00 USD | Posiciones: 0 | Estrategias: 3
2026-08-21 02:02:13,200 [INFO] 📊 [PULSO PAPER MULTI-STRATEGY] Balance: $5000.00 USD | Posiciones: 0 | Estrategias: 3
2026-08-21 02:03:22,090 [INFO] 📊 [PULSO PAPER MULTI-STRATEGY] Balance: $5000.00 USD | Posiciones: 0 | Estrategias: 3
2026-08-21 02:04:31,921 [INFO] 📊 [PULSO PAPER MULTI-STRATEGY] Balance: $5000.00 USD | Posiciones: 0 | Estrategias: 3
2026-08-21 02:05:40,420 [INFO] 📊 [PULSO PAPER MULTI-STRATEGY] Balance: $5000.00 USD | Posiciones: 0 | Estrategias: 3
2026-08-21 02:06:48,995 [INFO] 📊 [PULSO PAPER MULTI-STRATEGY] Balance: $5000.00 USD | Posiciones: 0 | Estrategias: 3
2026-08-21 02:07:57,266 [INFO] 📊 [PULSO PAPER MULTI-STRATEGY] Balance: $5000.00 USD | Posiciones: 0 | Estrategias: 3
2026-08-21 02:09:08,180 [INFO] 📊 [PULSO PAPER MULTI-STRATEGY] Balance: $5000.00 USD | Posiciones: 0 | Estrategias: 3
2026-08-21 02:10:17,492 [INFO] 📊 [PULSO PAPER MULTI-STRATEGY] Balance: $5000.00 USD | Posiciones: 0 | Estrategias: 3
2026-08-21 02:11:25,627 [INFO] 📊 [PULSO PAPER MULTI-STRATEGY] Balance: $5000.00 USD | Posiciones: 0 | Estrategias: 3
2026-08-21 02:12:36,380 [INFO] 📊 [PULSO PAPER MULTI-STRATEGY] Balance: $5000.00 USD | Posiciones: 0 | Estrategias: 3
2026-08-21 02:13:45,194 [INFO] 📊 [PULSO PAPER MULTI-STRATEGY] Balance: $5000.00 USD | Posiciones: 0 | Estrategias: 3
2026-08-21 02:14:53,495 [INFO] 📊 [PULSO PAPER MULTI-STRATEGY] Balance: $5000.00 USD | Posiciones: 0 | Estrategias: 3
2026-08-21 02:16:01,588 [INFO] 📊 [PULSO PAPER MULTI-STRATEGY] Balance: $5000.00 USD | Posiciones: 0 | Estrategias: 3
2026-08-21 02:17:09,486 [INFO] 📊 [PULSO PAPER MULTI-STRATEGY] Balance: $5000.00 USD | Posiciones: 0 | Estrategias: 3
2026-08-21 02:18:17,128 [INFO] 📊 [PULSO PAPER MULTI-STRATEGY] Balance: $5000.00 USD | Posiciones: 0 | Estrategias: 3
2026-08-21 02:19:27,376 [INFO] 📊 [PULSO PAPER MULTI-STRATEGY] Balance: $5000.00 USD | Posiciones: 0 | Estrategias: 3
2026-08-21 02:20:36,803 [INFO] 📊 [PULSO PAPER MULTI-STRATEGY] Balance: $5000.00 USD | Posiciones: 0 | Estrategias: 3
2026-08-21 02:21:46,171 [INFO] 📊 [PULSO PAPER MULTI-STRATEGY] Balance: $5000.00 USD | Posiciones: 0 | Estrategias: 3
2026-08-21 02:22:55,714 [INFO] 📊 [PULSO PAPER MULTI-STRATEGY] Balance: $5000.00 USD | Posiciones: 0 | Estrategias: 3
2026-08-21 02:24:04,677 [INFO] 📊 [PULSO PAPER MULTI-STRATEGY] Balance: $5000.00 USD | Posiciones: 0 | Estrategias: 3
2026-08-21 02:25:14,012 [INFO] 📊 [PULSO PAPER MULTI-STRATEGY] Balance: $5000.00 USD | Posiciones: 0 | Estrategias: 3
2026-08-21 02:26:24,377 [INFO] 📊 [PULSO PAPER MULTI-STRATEGY] Balance: $5000.00 USD | Posiciones: 0 | Estrategias: 3
2026-08-21 02:27:33,833 [INFO] 📊 [PULSO PAPER MULTI-STRATEGY] Balance: $5000.00 USD | Posiciones: 0 | Estrategias: 3
2026-08-21 02:28:43,540 [INFO] 📊 [PULSO PAPER MULTI-STRATEGY] Balance: $5000.00 USD | Posiciones: 0 | Estrategias: 3
2026-08-21 02:29:52,954 [INFO] 📊 [PULSO PAPER MULTI-STRATEGY] Balance: $5000.00 USD | Posiciones: 0 | Estrategias: 3
2026-08-21 02:31:00,537 [INFO] 📊 [PULSO PAPER MULTI-STRATEGY] Balance: $5000.00 USD | Posiciones: 0 | Estrategias: 3
2026-08-21 02:32:10,480 [INFO] 📊 [PULSO PAPER MULTI-STRATEGY] Balance: $5000.00 USD | Posiciones: 0 | Estrategias: 3
2026-08-21 02:33:20,736 [INFO] 📊 [PULSO PAPER MULTI-STRATEGY] Balance: $5000.00 USD | Posiciones: 0 | Estrategias: 3
2026-08-21 02:34:29,965 [INFO] 📊 [PULSO PAPER MULTI-STRATEGY] Balance: $5000.00 USD | Posiciones: 0 | Estrategias: 3
2026-08-21 02:35:40,922 [INFO] 📊 [PULSO PAPER MULTI-STRATEGY] Balance: $5000.00 USD | Posiciones: 0 | Estrategias: 3
2026-08-21 02:36:48,959 [INFO] 📊 [PULSO PAPER MULTI-STRATEGY] Balance: $5000.00 USD | Posiciones: 0 | Estrategias: 3
2026-08-21 02:37:57,909 [INFO] 📊 [PULSO PAPER MULTI-STRATEGY] Balance: $5000.00 USD | Posiciones: 0 | Estrategias: 3
2026-08-21 02:39:07,840 [INFO] 📊 [PULSO PAPER MULTI-STRATEGY] Balance: $5000.00 USD | Posiciones: 0 | Estrategias: 3
2026-08-21 02:40:17,397 [INFO] 📊 [PULSO PAPER MULTI-STRATEGY] Balance: $5000.00 USD | Posiciones: 0 | Estrategias: 3
2026-08-21 02:41:25,344 [INFO] 📊 [PULSO PAPER MULTI-STRATEGY] Balance: $5000.00 USD | Posiciones: 0 | Estrategias: 3
2026-08-21 02:42:35,945 [INFO] 📊 [PULSO PAPER MULTI-STRATEGY] Balance: $5000.00 USD | Posiciones: 0 | Estrategias: 3
2026-08-21 02:43:46,567 [INFO] 📊 [PULSO PAPER MULTI-STRATEGY] Balance: $5000.00 USD | Posiciones: 0 | Estrategias: 3
2026-08-21 02:44:56,068 [INFO] 📊 [PULSO PAPER MULTI-STRATEGY] Balance: $5000.00 USD | Posiciones: 0 | Estrategias: 3
2026-08-21 02:46:06,080 [INFO] 📊 [PULSO PAPER MULTI-STRATEGY] Balance: $5000.00 USD | Posiciones: 0 | Estrategias: 3
2026-08-21 02:47:15,139 [INFO] 📊 [PULSO PAPER MULTI-STRATEGY] Balance: $5000.00 USD | Posiciones: 0 | Estrategias: 3
2026-08-21 02:48:23,546 [INFO] 📊 [PULSO PAPER MULTI-STRATEGY] Balance: $5000.00 USD | Posiciones: 0 | Estrategias: 3
2026-08-21 02:49:32,536 [INFO] 📊 [PULSO PAPER MULTI-STRATEGY] Balance: $5000.00 USD | Posiciones: 0 | Estrategias: 3
2026-08-21 02:50:40,718 [INFO] 📊 [PULSO PAPER MULTI-STRATEGY] Balance: $5000.00 USD | Posiciones: 0 | Estrategias: 3
2026-08-21 02:51:50,012 [INFO] 📊 [PULSO PAPER MULTI-STRATEGY] Balance: $5000.00 USD | Posiciones: 0 | Estrategias: 3
2026-08-21 02:52:59,743 [INFO] 📊 [PULSO PAPER MULTI-STRATEGY] Balance: $5000.00 USD | Posiciones: 0 | Estrategias: 3
2026-08-21 02:54:09,598 [INFO] 📊 [PULSO PAPER MULTI-STRATEGY] Balance: $5000.00 USD | Posiciones: 0 | Estrategias: 3
2026-08-21 02:55:18,941 [INFO] 📊 [PULSO PAPER MULTI-STRATEGY] Balance: $5000.00 USD | Posiciones: 0 | Estrategias: 3
2026-08-21 02:56:27,947 [INFO] 📊 [PULSO PAPER MULTI-STRATEGY] Balance: $5000.00 USD | Posiciones: 0 | Estrategias: 3
2026-08-21 02:57:36,028 [INFO] 📊 [PULSO PAPER MULTI-STRATEGY] Balance: $5000.00 USD | Posiciones: 0 | Estrategias: 3
2026-08-21 02:58:46,182 [INFO] 📊 [PULSO PAPER MULTI-STRATEGY] Balance: $5000.00 USD | Posiciones: 0 | Estrategias: 3
2026-08-21 02:59:56,327 [INFO] 📊 [PULSO PAPER MULTI-STRATEGY] Balance: $5000.00 USD | Posiciones: 0 | Estrategias: 3
2026-08-21 03:01:06,466 [INFO] 📊 [PULSO PAPER MULTI-STRATEGY] Balance: $5000.00 USD | Posiciones: 0 | Estrategias: 3
2026-08-21 03:02:15,576 [INFO] 📊 [PULSO PAPER MULTI-STRATEGY] Balance: $5000.00 USD | Posiciones: 0 | Estrategias: 3
2026-08-21 03:03:25,942 [INFO] 📊 [PULSO PAPER MULTI-STRATEGY] Balance: $5000.00 USD | Posiciones: 0 | Estrategias: 3
2026-08-21 03:04:34,571 [INFO] 📊 [PULSO PAPER MULTI-STRATEGY] Balance: $5000.00 USD | Posiciones: 0 | Estrategias: 3
2026-08-21 03:05:43,276 [INFO] 📊 [PULSO PAPER MULTI-STRATEGY] Balance: $5000.00 USD | Posiciones: 0 | Estrategias: 3
2026-08-21 03:06:51,148 [INFO] 📊 [PULSO PAPER MULTI-STRATEGY] Balance: $5000.00 USD | Posiciones: 0 | Estrategias: 3
2026-08-21 03:08:01,145 [INFO] 📊 [PULSO PAPER MULTI-STRATEGY] Balance: $5000.00 USD | Posiciones: 0 | Estrategias: 3
2026-08-21 03:09:09,673 [INFO] 📊 [PULSO PAPER MULTI-STRATEGY] Balance: $5000.00 USD | Posiciones: 0 | Estrategias: 3
2026-08-21 03:10:18,967 [INFO] 📊 [PULSO PAPER MULTI-STRATEGY] Balance: $5000.00 USD | Posiciones: 0 | Estrategias: 3
2026-08-21 03:11:28,197 [INFO] 📊 [PULSO PAPER MULTI-STRATEGY] Balance: $5000.00 USD | Posiciones: 0 | Estrategias: 3
2026-08-21 03:12:37,742 [INFO] 📊 [PULSO PAPER MULTI-STRATEGY] Balance: $5000.00 USD | Posiciones: 0 | Estrategias: 3
2026-08-21 03:13:47,046 [INFO] 📊 [PULSO PAPER MULTI-STRATEGY] Balance: $5000.00 USD | Posiciones: 0 | Estrategias: 3
2026-08-21 03:14:55,704 [INFO] 📊 [PULSO PAPER MULTI-STRATEGY] Balance: $5000.00 USD | Posiciones: 0 | Estrategias: 3
2026-08-21 03:16:04,883 [INFO] 📊 [PULSO PAPER MULTI-STRATEGY] Balance: $5000.00 USD | Posiciones: 0 | Estrategias: 3
2026-08-21 03:17:14,646 [INFO] 📊 [PULSO PAPER MULTI-STRATEGY] Balance: $5000.00 USD | Posiciones: 0 | Estrategias: 3
2026-08-21 03:18:23,954 [INFO] 📊 [PULSO PAPER MULTI-STRATEGY] Balance: $5000.00 USD | Posiciones: 0 | Estrategias: 3
2026-08-21 03:19:31,190 [INFO] 📊 [PULSO PAPER MULTI-STRATEGY] Balance: $5000.00 USD | Posiciones: 0 | Estrategias: 3
2026-08-21 03:20:39,958 [INFO] 📊 [PULSO PAPER MULTI-STRATEGY] Balance: $5000.00 USD | Posiciones: 0 | Estrategias: 3
2026-08-21 03:21:51,223 [INFO] 📊 [PULSO PAPER MULTI-STRATEGY] Balance: $5000.00 USD | Posiciones: 0 | Estrategias: 3
2026-08-21 03:23:00,007 [INFO] 📊 [PULSO PAPER MULTI-STRATEGY] Balance: $5000.00 USD | Posiciones: 0 | Estrategias: 3
2026-08-21 03:24:09,324 [INFO] 📊 [PULSO PAPER MULTI-STRATEGY] Balance: $5000.00 USD | Posiciones: 0 | Estrategias: 3
2026-08-21 03:25:17,879 [INFO] 📊 [PULSO PAPER MULTI-STRATEGY] Balance: $5000.00 USD | Posiciones: 0 | Estrategias: 3
2026-08-21 03:26:27,077 [INFO] 📊 [PULSO PAPER MULTI-STRATEGY] Balance: $5000.00 USD | Posiciones: 0 | Estrategias: 3
2026-08-21 03:27:35,559 [INFO] 📊 [PULSO PAPER MULTI-STRATEGY] Balance: $5000.00 USD | Posiciones: 0 | Estrategias: 3
2026-08-21 03:28:45,557 [INFO] 📊 [PULSO PAPER MULTI-STRATEGY] Balance: $5000.00 USD | Posiciones: 0 | Estrategias: 3
2026-08-21 03:29:55,056 [INFO] 📊 [PULSO PAPER MULTI-STRATEGY] Balance: $5000.00 USD | Posiciones: 0 | Estrategias: 3
2026-08-21 03:31:04,973 [INFO] 📊 [PULSO PAPER MULTI-STRATEGY] Balance: $5000.00 USD | Posiciones: 0 | Estrategias: 3
2026-08-21 03:32:12,874 [INFO] 📊 [PULSO PAPER MULTI-STRATEGY] Balance: $5000.00 USD | Posiciones: 0 | Estrategias: 3
2026-08-21 03:33:21,588 [INFO] 📊 [PULSO PAPER MULTI-STRATEGY] Balance: $5000.00 USD | Posiciones: 0 | Estrategias: 3
2026-08-21 03:34:31,206 [INFO] 📊 [PULSO PAPER MULTI-STRATEGY] Balance: $5000.00 USD | Posiciones: 0 | Estrategias: 3
2026-08-21 03:35:41,396 [INFO] 📊 [PULSO PAPER MULTI-STRATEGY] Balance: $5000.00 USD | Posiciones: 0 | Estrategias: 3
2026-08-21 03:36:49,267 [INFO] 📊 [PULSO PAPER MULTI-STRATEGY] Balance: $5000.00 USD | Posiciones: 0 | Estrategias: 3
2026-08-21 03:37:59,219 [INFO] 📊 [PULSO PAPER MULTI-STRATEGY] Balance: $5000.00 USD | Posiciones: 0 | Estrategias: 3
2026-08-21 03:39:08,929 [INFO] 📊 [PULSO PAPER MULTI-STRATEGY] Balance: $5000.00 USD | Posiciones: 0 | Estrategias: 3
2026-08-21 03:40:18,574 [INFO] 📊 [PULSO PAPER MULTI-STRATEGY] Balance: $5000.00 USD | Posiciones: 0 | Estrategias: 3
2026-08-21 03:41:29,020 [INFO] 📊 [PULSO PAPER MULTI-STRATEGY] Balance: $5000.00 USD | Posiciones: 0 | Estrategias: 3
2026-08-21 03:42:38,843 [INFO] 📊 [PULSO PAPER MULTI-STRATEGY] Balance: $5000.00 USD | Posiciones: 0 | Estrategias: 3
2026-08-21 03:43:48,887 [INFO] 📊 [PULSO PAPER MULTI-STRATEGY] Balance: $5000.00 USD | Posiciones: 0 | Estrategias: 3
2026-08-21 03:44:58,220 [INFO] 📊 [PULSO PAPER MULTI-STRATEGY] Balance: $5000.00 USD | Posiciones: 0 | Estrategias: 3
2026-08-21 03:46:07,332 [INFO] 📊 [PULSO PAPER MULTI-STRATEGY] Balance: $5000.00 USD | Posiciones: 0 | Estrategias: 3
2026-08-21 03:47:17,919 [INFO] 📊 [PULSO PAPER MULTI-STRATEGY] Balance: $5000.00 USD | Posiciones: 0 | Estrategias: 3
2026-08-21 03:48:27,933 [INFO] 📊 [PULSO PAPER MULTI-STRATEGY] Balance: $5000.00 USD | Posiciones: 0 | Estrategias: 3
2026-08-21 03:49:37,257 [INFO] 📊 [PULSO PAPER MULTI-STRATEGY] Balance: $5000.00 USD | Posiciones: 0 | Estrategias: 3
2026-08-21 03:50:47,020 [INFO] 📊 [PULSO PAPER MULTI-STRATEGY] Balance: $5000.00 USD | Posiciones: 0 | Estrategias: 3
2026-08-21 03:51:55,129 [INFO] 📊 [PULSO PAPER MULTI-STRATEGY] Balance: $5000.00 USD | Posiciones: 0 | Estrategias: 3
2026-08-21 03:53:05,363 [INFO] 📊 [PULSO PAPER MULTI-STRATEGY] Balance: $5000.00 USD | Posiciones: 0 | Estrategias: 3
2026-08-21 03:54:14,268 [INFO] 📊 [PULSO PAPER MULTI-STRATEGY] Balance: $5000.00 USD | Posiciones: 0 | Estrategias: 3
2026-08-21 03:55:22,189 [INFO] 📊 [PULSO PAPER MULTI-STRATEGY] Balance: $5000.00 USD | Posiciones: 0 | Estrategias: 3
2026-08-21 03:56:33,130 [INFO] 📊 [PULSO PAPER MULTI-STRATEGY] Balance: $5000.00 USD | Posiciones: 0 | Estrategias: 3
2026-08-21 03:57:42,659 [INFO] 📊 [PULSO PAPER MULTI-STRATEGY] Balance: $5000.00 USD | Posiciones: 0 | Estrategias: 3
2026-08-21 03:58:52,606 [INFO] 📊 [PULSO PAPER MULTI-STRATEGY] Balance: $5000.00 USD | Posiciones: 0 | Estrategias: 3
2026-08-21 04:00:02,133 [INFO] 📊 [PULSO PAPER MULTI-STRATEGY] Balance: $5000.00 USD | Posiciones: 0 | Estrategias: 3
2026-08-21 04:01:11,599 [INFO] 📊 [PULSO PAPER MULTI-STRATEGY] Balance: $5000.00 USD | Posiciones: 0 | Estrategias: 3
2026-08-21 04:02:20,109 [INFO] 📊 [PULSO PAPER MULTI-STRATEGY] Balance: $5000.00 USD | Posiciones: 0 | Estrategias: 3
2026-08-21 04:03:28,203 [INFO] 📊 [PULSO PAPER MULTI-STRATEGY] Balance: $5000.00 USD | Posiciones: 0 | Estrategias: 3
2026-08-21 04:04:37,496 [INFO] 📊 [PULSO PAPER MULTI-STRATEGY] Balance: $5000.00 USD | Posiciones: 0 | Estrategias: 3
2026-08-21 04:05:46,005 [INFO] 📊 [PULSO PAPER MULTI-STRATEGY] Balance: $5000.00 USD | Posiciones: 0 | Estrategias: 3
2026-08-21 04:06:55,140 [INFO] 📊 [PULSO PAPER MULTI-STRATEGY] Balance: $5000.00 USD | Posiciones: 0 | Estrategias: 3
2026-08-21 04:08:05,311 [INFO] 📊 [PULSO PAPER MULTI-STRATEGY] Balance: $5000.00 USD | Posiciones: 0 | Estrategias: 3
2026-08-21 04:09:14,305 [INFO] 📊 [PULSO PAPER MULTI-STRATEGY] Balance: $5000.00 USD | Posiciones: 0 | Estrategias: 3
2026-08-21 04:10:23,950 [INFO] 📊 [PULSO PAPER MULTI-STRATEGY] Balance: $5000.00 USD | Posiciones: 0 | Estrategias: 3
2026-08-21 04:11:33,299 [INFO] 📊 [PULSO PAPER MULTI-STRATEGY] Balance: $5000.00 USD | Posiciones: 0 | Estrategias: 3
2026-08-21 04:12:43,723 [INFO] 📊 [PULSO PAPER MULTI-STRATEGY] Balance: $5000.00 USD | Posiciones: 0 | Estrategias: 3
2026-08-21 04:13:52,066 [INFO] 📊 [PULSO PAPER MULTI-STRATEGY] Balance: $5000.00 USD | Posiciones: 0 | Estrategias: 3
2026-08-21 04:15:02,785 [INFO] 📊 [PULSO PAPER MULTI-STRATEGY] Balance: $5000.00 USD | Posiciones: 0 | Estrategias: 3
2026-08-21 04:16:12,624 [INFO] 📊 [PULSO PAPER MULTI-STRATEGY] Balance: $5000.00 USD | Posiciones: 0 | Estrategias: 3
2026-08-21 04:17:21,149 [INFO] 📊 [PULSO PAPER MULTI-STRATEGY] Balance: $5000.00 USD | Posiciones: 0 | Estrategias: 3
2026-08-21 04:18:29,139 [INFO] 📊 [PULSO PAPER MULTI-STRATEGY] Balance: $5000.00 USD | Posiciones: 0 | Estrategias: 3
2026-08-21 04:19:39,276 [INFO] 📊 [PULSO PAPER MULTI-STRATEGY] Balance: $5000.00 USD | Posiciones: 0 | Estrategias: 3
2026-08-21 04:20:47,781 [INFO] 📊 [PULSO PAPER MULTI-STRATEGY] Balance: $5000.00 USD | Posiciones: 0 | Estrategias: 3
2026-08-21 04:21:57,474 [INFO] 📊 [PULSO PAPER MULTI-STRATEGY] Balance: $5000.00 USD | Posiciones: 0 | Estrategias: 3
2026-08-21 04:23:08,583 [INFO] 📊 [PULSO PAPER MULTI-STRATEGY] Balance: $5000.00 USD | Posiciones: 0 | Estrategias: 3
2026-08-21 04:24:18,833 [INFO] 📊 [PULSO PAPER MULTI-STRATEGY] Balance: $5000.00 USD | Posiciones: 0 | Estrategias: 3
2026-08-21 04:25:28,362 [INFO] 📊 [PULSO PAPER MULTI-STRATEGY] Balance: $5000.00 USD | Posiciones: 0 | Estrategias: 3
2026-08-21 04:26:38,005 [INFO] 📊 [PULSO PAPER MULTI-STRATEGY] Balance: $5000.00 USD | Posiciones: 0 | Estrategias: 3
2026-08-21 04:27:46,718 [INFO] 📊 [PULSO PAPER MULTI-STRATEGY] Balance: $5000.00 USD | Posiciones: 0 | Estrategias: 3
2026-08-21 04:28:56,930 [INFO] 📊 [PULSO PAPER MULTI-STRATEGY] Balance: $5000.00 USD | Posiciones: 0 | Estrategias: 3
2026-08-21 04:30:06,316 [INFO] 📊 [PULSO PAPER MULTI-STRATEGY] Balance: $5000.00 USD | Posiciones: 0 | Estrategias: 3
2026-08-21 04:31:16,453 [INFO] 📊 [PULSO PAPER MULTI-STRATEGY] Balance: $5000.00 USD | Posiciones: 0 | Estrategias: 3
2026-08-21 04:32:26,122 [INFO] 📊 [PULSO PAPER MULTI-STRATEGY] Balance: $5000.00 USD | Posiciones: 0 | Estrategias: 3
2026-08-21 04:33:33,612 [INFO] 📊 [PULSO PAPER MULTI-STRATEGY] Balance: $5000.00 USD | Posiciones: 0 | Estrategias: 3
2026-08-21 04:34:43,010 [INFO] 📊 [PULSO PAPER MULTI-STRATEGY] Balance: $5000.00 USD | Posiciones: 0 | Estrategias: 3
2026-08-21 04:35:52,315 [INFO] 📊 [PULSO PAPER MULTI-STRATEGY] Balance: $5000.00 USD | Posiciones: 0 | Estrategias: 3
2026-08-21 04:37:00,922 [INFO] 📊 [PULSO PAPER MULTI-STRATEGY] Balance: $5000.00 USD | Posiciones: 0 | Estrategias: 3
2026-08-21 04:38:09,368 [INFO] 📊 [PULSO PAPER MULTI-STRATEGY] Balance: $5000.00 USD | Posiciones: 0 | Estrategias: 3
2026-08-21 04:39:20,422 [INFO] 📊 [PULSO PAPER MULTI-STRATEGY] Balance: $5000.00 USD | Posiciones: 0 | Estrategias: 3
2026-08-21 04:40:29,512 [INFO] 📊 [PULSO PAPER MULTI-STRATEGY] Balance: $5000.00 USD | Posiciones: 0 | Estrategias: 3
2026-08-21 04:41:39,363 [INFO] 📊 [PULSO PAPER MULTI-STRATEGY] Balance: $5000.00 USD | Posiciones: 0 | Estrategias: 3
2026-08-21 04:42:47,822 [INFO] 📊 [PULSO PAPER MULTI-STRATEGY] Balance: $5000.00 USD | Posiciones: 0 | Estrategias: 3
2026-08-21 04:43:57,493 [INFO] 📊 [PULSO PAPER MULTI-STRATEGY] Balance: $5000.00 USD | Posiciones: 0 | Estrategias: 3
2026-08-21 04:45:07,232 [INFO] 📊 [PULSO PAPER MULTI-STRATEGY] Balance: $5000.00 USD | Posiciones: 0 | Estrategias: 3
2026-08-21 04:46:15,944 [INFO] 📊 [PULSO PAPER MULTI-STRATEGY] Balance: $5000.00 USD | Posiciones: 0 | Estrategias: 3
2026-08-21 04:47:25,263 [INFO] 📊 [PULSO PAPER MULTI-STRATEGY] Balance: $5000.00 USD | Posiciones: 0 | Estrategias: 3
2026-08-21 04:48:34,814 [INFO] 📊 [PULSO PAPER MULTI-STRATEGY] Balance: $5000.00 USD | Posiciones: 0 | Estrategias: 3
2026-08-21 04:49:44,357 [INFO] 📊 [PULSO PAPER MULTI-STRATEGY] Balance: $5000.00 USD | Posiciones: 0 | Estrategias: 3
2026-08-21 04:50:54,179 [INFO] 📊 [PULSO PAPER MULTI-STRATEGY] Balance: $5000.00 USD | Posiciones: 0 | Estrategias: 3
2026-08-21 04:52:03,427 [INFO] 📊 [PULSO PAPER MULTI-STRATEGY] Balance: $5000.00 USD | Posiciones: 0 | Estrategias: 3
2026-08-21 04:53:12,826 [INFO] 📊 [PULSO PAPER MULTI-STRATEGY] Balance: $5000.00 USD | Posiciones: 0 | Estrategias: 3
2026-08-21 04:54:21,091 [INFO] 📊 [PULSO PAPER MULTI-STRATEGY] Balance: $5000.00 USD | Posiciones: 0 | Estrategias: 3
2026-08-21 04:55:29,740 [INFO] 📊 [PULSO PAPER MULTI-STRATEGY] Balance: $5000.00 USD | Posiciones: 0 | Estrategias: 3
2026-08-21 04:56:39,167 [INFO] 📊 [PULSO PAPER MULTI-STRATEGY] Balance: $5000.00 USD | Posiciones: 0 | Estrategias: 3
2026-08-21 04:57:48,734 [INFO] 📊 [PULSO PAPER MULTI-STRATEGY] Balance: $5000.00 USD | Posiciones: 0 | Estrategias: 3
2026-08-21 04:58:57,154 [INFO] 📊 [PULSO PAPER MULTI-STRATEGY] Balance: $5000.00 USD | Posiciones: 0 | Estrategias: 3
2026-08-21 05:00:06,386 [INFO] 📊 [PULSO PAPER MULTI-STRATEGY] Balance: $5000.00 USD | Posiciones: 0 | Estrategias: 3
2026-08-21 05:01:14,712 [INFO] 📊 [PULSO PAPER MULTI-STRATEGY] Balance: $5000.00 USD | Posiciones: 0 | Estrategias: 3
2026-08-21 05:02:22,720 [INFO] 📊 [PULSO PAPER MULTI-STRATEGY] Balance: $5000.00 USD | Posiciones: 0 | Estrategias: 3
2026-08-21 05:03:31,510 [INFO] 📊 [PULSO PAPER MULTI-STRATEGY] Balance: $5000.00 USD | Posiciones: 0 | Estrategias: 3
2026-08-21 05:04:40,822 [INFO] 📊 [PULSO PAPER MULTI-STRATEGY] Balance: $5000.00 USD | Posiciones: 0 | Estrategias: 3
2026-08-21 05:05:49,932 [INFO] 📊 [PULSO PAPER MULTI-STRATEGY] Balance: $5000.00 USD | Posiciones: 0 | Estrategias: 3
2026-08-21 05:06:59,787 [INFO] 📊 [PULSO PAPER MULTI-STRATEGY] Balance: $5000.00 USD | Posiciones: 0 | Estrategias: 3
2026-08-21 05:08:08,370 [INFO] 📊 [PULSO PAPER MULTI-STRATEGY] Balance: $5000.00 USD | Posiciones: 0 | Estrategias: 3
2026-08-21 05:09:17,043 [INFO] 📊 [PULSO PAPER MULTI-STRATEGY] Balance: $5000.00 USD | Posiciones: 0 | Estrategias: 3
2026-08-21 05:10:27,854 [INFO] 📊 [PULSO PAPER MULTI-STRATEGY] Balance: $5000.00 USD | Posiciones: 0 | Estrategias: 3
2026-08-21 05:11:37,271 [INFO] 📊 [PULSO PAPER MULTI-STRATEGY] Balance: $5000.00 USD | Posiciones: 0 | Estrategias: 3
2026-08-21 05:12:44,526 [INFO] 📊 [PULSO PAPER MULTI-STRATEGY] Balance: $5000.00 USD | Posiciones: 0 | Estrategias: 3
2026-08-21 05:13:56,558 [INFO] 📊 [PULSO PAPER MULTI-STRATEGY] Balance: $5000.00 USD | Posiciones: 0 | Estrategias: 3
2026-08-21 05:15:04,935 [INFO] 📊 [PULSO PAPER MULTI-STRATEGY] Balance: $5000.00 USD | Posiciones: 0 | Estrategias: 3
2026-08-21 05:16:13,110 [INFO] 📊 [PULSO PAPER MULTI-STRATEGY] Balance: $5000.00 USD | Posiciones: 0 | Estrategias: 3
2026-08-21 05:17:23,279 [INFO] 📊 [PULSO PAPER MULTI-STRATEGY] Balance: $5000.00 USD | Posiciones: 0 | Estrategias: 3
2026-08-21 05:18:31,656 [INFO] 📊 [PULSO PAPER MULTI-STRATEGY] Balance: $5000.00 USD | Posiciones: 0 | Estrategias: 3
2026-08-21 05:19:40,076 [INFO] 📊 [PULSO PAPER MULTI-STRATEGY] Balance: $5000.00 USD | Posiciones: 0 | Estrategias: 3
2026-08-21 05:20:48,818 [INFO] 📊 [PULSO PAPER MULTI-STRATEGY] Balance: $5000.00 USD | Posiciones: 0 | Estrategias: 3
2026-08-21 05:21:58,254 [INFO] 📊 [PULSO PAPER MULTI-STRATEGY] Balance: $5000.00 USD | Posiciones: 0 | Estrategias: 3
2026-08-21 05:23:07,864 [INFO] 📊 [PULSO PAPER MULTI-STRATEGY] Balance: $5000.00 USD | Posiciones: 0 | Estrategias: 3
2026-08-21 05:24:17,501 [INFO] 📊 [PULSO PAPER MULTI-STRATEGY] Balance: $5000.00 USD | Posiciones: 0 | Estrategias: 3
2026-08-21 05:25:27,032 [INFO] 📊 [PULSO PAPER MULTI-STRATEGY] Balance: $5000.00 USD | Posiciones: 0 | Estrategias: 3
2026-08-21 05:26:36,153 [INFO] 📊 [PULSO PAPER MULTI-STRATEGY] Balance: $5000.00 USD | Posiciones: 0 | Estrategias: 3
2026-08-21 05:27:45,890 [INFO] 📊 [PULSO PAPER MULTI-STRATEGY] Balance: $5000.00 USD | Posiciones: 0 | Estrategias: 3
2026-08-21 05:28:55,217 [INFO] 📊 [PULSO PAPER MULTI-STRATEGY] Balance: $5000.00 USD | Posiciones: 0 | Estrategias: 3
2026-08-21 05:30:04,105 [INFO] 📊 [PULSO PAPER MULTI-STRATEGY] Balance: $5000.00 USD | Posiciones: 0 | Estrategias: 3
2026-08-21 05:31:12,267 [INFO] 📊 [PULSO PAPER MULTI-STRATEGY] Balance: $5000.00 USD | Posiciones: 0 | Estrategias: 3
2026-08-21 05:32:21,989 [INFO] 📊 [PULSO PAPER MULTI-STRATEGY] Balance: $5000.00 USD | Posiciones: 0 | Estrategias: 3
2026-08-21 05:33:29,271 [INFO] 📊 [PULSO PAPER MULTI-STRATEGY] Balance: $5000.00 USD | Posiciones: 0 | Estrategias: 3
2026-08-21 05:34:39,476 [INFO] 📊 [PULSO PAPER MULTI-STRATEGY] Balance: $5000.00 USD | Posiciones: 0 | Estrategias: 3
2026-08-21 05:35:48,302 [INFO] 📊 [PULSO PAPER MULTI-STRATEGY] Balance: $5000.00 USD | Posiciones: 0 | Estrategias: 3
2026-08-21 05:36:58,695 [INFO] 📊 [PULSO PAPER MULTI-STRATEGY] Balance: $5000.00 USD | Posiciones: 0 | Estrategias: 3
2026-08-21 05:38:07,801 [INFO] 📊 [PULSO PAPER MULTI-STRATEGY] Balance: $5000.00 USD | Posiciones: 0 | Estrategias: 3
2026-08-21 05:39:17,983 [INFO] 📊 [PULSO PAPER MULTI-STRATEGY] Balance: $5000.00 USD | Posiciones: 0 | Estrategias: 3
2026-08-21 05:40:26,902 [INFO] 📊 [PULSO PAPER MULTI-STRATEGY] Balance: $5000.00 USD | Posiciones: 0 | Estrategias: 3
2026-08-21 05:41:34,773 [INFO] 📊 [PULSO PAPER MULTI-STRATEGY] Balance: $5000.00 USD | Posiciones: 0 | Estrategias: 3
2026-08-21 05:42:45,610 [INFO] 📊 [PULSO PAPER MULTI-STRATEGY] Balance: $5000.00 USD | Posiciones: 0 | Estrategias: 3
2026-08-21 05:43:55,560 [INFO] 📊 [PULSO PAPER MULTI-STRATEGY] Balance: $5000.00 USD | Posiciones: 0 | Estrategias: 3
2026-08-21 05:45:05,591 [INFO] 📊 [PULSO PAPER MULTI-STRATEGY] Balance: $5000.00 USD | Posiciones: 0 | Estrategias: 3
2026-08-21 05:46:14,461 [INFO] 📊 [PULSO PAPER MULTI-STRATEGY] Balance: $5000.00 USD | Posiciones: 0 | Estrategias: 3
2026-08-21 05:47:24,371 [INFO] 📊 [PULSO PAPER MULTI-STRATEGY] Balance: $5000.00 USD | Posiciones: 0 | Estrategias: 3
2026-08-21 05:48:32,468 [INFO] 📊 [PULSO PAPER MULTI-STRATEGY] Balance: $5000.00 USD | Posiciones: 0 | Estrategias: 3
2026-08-21 05:49:40,988 [INFO] 📊 [PULSO PAPER MULTI-STRATEGY] Balance: $5000.00 USD | Posiciones: 0 | Estrategias: 3
2026-08-21 05:50:49,376 [INFO] 📊 [PULSO PAPER MULTI-STRATEGY] Balance: $5000.00 USD | Posiciones: 0 | Estrategias: 3
2026-08-21 05:52:00,181 [INFO] 📊 [PULSO PAPER MULTI-STRATEGY] Balance: $5000.00 USD | Posiciones: 0 | Estrategias: 3
2026-08-21 05:53:08,872 [INFO] 📊 [PULSO PAPER MULTI-STRATEGY] Balance: $5000.00 USD | Posiciones: 0 | Estrategias: 3
2026-08-21 05:54:19,709 [INFO] 📊 [PULSO PAPER MULTI-STRATEGY] Balance: $5000.00 USD | Posiciones: 0 | Estrategias: 3
2026-08-21 05:55:28,711 [INFO] 📊 [PULSO PAPER MULTI-STRATEGY] Balance: $5000.00 USD | Posiciones: 0 | Estrategias: 3
2026-08-21 05:56:39,289 [INFO] 📊 [PULSO PAPER MULTI-STRATEGY] Balance: $5000.00 USD | Posiciones: 0 | Estrategias: 3
2026-08-21 05:57:48,506 [INFO] 📊 [PULSO PAPER MULTI-STRATEGY] Balance: $5000.00 USD | Posiciones: 0 | Estrategias: 3
2026-08-21 05:58:57,320 [INFO] 📊 [PULSO PAPER MULTI-STRATEGY] Balance: $5000.00 USD | Posiciones: 0 | Estrategias: 3
2026-08-21 06:00:06,232 [INFO] 📊 [PULSO PAPER MULTI-STRATEGY] Balance: $5000.00 USD | Posiciones: 0 | Estrategias: 3
2026-08-21 06:01:16,493 [INFO] 📊 [PULSO PAPER MULTI-STRATEGY] Balance: $5000.00 USD | Posiciones: 0 | Estrategias: 3
2026-08-21 06:02:25,641 [INFO] 📊 [PULSO PAPER MULTI-STRATEGY] Balance: $5000.00 USD | Posiciones: 0 | Estrategias: 3
2026-08-21 06:03:32,401 [INFO] 📊 [PULSO PAPER MULTI-STRATEGY] Balance: $5000.00 USD | Posiciones: 0 | Estrategias: 3
2026-08-21 06:04:41,114 [INFO] 📊 [PULSO PAPER MULTI-STRATEGY] Balance: $5000.00 USD | Posiciones: 0 | Estrategias: 3
2026-08-21 06:05:49,796 [INFO] 📊 [PULSO PAPER MULTI-STRATEGY] Balance: $5000.00 USD | Posiciones: 0 | Estrategias: 3
2026-08-21 06:06:58,829 [INFO] 📊 [PULSO PAPER MULTI-STRATEGY] Balance: $5000.00 USD | Posiciones: 0 | Estrategias: 3
2026-08-21 06:08:09,615 [INFO] 📊 [PULSO PAPER MULTI-STRATEGY] Balance: $5000.00 USD | Posiciones: 0 | Estrategias: 3
2026-08-21 06:09:17,815 [INFO] 📊 [PULSO PAPER MULTI-STRATEGY] Balance: $5000.00 USD | Posiciones: 0 | Estrategias: 3
2026-08-21 06:10:26,686 [INFO] 📊 [PULSO PAPER MULTI-STRATEGY] Balance: $5000.00 USD | Posiciones: 0 | Estrategias: 3
2026-08-21 06:11:34,990 [INFO] 📊 [PULSO PAPER MULTI-STRATEGY] Balance: $5000.00 USD | Posiciones: 0 | Estrategias: 3
2026-08-21 06:12:45,032 [INFO] 📊 [PULSO PAPER MULTI-STRATEGY] Balance: $5000.00 USD | Posiciones: 0 | Estrategias: 3
2026-08-21 06:13:52,954 [INFO] 📊 [PULSO PAPER MULTI-STRATEGY] Balance: $5000.00 USD | Posiciones: 0 | Estrategias: 3
2026-08-21 06:15:03,284 [INFO] 📊 [PULSO PAPER MULTI-STRATEGY] Balance: $5000.00 USD | Posiciones: 0 | Estrategias: 3
2026-08-21 06:16:12,520 [INFO] 📊 [PULSO PAPER MULTI-STRATEGY] Balance: $5000.00 USD | Posiciones: 0 | Estrategias: 3
2026-08-21 06:17:20,815 [INFO] 📊 [PULSO PAPER MULTI-STRATEGY] Balance: $5000.00 USD | Posiciones: 0 | Estrategias: 3
2026-08-21 06:18:29,848 [INFO] 📊 [PULSO PAPER MULTI-STRATEGY] Balance: $5000.00 USD | Posiciones: 0 | Estrategias: 3
2026-08-21 06:19:39,424 [INFO] 📊 [PULSO PAPER MULTI-STRATEGY] Balance: $5000.00 USD | Posiciones: 0 | Estrategias: 3
2026-08-21 06:20:47,975 [INFO] 📊 [PULSO PAPER MULTI-STRATEGY] Balance: $5000.00 USD | Posiciones: 0 | Estrategias: 3
2026-08-21 06:21:56,630 [INFO] 📊 [PULSO PAPER MULTI-STRATEGY] Balance: $5000.00 USD | Posiciones: 0 | Estrategias: 3
2026-08-21 06:23:05,991 [INFO] 📊 [PULSO PAPER MULTI-STRATEGY] Balance: $5000.00 USD | Posiciones: 0 | Estrategias: 3
2026-08-21 06:24:16,646 [INFO] 📊 [PULSO PAPER MULTI-STRATEGY] Balance: $5000.00 USD | Posiciones: 0 | Estrategias: 3
2026-08-21 06:25:25,333 [INFO] 📊 [PULSO PAPER MULTI-STRATEGY] Balance: $5000.00 USD | Posiciones: 0 | Estrategias: 3
2026-08-21 06:26:32,361 [INFO] 📊 [PULSO PAPER MULTI-STRATEGY] Balance: $5000.00 USD | Posiciones: 0 | Estrategias: 3
2026-08-21 06:27:41,006 [INFO] 📊 [PULSO PAPER MULTI-STRATEGY] Balance: $5000.00 USD | Posiciones: 0 | Estrategias: 3
2026-08-21 06:28:50,840 [INFO] 📊 [PULSO PAPER MULTI-STRATEGY] Balance: $5000.00 USD | Posiciones: 0 | Estrategias: 3
2026-08-21 06:30:00,060 [INFO] 📊 [PULSO PAPER MULTI-STRATEGY] Balance: $5000.00 USD | Posiciones: 0 | Estrategias: 3
2026-08-21 06:31:09,083 [INFO] 📊 [PULSO PAPER MULTI-STRATEGY] Balance: $5000.00 USD | Posiciones: 0 | Estrategias: 3
2026-08-21 06:32:17,521 [INFO] 📊 [PULSO PAPER MULTI-STRATEGY] Balance: $5000.00 USD | Posiciones: 0 | Estrategias: 3
2026-08-21 06:33:26,117 [INFO] 📊 [PULSO PAPER MULTI-STRATEGY] Balance: $5000.00 USD | Posiciones: 0 | Estrategias: 3
2026-08-21 06:34:34,721 [INFO] 📊 [PULSO PAPER MULTI-STRATEGY] Balance: $5000.00 USD | Posiciones: 0 | Estrategias: 3
2026-08-21 06:35:45,250 [INFO] 📊 [PULSO PAPER MULTI-STRATEGY] Balance: $5000.00 USD | Posiciones: 0 | Estrategias: 3
2026-08-21 06:36:54,795 [INFO] 📊 [PULSO PAPER MULTI-STRATEGY] Balance: $5000.00 USD | Posiciones: 0 | Estrategias: 3
2026-08-21 06:38:03,397 [INFO] 📊 [PULSO PAPER MULTI-STRATEGY] Balance: $5000.00 USD | Posiciones: 0 | Estrategias: 3
2026-08-21 06:39:11,489 [INFO] 📊 [PULSO PAPER MULTI-STRATEGY] Balance: $5000.00 USD | Posiciones: 0 | Estrategias: 3
2026-08-21 06:40:20,707 [INFO] 📊 [PULSO PAPER MULTI-STRATEGY] Balance: $5000.00 USD | Posiciones: 0 | Estrategias: 3
2026-08-21 06:41:28,945 [INFO] 📊 [PULSO PAPER MULTI-STRATEGY] Balance: $5000.00 USD | Posiciones: 0 | Estrategias: 3
2026-08-21 06:42:38,157 [INFO] 📊 [PULSO PAPER MULTI-STRATEGY] Balance: $5000.00 USD | Posiciones: 0 | Estrategias: 3
2026-08-21 06:43:47,703 [INFO] 📊 [PULSO PAPER MULTI-STRATEGY] Balance: $5000.00 USD | Posiciones: 0 | Estrategias: 3
2026-08-21 06:44:57,121 [INFO] 📊 [PULSO PAPER MULTI-STRATEGY] Balance: $5000.00 USD | Posiciones: 0 | Estrategias: 3
2026-08-21 06:46:06,540 [INFO] 📊 [PULSO PAPER MULTI-STRATEGY] Balance: $5000.00 USD | Posiciones: 0 | Estrategias: 3
2026-08-21 06:47:15,483 [INFO] 📊 [PULSO PAPER MULTI-STRATEGY] Balance: $5000.00 USD | Posiciones: 0 | Estrategias: 3
2026-08-21 06:48:23,811 [INFO] 📊 [PULSO PAPER MULTI-STRATEGY] Balance: $5000.00 USD | Posiciones: 0 | Estrategias: 3
2026-08-21 06:49:31,339 [INFO] 📊 [PULSO PAPER MULTI-STRATEGY] Balance: $5000.00 USD | Posiciones: 0 | Estrategias: 3
2026-08-21 06:50:41,621 [INFO] 📊 [PULSO PAPER MULTI-STRATEGY] Balance: $5000.00 USD | Posiciones: 0 | Estrategias: 3
2026-08-21 06:51:50,859 [INFO] 📊 [PULSO PAPER MULTI-STRATEGY] Balance: $5000.00 USD | Posiciones: 0 | Estrategias: 3
2026-08-21 06:52:59,472 [INFO] 📊 [PULSO PAPER MULTI-STRATEGY] Balance: $5000.00 USD | Posiciones: 0 | Estrategias: 3
2026-08-21 06:54:08,518 [INFO] 📊 [PULSO PAPER MULTI-STRATEGY] Balance: $5000.00 USD | Posiciones: 0 | Estrategias: 3
2026-08-21 06:55:17,521 [INFO] 📊 [PULSO PAPER MULTI-STRATEGY] Balance: $5000.00 USD | Posiciones: 0 | Estrategias: 3
2026-08-21 06:56:26,647 [INFO] 📊 [PULSO PAPER MULTI-STRATEGY] Balance: $5000.00 USD | Posiciones: 0 | Estrategias: 3
2026-08-21 06:57:34,072 [INFO] 📊 [PULSO PAPER MULTI-STRATEGY] Balance: $5000.00 USD | Posiciones: 0 | Estrategias: 3
2026-08-21 06:58:43,427 [INFO] 📊 [PULSO PAPER MULTI-STRATEGY] Balance: $5000.00 USD | Posiciones: 0 | Estrategias: 3
2026-08-21 06:59:51,928 [INFO] 📊 [PULSO PAPER MULTI-STRATEGY] Balance: $5000.00 USD | Posiciones: 0 | Estrategias: 3
2026-08-21 07:01:00,751 [INFO] 📊 [PULSO PAPER MULTI-STRATEGY] Balance: $5000.00 USD | Posiciones: 0 | Estrategias: 3
2026-08-21 07:02:10,049 [INFO] 📊 [PULSO PAPER MULTI-STRATEGY] Balance: $5000.00 USD | Posiciones: 0 | Estrategias: 3
2026-08-21 07:03:17,279 [INFO] 📊 [PULSO PAPER MULTI-STRATEGY] Balance: $5000.00 USD | Posiciones: 0 | Estrategias: 3
2026-08-21 07:04:27,413 [INFO] 📊 [PULSO PAPER MULTI-STRATEGY] Balance: $5000.00 USD | Posiciones: 0 | Estrategias: 3
2026-08-21 07:05:37,632 [INFO] 📊 [PULSO PAPER MULTI-STRATEGY] Balance: $5000.00 USD | Posiciones: 0 | Estrategias: 3
2026-08-21 07:06:46,018 [INFO] 📊 [PULSO PAPER MULTI-STRATEGY] Balance: $5000.00 USD | Posiciones: 0 | Estrategias: 3
2026-08-21 07:07:54,731 [INFO] 📊 [PULSO PAPER MULTI-STRATEGY] Balance: $5000.00 USD | Posiciones: 0 | Estrategias: 3
2026-08-21 07:09:03,874 [INFO] 📊 [PULSO PAPER MULTI-STRATEGY] Balance: $5000.00 USD | Posiciones: 0 | Estrategias: 3
2026-08-21 07:10:13,696 [INFO] 📊 [PULSO PAPER MULTI-STRATEGY] Balance: $5000.00 USD | Posiciones: 0 | Estrategias: 3
2026-08-21 07:11:23,583 [INFO] 📊 [PULSO PAPER MULTI-STRATEGY] Balance: $5000.00 USD | Posiciones: 0 | Estrategias: 3
2026-08-21 07:12:31,987 [INFO] 📊 [PULSO PAPER MULTI-STRATEGY] Balance: $5000.00 USD | Posiciones: 0 | Estrategias: 3
2026-08-21 07:13:40,249 [INFO] 📊 [PULSO PAPER MULTI-STRATEGY] Balance: $5000.00 USD | Posiciones: 0 | Estrategias: 3
2026-08-21 07:14:48,979 [INFO] 📊 [PULSO PAPER MULTI-STRATEGY] Balance: $5000.00 USD | Posiciones: 0 | Estrategias: 3
2026-08-21 07:15:58,804 [INFO] 📊 [PULSO PAPER MULTI-STRATEGY] Balance: $5000.00 USD | Posiciones: 0 | Estrategias: 3
2026-08-21 07:17:09,449 [INFO] 📊 [PULSO PAPER MULTI-STRATEGY] Balance: $5000.00 USD | Posiciones: 0 | Estrategias: 3
2026-08-21 07:18:18,486 [INFO] 📊 [PULSO PAPER MULTI-STRATEGY] Balance: $5000.00 USD | Posiciones: 0 | Estrategias: 3
2026-08-21 07:19:28,431 [INFO] 📊 [PULSO PAPER MULTI-STRATEGY] Balance: $5000.00 USD | Posiciones: 0 | Estrategias: 3
2026-08-21 07:20:37,021 [INFO] 📊 [PULSO PAPER MULTI-STRATEGY] Balance: $5000.00 USD | Posiciones: 0 | Estrategias: 3
2026-08-21 07:21:46,368 [INFO] 📊 [PULSO PAPER MULTI-STRATEGY] Balance: $5000.00 USD | Posiciones: 0 | Estrategias: 3
2026-08-21 07:22:55,673 [INFO] 📊 [PULSO PAPER MULTI-STRATEGY] Balance: $5000.00 USD | Posiciones: 0 | Estrategias: 3
2026-08-21 07:24:05,160 [INFO] 📊 [PULSO PAPER MULTI-STRATEGY] Balance: $5000.00 USD | Posiciones: 0 | Estrategias: 3
2026-08-21 07:25:13,628 [INFO] 📊 [PULSO PAPER MULTI-STRATEGY] Balance: $5000.00 USD | Posiciones: 0 | Estrategias: 3
2026-08-21 07:26:23,395 [INFO] 📊 [PULSO PAPER MULTI-STRATEGY] Balance: $5000.00 USD | Posiciones: 0 | Estrategias: 3
2026-08-21 07:27:33,354 [INFO] 📊 [PULSO PAPER MULTI-STRATEGY] Balance: $5000.00 USD | Posiciones: 0 | Estrategias: 3
2026-08-21 07:28:42,581 [INFO] 📊 [PULSO PAPER MULTI-STRATEGY] Balance: $5000.00 USD | Posiciones: 0 | Estrategias: 3
2026-08-21 07:29:52,726 [INFO] 📊 [PULSO PAPER MULTI-STRATEGY] Balance: $5000.00 USD | Posiciones: 0 | Estrategias: 3
2026-08-21 07:31:02,497 [INFO] 📊 [PULSO PAPER MULTI-STRATEGY] Balance: $5000.00 USD | Posiciones: 0 | Estrategias: 3
2026-08-21 07:32:11,562 [INFO] 📊 [PULSO PAPER MULTI-STRATEGY] Balance: $5000.00 USD | Posiciones: 0 | Estrategias: 3
2026-08-21 07:33:21,312 [INFO] 📊 [PULSO PAPER MULTI-STRATEGY] Balance: $5000.00 USD | Posiciones: 0 | Estrategias: 3
2026-08-21 07:34:28,031 [INFO] 📊 [PULSO PAPER MULTI-STRATEGY] Balance: $5000.00 USD | Posiciones: 0 | Estrategias: 3
2026-08-21 07:35:36,466 [INFO] 📊 [PULSO PAPER MULTI-STRATEGY] Balance: $5000.00 USD | Posiciones: 0 | Estrategias: 3
2026-08-21 07:36:44,689 [INFO] 📊 [PULSO PAPER MULTI-STRATEGY] Balance: $5000.00 USD | Posiciones: 0 | Estrategias: 3
2026-08-21 07:37:53,530 [INFO] 📊 [PULSO PAPER MULTI-STRATEGY] Balance: $5000.00 USD | Posiciones: 0 | Estrategias: 3
2026-08-21 07:39:01,502 [INFO] 📊 [PULSO PAPER MULTI-STRATEGY] Balance: $5000.00 USD | Posiciones: 0 | Estrategias: 3
2026-08-21 07:40:09,171 [INFO] 📊 [PULSO PAPER MULTI-STRATEGY] Balance: $5000.00 USD | Posiciones: 0 | Estrategias: 3
2026-08-21 07:41:18,982 [INFO] 📊 [PULSO PAPER MULTI-STRATEGY] Balance: $5000.00 USD | Posiciones: 0 | Estrategias: 3
2026-08-21 07:42:27,503 [INFO] 📊 [PULSO PAPER MULTI-STRATEGY] Balance: $5000.00 USD | Posiciones: 0 | Estrategias: 3
2026-08-21 07:43:36,253 [INFO] 📊 [PULSO PAPER MULTI-STRATEGY] Balance: $5000.00 USD | Posiciones: 0 | Estrategias: 3
2026-08-21 07:44:46,491 [INFO] 📊 [PULSO PAPER MULTI-STRATEGY] Balance: $5000.00 USD | Posiciones: 0 | Estrategias: 3
2026-08-21 07:45:54,318 [INFO] 📊 [PULSO PAPER MULTI-STRATEGY] Balance: $5000.00 USD | Posiciones: 0 | Estrategias: 3
2026-08-21 07:47:02,980 [INFO] 📊 [PULSO PAPER MULTI-STRATEGY] Balance: $5000.00 USD | Posiciones: 0 | Estrategias: 3
2026-08-21 07:48:11,411 [INFO] 📊 [PULSO PAPER MULTI-STRATEGY] Balance: $5000.00 USD | Posiciones: 0 | Estrategias: 3
2026-08-21 07:49:19,793 [INFO] 📊 [PULSO PAPER MULTI-STRATEGY] Balance: $5000.00 USD | Posiciones: 0 | Estrategias: 3
2026-08-21 07:50:26,920 [INFO] 📊 [PULSO PAPER MULTI-STRATEGY] Balance: $5000.00 USD | Posiciones: 0 | Estrategias: 3
2026-08-21 07:51:35,063 [INFO] 📊 [PULSO PAPER MULTI-STRATEGY] Balance: $5000.00 USD | Posiciones: 0 | Estrategias: 3
2026-08-21 07:52:43,761 [INFO] 📊 [PULSO PAPER MULTI-STRATEGY] Balance: $5000.00 USD | Posiciones: 0 | Estrategias: 3
2026-08-21 07:53:52,591 [INFO] 📊 [PULSO PAPER MULTI-STRATEGY] Balance: $5000.00 USD | Posiciones: 0 | Estrategias: 3
2026-08-21 07:54:59,962 [INFO] 📊 [PULSO PAPER MULTI-STRATEGY] Balance: $5000.00 USD | Posiciones: 0 | Estrategias: 3
2026-08-21 07:56:09,558 [INFO] 📊 [PULSO PAPER MULTI-STRATEGY] Balance: $5000.00 USD | Posiciones: 0 | Estrategias: 3
2026-08-21 07:57:20,382 [INFO] 📊 [PULSO PAPER MULTI-STRATEGY] Balance: $5000.00 USD | Posiciones: 0 | Estrategias: 3
2026-08-21 07:58:29,507 [INFO] 📊 [PULSO PAPER MULTI-STRATEGY] Balance: $5000.00 USD | Posiciones: 0 | Estrategias: 3
2026-08-21 07:59:38,683 [INFO] 📊 [PULSO PAPER MULTI-STRATEGY] Balance: $5000.00 USD | Posiciones: 0 | Estrategias: 3
2026-08-21 08:00:49,037 [INFO] 📊 [PULSO PAPER MULTI-STRATEGY] Balance: $5000.00 USD | Posiciones: 0 | Estrategias: 3
2026-08-21 08:01:58,105 [INFO] 📊 [PULSO PAPER MULTI-STRATEGY] Balance: $5000.00 USD | Posiciones: 0 | Estrategias: 3
2026-08-21 08:03:07,911 [INFO] 📊 [PULSO PAPER MULTI-STRATEGY] Balance: $5000.00 USD | Posiciones: 0 | Estrategias: 3
2026-08-21 08:04:16,129 [INFO] 📊 [PULSO PAPER MULTI-STRATEGY] Balance: $5000.00 USD | Posiciones: 0 | Estrategias: 3
2026-08-21 08:05:24,042 [INFO] 📊 [PULSO PAPER MULTI-STRATEGY] Balance: $5000.00 USD | Posiciones: 0 | Estrategias: 3
2026-08-21 08:06:32,525 [INFO] 📊 [PULSO PAPER MULTI-STRATEGY] Balance: $5000.00 USD | Posiciones: 0 | Estrategias: 3
2026-08-21 08:07:41,621 [INFO] 📊 [PULSO PAPER MULTI-STRATEGY] Balance: $5000.00 USD | Posiciones: 0 | Estrategias: 3
2026-08-21 08:08:48,601 [INFO] 📊 [PULSO PAPER MULTI-STRATEGY] Balance: $5000.00 USD | Posiciones: 0 | Estrategias: 3
2026-08-21 08:09:57,845 [INFO] 📊 [PULSO PAPER MULTI-STRATEGY] Balance: $5000.00 USD | Posiciones: 0 | Estrategias: 3
2026-08-21 08:11:07,142 [INFO] 📊 [PULSO PAPER MULTI-STRATEGY] Balance: $5000.00 USD | Posiciones: 0 | Estrategias: 3
2026-08-21 08:12:15,140 [INFO] 📊 [PULSO PAPER MULTI-STRATEGY] Balance: $5000.00 USD | Posiciones: 0 | Estrategias: 3
2026-08-21 08:13:23,872 [INFO] 📊 [PULSO PAPER MULTI-STRATEGY] Balance: $5000.00 USD | Posiciones: 0 | Estrategias: 3
2026-08-21 08:14:33,250 [INFO] 📊 [PULSO PAPER MULTI-STRATEGY] Balance: $5000.00 USD | Posiciones: 0 | Estrategias: 3
2026-08-21 08:15:42,749 [INFO] 📊 [PULSO PAPER MULTI-STRATEGY] Balance: $5000.00 USD | Posiciones: 0 | Estrategias: 3
2026-08-21 08:16:50,999 [INFO] 📊 [PULSO PAPER MULTI-STRATEGY] Balance: $5000.00 USD | Posiciones: 0 | Estrategias: 3
2026-08-21 08:17:59,402 [INFO] 📊 [PULSO PAPER MULTI-STRATEGY] Balance: $5000.00 USD | Posiciones: 0 | Estrategias: 3
2026-08-21 08:19:08,558 [INFO] 📊 [PULSO PAPER MULTI-STRATEGY] Balance: $5000.00 USD | Posiciones: 0 | Estrategias: 3
2026-08-21 08:20:18,387 [INFO] 📊 [PULSO PAPER MULTI-STRATEGY] Balance: $5000.00 USD | Posiciones: 0 | Estrategias: 3
2026-08-21 08:21:27,174 [INFO] 📊 [PULSO PAPER MULTI-STRATEGY] Balance: $5000.00 USD | Posiciones: 0 | Estrategias: 3
2026-08-21 08:22:35,988 [INFO] 📊 [PULSO PAPER MULTI-STRATEGY] Balance: $5000.00 USD | Posiciones: 0 | Estrategias: 3
2026-08-21 08:23:43,860 [INFO] 📊 [PULSO PAPER MULTI-STRATEGY] Balance: $5000.00 USD | Posiciones: 0 | Estrategias: 3
2026-08-21 08:24:52,645 [INFO] 📊 [PULSO PAPER MULTI-STRATEGY] Balance: $5000.00 USD | Posiciones: 0 | Estrategias: 3
2026-08-21 08:26:03,093 [INFO] 📊 [PULSO PAPER MULTI-STRATEGY] Balance: $5000.00 USD | Posiciones: 0 | Estrategias: 3
2026-08-21 08:27:12,575 [INFO] 📊 [PULSO PAPER MULTI-STRATEGY] Balance: $5000.00 USD | Posiciones: 0 | Estrategias: 3
2026-08-21 08:28:22,222 [INFO] 📊 [PULSO PAPER MULTI-STRATEGY] Balance: $5000.00 USD | Posiciones: 0 | Estrategias: 3
2026-08-21 08:29:30,536 [INFO] 📊 [PULSO PAPER MULTI-STRATEGY] Balance: $5000.00 USD | Posiciones: 0 | Estrategias: 3
2026-08-21 08:30:40,371 [INFO] 📊 [PULSO PAPER MULTI-STRATEGY] Balance: $5000.00 USD | Posiciones: 0 | Estrategias: 3
2026-08-21 08:31:49,984 [INFO] 📊 [PULSO PAPER MULTI-STRATEGY] Balance: $5000.00 USD | Posiciones: 0 | Estrategias: 3
2026-08-21 08:33:00,709 [INFO] 📊 [PULSO PAPER MULTI-STRATEGY] Balance: $5000.00 USD | Posiciones: 0 | Estrategias: 3
2026-08-21 08:34:08,221 [INFO] 📊 [PULSO PAPER MULTI-STRATEGY] Balance: $5000.00 USD | Posiciones: 0 | Estrategias: 3
2026-08-21 08:35:17,204 [INFO] 📊 [PULSO PAPER MULTI-STRATEGY] Balance: $5000.00 USD | Posiciones: 0 | Estrategias: 3
2026-08-21 08:36:24,570 [INFO] 📊 [PULSO PAPER MULTI-STRATEGY] Balance: $5000.00 USD | Posiciones: 0 | Estrategias: 3
2026-08-21 08:37:32,256 [INFO] 📊 [PULSO PAPER MULTI-STRATEGY] Balance: $5000.00 USD | Posiciones: 0 | Estrategias: 3
2026-08-21 08:38:40,682 [INFO] 📊 [PULSO PAPER MULTI-STRATEGY] Balance: $5000.00 USD | Posiciones: 0 | Estrategias: 3
2026-08-21 08:39:49,641 [INFO] 📊 [PULSO PAPER MULTI-STRATEGY] Balance: $5000.00 USD | Posiciones: 0 | Estrategias: 3
2026-08-21 08:40:57,005 [INFO] 📊 [PULSO PAPER MULTI-STRATEGY] Balance: $5000.00 USD | Posiciones: 0 | Estrategias: 3
2026-08-21 08:42:06,103 [INFO] 📊 [PULSO PAPER MULTI-STRATEGY] Balance: $5000.00 USD | Posiciones: 0 | Estrategias: 3
2026-08-21 08:43:14,929 [INFO] 📊 [PULSO PAPER MULTI-STRATEGY] Balance: $5000.00 USD | Posiciones: 0 | Estrategias: 3
2026-08-21 08:44:23,976 [INFO] 📊 [PULSO PAPER MULTI-STRATEGY] Balance: $5000.00 USD | Posiciones: 0 | Estrategias: 3
2026-08-21 08:45:32,729 [INFO] 📊 [PULSO PAPER MULTI-STRATEGY] Balance: $5000.00 USD | Posiciones: 0 | Estrategias: 3
2026-08-21 08:46:41,644 [INFO] 📊 [PULSO PAPER MULTI-STRATEGY] Balance: $5000.00 USD | Posiciones: 0 | Estrategias: 3
2026-08-21 08:47:51,080 [INFO] 📊 [PULSO PAPER MULTI-STRATEGY] Balance: $5000.00 USD | Posiciones: 0 | Estrategias: 3
2026-08-21 08:48:58,981 [INFO] 📊 [PULSO PAPER MULTI-STRATEGY] Balance: $5000.00 USD | Posiciones: 0 | Estrategias: 3
2026-08-21 08:50:08,177 [INFO] 📊 [PULSO PAPER MULTI-STRATEGY] Balance: $5000.00 USD | Posiciones: 0 | Estrategias: 3
2026-08-21 08:51:16,592 [INFO] 📊 [PULSO PAPER MULTI-STRATEGY] Balance: $5000.00 USD | Posiciones: 0 | Estrategias: 3
2026-08-21 08:52:26,022 [INFO] 📊 [PULSO PAPER MULTI-STRATEGY] Balance: $5000.00 USD | Posiciones: 0 | Estrategias: 3
2026-08-21 08:53:34,169 [INFO] 📊 [PULSO PAPER MULTI-STRATEGY] Balance: $5000.00 USD | Posiciones: 0 | Estrategias: 3
2026-08-21 08:54:41,974 [INFO] 📊 [PULSO PAPER MULTI-STRATEGY] Balance: $5000.00 USD | Posiciones: 0 | Estrategias: 3
2026-08-21 08:55:50,213 [INFO] 📊 [PULSO PAPER MULTI-STRATEGY] Balance: $5000.00 USD | Posiciones: 0 | Estrategias: 3
2026-08-21 08:56:59,671 [INFO] 📊 [PULSO PAPER MULTI-STRATEGY] Balance: $5000.00 USD | Posiciones: 0 | Estrategias: 3
2026-08-21 08:58:08,850 [INFO] 📊 [PULSO PAPER MULTI-STRATEGY] Balance: $5000.00 USD | Posiciones: 0 | Estrategias: 3
2026-08-21 08:59:17,146 [INFO] 📊 [PULSO PAPER MULTI-STRATEGY] Balance: $5000.00 USD | Posiciones: 0 | Estrategias: 3
2026-08-21 09:00:26,854 [INFO] 📊 [PULSO PAPER MULTI-STRATEGY] Balance: $5000.00 USD | Posiciones: 0 | Estrategias: 3
2026-08-21 09:01:34,716 [INFO] 📊 [PULSO PAPER MULTI-STRATEGY] Balance: $5000.00 USD | Posiciones: 0 | Estrategias: 3
2026-08-21 09:02:44,457 [INFO] 📊 [PULSO PAPER MULTI-STRATEGY] Balance: $5000.00 USD | Posiciones: 0 | Estrategias: 3
2026-08-21 09:03:54,592 [INFO] 📊 [PULSO PAPER MULTI-STRATEGY] Balance: $5000.00 USD | Posiciones: 0 | Estrategias: 3
2026-08-21 09:05:03,741 [INFO] 📊 [PULSO PAPER MULTI-STRATEGY] Balance: $5000.00 USD | Posiciones: 0 | Estrategias: 3
2026-08-21 09:06:11,776 [INFO] 📊 [PULSO PAPER MULTI-STRATEGY] Balance: $5000.00 USD | Posiciones: 0 | Estrategias: 3
2026-08-21 09:07:20,233 [INFO] 📊 [PULSO PAPER MULTI-STRATEGY] Balance: $5000.00 USD | Posiciones: 0 | Estrategias: 3
2026-08-21 09:08:28,420 [INFO] 📊 [PULSO PAPER MULTI-STRATEGY] Balance: $5000.00 USD | Posiciones: 0 | Estrategias: 3
2026-08-21 09:09:38,248 [INFO] 📊 [PULSO PAPER MULTI-STRATEGY] Balance: $5000.00 USD | Posiciones: 0 | Estrategias: 3
2026-08-21 09:10:48,721 [INFO] 📊 [PULSO PAPER MULTI-STRATEGY] Balance: $5000.00 USD | Posiciones: 0 | Estrategias: 3
2026-08-21 09:11:57,867 [INFO] 📊 [PULSO PAPER MULTI-STRATEGY] Balance: $5000.00 USD | Posiciones: 0 | Estrategias: 3
2026-08-21 09:13:07,632 [INFO] 📊 [PULSO PAPER MULTI-STRATEGY] Balance: $5000.00 USD | Posiciones: 0 | Estrategias: 3
2026-08-21 09:14:16,877 [INFO] 📊 [PULSO PAPER MULTI-STRATEGY] Balance: $5000.00 USD | Posiciones: 0 | Estrategias: 3
2026-08-21 09:15:26,340 [INFO] 📊 [PULSO PAPER MULTI-STRATEGY] Balance: $5000.00 USD | Posiciones: 0 | Estrategias: 3
2026-08-21 09:16:36,944 [INFO] 📊 [PULSO PAPER MULTI-STRATEGY] Balance: $5000.00 USD | Posiciones: 0 | Estrategias: 3
2026-08-21 09:17:46,699 [INFO] 📊 [PULSO PAPER MULTI-STRATEGY] Balance: $5000.00 USD | Posiciones: 0 | Estrategias: 3
2026-08-21 09:18:56,391 [INFO] 📊 [PULSO PAPER MULTI-STRATEGY] Balance: $5000.00 USD | Posiciones: 0 | Estrategias: 3
2026-08-21 09:20:05,861 [INFO] 📊 [PULSO PAPER MULTI-STRATEGY] Balance: $5000.00 USD | Posiciones: 0 | Estrategias: 3
2026-08-21 09:21:14,214 [INFO] 📊 [PULSO PAPER MULTI-STRATEGY] Balance: $5000.00 USD | Posiciones: 0 | Estrategias: 3
2026-08-21 09:22:23,197 [INFO] 📊 [PULSO PAPER MULTI-STRATEGY] Balance: $5000.00 USD | Posiciones: 0 | Estrategias: 3
2026-08-21 09:23:33,520 [INFO] 📊 [PULSO PAPER MULTI-STRATEGY] Balance: $5000.00 USD | Posiciones: 0 | Estrategias: 3
2026-08-21 09:24:42,958 [INFO] 📊 [PULSO PAPER MULTI-STRATEGY] Balance: $5000.00 USD | Posiciones: 0 | Estrategias: 3
2026-08-21 09:25:51,137 [INFO] 📊 [PULSO PAPER MULTI-STRATEGY] Balance: $5000.00 USD | Posiciones: 0 | Estrategias: 3
2026-08-21 09:26:59,347 [INFO] 📊 [PULSO PAPER MULTI-STRATEGY] Balance: $5000.00 USD | Posiciones: 0 | Estrategias: 3
2026-08-21 09:28:08,463 [INFO] 📊 [PULSO PAPER MULTI-STRATEGY] Balance: $5000.00 USD | Posiciones: 0 | Estrategias: 3
2026-08-21 09:29:17,767 [INFO] 📊 [PULSO PAPER MULTI-STRATEGY] Balance: $5000.00 USD | Posiciones: 0 | Estrategias: 3
2026-08-21 09:30:26,064 [INFO] 📊 [PULSO PAPER MULTI-STRATEGY] Balance: $5000.00 USD | Posiciones: 0 | Estrategias: 3
2026-08-21 09:31:35,220 [INFO] 📊 [PULSO PAPER MULTI-STRATEGY] Balance: $5000.00 USD | Posiciones: 0 | Estrategias: 3
2026-08-21 09:32:45,738 [INFO] 📊 [PULSO PAPER MULTI-STRATEGY] Balance: $5000.00 USD | Posiciones: 0 | Estrategias: 3
2026-08-21 09:33:53,771 [INFO] 📊 [PULSO PAPER MULTI-STRATEGY] Balance: $5000.00 USD | Posiciones: 0 | Estrategias: 3
2026-08-21 09:35:02,770 [INFO] 📊 [PULSO PAPER MULTI-STRATEGY] Balance: $5000.00 USD | Posiciones: 0 | Estrategias: 3
2026-08-21 09:36:12,300 [INFO] 📊 [PULSO PAPER MULTI-STRATEGY] Balance: $5000.00 USD | Posiciones: 0 | Estrategias: 3
2026-08-21 09:37:21,879 [INFO] 📊 [PULSO PAPER MULTI-STRATEGY] Balance: $5000.00 USD | Posiciones: 0 | Estrategias: 3
2026-08-21 09:38:30,015 [INFO] 📊 [PULSO PAPER MULTI-STRATEGY] Balance: $5000.00 USD | Posiciones: 0 | Estrategias: 3
2026-08-21 09:39:39,136 [INFO] 📊 [PULSO PAPER MULTI-STRATEGY] Balance: $5000.00 USD | Posiciones: 0 | Estrategias: 3
2026-08-21 09:40:49,556 [INFO] 📊 [PULSO PAPER MULTI-STRATEGY] Balance: $5000.00 USD | Posiciones: 0 | Estrategias: 3
2026-08-21 09:41:57,413 [INFO] 📊 [PULSO PAPER MULTI-STRATEGY] Balance: $5000.00 USD | Posiciones: 0 | Estrategias: 3
2026-08-21 09:43:05,733 [INFO] 📊 [PULSO PAPER MULTI-STRATEGY] Balance: $5000.00 USD | Posiciones: 0 | Estrategias: 3
2026-08-21 09:44:14,141 [INFO] 📊 [PULSO PAPER MULTI-STRATEGY] Balance: $5000.00 USD | Posiciones: 0 | Estrategias: 3
2026-08-21 09:45:23,690 [INFO] 📊 [PULSO PAPER MULTI-STRATEGY] Balance: $5000.00 USD | Posiciones: 0 | Estrategias: 3
2026-08-21 09:46:32,385 [INFO] 📊 [PULSO PAPER MULTI-STRATEGY] Balance: $5000.00 USD | Posiciones: 0 | Estrategias: 3
2026-08-21 09:47:40,263 [INFO] 📊 [PULSO PAPER MULTI-STRATEGY] Balance: $5000.00 USD | Posiciones: 0 | Estrategias: 3
2026-08-21 09:48:49,464 [INFO] 📊 [PULSO PAPER MULTI-STRATEGY] Balance: $5000.00 USD | Posiciones: 0 | Estrategias: 3
2026-08-21 09:49:57,560 [INFO] 📊 [PULSO PAPER MULTI-STRATEGY] Balance: $5000.00 USD | Posiciones: 0 | Estrategias: 3
2026-08-21 09:51:05,696 [INFO] 📊 [PULSO PAPER MULTI-STRATEGY] Balance: $5000.00 USD | Posiciones: 0 | Estrategias: 3
2026-08-21 09:52:14,855 [INFO] 📊 [PULSO PAPER MULTI-STRATEGY] Balance: $5000.00 USD | Posiciones: 0 | Estrategias: 3
2026-08-21 09:53:23,106 [INFO] 📊 [PULSO PAPER MULTI-STRATEGY] Balance: $5000.00 USD | Posiciones: 0 | Estrategias: 3
2026-08-21 09:54:32,954 [INFO] 📊 [PULSO PAPER MULTI-STRATEGY] Balance: $5000.00 USD | Posiciones: 0 | Estrategias: 3
2026-08-21 09:55:41,666 [INFO] 📊 [PULSO PAPER MULTI-STRATEGY] Balance: $5000.00 USD | Posiciones: 0 | Estrategias: 3
2026-08-21 09:56:50,974 [INFO] 📊 [PULSO PAPER MULTI-STRATEGY] Balance: $5000.00 USD | Posiciones: 0 | Estrategias: 3
2026-08-21 09:57:59,524 [INFO] 📊 [PULSO PAPER MULTI-STRATEGY] Balance: $5000.00 USD | Posiciones: 0 | Estrategias: 3
2026-08-21 09:59:09,963 [INFO] 📊 [PULSO PAPER MULTI-STRATEGY] Balance: $5000.00 USD | Posiciones: 0 | Estrategias: 3
2026-08-21 10:00:19,030 [INFO] 📊 [PULSO PAPER MULTI-STRATEGY] Balance: $5000.00 USD | Posiciones: 0 | Estrategias: 3
2026-08-21 10:01:27,431 [INFO] 📊 [PULSO PAPER MULTI-STRATEGY] Balance: $5000.00 USD | Posiciones: 0 | Estrategias: 3
2026-08-21 10:02:35,954 [INFO] 📊 [PULSO PAPER MULTI-STRATEGY] Balance: $5000.00 USD | Posiciones: 0 | Estrategias: 3
2026-08-21 10:03:44,674 [INFO] 📊 [PULSO PAPER MULTI-STRATEGY] Balance: $5000.00 USD | Posiciones: 0 | Estrategias: 3
2026-08-21 10:04:53,060 [INFO] 📊 [PULSO PAPER MULTI-STRATEGY] Balance: $5000.00 USD | Posiciones: 0 | Estrategias: 3
2026-08-21 10:06:02,638 [INFO] 📊 [PULSO PAPER MULTI-STRATEGY] Balance: $5000.00 USD | Posiciones: 0 | Estrategias: 3
2026-08-21 10:07:11,288 [INFO] 📊 [PULSO PAPER MULTI-STRATEGY] Balance: $5000.00 USD | Posiciones: 0 | Estrategias: 3
2026-08-21 10:08:20,446 [INFO] 📊 [PULSO PAPER MULTI-STRATEGY] Balance: $5000.00 USD | Posiciones: 0 | Estrategias: 3
2026-08-21 10:09:30,575 [INFO] 📊 [PULSO PAPER MULTI-STRATEGY] Balance: $5000.00 USD | Posiciones: 0 | Estrategias: 3
2026-08-21 10:10:41,165 [INFO] 📊 [PULSO PAPER MULTI-STRATEGY] Balance: $5000.00 USD | Posiciones: 0 | Estrategias: 3
2026-08-21 10:11:50,612 [INFO] 📊 [PULSO PAPER MULTI-STRATEGY] Balance: $5000.00 USD | Posiciones: 0 | Estrategias: 3
2026-08-21 10:13:00,264 [INFO] 📊 [PULSO PAPER MULTI-STRATEGY] Balance: $5000.00 USD | Posiciones: 0 | Estrategias: 3
2026-08-21 10:14:09,530 [INFO] 📊 [PULSO PAPER MULTI-STRATEGY] Balance: $5000.00 USD | Posiciones: 0 | Estrategias: 3
2026-08-21 10:15:18,981 [INFO] 📊 [PULSO PAPER MULTI-STRATEGY] Balance: $5000.00 USD | Posiciones: 0 | Estrategias: 3
2026-08-21 10:16:27,617 [INFO] 📊 [PULSO PAPER MULTI-STRATEGY] Balance: $5000.00 USD | Posiciones: 0 | Estrategias: 3
2026-08-21 10:17:36,506 [INFO] 📊 [PULSO PAPER MULTI-STRATEGY] Balance: $5000.00 USD | Posiciones: 0 | Estrategias: 3
2026-08-21 10:18:46,413 [INFO] 📊 [PULSO PAPER MULTI-STRATEGY] Balance: $5000.00 USD | Posiciones: 0 | Estrategias: 3
2026-08-21 10:19:55,579 [INFO] 📊 [PULSO PAPER MULTI-STRATEGY] Balance: $5000.00 USD | Posiciones: 0 | Estrategias: 3
2026-08-21 10:21:04,182 [INFO] 📊 [PULSO PAPER MULTI-STRATEGY] Balance: $5000.00 USD | Posiciones: 0 | Estrategias: 3
2026-08-21 10:22:15,028 [INFO] 📊 [PULSO PAPER MULTI-STRATEGY] Balance: $5000.00 USD | Posiciones: 0 | Estrategias: 3
2026-08-21 10:23:23,405 [INFO] 📊 [PULSO PAPER MULTI-STRATEGY] Balance: $5000.00 USD | Posiciones: 0 | Estrategias: 3
2026-08-21 10:24:32,184 [INFO] 📊 [PULSO PAPER MULTI-STRATEGY] Balance: $5000.00 USD | Posiciones: 0 | Estrategias: 3
2026-08-21 10:25:38,804 [INFO] 📊 [PULSO PAPER MULTI-STRATEGY] Balance: $5000.00 USD | Posiciones: 0 | Estrategias: 3
2026-08-21 10:26:47,208 [INFO] 📊 [PULSO PAPER MULTI-STRATEGY] Balance: $5000.00 USD | Posiciones: 0 | Estrategias: 3
2026-08-21 10:27:54,162 [INFO] 📊 [PULSO PAPER MULTI-STRATEGY] Balance: $5000.00 USD | Posiciones: 0 | Estrategias: 3
2026-08-21 10:29:03,793 [INFO] 📊 [PULSO PAPER MULTI-STRATEGY] Balance: $5000.00 USD | Posiciones: 0 | Estrategias: 3
2026-08-21 10:30:11,526 [INFO] 📊 [PULSO PAPER MULTI-STRATEGY] Balance: $5000.00 USD | Posiciones: 0 | Estrategias: 3
2026-08-21 10:31:19,608 [INFO] 📊 [PULSO PAPER MULTI-STRATEGY] Balance: $5000.00 USD | Posiciones: 0 | Estrategias: 3
2026-08-21 10:32:29,956 [INFO] 📊 [PULSO PAPER MULTI-STRATEGY] Balance: $5000.00 USD | Posiciones: 0 | Estrategias: 3
2026-08-21 10:33:38,765 [INFO] 📊 [PULSO PAPER MULTI-STRATEGY] Balance: $5000.00 USD | Posiciones: 0 | Estrategias: 3
2026-08-21 10:34:47,301 [INFO] 📊 [PULSO PAPER MULTI-STRATEGY] Balance: $5000.00 USD | Posiciones: 0 | Estrategias: 3
2026-08-21 10:35:57,279 [INFO] 📊 [PULSO PAPER MULTI-STRATEGY] Balance: $5000.00 USD | Posiciones: 0 | Estrategias: 3
2026-08-21 10:37:06,925 [INFO] 📊 [PULSO PAPER MULTI-STRATEGY] Balance: $5000.00 USD | Posiciones: 0 | Estrategias: 3
2026-08-21 10:38:15,902 [INFO] 📊 [PULSO PAPER MULTI-STRATEGY] Balance: $5000.00 USD | Posiciones: 0 | Estrategias: 3
2026-08-21 10:39:25,374 [INFO] 📊 [PULSO PAPER MULTI-STRATEGY] Balance: $5000.00 USD | Posiciones: 0 | Estrategias: 3
2026-08-21 10:40:35,789 [INFO] 📊 [PULSO PAPER MULTI-STRATEGY] Balance: $5000.00 USD | Posiciones: 0 | Estrategias: 3
2026-08-21 10:41:44,529 [INFO] 📊 [PULSO PAPER MULTI-STRATEGY] Balance: $5000.00 USD | Posiciones: 0 | Estrategias: 3
2026-08-21 10:42:52,925 [INFO] 📊 [PULSO PAPER MULTI-STRATEGY] Balance: $5000.00 USD | Posiciones: 0 | Estrategias: 3
2026-08-21 10:44:02,435 [INFO] 📊 [PULSO PAPER MULTI-STRATEGY] Balance: $5000.00 USD | Posiciones: 0 | Estrategias: 3
2026-08-21 10:45:11,034 [INFO] 📊 [PULSO PAPER MULTI-STRATEGY] Balance: $5000.00 USD | Posiciones: 0 | Estrategias: 3
2026-08-21 10:46:19,564 [INFO] 📊 [PULSO PAPER MULTI-STRATEGY] Balance: $5000.00 USD | Posiciones: 0 | Estrategias: 3
2026-08-21 10:47:27,347 [INFO] 📊 [PULSO PAPER MULTI-STRATEGY] Balance: $5000.00 USD | Posiciones: 0 | Estrategias: 3
2026-08-21 10:48:35,175 [INFO] 📊 [PULSO PAPER MULTI-STRATEGY] Balance: $5000.00 USD | Posiciones: 0 | Estrategias: 3
2026-08-21 10:49:43,743 [INFO] 📊 [PULSO PAPER MULTI-STRATEGY] Balance: $5000.00 USD | Posiciones: 0 | Estrategias: 3
2026-08-21 10:50:52,549 [INFO] 📊 [PULSO PAPER MULTI-STRATEGY] Balance: $5000.00 USD | Posiciones: 0 | Estrategias: 3
2026-08-21 10:52:01,096 [INFO] 📊 [PULSO PAPER MULTI-STRATEGY] Balance: $5000.00 USD | Posiciones: 0 | Estrategias: 3
2026-08-21 10:53:09,917 [INFO] 📊 [PULSO PAPER MULTI-STRATEGY] Balance: $5000.00 USD | Posiciones: 0 | Estrategias: 3
2026-08-21 10:54:18,118 [INFO] 📊 [PULSO PAPER MULTI-STRATEGY] Balance: $5000.00 USD | Posiciones: 0 | Estrategias: 3
2026-08-21 10:55:27,006 [INFO] 📊 [PULSO PAPER MULTI-STRATEGY] Balance: $5000.00 USD | Posiciones: 0 | Estrategias: 3
2026-08-21 10:56:36,994 [INFO] 📊 [PULSO PAPER MULTI-STRATEGY] Balance: $5000.00 USD | Posiciones: 0 | Estrategias: 3
2026-08-21 10:57:45,442 [INFO] 📊 [PULSO PAPER MULTI-STRATEGY] Balance: $5000.00 USD | Posiciones: 0 | Estrategias: 3
2026-08-21 10:58:54,467 [INFO] 📊 [PULSO PAPER MULTI-STRATEGY] Balance: $5000.00 USD | Posiciones: 0 | Estrategias: 3
2026-08-21 11:00:03,784 [INFO] 📊 [PULSO PAPER MULTI-STRATEGY] Balance: $5000.00 USD | Posiciones: 0 | Estrategias: 3
2026-08-21 11:01:13,197 [INFO] 📊 [PULSO PAPER MULTI-STRATEGY] Balance: $5000.00 USD | Posiciones: 0 | Estrategias: 3
2026-08-21 11:02:21,108 [INFO] 📊 [PULSO PAPER MULTI-STRATEGY] Balance: $5000.00 USD | Posiciones: 0 | Estrategias: 3
2026-08-21 11:03:29,300 [INFO] 📊 [PULSO PAPER MULTI-STRATEGY] Balance: $5000.00 USD | Posiciones: 0 | Estrategias: 3
2026-08-21 11:04:37,524 [INFO] 📊 [PULSO PAPER MULTI-STRATEGY] Balance: $5000.00 USD | Posiciones: 0 | Estrategias: 3
2026-08-21 11:05:45,915 [INFO] 📊 [PULSO PAPER MULTI-STRATEGY] Balance: $5000.00 USD | Posiciones: 0 | Estrategias: 3
2026-08-21 11:06:54,804 [INFO] 📊 [PULSO PAPER MULTI-STRATEGY] Balance: $5000.00 USD | Posiciones: 0 | Estrategias: 3
2026-08-21 11:08:03,808 [INFO] 📊 [PULSO PAPER MULTI-STRATEGY] Balance: $5000.00 USD | Posiciones: 0 | Estrategias: 3
2026-08-21 11:09:12,403 [INFO] 📊 [PULSO PAPER MULTI-STRATEGY] Balance: $5000.00 USD | Posiciones: 0 | Estrategias: 3
2026-08-21 11:10:20,865 [INFO] 📊 [PULSO PAPER MULTI-STRATEGY] Balance: $5000.00 USD | Posiciones: 0 | Estrategias: 3
2026-08-21 11:11:29,064 [INFO] 📊 [PULSO PAPER MULTI-STRATEGY] Balance: $5000.00 USD | Posiciones: 0 | Estrategias: 3
2026-08-21 11:12:37,329 [INFO] 📊 [PULSO PAPER MULTI-STRATEGY] Balance: $5000.00 USD | Posiciones: 0 | Estrategias: 3
2026-08-21 11:13:45,127 [INFO] 📊 [PULSO PAPER MULTI-STRATEGY] Balance: $5000.00 USD | Posiciones: 0 | Estrategias: 3
2026-08-21 11:14:54,767 [INFO] 📊 [PULSO PAPER MULTI-STRATEGY] Balance: $5000.00 USD | Posiciones: 0 | Estrategias: 3
2026-08-21 11:16:04,036 [INFO] 📊 [PULSO PAPER MULTI-STRATEGY] Balance: $5000.00 USD | Posiciones: 0 | Estrategias: 3
2026-08-21 11:17:13,093 [INFO] 📊 [PULSO PAPER MULTI-STRATEGY] Balance: $5000.00 USD | Posiciones: 0 | Estrategias: 3
2026-08-21 11:18:21,001 [INFO] 📊 [PULSO PAPER MULTI-STRATEGY] Balance: $5000.00 USD | Posiciones: 0 | Estrategias: 3
2026-08-21 11:19:31,433 [INFO] 📊 [PULSO PAPER MULTI-STRATEGY] Balance: $5000.00 USD | Posiciones: 0 | Estrategias: 3
2026-08-21 11:20:38,333 [INFO] 📊 [PULSO PAPER MULTI-STRATEGY] Balance: $5000.00 USD | Posiciones: 0 | Estrategias: 3
2026-08-21 11:21:46,845 [INFO] 📊 [PULSO PAPER MULTI-STRATEGY] Balance: $5000.00 USD | Posiciones: 0 | Estrategias: 3
2026-08-21 11:22:56,063 [INFO] 📊 [PULSO PAPER MULTI-STRATEGY] Balance: $5000.00 USD | Posiciones: 0 | Estrategias: 3
2026-08-21 11:24:04,053 [INFO] 📊 [PULSO PAPER MULTI-STRATEGY] Balance: $5000.00 USD | Posiciones: 0 | Estrategias: 3
2026-08-21 11:25:12,053 [INFO] 📊 [PULSO PAPER MULTI-STRATEGY] Balance: $5000.00 USD | Posiciones: 0 | Estrategias: 3
2026-08-21 11:26:19,796 [INFO] 📊 [PULSO PAPER MULTI-STRATEGY] Balance: $5000.00 USD | Posiciones: 0 | Estrategias: 3
2026-08-21 11:27:28,142 [INFO] 📊 [PULSO PAPER MULTI-STRATEGY] Balance: $5000.00 USD | Posiciones: 0 | Estrategias: 3
2026-08-21 11:28:37,633 [INFO] 📊 [PULSO PAPER MULTI-STRATEGY] Balance: $5000.00 USD | Posiciones: 0 | Estrategias: 3
2026-08-21 11:29:46,354 [INFO] 📊 [PULSO PAPER MULTI-STRATEGY] Balance: $5000.00 USD | Posiciones: 0 | Estrategias: 3
2026-08-21 11:30:55,338 [INFO] 📊 [PULSO PAPER MULTI-STRATEGY] Balance: $5000.00 USD | Posiciones: 0 | Estrategias: 3
2026-08-21 11:32:04,008 [INFO] 📊 [PULSO PAPER MULTI-STRATEGY] Balance: $5000.00 USD | Posiciones: 0 | Estrategias: 3
2026-08-21 11:33:12,831 [INFO] 📊 [PULSO PAPER MULTI-STRATEGY] Balance: $5000.00 USD | Posiciones: 0 | Estrategias: 3
2026-08-21 11:34:21,224 [INFO] 📊 [PULSO PAPER MULTI-STRATEGY] Balance: $5000.00 USD | Posiciones: 0 | Estrategias: 3
2026-08-21 11:35:31,021 [INFO] 📊 [PULSO PAPER MULTI-STRATEGY] Balance: $5000.00 USD | Posiciones: 0 | Estrategias: 3
2026-08-21 11:36:39,753 [INFO] 📊 [PULSO PAPER MULTI-STRATEGY] Balance: $5000.00 USD | Posiciones: 0 | Estrategias: 3
2026-08-21 11:37:47,779 [INFO] 📊 [PULSO PAPER MULTI-STRATEGY] Balance: $5000.00 USD | Posiciones: 0 | Estrategias: 3
2026-08-21 11:38:56,086 [INFO] 📊 [PULSO PAPER MULTI-STRATEGY] Balance: $5000.00 USD | Posiciones: 0 | Estrategias: 3
2026-08-21 11:40:04,523 [INFO] 📊 [PULSO PAPER MULTI-STRATEGY] Balance: $5000.00 USD | Posiciones: 0 | Estrategias: 3
2026-08-21 11:41:12,473 [INFO] 📊 [PULSO PAPER MULTI-STRATEGY] Balance: $5000.00 USD | Posiciones: 0 | Estrategias: 3
2026-08-21 11:42:21,030 [INFO] 📊 [PULSO PAPER MULTI-STRATEGY] Balance: $5000.00 USD | Posiciones: 0 | Estrategias: 3
2026-08-21 11:43:29,433 [INFO] 📊 [PULSO PAPER MULTI-STRATEGY] Balance: $5000.00 USD | Posiciones: 0 | Estrategias: 3
2026-08-21 11:44:39,068 [INFO] 📊 [PULSO PAPER MULTI-STRATEGY] Balance: $5000.00 USD | Posiciones: 0 | Estrategias: 3
2026-08-21 11:45:47,757 [INFO] 📊 [PULSO PAPER MULTI-STRATEGY] Balance: $5000.00 USD | Posiciones: 0 | Estrategias: 3
2026-08-21 11:46:56,152 [INFO] 📊 [PULSO PAPER MULTI-STRATEGY] Balance: $5000.00 USD | Posiciones: 0 | Estrategias: 3
2026-08-21 11:48:05,600 [INFO] 📊 [PULSO PAPER MULTI-STRATEGY] Balance: $5000.00 USD | Posiciones: 0 | Estrategias: 3
2026-08-21 11:49:13,292 [INFO] 📊 [PULSO PAPER MULTI-STRATEGY] Balance: $5000.00 USD | Posiciones: 0 | Estrategias: 3
2026-08-21 11:50:18,855 [INFO] 📊 [PULSO PAPER MULTI-STRATEGY] Balance: $5000.00 USD | Posiciones: 0 | Estrategias: 3
2026-08-21 11:51:27,772 [INFO] 📊 [PULSO PAPER MULTI-STRATEGY] Balance: $5000.00 USD | Posiciones: 0 | Estrategias: 3
2026-08-21 11:52:36,141 [INFO] 📊 [PULSO PAPER MULTI-STRATEGY] Balance: $5000.00 USD | Posiciones: 0 | Estrategias: 3
2026-08-21 11:53:44,022 [INFO] 📊 [PULSO PAPER MULTI-STRATEGY] Balance: $5000.00 USD | Posiciones: 0 | Estrategias: 3
2026-08-21 11:54:51,717 [INFO] 📊 [PULSO PAPER MULTI-STRATEGY] Balance: $5000.00 USD | Posiciones: 0 | Estrategias: 3
2026-08-21 11:55:59,906 [INFO] 📊 [PULSO PAPER MULTI-STRATEGY] Balance: $5000.00 USD | Posiciones: 0 | Estrategias: 3
2026-08-21 11:57:08,482 [INFO] 📊 [PULSO PAPER MULTI-STRATEGY] Balance: $5000.00 USD | Posiciones: 0 | Estrategias: 3
2026-08-21 11:58:16,824 [INFO] 📊 [PULSO PAPER MULTI-STRATEGY] Balance: $5000.00 USD | Posiciones: 0 | Estrategias: 3
2026-08-21 11:59:25,227 [INFO] 📊 [PULSO PAPER MULTI-STRATEGY] Balance: $5000.00 USD | Posiciones: 0 | Estrategias: 3
2026-08-21 12:00:32,361 [INFO] 📊 [PULSO PAPER MULTI-STRATEGY] Balance: $5000.00 USD | Posiciones: 0 | Estrategias: 3
2026-08-21 12:01:41,739 [INFO] 📊 [PULSO PAPER MULTI-STRATEGY] Balance: $5000.00 USD | Posiciones: 0 | Estrategias: 3
2026-08-21 12:02:49,127 [INFO] 📊 [PULSO PAPER MULTI-STRATEGY] Balance: $5000.00 USD | Posiciones: 0 | Estrategias: 3
2026-08-21 12:03:57,919 [INFO] 📊 [PULSO PAPER MULTI-STRATEGY] Balance: $5000.00 USD | Posiciones: 0 | Estrategias: 3
2026-08-21 12:05:05,437 [INFO] 📊 [PULSO PAPER MULTI-STRATEGY] Balance: $5000.00 USD | Posiciones: 0 | Estrategias: 3
2026-08-21 12:06:13,814 [INFO] 📊 [PULSO PAPER MULTI-STRATEGY] Balance: $5000.00 USD | Posiciones: 0 | Estrategias: 3
2026-08-21 12:07:22,059 [INFO] 📊 [PULSO PAPER MULTI-STRATEGY] Balance: $5000.00 USD | Posiciones: 0 | Estrategias: 3
2026-08-21 12:08:30,310 [INFO] 📊 [PULSO PAPER MULTI-STRATEGY] Balance: $5000.00 USD | Posiciones: 0 | Estrategias: 3
2026-08-21 12:09:41,688 [INFO] 📊 [PULSO PAPER MULTI-STRATEGY] Balance: $5000.00 USD | Posiciones: 0 | Estrategias: 3
2026-08-21 12:10:50,838 [INFO] 📊 [PULSO PAPER MULTI-STRATEGY] Balance: $5000.00 USD | Posiciones: 0 | Estrategias: 3
2026-08-21 12:11:58,892 [INFO] 📊 [PULSO PAPER MULTI-STRATEGY] Balance: $5000.00 USD | Posiciones: 0 | Estrategias: 3
2026-08-21 12:13:07,107 [INFO] 📊 [PULSO PAPER MULTI-STRATEGY] Balance: $5000.00 USD | Posiciones: 0 | Estrategias: 3
2026-08-21 12:14:15,745 [INFO] 📊 [PULSO PAPER MULTI-STRATEGY] Balance: $5000.00 USD | Posiciones: 0 | Estrategias: 3
2026-08-21 12:15:24,516 [INFO] 📊 [PULSO PAPER MULTI-STRATEGY] Balance: $5000.00 USD | Posiciones: 0 | Estrategias: 3
2026-08-21 12:16:31,954 [INFO] 📊 [PULSO PAPER MULTI-STRATEGY] Balance: $5000.00 USD | Posiciones: 0 | Estrategias: 3
2026-08-21 12:17:41,533 [INFO] 📊 [PULSO PAPER MULTI-STRATEGY] Balance: $5000.00 USD | Posiciones: 0 | Estrategias: 3
2026-08-21 12:18:50,053 [INFO] 📊 [PULSO PAPER MULTI-STRATEGY] Balance: $5000.00 USD | Posiciones: 0 | Estrategias: 3
2026-08-21 12:19:58,774 [INFO] 📊 [PULSO PAPER MULTI-STRATEGY] Balance: $5000.00 USD | Posiciones: 0 | Estrategias: 3
2026-08-21 12:21:07,195 [INFO] 📊 [PULSO PAPER MULTI-STRATEGY] Balance: $5000.00 USD | Posiciones: 0 | Estrategias: 3
2026-08-21 12:22:15,674 [INFO] 📊 [PULSO PAPER MULTI-STRATEGY] Balance: $5000.00 USD | Posiciones: 0 | Estrategias: 3
2026-08-21 12:23:24,693 [INFO] 📊 [PULSO PAPER MULTI-STRATEGY] Balance: $5000.00 USD | Posiciones: 0 | Estrategias: 3
2026-08-21 12:24:32,752 [INFO] 📊 [PULSO PAPER MULTI-STRATEGY] Balance: $5000.00 USD | Posiciones: 0 | Estrategias: 3
2026-08-21 12:25:41,480 [INFO] 📊 [PULSO PAPER MULTI-STRATEGY] Balance: $5000.00 USD | Posiciones: 0 | Estrategias: 3
2026-08-21 12:26:49,997 [INFO] 📊 [PULSO PAPER MULTI-STRATEGY] Balance: $5000.00 USD | Posiciones: 0 | Estrategias: 3
2026-08-21 12:27:57,991 [INFO] 📊 [PULSO PAPER MULTI-STRATEGY] Balance: $5000.00 USD | Posiciones: 0 | Estrategias: 3
2026-08-21 12:29:05,528 [INFO] 📊 [PULSO PAPER MULTI-STRATEGY] Balance: $5000.00 USD | Posiciones: 0 | Estrategias: 3
2026-08-21 12:30:14,092 [INFO] 📊 [PULSO PAPER MULTI-STRATEGY] Balance: $5000.00 USD | Posiciones: 0 | Estrategias: 3
2026-08-21 12:31:22,986 [INFO] 📊 [PULSO PAPER MULTI-STRATEGY] Balance: $5000.00 USD | Posiciones: 0 | Estrategias: 3
2026-08-21 12:32:31,972 [INFO] 📊 [PULSO PAPER MULTI-STRATEGY] Balance: $5000.00 USD | Posiciones: 0 | Estrategias: 3
2026-08-21 12:33:41,054 [INFO] 📊 [PULSO PAPER MULTI-STRATEGY] Balance: $5000.00 USD | Posiciones: 0 | Estrategias: 3
2026-08-21 12:34:49,628 [INFO] 📊 [PULSO PAPER MULTI-STRATEGY] Balance: $5000.00 USD | Posiciones: 0 | Estrategias: 3
2026-08-21 12:35:57,302 [INFO] 📊 [PULSO PAPER MULTI-STRATEGY] Balance: $5000.00 USD | Posiciones: 0 | Estrategias: 3
2026-08-21 12:37:04,704 [INFO] 📊 [PULSO PAPER MULTI-STRATEGY] Balance: $5000.00 USD | Posiciones: 0 | Estrategias: 3
2026-08-21 12:38:12,189 [INFO] 📊 [PULSO PAPER MULTI-STRATEGY] Balance: $5000.00 USD | Posiciones: 0 | Estrategias: 3
2026-08-21 12:39:21,660 [INFO] 📊 [PULSO PAPER MULTI-STRATEGY] Balance: $5000.00 USD | Posiciones: 0 | Estrategias: 3
2026-08-21 12:40:28,883 [INFO] 📊 [PULSO PAPER MULTI-STRATEGY] Balance: $5000.00 USD | Posiciones: 0 | Estrategias: 3
2026-08-21 12:41:36,839 [INFO] 📊 [PULSO PAPER MULTI-STRATEGY] Balance: $5000.00 USD | Posiciones: 0 | Estrategias: 3
2026-08-21 12:42:47,231 [INFO] 📊 [PULSO PAPER MULTI-STRATEGY] Balance: $5000.00 USD | Posiciones: 0 | Estrategias: 3
2026-08-21 12:43:57,984 [INFO] 📊 [PULSO PAPER MULTI-STRATEGY] Balance: $5000.00 USD | Posiciones: 0 | Estrategias: 3
2026-08-21 12:45:07,978 [INFO] 📊 [PULSO PAPER MULTI-STRATEGY] Balance: $5000.00 USD | Posiciones: 0 | Estrategias: 3
2026-08-21 12:46:16,975 [INFO] 📊 [PULSO PAPER MULTI-STRATEGY] Balance: $5000.00 USD | Posiciones: 0 | Estrategias: 3
2026-08-21 12:47:25,460 [INFO] 📊 [PULSO PAPER MULTI-STRATEGY] Balance: $5000.00 USD | Posiciones: 0 | Estrategias: 3
2026-08-21 12:48:34,516 [INFO] 📊 [PULSO PAPER MULTI-STRATEGY] Balance: $5000.00 USD | Posiciones: 0 | Estrategias: 3
2026-08-21 12:49:44,351 [INFO] 📊 [PULSO PAPER MULTI-STRATEGY] Balance: $5000.00 USD | Posiciones: 0 | Estrategias: 3
2026-08-21 12:50:51,498 [INFO] 📊 [PULSO PAPER MULTI-STRATEGY] Balance: $5000.00 USD | Posiciones: 0 | Estrategias: 3
2026-08-21 12:51:59,856 [INFO] 📊 [PULSO PAPER MULTI-STRATEGY] Balance: $5000.00 USD | Posiciones: 0 | Estrategias: 3
2026-08-21 12:53:07,413 [INFO] 📊 [PULSO PAPER MULTI-STRATEGY] Balance: $5000.00 USD | Posiciones: 0 | Estrategias: 3
2026-08-21 12:54:16,320 [INFO] 📊 [PULSO PAPER MULTI-STRATEGY] Balance: $5000.00 USD | Posiciones: 0 | Estrategias: 3
2026-08-21 12:55:25,854 [INFO] 📊 [PULSO PAPER MULTI-STRATEGY] Balance: $5000.00 USD | Posiciones: 0 | Estrategias: 3
2026-08-21 12:56:35,387 [INFO] 📊 [PULSO PAPER MULTI-STRATEGY] Balance: $5000.00 USD | Posiciones: 0 | Estrategias: 3
2026-08-21 12:57:44,408 [INFO] 📊 [PULSO PAPER MULTI-STRATEGY] Balance: $5000.00 USD | Posiciones: 0 | Estrategias: 3
2026-08-21 12:58:54,277 [INFO] 📊 [PULSO PAPER MULTI-STRATEGY] Balance: $5000.00 USD | Posiciones: 0 | Estrategias: 3
2026-08-21 13:00:03,769 [INFO] 📊 [PULSO PAPER MULTI-STRATEGY] Balance: $5000.00 USD | Posiciones: 0 | Estrategias: 3
2026-08-21 13:01:12,491 [INFO] 📊 [PULSO PAPER MULTI-STRATEGY] Balance: $5000.00 USD | Posiciones: 0 | Estrategias: 3
2026-08-21 13:02:21,426 [INFO] 📊 [PULSO PAPER MULTI-STRATEGY] Balance: $5000.00 USD | Posiciones: 0 | Estrategias: 3
2026-08-21 13:03:28,998 [INFO] 📊 [PULSO PAPER MULTI-STRATEGY] Balance: $5000.00 USD | Posiciones: 0 | Estrategias: 3
2026-08-21 13:04:38,400 [INFO] 📊 [PULSO PAPER MULTI-STRATEGY] Balance: $5000.00 USD | Posiciones: 0 | Estrategias: 3
2026-08-21 13:05:47,857 [INFO] 📊 [PULSO PAPER MULTI-STRATEGY] Balance: $5000.00 USD | Posiciones: 0 | Estrategias: 3
2026-08-21 13:06:57,291 [INFO] 📊 [PULSO PAPER MULTI-STRATEGY] Balance: $5000.00 USD | Posiciones: 0 | Estrategias: 3
2026-08-21 13:08:06,302 [INFO] 📊 [PULSO PAPER MULTI-STRATEGY] Balance: $5000.00 USD | Posiciones: 0 | Estrategias: 3
2026-08-21 13:09:15,390 [INFO] 📊 [PULSO PAPER MULTI-STRATEGY] Balance: $5000.00 USD | Posiciones: 0 | Estrategias: 3
2026-08-21 13:10:23,720 [INFO] 📊 [PULSO PAPER MULTI-STRATEGY] Balance: $5000.00 USD | Posiciones: 0 | Estrategias: 3
2026-08-21 13:11:32,583 [INFO] 📊 [PULSO PAPER MULTI-STRATEGY] Balance: $5000.00 USD | Posiciones: 0 | Estrategias: 3
2026-08-21 13:12:40,511 [INFO] 📊 [PULSO PAPER MULTI-STRATEGY] Balance: $5000.00 USD | Posiciones: 0 | Estrategias: 3
2026-08-21 13:13:49,087 [INFO] 📊 [PULSO PAPER MULTI-STRATEGY] Balance: $5000.00 USD | Posiciones: 0 | Estrategias: 3
2026-08-21 13:14:56,657 [INFO] 📊 [PULSO PAPER MULTI-STRATEGY] Balance: $5000.00 USD | Posiciones: 0 | Estrategias: 3
2026-08-21 13:16:04,363 [INFO] 📊 [PULSO PAPER MULTI-STRATEGY] Balance: $5000.00 USD | Posiciones: 0 | Estrategias: 3
2026-08-21 13:17:11,894 [INFO] 📊 [PULSO PAPER MULTI-STRATEGY] Balance: $5000.00 USD | Posiciones: 0 | Estrategias: 3
2026-08-21 13:18:20,907 [INFO] 📊 [PULSO PAPER MULTI-STRATEGY] Balance: $5000.00 USD | Posiciones: 0 | Estrategias: 3
2026-08-21 13:19:30,027 [INFO] 📊 [PULSO PAPER MULTI-STRATEGY] Balance: $5000.00 USD | Posiciones: 0 | Estrategias: 3
2026-08-21 13:20:38,035 [INFO] 📊 [PULSO PAPER MULTI-STRATEGY] Balance: $5000.00 USD | Posiciones: 0 | Estrategias: 3
2026-08-21 13:21:46,449 [INFO] 📊 [PULSO PAPER MULTI-STRATEGY] Balance: $5000.00 USD | Posiciones: 0 | Estrategias: 3
2026-08-21 13:22:54,298 [INFO] 📊 [PULSO PAPER MULTI-STRATEGY] Balance: $5000.00 USD | Posiciones: 0 | Estrategias: 3
2026-08-21 13:24:03,522 [INFO] 📊 [PULSO PAPER MULTI-STRATEGY] Balance: $5000.00 USD | Posiciones: 0 | Estrategias: 3
2026-08-21 13:25:12,747 [INFO] 📊 [PULSO PAPER MULTI-STRATEGY] Balance: $5000.00 USD | Posiciones: 0 | Estrategias: 3
2026-08-21 13:26:21,947 [INFO] 📊 [PULSO PAPER MULTI-STRATEGY] Balance: $5000.00 USD | Posiciones: 0 | Estrategias: 3
2026-08-21 13:27:30,693 [INFO] 📊 [PULSO PAPER MULTI-STRATEGY] Balance: $5000.00 USD | Posiciones: 0 | Estrategias: 3
2026-08-21 13:28:40,154 [INFO] 📊 [PULSO PAPER MULTI-STRATEGY] Balance: $5000.00 USD | Posiciones: 0 | Estrategias: 3
2026-08-21 13:29:48,935 [INFO] 📊 [PULSO PAPER MULTI-STRATEGY] Balance: $5000.00 USD | Posiciones: 0 | Estrategias: 3
2026-08-21 13:30:57,735 [INFO] 📊 [PULSO PAPER MULTI-STRATEGY] Balance: $5000.00 USD | Posiciones: 0 | Estrategias: 3
2026-08-21 13:32:07,881 [INFO] 📊 [PULSO PAPER MULTI-STRATEGY] Balance: $5000.00 USD | Posiciones: 0 | Estrategias: 3
2026-08-21 13:33:16,697 [INFO] 📊 [PULSO PAPER MULTI-STRATEGY] Balance: $5000.00 USD | Posiciones: 0 | Estrategias: 3
2026-08-21 13:34:24,921 [INFO] 📊 [PULSO PAPER MULTI-STRATEGY] Balance: $5000.00 USD | Posiciones: 0 | Estrategias: 3
2026-08-21 13:35:33,227 [INFO] 📊 [PULSO PAPER MULTI-STRATEGY] Balance: $5000.00 USD | Posiciones: 0 | Estrategias: 3
2026-08-21 13:36:40,599 [INFO] 📊 [PULSO PAPER MULTI-STRATEGY] Balance: $5000.00 USD | Posiciones: 0 | Estrategias: 3
2026-08-21 13:37:48,739 [INFO] 📊 [PULSO PAPER MULTI-STRATEGY] Balance: $5000.00 USD | Posiciones: 0 | Estrategias: 3
2026-08-21 13:38:57,242 [INFO] 📊 [PULSO PAPER MULTI-STRATEGY] Balance: $5000.00 USD | Posiciones: 0 | Estrategias: 3
2026-08-21 13:40:06,731 [INFO] 📊 [PULSO PAPER MULTI-STRATEGY] Balance: $5000.00 USD | Posiciones: 0 | Estrategias: 3
2026-08-21 13:41:15,778 [INFO] 📊 [PULSO PAPER MULTI-STRATEGY] Balance: $5000.00 USD | Posiciones: 0 | Estrategias: 3
2026-08-21 13:42:23,548 [INFO] 📊 [PULSO PAPER MULTI-STRATEGY] Balance: $5000.00 USD | Posiciones: 0 | Estrategias: 3
2026-08-21 13:43:32,176 [INFO] 📊 [PULSO PAPER MULTI-STRATEGY] Balance: $5000.00 USD | Posiciones: 0 | Estrategias: 3
2026-08-21 13:44:41,552 [INFO] 📊 [PULSO PAPER MULTI-STRATEGY] Balance: $5000.00 USD | Posiciones: 0 | Estrategias: 3
2026-08-21 13:45:50,322 [INFO] 📊 [PULSO PAPER MULTI-STRATEGY] Balance: $5000.00 USD | Posiciones: 0 | Estrategias: 3
2026-08-21 13:46:59,382 [INFO] 📊 [PULSO PAPER MULTI-STRATEGY] Balance: $5000.00 USD | Posiciones: 0 | Estrategias: 3
2026-08-21 13:48:10,559 [INFO] 📊 [PULSO PAPER MULTI-STRATEGY] Balance: $5000.00 USD | Posiciones: 0 | Estrategias: 3
2026-08-21 13:49:20,021 [INFO] 📊 [PULSO PAPER MULTI-STRATEGY] Balance: $5000.00 USD | Posiciones: 0 | Estrategias: 3
2026-08-21 13:50:28,541 [INFO] 📊 [PULSO PAPER MULTI-STRATEGY] Balance: $5000.00 USD | Posiciones: 0 | Estrategias: 3
2026-08-21 13:51:36,951 [INFO] 📊 [PULSO PAPER MULTI-STRATEGY] Balance: $5000.00 USD | Posiciones: 0 | Estrategias: 3
2026-08-21 13:52:46,205 [INFO] 📊 [PULSO PAPER MULTI-STRATEGY] Balance: $5000.00 USD | Posiciones: 0 | Estrategias: 3
2026-08-21 13:53:54,582 [INFO] 📊 [PULSO PAPER MULTI-STRATEGY] Balance: $5000.00 USD | Posiciones: 0 | Estrategias: 3
2026-08-21 13:55:04,198 [INFO] 📊 [PULSO PAPER MULTI-STRATEGY] Balance: $5000.00 USD | Posiciones: 0 | Estrategias: 3
2026-08-21 13:56:12,766 [INFO] 📊 [PULSO PAPER MULTI-STRATEGY] Balance: $5000.00 USD | Posiciones: 0 | Estrategias: 3
2026-08-21 13:57:21,379 [INFO] 📊 [PULSO PAPER MULTI-STRATEGY] Balance: $5000.00 USD | Posiciones: 0 | Estrategias: 3
2026-08-21 13:58:30,305 [INFO] 📊 [PULSO PAPER MULTI-STRATEGY] Balance: $5000.00 USD | Posiciones: 0 | Estrategias: 3
2026-08-21 13:59:38,942 [INFO] 📊 [PULSO PAPER MULTI-STRATEGY] Balance: $5000.00 USD | Posiciones: 0 | Estrategias: 3
2026-08-21 14:00:49,519 [INFO] 📊 [PULSO PAPER MULTI-STRATEGY] Balance: $5000.00 USD | Posiciones: 0 | Estrategias: 3
2026-08-21 14:01:57,295 [INFO] 📊 [PULSO PAPER MULTI-STRATEGY] Balance: $5000.00 USD | Posiciones: 0 | Estrategias: 3
2026-08-21 14:03:06,357 [INFO] 📊 [PULSO PAPER MULTI-STRATEGY] Balance: $5000.00 USD | Posiciones: 0 | Estrategias: 3
2026-08-21 14:04:15,413 [INFO] 📊 [PULSO PAPER MULTI-STRATEGY] Balance: $5000.00 USD | Posiciones: 0 | Estrategias: 3
2026-08-21 14:05:24,748 [INFO] 📊 [PULSO PAPER MULTI-STRATEGY] Balance: $5000.00 USD | Posiciones: 0 | Estrategias: 3
2026-08-21 14:06:34,228 [INFO] 📊 [PULSO PAPER MULTI-STRATEGY] Balance: $5000.00 USD | Posiciones: 0 | Estrategias: 3
2026-08-21 14:07:43,829 [INFO] 📊 [PULSO PAPER MULTI-STRATEGY] Balance: $5000.00 USD | Posiciones: 0 | Estrategias: 3
2026-08-21 14:08:54,273 [INFO] 📊 [PULSO PAPER MULTI-STRATEGY] Balance: $5000.00 USD | Posiciones: 0 | Estrategias: 3
2026-08-21 14:10:03,730 [INFO] 📊 [PULSO PAPER MULTI-STRATEGY] Balance: $5000.00 USD | Posiciones: 0 | Estrategias: 3
2026-08-21 14:11:12,614 [INFO] 📊 [PULSO PAPER MULTI-STRATEGY] Balance: $5000.00 USD | Posiciones: 0 | Estrategias: 3
2026-08-21 14:12:23,235 [INFO] 📊 [PULSO PAPER MULTI-STRATEGY] Balance: $5000.00 USD | Posiciones: 0 | Estrategias: 3
2026-08-21 14:13:32,540 [INFO] 📊 [PULSO PAPER MULTI-STRATEGY] Balance: $5000.00 USD | Posiciones: 0 | Estrategias: 3
2026-08-21 14:14:41,256 [INFO] 📊 [PULSO PAPER MULTI-STRATEGY] Balance: $5000.00 USD | Posiciones: 0 | Estrategias: 3
2026-08-21 14:15:51,148 [INFO] 📊 [PULSO PAPER MULTI-STRATEGY] Balance: $5000.00 USD | Posiciones: 0 | Estrategias: 3
2026-08-21 14:17:00,037 [INFO] 📊 [PULSO PAPER MULTI-STRATEGY] Balance: $5000.00 USD | Posiciones: 0 | Estrategias: 3
2026-08-21 14:18:09,501 [INFO] 📊 [PULSO PAPER MULTI-STRATEGY] Balance: $5000.00 USD | Posiciones: 0 | Estrategias: 3
2026-08-21 14:19:20,082 [INFO] 📊 [PULSO PAPER MULTI-STRATEGY] Balance: $5000.00 USD | Posiciones: 0 | Estrategias: 3
2026-08-21 14:20:29,384 [INFO] 📊 [PULSO PAPER MULTI-STRATEGY] Balance: $5000.00 USD | Posiciones: 0 | Estrategias: 3
2026-08-21 14:21:36,275 [INFO] 📊 [PULSO PAPER MULTI-STRATEGY] Balance: $5000.00 USD | Posiciones: 0 | Estrategias: 3
2026-08-21 14:22:46,081 [INFO] 📊 [PULSO PAPER MULTI-STRATEGY] Balance: $5000.00 USD | Posiciones: 0 | Estrategias: 3
2026-08-21 14:23:54,700 [INFO] 📊 [PULSO PAPER MULTI-STRATEGY] Balance: $5000.00 USD | Posiciones: 0 | Estrategias: 3
2026-08-21 14:25:04,493 [INFO] 📊 [PULSO PAPER MULTI-STRATEGY] Balance: $5000.00 USD | Posiciones: 0 | Estrategias: 3
2026-08-21 14:26:13,586 [INFO] 📊 [PULSO PAPER MULTI-STRATEGY] Balance: $5000.00 USD | Posiciones: 0 | Estrategias: 3
2026-08-21 14:27:22,784 [INFO] 📊 [PULSO PAPER MULTI-STRATEGY] Balance: $5000.00 USD | Posiciones: 0 | Estrategias: 3
2026-08-21 14:28:30,533 [INFO] 📊 [PULSO PAPER MULTI-STRATEGY] Balance: $5000.00 USD | Posiciones: 0 | Estrategias: 3
2026-08-21 14:29:41,456 [INFO] 📊 [PULSO PAPER MULTI-STRATEGY] Balance: $5000.00 USD | Posiciones: 0 | Estrategias: 3
2026-08-21 14:30:50,365 [INFO] 📊 [PULSO PAPER MULTI-STRATEGY] Balance: $5000.00 USD | Posiciones: 0 | Estrategias: 3
2026-08-21 14:32:00,043 [INFO] 📊 [PULSO PAPER MULTI-STRATEGY] Balance: $5000.00 USD | Posiciones: 0 | Estrategias: 3
2026-08-21 14:33:08,804 [INFO] 📊 [PULSO PAPER MULTI-STRATEGY] Balance: $5000.00 USD | Posiciones: 0 | Estrategias: 3
2026-08-21 14:34:17,927 [INFO] 📊 [PULSO PAPER MULTI-STRATEGY] Balance: $5000.00 USD | Posiciones: 0 | Estrategias: 3
2026-08-21 14:35:26,857 [INFO] 📊 [PULSO PAPER MULTI-STRATEGY] Balance: $5000.00 USD | Posiciones: 0 | Estrategias: 3
2026-08-21 14:36:37,035 [INFO] 📊 [PULSO PAPER MULTI-STRATEGY] Balance: $5000.00 USD | Posiciones: 0 | Estrategias: 3
2026-08-21 14:37:44,876 [INFO] 📊 [PULSO PAPER MULTI-STRATEGY] Balance: $5000.00 USD | Posiciones: 0 | Estrategias: 3
2026-08-21 14:38:54,574 [INFO] 📊 [PULSO PAPER MULTI-STRATEGY] Balance: $5000.00 USD | Posiciones: 0 | Estrategias: 3
2026-08-21 14:40:05,847 [INFO] 📊 [PULSO PAPER MULTI-STRATEGY] Balance: $5000.00 USD | Posiciones: 0 | Estrategias: 3
2026-08-21 14:41:14,324 [INFO] 📊 [PULSO PAPER MULTI-STRATEGY] Balance: $5000.00 USD | Posiciones: 0 | Estrategias: 3
2026-08-21 14:42:23,330 [INFO] 📊 [PULSO PAPER MULTI-STRATEGY] Balance: $5000.00 USD | Posiciones: 0 | Estrategias: 3
2026-08-21 14:43:34,782 [INFO] 📊 [PULSO PAPER MULTI-STRATEGY] Balance: $5000.00 USD | Posiciones: 0 | Estrategias: 3
2026-08-21 14:44:43,529 [INFO] 📊 [PULSO PAPER MULTI-STRATEGY] Balance: $5000.00 USD | Posiciones: 0 | Estrategias: 3
2026-08-21 14:45:52,297 [INFO] 📊 [PULSO PAPER MULTI-STRATEGY] Balance: $5000.00 USD | Posiciones: 0 | Estrategias: 3
2026-08-21 14:47:02,081 [INFO] 📊 [PULSO PAPER MULTI-STRATEGY] Balance: $5000.00 USD | Posiciones: 0 | Estrategias: 3
2026-08-21 14:48:11,967 [INFO] 📊 [PULSO PAPER MULTI-STRATEGY] Balance: $5000.00 USD | Posiciones: 0 | Estrategias: 3
2026-08-21 14:49:22,151 [INFO] 📊 [PULSO PAPER MULTI-STRATEGY] Balance: $5000.00 USD | Posiciones: 0 | Estrategias: 3
2026-08-21 14:50:30,668 [INFO] 📊 [PULSO PAPER MULTI-STRATEGY] Balance: $5000.00 USD | Posiciones: 0 | Estrategias: 3
2026-08-21 14:51:42,494 [INFO] 📊 [PULSO PAPER MULTI-STRATEGY] Balance: $5000.00 USD | Posiciones: 0 | Estrategias: 3
2026-08-21 14:52:50,251 [INFO] 📊 [PULSO PAPER MULTI-STRATEGY] Balance: $5000.00 USD | Posiciones: 0 | Estrategias: 3
2026-08-21 14:53:59,896 [INFO] 📊 [PULSO PAPER MULTI-STRATEGY] Balance: $5000.00 USD | Posiciones: 0 | Estrategias: 3
2026-08-21 14:55:08,072 [INFO] 📊 [PULSO PAPER MULTI-STRATEGY] Balance: $5000.00 USD | Posiciones: 0 | Estrategias: 3
2026-08-21 14:56:19,334 [INFO] 📊 [PULSO PAPER MULTI-STRATEGY] Balance: $5000.00 USD | Posiciones: 0 | Estrategias: 3
2026-08-21 14:57:28,821 [INFO] 📊 [PULSO PAPER MULTI-STRATEGY] Balance: $5000.00 USD | Posiciones: 0 | Estrategias: 3
2026-08-21 14:58:38,180 [INFO] 📊 [PULSO PAPER MULTI-STRATEGY] Balance: $5000.00 USD | Posiciones: 0 | Estrategias: 3
2026-08-21 14:59:48,219 [INFO] 📊 [PULSO PAPER MULTI-STRATEGY] Balance: $5000.00 USD | Posiciones: 0 | Estrategias: 3
2026-08-21 15:00:55,763 [INFO] 📊 [PULSO PAPER MULTI-STRATEGY] Balance: $5000.00 USD | Posiciones: 0 | Estrategias: 3
2026-08-21 15:02:05,034 [INFO] 📊 [PULSO PAPER MULTI-STRATEGY] Balance: $5000.00 USD | Posiciones: 0 | Estrategias: 3
2026-08-21 15:03:13,134 [INFO] 📊 [PULSO PAPER MULTI-STRATEGY] Balance: $5000.00 USD | Posiciones: 0 | Estrategias: 3
2026-08-21 15:04:22,861 [INFO] 📊 [PULSO PAPER MULTI-STRATEGY] Balance: $5000.00 USD | Posiciones: 0 | Estrategias: 3
2026-08-21 15:05:32,595 [INFO] 📊 [PULSO PAPER MULTI-STRATEGY] Balance: $5000.00 USD | Posiciones: 0 | Estrategias: 3
2026-08-21 15:06:41,559 [INFO] 📊 [PULSO PAPER MULTI-STRATEGY] Balance: $5000.00 USD | Posiciones: 0 | Estrategias: 3
2026-08-21 15:07:51,469 [INFO] 📊 [PULSO PAPER MULTI-STRATEGY] Balance: $5000.00 USD | Posiciones: 0 | Estrategias: 3
2026-08-21 15:09:00,082 [INFO] 📊 [PULSO PAPER MULTI-STRATEGY] Balance: $5000.00 USD | Posiciones: 0 | Estrategias: 3
2026-08-21 15:10:11,644 [INFO] 📊 [PULSO PAPER MULTI-STRATEGY] Balance: $5000.00 USD | Posiciones: 0 | Estrategias: 3
2026-08-21 15:11:20,570 [INFO] 📊 [PULSO PAPER MULTI-STRATEGY] Balance: $5000.00 USD | Posiciones: 0 | Estrategias: 3
2026-08-21 15:12:28,848 [INFO] 📊 [PULSO PAPER MULTI-STRATEGY] Balance: $5000.00 USD | Posiciones: 0 | Estrategias: 3
2026-08-21 15:13:37,676 [INFO] 📊 [PULSO PAPER MULTI-STRATEGY] Balance: $5000.00 USD | Posiciones: 0 | Estrategias: 3
2026-08-21 15:14:47,019 [INFO] 📊 [PULSO PAPER MULTI-STRATEGY] Balance: $5000.00 USD | Posiciones: 0 | Estrategias: 3
2026-08-21 15:15:56,102 [INFO] 📊 [PULSO PAPER MULTI-STRATEGY] Balance: $5000.00 USD | Posiciones: 0 | Estrategias: 3
2026-08-21 15:17:04,913 [INFO] 📊 [PULSO PAPER MULTI-STRATEGY] Balance: $5000.00 USD | Posiciones: 0 | Estrategias: 3
2026-08-21 15:18:13,121 [INFO] 📊 [PULSO PAPER MULTI-STRATEGY] Balance: $5000.00 USD | Posiciones: 0 | Estrategias: 3
2026-08-21 15:19:24,008 [INFO] 📊 [PULSO PAPER MULTI-STRATEGY] Balance: $5000.00 USD | Posiciones: 0 | Estrategias: 3
2026-08-21 15:20:33,823 [INFO] 📊 [PULSO PAPER MULTI-STRATEGY] Balance: $5000.00 USD | Posiciones: 0 | Estrategias: 3
2026-08-21 15:21:45,006 [INFO] 📊 [PULSO PAPER MULTI-STRATEGY] Balance: $5000.00 USD | Posiciones: 0 | Estrategias: 3
2026-08-21 15:22:54,037 [INFO] 📊 [PULSO PAPER MULTI-STRATEGY] Balance: $5000.00 USD | Posiciones: 0 | Estrategias: 3
2026-08-21 15:24:04,362 [INFO] 📊 [PULSO PAPER MULTI-STRATEGY] Balance: $5000.00 USD | Posiciones: 0 | Estrategias: 3
2026-08-21 15:25:12,687 [INFO] 📊 [PULSO PAPER MULTI-STRATEGY] Balance: $5000.00 USD | Posiciones: 0 | Estrategias: 3
2026-08-21 15:26:23,950 [INFO] 📊 [PULSO PAPER MULTI-STRATEGY] Balance: $5000.00 USD | Posiciones: 0 | Estrategias: 3
2026-08-21 15:27:34,689 [INFO] 📊 [PULSO PAPER MULTI-STRATEGY] Balance: $5000.00 USD | Posiciones: 0 | Estrategias: 3
2026-08-21 15:28:44,421 [INFO] 📊 [PULSO PAPER MULTI-STRATEGY] Balance: $5000.00 USD | Posiciones: 0 | Estrategias: 3
2026-08-21 15:29:52,183 [INFO] 📊 [PULSO PAPER MULTI-STRATEGY] Balance: $5000.00 USD | Posiciones: 0 | Estrategias: 3
2026-08-21 15:31:02,175 [INFO] 📊 [PULSO PAPER MULTI-STRATEGY] Balance: $5000.00 USD | Posiciones: 0 | Estrategias: 3
2026-08-21 15:32:10,237 [INFO] 📊 [PULSO PAPER MULTI-STRATEGY] Balance: $5000.00 USD | Posiciones: 0 | Estrategias: 3
2026-08-21 15:33:20,420 [INFO] 📊 [PULSO PAPER MULTI-STRATEGY] Balance: $5000.00 USD | Posiciones: 0 | Estrategias: 3
2026-08-21 15:34:29,212 [INFO] 📊 [PULSO PAPER MULTI-STRATEGY] Balance: $5000.00 USD | Posiciones: 0 | Estrategias: 3
2026-08-21 15:35:38,862 [INFO] 📊 [PULSO PAPER MULTI-STRATEGY] Balance: $5000.00 USD | Posiciones: 0 | Estrategias: 3
2026-08-21 15:36:48,396 [INFO] 📊 [PULSO PAPER MULTI-STRATEGY] Balance: $5000.00 USD | Posiciones: 0 | Estrategias: 3
2026-08-21 15:37:58,231 [INFO] 📊 [PULSO PAPER MULTI-STRATEGY] Balance: $5000.00 USD | Posiciones: 0 | Estrategias: 3
2026-08-21 15:39:06,833 [INFO] 📊 [PULSO PAPER MULTI-STRATEGY] Balance: $5000.00 USD | Posiciones: 0 | Estrategias: 3
2026-08-21 15:40:15,830 [INFO] 📊 [PULSO PAPER MULTI-STRATEGY] Balance: $5000.00 USD | Posiciones: 0 | Estrategias: 3
2026-08-21 15:41:24,165 [INFO] 📊 [PULSO PAPER MULTI-STRATEGY] Balance: $5000.00 USD | Posiciones: 0 | Estrategias: 3
2026-08-21 15:42:32,543 [INFO] 📊 [PULSO PAPER MULTI-STRATEGY] Balance: $5000.00 USD | Posiciones: 0 | Estrategias: 3
2026-08-21 15:43:41,925 [INFO] 📊 [PULSO PAPER MULTI-STRATEGY] Balance: $5000.00 USD | Posiciones: 0 | Estrategias: 3
2026-08-21 15:44:51,857 [INFO] 📊 [PULSO PAPER MULTI-STRATEGY] Balance: $5000.00 USD | Posiciones: 0 | Estrategias: 3
2026-08-21 15:46:03,031 [INFO] 📊 [PULSO PAPER MULTI-STRATEGY] Balance: $5000.00 USD | Posiciones: 0 | Estrategias: 3
2026-08-21 15:47:12,737 [INFO] 📊 [PULSO PAPER MULTI-STRATEGY] Balance: $5000.00 USD | Posiciones: 0 | Estrategias: 3
2026-08-21 15:48:22,302 [INFO] 📊 [PULSO PAPER MULTI-STRATEGY] Balance: $5000.00 USD | Posiciones: 0 | Estrategias: 3
2026-08-21 15:49:31,458 [INFO] 📊 [PULSO PAPER MULTI-STRATEGY] Balance: $5000.00 USD | Posiciones: 0 | Estrategias: 3
2026-08-21 15:50:41,561 [INFO] 📊 [PULSO PAPER MULTI-STRATEGY] Balance: $5000.00 USD | Posiciones: 0 | Estrategias: 3
2026-08-21 15:51:51,098 [INFO] 📊 [PULSO PAPER MULTI-STRATEGY] Balance: $5000.00 USD | Posiciones: 0 | Estrategias: 3
2026-08-21 15:53:01,161 [INFO] 📊 [PULSO PAPER MULTI-STRATEGY] Balance: $5000.00 USD | Posiciones: 0 | Estrategias: 3
2026-08-21 15:54:10,261 [INFO] 📊 [PULSO PAPER MULTI-STRATEGY] Balance: $5000.00 USD | Posiciones: 0 | Estrategias: 3
2026-08-21 15:55:18,668 [INFO] 📊 [PULSO PAPER MULTI-STRATEGY] Balance: $5000.00 USD | Posiciones: 0 | Estrategias: 3
2026-08-21 15:56:26,044 [INFO] 📊 [PULSO PAPER MULTI-STRATEGY] Balance: $5000.00 USD | Posiciones: 0 | Estrategias: 3
2026-08-21 15:57:36,106 [INFO] 📊 [PULSO PAPER MULTI-STRATEGY] Balance: $5000.00 USD | Posiciones: 0 | Estrategias: 3
2026-08-21 15:58:43,928 [INFO] 📊 [PULSO PAPER MULTI-STRATEGY] Balance: $5000.00 USD | Posiciones: 0 | Estrategias: 3
2026-08-21 15:59:51,644 [INFO] 📊 [PULSO PAPER MULTI-STRATEGY] Balance: $5000.00 USD | Posiciones: 0 | Estrategias: 3
2026-08-21 16:01:01,932 [INFO] 📊 [PULSO PAPER MULTI-STRATEGY] Balance: $5000.00 USD | Posiciones: 0 | Estrategias: 3
2026-08-21 16:02:10,549 [INFO] 📊 [PULSO PAPER MULTI-STRATEGY] Balance: $5000.00 USD | Posiciones: 0 | Estrategias: 3
2026-08-21 16:03:19,777 [INFO] 📊 [PULSO PAPER MULTI-STRATEGY] Balance: $5000.00 USD | Posiciones: 0 | Estrategias: 3
2026-08-21 16:04:29,094 [INFO] 📊 [PULSO PAPER MULTI-STRATEGY] Balance: $5000.00 USD | Posiciones: 0 | Estrategias: 3
2026-08-21 16:05:38,366 [INFO] 📊 [PULSO PAPER MULTI-STRATEGY] Balance: $5000.00 USD | Posiciones: 0 | Estrategias: 3
2026-08-21 16:06:48,474 [INFO] 📊 [PULSO PAPER MULTI-STRATEGY] Balance: $5000.00 USD | Posiciones: 0 | Estrategias: 3
2026-08-21 16:07:59,240 [INFO] 📊 [PULSO PAPER MULTI-STRATEGY] Balance: $5000.00 USD | Posiciones: 0 | Estrategias: 3
2026-08-21 16:09:08,480 [INFO] 📊 [PULSO PAPER MULTI-STRATEGY] Balance: $5000.00 USD | Posiciones: 0 | Estrategias: 3
2026-08-21 16:10:18,934 [INFO] 📊 [PULSO PAPER MULTI-STRATEGY] Balance: $5000.00 USD | Posiciones: 0 | Estrategias: 3
2026-08-21 16:11:27,942 [INFO] 📊 [PULSO PAPER MULTI-STRATEGY] Balance: $5000.00 USD | Posiciones: 0 | Estrategias: 3
2026-08-21 16:12:37,076 [INFO] 📊 [PULSO PAPER MULTI-STRATEGY] Balance: $5000.00 USD | Posiciones: 0 | Estrategias: 3
2026-08-21 16:13:46,784 [INFO] 📊 [PULSO PAPER MULTI-STRATEGY] Balance: $5000.00 USD | Posiciones: 0 | Estrategias: 3
2026-08-21 16:14:57,949 [INFO] 📊 [PULSO PAPER MULTI-STRATEGY] Balance: $5000.00 USD | Posiciones: 0 | Estrategias: 3
2026-08-21 16:16:07,012 [INFO] 📊 [PULSO PAPER MULTI-STRATEGY] Balance: $5000.00 USD | Posiciones: 0 | Estrategias: 3
2026-08-21 16:17:16,771 [INFO] 📊 [PULSO PAPER MULTI-STRATEGY] Balance: $5000.00 USD | Posiciones: 0 | Estrategias: 3
2026-08-21 16:18:26,803 [INFO] 📊 [PULSO PAPER MULTI-STRATEGY] Balance: $5000.00 USD | Posiciones: 0 | Estrategias: 3
2026-08-21 16:19:36,854 [INFO] 📊 [PULSO PAPER MULTI-STRATEGY] Balance: $5000.00 USD | Posiciones: 0 | Estrategias: 3
2026-08-21 16:20:47,403 [INFO] 📊 [PULSO PAPER MULTI-STRATEGY] Balance: $5000.00 USD | Posiciones: 0 | Estrategias: 3
2026-08-21 16:21:56,534 [INFO] 📊 [PULSO PAPER MULTI-STRATEGY] Balance: $5000.00 USD | Posiciones: 0 | Estrategias: 3
2026-08-21 16:23:06,377 [INFO] 📊 [PULSO PAPER MULTI-STRATEGY] Balance: $5000.00 USD | Posiciones: 0 | Estrategias: 3
2026-08-21 16:24:16,403 [INFO] 📊 [PULSO PAPER MULTI-STRATEGY] Balance: $5000.00 USD | Posiciones: 0 | Estrategias: 3
2026-08-21 16:25:26,228 [INFO] 📊 [PULSO PAPER MULTI-STRATEGY] Balance: $5000.00 USD | Posiciones: 0 | Estrategias: 3
2026-08-21 16:26:35,894 [INFO] 📊 [PULSO PAPER MULTI-STRATEGY] Balance: $5000.00 USD | Posiciones: 0 | Estrategias: 3
2026-08-21 16:27:45,069 [INFO] 📊 [PULSO PAPER MULTI-STRATEGY] Balance: $5000.00 USD | Posiciones: 0 | Estrategias: 3
2026-08-21 16:28:54,787 [INFO] 📊 [PULSO PAPER MULTI-STRATEGY] Balance: $5000.00 USD | Posiciones: 0 | Estrategias: 3
2026-08-21 16:30:03,841 [INFO] 📊 [PULSO PAPER MULTI-STRATEGY] Balance: $5000.00 USD | Posiciones: 0 | Estrategias: 3
2026-08-21 16:31:12,351 [INFO] 📊 [PULSO PAPER MULTI-STRATEGY] Balance: $5000.00 USD | Posiciones: 0 | Estrategias: 3
2026-08-21 16:32:22,064 [INFO] 📊 [PULSO PAPER MULTI-STRATEGY] Balance: $5000.00 USD | Posiciones: 0 | Estrategias: 3
2026-08-21 16:33:32,119 [INFO] 📊 [PULSO PAPER MULTI-STRATEGY] Balance: $5000.00 USD | Posiciones: 0 | Estrategias: 3
2026-08-21 16:34:42,251 [INFO] 📊 [PULSO PAPER MULTI-STRATEGY] Balance: $5000.00 USD | Posiciones: 0 | Estrategias: 3
2026-08-21 16:35:51,068 [INFO] 📊 [PULSO PAPER MULTI-STRATEGY] Balance: $5000.00 USD | Posiciones: 0 | Estrategias: 3
2026-08-21 16:37:02,449 [INFO] 📊 [PULSO PAPER MULTI-STRATEGY] Balance: $5000.00 USD | Posiciones: 0 | Estrategias: 3
2026-08-21 16:38:12,684 [INFO] 📊 [PULSO PAPER MULTI-STRATEGY] Balance: $5000.00 USD | Posiciones: 0 | Estrategias: 3
2026-08-21 16:39:21,644 [INFO] 📊 [PULSO PAPER MULTI-STRATEGY] Balance: $5000.00 USD | Posiciones: 0 | Estrategias: 3
2026-08-21 16:40:30,018 [INFO] 📊 [PULSO PAPER MULTI-STRATEGY] Balance: $5000.00 USD | Posiciones: 0 | Estrategias: 3
2026-08-21 16:41:39,532 [INFO] 📊 [PULSO PAPER MULTI-STRATEGY] Balance: $5000.00 USD | Posiciones: 0 | Estrategias: 3
2026-08-21 16:42:49,443 [INFO] 📊 [PULSO PAPER MULTI-STRATEGY] Balance: $5000.00 USD | Posiciones: 0 | Estrategias: 3
2026-08-21 16:43:58,626 [INFO] 📊 [PULSO PAPER MULTI-STRATEGY] Balance: $5000.00 USD | Posiciones: 0 | Estrategias: 3
2026-08-21 16:45:06,695 [INFO] 📊 [PULSO PAPER MULTI-STRATEGY] Balance: $5000.00 USD | Posiciones: 0 | Estrategias: 3
2026-08-21 16:46:14,021 [INFO] 📊 [PULSO PAPER MULTI-STRATEGY] Balance: $5000.00 USD | Posiciones: 0 | Estrategias: 3
2026-08-21 16:47:23,532 [INFO] 📊 [PULSO PAPER MULTI-STRATEGY] Balance: $5000.00 USD | Posiciones: 0 | Estrategias: 3
2026-08-21 16:48:31,714 [INFO] 📊 [PULSO PAPER MULTI-STRATEGY] Balance: $5000.00 USD | Posiciones: 0 | Estrategias: 3
2026-08-21 16:49:40,852 [INFO] 📊 [PULSO PAPER MULTI-STRATEGY] Balance: $5000.00 USD | Posiciones: 0 | Estrategias: 3
2026-08-21 16:50:51,918 [INFO] 📊 [PULSO PAPER MULTI-STRATEGY] Balance: $5000.00 USD | Posiciones: 0 | Estrategias: 3
2026-08-21 16:52:01,916 [INFO] 📊 [PULSO PAPER MULTI-STRATEGY] Balance: $5000.00 USD | Posiciones: 0 | Estrategias: 3
2026-08-21 16:53:11,038 [INFO] 📊 [PULSO PAPER MULTI-STRATEGY] Balance: $5000.00 USD | Posiciones: 0 | Estrategias: 3
2026-08-21 16:54:21,696 [INFO] 📊 [PULSO PAPER MULTI-STRATEGY] Balance: $5000.00 USD | Posiciones: 0 | Estrategias: 3
2026-08-21 16:55:32,164 [INFO] 📊 [PULSO PAPER MULTI-STRATEGY] Balance: $5000.00 USD | Posiciones: 0 | Estrategias: 3
2026-08-21 16:56:41,277 [INFO] 📊 [PULSO PAPER MULTI-STRATEGY] Balance: $5000.00 USD | Posiciones: 0 | Estrategias: 3
2026-08-21 16:57:50,487 [INFO] 📊 [PULSO PAPER MULTI-STRATEGY] Balance: $5000.00 USD | Posiciones: 0 | Estrategias: 3
2026-08-21 16:59:01,155 [INFO] 📊 [PULSO PAPER MULTI-STRATEGY] Balance: $5000.00 USD | Posiciones: 0 | Estrategias: 3
2026-08-21 17:00:11,598 [INFO] 📊 [PULSO PAPER MULTI-STRATEGY] Balance: $5000.00 USD | Posiciones: 0 | Estrategias: 3
2026-08-21 17:01:21,170 [INFO] 📊 [PULSO PAPER MULTI-STRATEGY] Balance: $5000.00 USD | Posiciones: 0 | Estrategias: 3
2026-08-21 17:02:31,184 [INFO] 📊 [PULSO PAPER MULTI-STRATEGY] Balance: $5000.00 USD | Posiciones: 0 | Estrategias: 3
2026-08-21 17:03:40,390 [INFO] 📊 [PULSO PAPER MULTI-STRATEGY] Balance: $5000.00 USD | Posiciones: 0 | Estrategias: 3
2026-08-21 17:04:49,924 [INFO] 📊 [PULSO PAPER MULTI-STRATEGY] Balance: $5000.00 USD | Posiciones: 0 | Estrategias: 3
2026-08-21 17:05:58,412 [INFO] 📊 [PULSO PAPER MULTI-STRATEGY] Balance: $5000.00 USD | Posiciones: 0 | Estrategias: 3
2026-08-21 17:07:07,913 [INFO] 📊 [PULSO PAPER MULTI-STRATEGY] Balance: $5000.00 USD | Posiciones: 0 | Estrategias: 3
2026-08-21 17:08:17,672 [INFO] 📊 [PULSO PAPER MULTI-STRATEGY] Balance: $5000.00 USD | Posiciones: 0 | Estrategias: 3
2026-08-21 17:09:28,385 [INFO] 📊 [PULSO PAPER MULTI-STRATEGY] Balance: $5000.00 USD | Posiciones: 0 | Estrategias: 3
2026-08-21 17:10:38,823 [INFO] 📊 [PULSO PAPER MULTI-STRATEGY] Balance: $5000.00 USD | Posiciones: 0 | Estrategias: 3
2026-08-21 17:11:47,223 [INFO] 📊 [PULSO PAPER MULTI-STRATEGY] Balance: $5000.00 USD | Posiciones: 0 | Estrategias: 3
2026-08-21 17:12:56,044 [INFO] 📊 [PULSO PAPER MULTI-STRATEGY] Balance: $5000.00 USD | Posiciones: 0 | Estrategias: 3
2026-08-21 17:14:05,263 [INFO] 📊 [PULSO PAPER MULTI-STRATEGY] Balance: $5000.00 USD | Posiciones: 0 | Estrategias: 3
2026-08-21 17:15:14,892 [INFO] 📊 [PULSO PAPER MULTI-STRATEGY] Balance: $5000.00 USD | Posiciones: 0 | Estrategias: 3
2026-08-21 17:16:23,730 [INFO] 📊 [PULSO PAPER MULTI-STRATEGY] Balance: $5000.00 USD | Posiciones: 0 | Estrategias: 3
2026-08-21 17:17:33,764 [INFO] 📊 [PULSO PAPER MULTI-STRATEGY] Balance: $5000.00 USD | Posiciones: 0 | Estrategias: 3
2026-08-21 17:18:43,412 [INFO] 📊 [PULSO PAPER MULTI-STRATEGY] Balance: $5000.00 USD | Posiciones: 0 | Estrategias: 3
2026-08-21 17:19:51,363 [INFO] 📊 [PULSO PAPER MULTI-STRATEGY] Balance: $5000.00 USD | Posiciones: 0 | Estrategias: 3
2026-08-21 17:21:01,142 [INFO] 📊 [PULSO PAPER MULTI-STRATEGY] Balance: $5000.00 USD | Posiciones: 0 | Estrategias: 3
2026-08-21 17:22:11,586 [INFO] 📊 [PULSO PAPER MULTI-STRATEGY] Balance: $5000.00 USD | Posiciones: 0 | Estrategias: 3
2026-08-21 17:23:21,160 [INFO] 📊 [PULSO PAPER MULTI-STRATEGY] Balance: $5000.00 USD | Posiciones: 0 | Estrategias: 3
2026-08-21 17:24:30,160 [INFO] 📊 [PULSO PAPER MULTI-STRATEGY] Balance: $5000.00 USD | Posiciones: 0 | Estrategias: 3
2026-08-21 17:25:39,306 [INFO] 📊 [PULSO PAPER MULTI-STRATEGY] Balance: $5000.00 USD | Posiciones: 0 | Estrategias: 3
2026-08-21 17:26:49,415 [INFO] 📊 [PULSO PAPER MULTI-STRATEGY] Balance: $5000.00 USD | Posiciones: 0 | Estrategias: 3
2026-08-21 17:27:59,364 [INFO] 📊 [PULSO PAPER MULTI-STRATEGY] Balance: $5000.00 USD | Posiciones: 0 | Estrategias: 3
2026-08-21 17:29:07,923 [INFO] 📊 [PULSO PAPER MULTI-STRATEGY] Balance: $5000.00 USD | Posiciones: 0 | Estrategias: 3
2026-08-21 17:30:18,840 [INFO] 📊 [PULSO PAPER MULTI-STRATEGY] Balance: $5000.00 USD | Posiciones: 0 | Estrategias: 3
2026-08-21 17:31:28,872 [INFO] 📊 [PULSO PAPER MULTI-STRATEGY] Balance: $5000.00 USD | Posiciones: 0 | Estrategias: 3
2026-08-21 17:32:38,158 [INFO] 📊 [PULSO PAPER MULTI-STRATEGY] Balance: $5000.00 USD | Posiciones: 0 | Estrategias: 3
2026-08-21 17:33:46,671 [INFO] 📊 [PULSO PAPER MULTI-STRATEGY] Balance: $5000.00 USD | Posiciones: 0 | Estrategias: 3
2026-08-21 17:34:56,449 [INFO] 📊 [PULSO PAPER MULTI-STRATEGY] Balance: $5000.00 USD | Posiciones: 0 | Estrategias: 3
2026-08-21 17:36:06,684 [INFO] 📊 [PULSO PAPER MULTI-STRATEGY] Balance: $5000.00 USD | Posiciones: 0 | Estrategias: 3
2026-08-21 17:37:16,041 [INFO] 📊 [PULSO PAPER MULTI-STRATEGY] Balance: $5000.00 USD | Posiciones: 0 | Estrategias: 3
2026-08-21 17:38:24,946 [INFO] 📊 [PULSO PAPER MULTI-STRATEGY] Balance: $5000.00 USD | Posiciones: 0 | Estrategias: 3
2026-08-21 17:39:35,498 [INFO] 📊 [PULSO PAPER MULTI-STRATEGY] Balance: $5000.00 USD | Posiciones: 0 | Estrategias: 3
2026-08-21 17:40:46,152 [INFO] 📊 [PULSO PAPER MULTI-STRATEGY] Balance: $5000.00 USD | Posiciones: 0 | Estrategias: 3
2026-08-21 17:41:55,916 [INFO] 📊 [PULSO PAPER MULTI-STRATEGY] Balance: $5000.00 USD | Posiciones: 0 | Estrategias: 3
2026-08-21 17:43:06,746 [INFO] 📊 [PULSO PAPER MULTI-STRATEGY] Balance: $5000.00 USD | Posiciones: 0 | Estrategias: 3
2026-08-21 17:44:15,582 [INFO] 📊 [PULSO PAPER MULTI-STRATEGY] Balance: $5000.00 USD | Posiciones: 0 | Estrategias: 3
2026-08-21 17:45:24,600 [INFO] 📊 [PULSO PAPER MULTI-STRATEGY] Balance: $5000.00 USD | Posiciones: 0 | Estrategias: 3
2026-08-21 17:46:33,615 [INFO] 📊 [PULSO PAPER MULTI-STRATEGY] Balance: $5000.00 USD | Posiciones: 0 | Estrategias: 3
2026-08-21 17:47:43,751 [INFO] 📊 [PULSO PAPER MULTI-STRATEGY] Balance: $5000.00 USD | Posiciones: 0 | Estrategias: 3
2026-08-21 17:48:53,214 [INFO] 📊 [PULSO PAPER MULTI-STRATEGY] Balance: $5000.00 USD | Posiciones: 0 | Estrategias: 3
2026-08-21 17:50:03,448 [INFO] 📊 [PULSO PAPER MULTI-STRATEGY] Balance: $5000.00 USD | Posiciones: 0 | Estrategias: 3
2026-08-21 17:51:13,379 [INFO] 📊 [PULSO PAPER MULTI-STRATEGY] Balance: $5000.00 USD | Posiciones: 0 | Estrategias: 3
2026-08-21 17:52:22,951 [INFO] 📊 [PULSO PAPER MULTI-STRATEGY] Balance: $5000.00 USD | Posiciones: 0 | Estrategias: 3
2026-08-21 17:53:32,144 [INFO] 📊 [PULSO PAPER MULTI-STRATEGY] Balance: $5000.00 USD | Posiciones: 0 | Estrategias: 3
2026-08-21 17:54:42,344 [INFO] 📊 [PULSO PAPER MULTI-STRATEGY] Balance: $5000.00 USD | Posiciones: 0 | Estrategias: 3
2026-08-21 17:55:51,305 [INFO] 📊 [PULSO PAPER MULTI-STRATEGY] Balance: $5000.00 USD | Posiciones: 0 | Estrategias: 3
2026-08-21 17:56:59,834 [INFO] 📊 [PULSO PAPER MULTI-STRATEGY] Balance: $5000.00 USD | Posiciones: 0 | Estrategias: 3
2026-08-21 17:58:08,935 [INFO] 📊 [PULSO PAPER MULTI-STRATEGY] Balance: $5000.00 USD | Posiciones: 0 | Estrategias: 3
2026-08-21 17:59:20,098 [INFO] 📊 [PULSO PAPER MULTI-STRATEGY] Balance: $5000.00 USD | Posiciones: 0 | Estrategias: 3
2026-08-21 18:00:30,253 [INFO] 📊 [PULSO PAPER MULTI-STRATEGY] Balance: $5000.00 USD | Posiciones: 0 | Estrategias: 3
2026-08-21 18:01:41,011 [INFO] 📊 [PULSO PAPER MULTI-STRATEGY] Balance: $5000.00 USD | Posiciones: 0 | Estrategias: 3
2026-08-21 18:02:51,261 [INFO] 📊 [PULSO PAPER MULTI-STRATEGY] Balance: $5000.00 USD | Posiciones: 0 | Estrategias: 3
2026-08-21 18:04:01,736 [INFO] 📊 [PULSO PAPER MULTI-STRATEGY] Balance: $5000.00 USD | Posiciones: 0 | Estrategias: 3
2026-08-21 18:05:10,324 [INFO] 📊 [PULSO PAPER MULTI-STRATEGY] Balance: $5000.00 USD | Posiciones: 0 | Estrategias: 3
2026-08-21 18:06:19,268 [INFO] 📊 [PULSO PAPER MULTI-STRATEGY] Balance: $5000.00 USD | Posiciones: 0 | Estrategias: 3
2026-08-21 18:07:28,249 [INFO] 📊 [PULSO PAPER MULTI-STRATEGY] Balance: $5000.00 USD | Posiciones: 0 | Estrategias: 3
2026-08-21 18:08:38,807 [INFO] 📊 [PULSO PAPER MULTI-STRATEGY] Balance: $5000.00 USD | Posiciones: 0 | Estrategias: 3
2026-08-21 18:09:48,638 [INFO] 📊 [PULSO PAPER MULTI-STRATEGY] Balance: $5000.00 USD | Posiciones: 0 | Estrategias: 3
2026-08-21 18:10:59,597 [INFO] 📊 [PULSO PAPER MULTI-STRATEGY] Balance: $5000.00 USD | Posiciones: 0 | Estrategias: 3
2026-08-21 18:12:10,062 [INFO] 📊 [PULSO PAPER MULTI-STRATEGY] Balance: $5000.00 USD | Posiciones: 0 | Estrategias: 3
2026-08-21 18:13:20,795 [INFO] 📊 [PULSO PAPER MULTI-STRATEGY] Balance: $5000.00 USD | Posiciones: 0 | Estrategias: 3
2026-08-21 18:14:29,369 [INFO] 📊 [PULSO PAPER MULTI-STRATEGY] Balance: $5000.00 USD | Posiciones: 0 | Estrategias: 3
2026-08-21 18:15:38,439 [INFO] 📊 [PULSO PAPER MULTI-STRATEGY] Balance: $5000.00 USD | Posiciones: 0 | Estrategias: 3
2026-08-21 18:16:48,031 [INFO] 📊 [PULSO PAPER MULTI-STRATEGY] Balance: $5000.00 USD | Posiciones: 0 | Estrategias: 3
2026-08-21 18:17:58,157 [INFO] 📊 [PULSO PAPER MULTI-STRATEGY] Balance: $5000.00 USD | Posiciones: 0 | Estrategias: 3
2026-08-21 18:19:09,710 [INFO] 📊 [PULSO PAPER MULTI-STRATEGY] Balance: $5000.00 USD | Posiciones: 0 | Estrategias: 3
2026-08-21 18:20:18,965 [INFO] 📊 [PULSO PAPER MULTI-STRATEGY] Balance: $5000.00 USD | Posiciones: 0 | Estrategias: 3
2026-08-21 18:21:29,047 [INFO] 📊 [PULSO PAPER MULTI-STRATEGY] Balance: $5000.00 USD | Posiciones: 0 | Estrategias: 3
2026-08-21 18:22:38,416 [INFO] 📊 [PULSO PAPER MULTI-STRATEGY] Balance: $5000.00 USD | Posiciones: 0 | Estrategias: 3
2026-08-21 18:23:47,818 [INFO] 📊 [PULSO PAPER MULTI-STRATEGY] Balance: $5000.00 USD | Posiciones: 0 | Estrategias: 3
2026-08-21 18:24:56,322 [INFO] 📊 [PULSO PAPER MULTI-STRATEGY] Balance: $5000.00 USD | Posiciones: 0 | Estrategias: 3
2026-08-21 18:26:05,865 [INFO] 📊 [PULSO PAPER MULTI-STRATEGY] Balance: $5000.00 USD | Posiciones: 0 | Estrategias: 3
2026-08-21 18:27:13,804 [INFO] 📊 [PULSO PAPER MULTI-STRATEGY] Balance: $5000.00 USD | Posiciones: 0 | Estrategias: 3
2026-08-21 18:28:22,979 [INFO] 📊 [PULSO PAPER MULTI-STRATEGY] Balance: $5000.00 USD | Posiciones: 0 | Estrategias: 3
2026-08-21 18:29:33,439 [INFO] 📊 [PULSO PAPER MULTI-STRATEGY] Balance: $5000.00 USD | Posiciones: 0 | Estrategias: 3
2026-08-21 18:30:43,324 [INFO] 📊 [PULSO PAPER MULTI-STRATEGY] Balance: $5000.00 USD | Posiciones: 0 | Estrategias: 3
2026-08-21 18:31:50,766 [INFO] 📊 [PULSO PAPER MULTI-STRATEGY] Balance: $5000.00 USD | Posiciones: 0 | Estrategias: 3
2026-08-21 18:33:02,134 [INFO] 📊 [PULSO PAPER MULTI-STRATEGY] Balance: $5000.00 USD | Posiciones: 0 | Estrategias: 3
2026-08-21 18:34:11,793 [INFO] 📊 [PULSO PAPER MULTI-STRATEGY] Balance: $5000.00 USD | Posiciones: 0 | Estrategias: 3
2026-08-21 18:35:20,751 [INFO] 📊 [PULSO PAPER MULTI-STRATEGY] Balance: $5000.00 USD | Posiciones: 0 | Estrategias: 3
2026-08-21 18:36:29,916 [INFO] 📊 [PULSO PAPER MULTI-STRATEGY] Balance: $5000.00 USD | Posiciones: 0 | Estrategias: 3
2026-08-21 18:37:38,627 [INFO] 📊 [PULSO PAPER MULTI-STRATEGY] Balance: $5000.00 USD | Posiciones: 0 | Estrategias: 3
2026-08-21 18:38:47,235 [INFO] 📊 [PULSO PAPER MULTI-STRATEGY] Balance: $5000.00 USD | Posiciones: 0 | Estrategias: 3
2026-08-21 18:39:55,217 [INFO] 📊 [PULSO PAPER MULTI-STRATEGY] Balance: $5000.00 USD | Posiciones: 0 | Estrategias: 3
2026-08-21 18:41:03,561 [INFO] 📊 [PULSO PAPER MULTI-STRATEGY] Balance: $5000.00 USD | Posiciones: 0 | Estrategias: 3
2026-08-21 18:42:12,626 [INFO] 📊 [PULSO PAPER MULTI-STRATEGY] Balance: $5000.00 USD | Posiciones: 0 | Estrategias: 3
2026-08-21 18:43:21,967 [INFO] 📊 [PULSO PAPER MULTI-STRATEGY] Balance: $5000.00 USD | Posiciones: 0 | Estrategias: 3
2026-08-21 18:44:29,883 [INFO] 📊 [PULSO PAPER MULTI-STRATEGY] Balance: $5000.00 USD | Posiciones: 0 | Estrategias: 3
2026-08-21 18:45:39,734 [INFO] 📊 [PULSO PAPER MULTI-STRATEGY] Balance: $5000.00 USD | Posiciones: 0 | Estrategias: 3
2026-08-21 18:46:48,498 [INFO] 📊 [PULSO PAPER MULTI-STRATEGY] Balance: $5000.00 USD | Posiciones: 0 | Estrategias: 3
2026-08-21 18:47:56,811 [INFO] 📊 [PULSO PAPER MULTI-STRATEGY] Balance: $5000.00 USD | Posiciones: 0 | Estrategias: 3
2026-08-21 18:49:06,236 [INFO] 📊 [PULSO PAPER MULTI-STRATEGY] Balance: $5000.00 USD | Posiciones: 0 | Estrategias: 3
2026-08-21 18:50:17,609 [INFO] 📊 [PULSO PAPER MULTI-STRATEGY] Balance: $5000.00 USD | Posiciones: 0 | Estrategias: 3
2026-08-21 18:51:26,843 [INFO] 📊 [PULSO PAPER MULTI-STRATEGY] Balance: $5000.00 USD | Posiciones: 0 | Estrategias: 3
2026-08-21 18:52:36,993 [INFO] 📊 [PULSO PAPER MULTI-STRATEGY] Balance: $5000.00 USD | Posiciones: 0 | Estrategias: 3
2026-08-21 18:53:46,203 [INFO] 📊 [PULSO PAPER MULTI-STRATEGY] Balance: $5000.00 USD | Posiciones: 0 | Estrategias: 3
2026-08-21 18:54:54,135 [INFO] 📊 [PULSO PAPER MULTI-STRATEGY] Balance: $5000.00 USD | Posiciones: 0 | Estrategias: 3
2026-08-21 18:56:05,373 [INFO] 📊 [PULSO PAPER MULTI-STRATEGY] Balance: $5000.00 USD | Posiciones: 0 | Estrategias: 3
2026-08-21 18:57:16,736 [INFO] 📊 [PULSO PAPER MULTI-STRATEGY] Balance: $5000.00 USD | Posiciones: 0 | Estrategias: 3
2026-08-21 18:58:25,949 [INFO] 📊 [PULSO PAPER MULTI-STRATEGY] Balance: $5000.00 USD | Posiciones: 0 | Estrategias: 3
2026-08-21 18:59:36,793 [INFO] 📊 [PULSO PAPER MULTI-STRATEGY] Balance: $5000.00 USD | Posiciones: 0 | Estrategias: 3
2026-08-21 19:00:47,042 [INFO] 📊 [PULSO PAPER MULTI-STRATEGY] Balance: $5000.00 USD | Posiciones: 0 | Estrategias: 3
2026-08-21 19:01:55,974 [INFO] 📊 [PULSO PAPER MULTI-STRATEGY] Balance: $5000.00 USD | Posiciones: 0 | Estrategias: 3
2026-08-21 19:03:07,751 [INFO] 📊 [PULSO PAPER MULTI-STRATEGY] Balance: $5000.00 USD | Posiciones: 0 | Estrategias: 3
2026-08-21 19:04:18,174 [INFO] 📊 [PULSO PAPER MULTI-STRATEGY] Balance: $5000.00 USD | Posiciones: 0 | Estrategias: 3
2026-08-21 19:05:27,840 [INFO] 📊 [PULSO PAPER MULTI-STRATEGY] Balance: $5000.00 USD | Posiciones: 0 | Estrategias: 3
2026-08-21 19:06:37,376 [INFO] 📊 [PULSO PAPER MULTI-STRATEGY] Balance: $5000.00 USD | Posiciones: 0 | Estrategias: 3
2026-08-21 19:07:45,054 [INFO] 📊 [PULSO PAPER MULTI-STRATEGY] Balance: $5000.00 USD | Posiciones: 0 | Estrategias: 3
2026-08-21 19:08:54,097 [INFO] 📊 [PULSO PAPER MULTI-STRATEGY] Balance: $5000.00 USD | Posiciones: 0 | Estrategias: 3
2026-08-21 19:10:04,945 [INFO] 📊 [PULSO PAPER MULTI-STRATEGY] Balance: $5000.00 USD | Posiciones: 0 | Estrategias: 3
2026-08-21 19:11:14,365 [INFO] 📊 [PULSO PAPER MULTI-STRATEGY] Balance: $5000.00 USD | Posiciones: 0 | Estrategias: 3
2026-08-21 19:12:22,845 [INFO] 📊 [PULSO PAPER MULTI-STRATEGY] Balance: $5000.00 USD | Posiciones: 0 | Estrategias: 3
2026-08-21 19:13:32,402 [INFO] 📊 [PULSO PAPER MULTI-STRATEGY] Balance: $5000.00 USD | Posiciones: 0 | Estrategias: 3
2026-08-21 19:14:42,961 [INFO] 📊 [PULSO PAPER MULTI-STRATEGY] Balance: $5000.00 USD | Posiciones: 0 | Estrategias: 3
2026-08-21 19:15:52,083 [INFO] 📊 [PULSO PAPER MULTI-STRATEGY] Balance: $5000.00 USD | Posiciones: 0 | Estrategias: 3
2026-08-21 19:17:02,550 [INFO] 📊 [PULSO PAPER MULTI-STRATEGY] Balance: $5000.00 USD | Posiciones: 0 | Estrategias: 3
2026-08-21 19:18:12,815 [INFO] 📊 [PULSO PAPER MULTI-STRATEGY] Balance: $5000.00 USD | Posiciones: 0 | Estrategias: 3
2026-08-21 19:19:21,379 [INFO] 📊 [PULSO PAPER MULTI-STRATEGY] Balance: $5000.00 USD | Posiciones: 0 | Estrategias: 3
2026-08-21 19:20:29,936 [INFO] 📊 [PULSO PAPER MULTI-STRATEGY] Balance: $5000.00 USD | Posiciones: 0 | Estrategias: 3
2026-08-21 19:21:38,548 [INFO] 📊 [PULSO PAPER MULTI-STRATEGY] Balance: $5000.00 USD | Posiciones: 0 | Estrategias: 3
2026-08-21 19:22:47,012 [INFO] 📊 [PULSO PAPER MULTI-STRATEGY] Balance: $5000.00 USD | Posiciones: 0 | Estrategias: 3
2026-08-21 19:23:54,832 [INFO] 📊 [PULSO PAPER MULTI-STRATEGY] Balance: $5000.00 USD | Posiciones: 0 | Estrategias: 3
2026-08-21 19:25:04,226 [INFO] 📊 [PULSO PAPER MULTI-STRATEGY] Balance: $5000.00 USD | Posiciones: 0 | Estrategias: 3
2026-08-21 19:26:14,058 [INFO] 📊 [PULSO PAPER MULTI-STRATEGY] Balance: $5000.00 USD | Posiciones: 0 | Estrategias: 3
2026-08-21 19:27:23,119 [INFO] 📊 [PULSO PAPER MULTI-STRATEGY] Balance: $5000.00 USD | Posiciones: 0 | Estrategias: 3
2026-08-21 19:28:30,431 [INFO] 📊 [PULSO PAPER MULTI-STRATEGY] Balance: $5000.00 USD | Posiciones: 0 | Estrategias: 3
2026-08-21 19:29:39,013 [INFO] 📊 [PULSO PAPER MULTI-STRATEGY] Balance: $5000.00 USD | Posiciones: 0 | Estrategias: 3
2026-08-21 19:30:47,822 [INFO] 📊 [PULSO PAPER MULTI-STRATEGY] Balance: $5000.00 USD | Posiciones: 0 | Estrategias: 3
2026-08-21 19:31:57,793 [INFO] 📊 [PULSO PAPER MULTI-STRATEGY] Balance: $5000.00 USD | Posiciones: 0 | Estrategias: 3
2026-08-21 19:33:06,590 [INFO] 📊 [PULSO PAPER MULTI-STRATEGY] Balance: $5000.00 USD | Posiciones: 0 | Estrategias: 3
2026-08-21 19:34:16,095 [INFO] 📊 [PULSO PAPER MULTI-STRATEGY] Balance: $5000.00 USD | Posiciones: 0 | Estrategias: 3
2026-08-21 19:35:26,260 [INFO] 📊 [PULSO PAPER MULTI-STRATEGY] Balance: $5000.00 USD | Posiciones: 0 | Estrategias: 3
2026-08-21 19:36:36,072 [INFO] 📊 [PULSO PAPER MULTI-STRATEGY] Balance: $5000.00 USD | Posiciones: 0 | Estrategias: 3
2026-08-21 19:37:44,265 [INFO] 📊 [PULSO PAPER MULTI-STRATEGY] Balance: $5000.00 USD | Posiciones: 0 | Estrategias: 3
2026-08-21 19:38:54,018 [INFO] 📊 [PULSO PAPER MULTI-STRATEGY] Balance: $5000.00 USD | Posiciones: 0 | Estrategias: 3
2026-08-21 19:40:04,791 [INFO] 📊 [PULSO PAPER MULTI-STRATEGY] Balance: $5000.00 USD | Posiciones: 0 | Estrategias: 3
2026-08-21 19:41:13,698 [INFO] 📊 [PULSO PAPER MULTI-STRATEGY] Balance: $5000.00 USD | Posiciones: 0 | Estrategias: 3
2026-08-21 19:42:21,292 [INFO] 📊 [PULSO PAPER MULTI-STRATEGY] Balance: $5000.00 USD | Posiciones: 0 | Estrategias: 3
2026-08-21 19:43:29,580 [INFO] 📊 [PULSO PAPER MULTI-STRATEGY] Balance: $5000.00 USD | Posiciones: 0 | Estrategias: 3
2026-08-21 19:44:37,986 [INFO] 📊 [PULSO PAPER MULTI-STRATEGY] Balance: $5000.00 USD | Posiciones: 0 | Estrategias: 3
2026-08-21 19:45:47,223 [INFO] 📊 [PULSO PAPER MULTI-STRATEGY] Balance: $5000.00 USD | Posiciones: 0 | Estrategias: 3
2026-08-21 19:46:55,481 [INFO] 📊 [PULSO PAPER MULTI-STRATEGY] Balance: $5000.00 USD | Posiciones: 0 | Estrategias: 3
2026-08-21 19:48:05,375 [INFO] 📊 [PULSO PAPER MULTI-STRATEGY] Balance: $5000.00 USD | Posiciones: 0 | Estrategias: 3
2026-08-21 19:49:12,640 [INFO] 📊 [PULSO PAPER MULTI-STRATEGY] Balance: $5000.00 USD | Posiciones: 0 | Estrategias: 3
2026-08-21 19:50:22,237 [INFO] 📊 [PULSO PAPER MULTI-STRATEGY] Balance: $5000.00 USD | Posiciones: 0 | Estrategias: 3
2026-08-21 19:51:30,804 [INFO] 📊 [PULSO PAPER MULTI-STRATEGY] Balance: $5000.00 USD | Posiciones: 0 | Estrategias: 3
2026-08-21 19:52:38,718 [INFO] 📊 [PULSO PAPER MULTI-STRATEGY] Balance: $5000.00 USD | Posiciones: 0 | Estrategias: 3
2026-08-21 19:53:47,638 [INFO] 📊 [PULSO PAPER MULTI-STRATEGY] Balance: $5000.00 USD | Posiciones: 0 | Estrategias: 3
2026-08-21 19:54:55,696 [INFO] 📊 [PULSO PAPER MULTI-STRATEGY] Balance: $5000.00 USD | Posiciones: 0 | Estrategias: 3
2026-08-21 19:56:03,693 [INFO] 📊 [PULSO PAPER MULTI-STRATEGY] Balance: $5000.00 USD | Posiciones: 0 | Estrategias: 3
2026-08-21 19:57:11,471 [INFO] 📊 [PULSO PAPER MULTI-STRATEGY] Balance: $5000.00 USD | Posiciones: 0 | Estrategias: 3
2026-08-21 19:58:22,347 [INFO] 📊 [PULSO PAPER MULTI-STRATEGY] Balance: $5000.00 USD | Posiciones: 0 | Estrategias: 3
2026-08-21 19:59:31,048 [INFO] 📊 [PULSO PAPER MULTI-STRATEGY] Balance: $5000.00 USD | Posiciones: 0 | Estrategias: 3
2026-08-21 20:00:40,988 [INFO] 📊 [PULSO PAPER MULTI-STRATEGY] Balance: $5000.00 USD | Posiciones: 0 | Estrategias: 3
2026-08-21 20:01:49,861 [INFO] 📊 [PULSO PAPER MULTI-STRATEGY] Balance: $5000.00 USD | Posiciones: 0 | Estrategias: 3
2026-08-21 20:02:58,299 [INFO] 📊 [PULSO PAPER MULTI-STRATEGY] Balance: $5000.00 USD | Posiciones: 0 | Estrategias: 3
2026-08-21 20:04:08,755 [INFO] 📊 [PULSO PAPER MULTI-STRATEGY] Balance: $5000.00 USD | Posiciones: 0 | Estrategias: 3
2026-08-21 20:05:17,478 [INFO] 📊 [PULSO PAPER MULTI-STRATEGY] Balance: $5000.00 USD | Posiciones: 0 | Estrategias: 3
2026-08-21 20:06:25,729 [INFO] 📊 [PULSO PAPER MULTI-STRATEGY] Balance: $5000.00 USD | Posiciones: 0 | Estrategias: 3
2026-08-21 20:07:35,794 [INFO] 📊 [PULSO PAPER MULTI-STRATEGY] Balance: $5000.00 USD | Posiciones: 0 | Estrategias: 3
2026-08-21 20:08:43,394 [INFO] 📊 [PULSO PAPER MULTI-STRATEGY] Balance: $5000.00 USD | Posiciones: 0 | Estrategias: 3
2026-08-21 20:09:52,189 [INFO] 📊 [PULSO PAPER MULTI-STRATEGY] Balance: $5000.00 USD | Posiciones: 0 | Estrategias: 3
2026-08-21 20:11:00,390 [INFO] 📊 [PULSO PAPER MULTI-STRATEGY] Balance: $5000.00 USD | Posiciones: 0 | Estrategias: 3
2026-08-21 20:12:09,358 [INFO] 📊 [PULSO PAPER MULTI-STRATEGY] Balance: $5000.00 USD | Posiciones: 0 | Estrategias: 3
2026-08-21 20:13:19,576 [INFO] 📊 [PULSO PAPER MULTI-STRATEGY] Balance: $5000.00 USD | Posiciones: 0 | Estrategias: 3
2026-08-21 20:14:29,538 [INFO] 📊 [PULSO PAPER MULTI-STRATEGY] Balance: $5000.00 USD | Posiciones: 0 | Estrategias: 3
2026-08-21 20:15:37,715 [INFO] 📊 [PULSO PAPER MULTI-STRATEGY] Balance: $5000.00 USD | Posiciones: 0 | Estrategias: 3
2026-08-21 20:16:45,780 [INFO] 📊 [PULSO PAPER MULTI-STRATEGY] Balance: $5000.00 USD | Posiciones: 0 | Estrategias: 3
2026-08-21 20:17:55,909 [INFO] 📊 [PULSO PAPER MULTI-STRATEGY] Balance: $5000.00 USD | Posiciones: 0 | Estrategias: 3
2026-08-21 20:19:06,685 [INFO] 📊 [PULSO PAPER MULTI-STRATEGY] Balance: $5000.00 USD | Posiciones: 0 | Estrategias: 3
2026-08-21 20:20:17,851 [INFO] 📊 [PULSO PAPER MULTI-STRATEGY] Balance: $5000.00 USD | Posiciones: 0 | Estrategias: 3
2026-08-21 20:21:26,576 [INFO] 📊 [PULSO PAPER MULTI-STRATEGY] Balance: $5000.00 USD | Posiciones: 0 | Estrategias: 3
2026-08-21 20:22:34,593 [INFO] 📊 [PULSO PAPER MULTI-STRATEGY] Balance: $5000.00 USD | Posiciones: 0 | Estrategias: 3
2026-08-21 20:23:44,706 [INFO] 📊 [PULSO PAPER MULTI-STRATEGY] Balance: $5000.00 USD | Posiciones: 0 | Estrategias: 3
2026-08-21 20:24:52,660 [INFO] 📊 [PULSO PAPER MULTI-STRATEGY] Balance: $5000.00 USD | Posiciones: 0 | Estrategias: 3
2026-08-21 20:26:01,793 [INFO] 📊 [PULSO PAPER MULTI-STRATEGY] Balance: $5000.00 USD | Posiciones: 0 | Estrategias: 3
2026-08-21 20:27:11,141 [INFO] 📊 [PULSO PAPER MULTI-STRATEGY] Balance: $5000.00 USD | Posiciones: 0 | Estrategias: 3
2026-08-21 20:28:20,377 [INFO] 📊 [PULSO PAPER MULTI-STRATEGY] Balance: $5000.00 USD | Posiciones: 0 | Estrategias: 3
2026-08-21 20:29:27,788 [INFO] 📊 [PULSO PAPER MULTI-STRATEGY] Balance: $5000.00 USD | Posiciones: 0 | Estrategias: 3
2026-08-21 20:30:38,175 [INFO] 📊 [PULSO PAPER MULTI-STRATEGY] Balance: $5000.00 USD | Posiciones: 0 | Estrategias: 3
2026-08-21 20:31:46,950 [INFO] 📊 [PULSO PAPER MULTI-STRATEGY] Balance: $5000.00 USD | Posiciones: 0 | Estrategias: 3
2026-08-21 20:32:58,112 [INFO] 📊 [PULSO PAPER MULTI-STRATEGY] Balance: $5000.00 USD | Posiciones: 0 | Estrategias: 3
2026-08-21 20:34:10,412 [INFO] 📊 [PULSO PAPER MULTI-STRATEGY] Balance: $5000.00 USD | Posiciones: 0 | Estrategias: 3
2026-08-21 20:35:21,350 [INFO] 📊 [PULSO PAPER MULTI-STRATEGY] Balance: $5000.00 USD | Posiciones: 0 | Estrategias: 3
2026-08-21 20:36:34,033 [INFO] 📊 [PULSO PAPER MULTI-STRATEGY] Balance: $5000.00 USD | Posiciones: 0 | Estrategias: 3
2026-08-21 20:37:43,283 [INFO] 📊 [PULSO PAPER MULTI-STRATEGY] Balance: $5000.00 USD | Posiciones: 0 | Estrategias: 3
2026-08-21 20:38:51,697 [INFO] 📊 [PULSO PAPER MULTI-STRATEGY] Balance: $5000.00 USD | Posiciones: 0 | Estrategias: 3
2026-08-21 20:40:01,604 [INFO] 📊 [PULSO PAPER MULTI-STRATEGY] Balance: $5000.00 USD | Posiciones: 0 | Estrategias: 3
2026-08-21 20:41:10,565 [INFO] 📊 [PULSO PAPER MULTI-STRATEGY] Balance: $5000.00 USD | Posiciones: 0 | Estrategias: 3
2026-08-21 20:42:22,206 [INFO] 📊 [PULSO PAPER MULTI-STRATEGY] Balance: $5000.00 USD | Posiciones: 0 | Estrategias: 3
2026-08-21 20:43:33,263 [INFO] 📊 [PULSO PAPER MULTI-STRATEGY] Balance: $5000.00 USD | Posiciones: 0 | Estrategias: 3
2026-08-21 20:44:44,533 [INFO] 📊 [PULSO PAPER MULTI-STRATEGY] Balance: $5000.00 USD | Posiciones: 0 | Estrategias: 3
2026-08-21 20:45:56,353 [INFO] 📊 [PULSO PAPER MULTI-STRATEGY] Balance: $5000.00 USD | Posiciones: 0 | Estrategias: 3
2026-08-21 20:47:05,704 [INFO] 📊 [PULSO PAPER MULTI-STRATEGY] Balance: $5000.00 USD | Posiciones: 0 | Estrategias: 3
2026-08-21 20:48:14,397 [INFO] 📊 [PULSO PAPER MULTI-STRATEGY] Balance: $5000.00 USD | Posiciones: 0 | Estrategias: 3
2026-08-21 20:49:26,140 [INFO] 📊 [PULSO PAPER MULTI-STRATEGY] Balance: $5000.00 USD | Posiciones: 0 | Estrategias: 3
2026-08-21 20:50:37,072 [INFO] 📊 [PULSO PAPER MULTI-STRATEGY] Balance: $5000.00 USD | Posiciones: 0 | Estrategias: 3
2026-08-21 20:51:46,868 [INFO] 📊 [PULSO PAPER MULTI-STRATEGY] Balance: $5000.00 USD | Posiciones: 0 | Estrategias: 3
2026-08-21 20:52:56,264 [INFO] 📊 [PULSO PAPER MULTI-STRATEGY] Balance: $5000.00 USD | Posiciones: 0 | Estrategias: 3
2026-08-21 20:54:04,753 [INFO] 📊 [PULSO PAPER MULTI-STRATEGY] Balance: $5000.00 USD | Posiciones: 0 | Estrategias: 3
2026-08-21 20:55:13,386 [INFO] 📊 [PULSO PAPER MULTI-STRATEGY] Balance: $5000.00 USD | Posiciones: 0 | Estrategias: 3
2026-08-21 20:56:22,774 [INFO] 📊 [PULSO PAPER MULTI-STRATEGY] Balance: $5000.00 USD | Posiciones: 0 | Estrategias: 3
2026-08-21 20:57:33,036 [INFO] 📊 [PULSO PAPER MULTI-STRATEGY] Balance: $5000.00 USD | Posiciones: 0 | Estrategias: 3
2026-08-21 20:58:41,470 [INFO] 📊 [PULSO PAPER MULTI-STRATEGY] Balance: $5000.00 USD | Posiciones: 0 | Estrategias: 3
2026-08-21 20:59:49,764 [INFO] 📊 [PULSO PAPER MULTI-STRATEGY] Balance: $5000.00 USD | Posiciones: 0 | Estrategias: 3
2026-08-21 21:00:58,477 [INFO] 📊 [PULSO PAPER MULTI-STRATEGY] Balance: $5000.00 USD | Posiciones: 0 | Estrategias: 3
2026-08-21 21:02:07,800 [INFO] 📊 [PULSO PAPER MULTI-STRATEGY] Balance: $5000.00 USD | Posiciones: 0 | Estrategias: 3
2026-08-21 21:03:16,413 [INFO] 📊 [PULSO PAPER MULTI-STRATEGY] Balance: $5000.00 USD | Posiciones: 0 | Estrategias: 3
2026-08-21 21:04:25,256 [INFO] 📊 [PULSO PAPER MULTI-STRATEGY] Balance: $5000.00 USD | Posiciones: 0 | Estrategias: 3
2026-08-21 21:05:34,345 [INFO] 📊 [PULSO PAPER MULTI-STRATEGY] Balance: $5000.00 USD | Posiciones: 0 | Estrategias: 3
2026-08-21 21:06:44,592 [INFO] 📊 [PULSO PAPER MULTI-STRATEGY] Balance: $5000.00 USD | Posiciones: 0 | Estrategias: 3
2026-08-21 21:07:53,120 [INFO] 📊 [PULSO PAPER MULTI-STRATEGY] Balance: $5000.00 USD | Posiciones: 0 | Estrategias: 3
2026-08-21 21:09:02,347 [INFO] 📊 [PULSO PAPER MULTI-STRATEGY] Balance: $5000.00 USD | Posiciones: 0 | Estrategias: 3
2026-08-21 21:10:09,301 [INFO] 📊 [PULSO PAPER MULTI-STRATEGY] Balance: $5000.00 USD | Posiciones: 0 | Estrategias: 3
2026-08-21 21:11:17,900 [INFO] 📊 [PULSO PAPER MULTI-STRATEGY] Balance: $5000.00 USD | Posiciones: 0 | Estrategias: 3
2026-08-21 21:12:27,657 [INFO] 📊 [PULSO PAPER MULTI-STRATEGY] Balance: $5000.00 USD | Posiciones: 0 | Estrategias: 3
2026-08-21 21:13:36,988 [INFO] 📊 [PULSO PAPER MULTI-STRATEGY] Balance: $5000.00 USD | Posiciones: 0 | Estrategias: 3
2026-08-21 21:14:44,712 [INFO] 📊 [PULSO PAPER MULTI-STRATEGY] Balance: $5000.00 USD | Posiciones: 0 | Estrategias: 3
2026-08-21 21:15:51,902 [INFO] 📊 [PULSO PAPER MULTI-STRATEGY] Balance: $5000.00 USD | Posiciones: 0 | Estrategias: 3
2026-08-21 21:17:00,866 [INFO] 📊 [PULSO PAPER MULTI-STRATEGY] Balance: $5000.00 USD | Posiciones: 0 | Estrategias: 3
2026-08-21 21:18:12,134 [INFO] 📊 [PULSO PAPER MULTI-STRATEGY] Balance: $5000.00 USD | Posiciones: 0 | Estrategias: 3
2026-08-21 21:19:22,782 [INFO] 📊 [PULSO PAPER MULTI-STRATEGY] Balance: $5000.00 USD | Posiciones: 0 | Estrategias: 3
2026-08-21 21:20:32,207 [INFO] 📊 [PULSO PAPER MULTI-STRATEGY] Balance: $5000.00 USD | Posiciones: 0 | Estrategias: 3
2026-08-21 21:21:42,045 [INFO] 📊 [PULSO PAPER MULTI-STRATEGY] Balance: $5000.00 USD | Posiciones: 0 | Estrategias: 3
2026-08-21 21:22:50,232 [INFO] 📊 [PULSO PAPER MULTI-STRATEGY] Balance: $5000.00 USD | Posiciones: 0 | Estrategias: 3
2026-08-21 21:23:59,268 [INFO] 📊 [PULSO PAPER MULTI-STRATEGY] Balance: $5000.00 USD | Posiciones: 0 | Estrategias: 3
2026-08-21 21:25:07,901 [INFO] 📊 [PULSO PAPER MULTI-STRATEGY] Balance: $5000.00 USD | Posiciones: 0 | Estrategias: 3
2026-08-21 21:26:16,066 [INFO] 📊 [PULSO PAPER MULTI-STRATEGY] Balance: $5000.00 USD | Posiciones: 0 | Estrategias: 3
2026-08-21 21:27:25,194 [INFO] 📊 [PULSO PAPER MULTI-STRATEGY] Balance: $5000.00 USD | Posiciones: 0 | Estrategias: 3
2026-08-21 21:28:34,514 [INFO] 📊 [PULSO PAPER MULTI-STRATEGY] Balance: $5000.00 USD | Posiciones: 0 | Estrategias: 3
2026-08-21 21:29:44,066 [INFO] 📊 [PULSO PAPER MULTI-STRATEGY] Balance: $5000.00 USD | Posiciones: 0 | Estrategias: 3
2026-08-21 21:30:51,930 [INFO] 📊 [PULSO PAPER MULTI-STRATEGY] Balance: $5000.00 USD | Posiciones: 0 | Estrategias: 3
2026-08-21 21:32:02,244 [INFO] 📊 [PULSO PAPER MULTI-STRATEGY] Balance: $5000.00 USD | Posiciones: 0 | Estrategias: 3
2026-08-21 21:33:11,708 [INFO] 📊 [PULSO PAPER MULTI-STRATEGY] Balance: $5000.00 USD | Posiciones: 0 | Estrategias: 3
2026-08-21 21:34:21,568 [INFO] 📊 [PULSO PAPER MULTI-STRATEGY] Balance: $5000.00 USD | Posiciones: 0 | Estrategias: 3
2026-08-21 21:35:29,434 [INFO] 📊 [PULSO PAPER MULTI-STRATEGY] Balance: $5000.00 USD | Posiciones: 0 | Estrategias: 3
2026-08-21 21:36:39,433 [INFO] 📊 [PULSO PAPER MULTI-STRATEGY] Balance: $5000.00 USD | Posiciones: 0 | Estrategias: 3
2026-08-21 21:37:48,172 [INFO] 📊 [PULSO PAPER MULTI-STRATEGY] Balance: $5000.00 USD | Posiciones: 0 | Estrategias: 3
2026-08-21 21:38:58,304 [INFO] 📊 [PULSO PAPER MULTI-STRATEGY] Balance: $5000.00 USD | Posiciones: 0 | Estrategias: 3
2026-08-21 21:40:06,527 [INFO] 📊 [PULSO PAPER MULTI-STRATEGY] Balance: $5000.00 USD | Posiciones: 0 | Estrategias: 3
2026-08-21 21:41:16,040 [INFO] 📊 [PULSO PAPER MULTI-STRATEGY] Balance: $5000.00 USD | Posiciones: 0 | Estrategias: 3
2026-08-21 21:42:25,607 [INFO] 📊 [PULSO PAPER MULTI-STRATEGY] Balance: $5000.00 USD | Posiciones: 0 | Estrategias: 3
2026-08-21 21:43:32,933 [INFO] 📊 [PULSO PAPER MULTI-STRATEGY] Balance: $5000.00 USD | Posiciones: 0 | Estrategias: 3
2026-08-21 21:44:41,493 [INFO] 📊 [PULSO PAPER MULTI-STRATEGY] Balance: $5000.00 USD | Posiciones: 0 | Estrategias: 3
2026-08-21 21:45:50,891 [INFO] 📊 [PULSO PAPER MULTI-STRATEGY] Balance: $5000.00 USD | Posiciones: 0 | Estrategias: 3
2026-08-21 21:46:59,221 [INFO] 📊 [PULSO PAPER MULTI-STRATEGY] Balance: $5000.00 USD | Posiciones: 0 | Estrategias: 3
2026-08-21 21:48:07,041 [INFO] 📊 [PULSO PAPER MULTI-STRATEGY] Balance: $5000.00 USD | Posiciones: 0 | Estrategias: 3
2026-08-21 21:49:16,333 [INFO] 📊 [PULSO PAPER MULTI-STRATEGY] Balance: $5000.00 USD | Posiciones: 0 | Estrategias: 3
2026-08-21 21:50:23,656 [INFO] 📊 [PULSO PAPER MULTI-STRATEGY] Balance: $5000.00 USD | Posiciones: 0 | Estrategias: 3
2026-08-21 21:51:32,795 [INFO] 📊 [PULSO PAPER MULTI-STRATEGY] Balance: $5000.00 USD | Posiciones: 0 | Estrategias: 3
2026-08-21 21:52:40,264 [INFO] 📊 [PULSO PAPER MULTI-STRATEGY] Balance: $5000.00 USD | Posiciones: 0 | Estrategias: 3
2026-08-21 21:53:51,229 [INFO] 📊 [PULSO PAPER MULTI-STRATEGY] Balance: $5000.00 USD | Posiciones: 0 | Estrategias: 3
2026-08-21 21:54:59,267 [INFO] 📊 [PULSO PAPER MULTI-STRATEGY] Balance: $5000.00 USD | Posiciones: 0 | Estrategias: 3
2026-08-21 21:56:08,067 [INFO] 📊 [PULSO PAPER MULTI-STRATEGY] Balance: $5000.00 USD | Posiciones: 0 | Estrategias: 3
2026-08-21 21:57:18,373 [INFO] 📊 [PULSO PAPER MULTI-STRATEGY] Balance: $5000.00 USD | Posiciones: 0 | Estrategias: 3
2026-08-21 21:58:26,040 [INFO] 📊 [PULSO PAPER MULTI-STRATEGY] Balance: $5000.00 USD | Posiciones: 0 | Estrategias: 3
2026-08-21 21:59:36,718 [INFO] 📊 [PULSO PAPER MULTI-STRATEGY] Balance: $5000.00 USD | Posiciones: 0 | Estrategias: 3
2026-08-21 22:00:45,443 [INFO] 📊 [PULSO PAPER MULTI-STRATEGY] Balance: $5000.00 USD | Posiciones: 0 | Estrategias: 3
2026-08-21 22:01:53,291 [INFO] 📊 [PULSO PAPER MULTI-STRATEGY] Balance: $5000.00 USD | Posiciones: 0 | Estrategias: 3
2026-08-21 22:03:01,959 [INFO] 📊 [PULSO PAPER MULTI-STRATEGY] Balance: $5000.00 USD | Posiciones: 0 | Estrategias: 3
2026-08-21 22:04:11,062 [INFO] 📊 [PULSO PAPER MULTI-STRATEGY] Balance: $5000.00 USD | Posiciones: 0 | Estrategias: 3
2026-08-21 22:05:21,263 [INFO] 📊 [PULSO PAPER MULTI-STRATEGY] Balance: $5000.00 USD | Posiciones: 0 | Estrategias: 3
2026-08-21 22:06:29,140 [INFO] 📊 [PULSO PAPER MULTI-STRATEGY] Balance: $5000.00 USD | Posiciones: 0 | Estrategias: 3
2026-08-21 22:07:38,144 [INFO] 📊 [PULSO PAPER MULTI-STRATEGY] Balance: $5000.00 USD | Posiciones: 0 | Estrategias: 3
2026-08-21 22:08:48,973 [INFO] 📊 [PULSO PAPER MULTI-STRATEGY] Balance: $5000.00 USD | Posiciones: 0 | Estrategias: 3
2026-08-21 22:09:57,223 [INFO] 📊 [PULSO PAPER MULTI-STRATEGY] Balance: $5000.00 USD | Posiciones: 0 | Estrategias: 3
2026-08-21 22:11:06,038 [INFO] 📊 [PULSO PAPER MULTI-STRATEGY] Balance: $5000.00 USD | Posiciones: 0 | Estrategias: 3
2026-08-21 22:12:15,149 [INFO] 📊 [PULSO PAPER MULTI-STRATEGY] Balance: $5000.00 USD | Posiciones: 0 | Estrategias: 3
2026-08-21 22:13:23,768 [INFO] 📊 [PULSO PAPER MULTI-STRATEGY] Balance: $5000.00 USD | Posiciones: 0 | Estrategias: 3
2026-08-21 22:14:34,140 [INFO] 📊 [PULSO PAPER MULTI-STRATEGY] Balance: $5000.00 USD | Posiciones: 0 | Estrategias: 3
2026-08-21 22:15:42,768 [INFO] 📊 [PULSO PAPER MULTI-STRATEGY] Balance: $5000.00 USD | Posiciones: 0 | Estrategias: 3
2026-08-21 22:16:53,423 [INFO] 📊 [PULSO PAPER MULTI-STRATEGY] Balance: $5000.00 USD | Posiciones: 0 | Estrategias: 3
2026-08-21 22:18:03,212 [INFO] 📊 [PULSO PAPER MULTI-STRATEGY] Balance: $5000.00 USD | Posiciones: 0 | Estrategias: 3
2026-08-21 22:19:11,758 [INFO] 📊 [PULSO PAPER MULTI-STRATEGY] Balance: $5000.00 USD | Posiciones: 0 | Estrategias: 3
2026-08-21 22:20:22,149 [INFO] 📊 [PULSO PAPER MULTI-STRATEGY] Balance: $5000.00 USD | Posiciones: 0 | Estrategias: 3
2026-08-21 22:21:33,281 [INFO] 📊 [PULSO PAPER MULTI-STRATEGY] Balance: $5000.00 USD | Posiciones: 0 | Estrategias: 3
2026-08-21 22:22:43,643 [INFO] 📊 [PULSO PAPER MULTI-STRATEGY] Balance: $5000.00 USD | Posiciones: 0 | Estrategias: 3
2026-08-21 22:23:52,523 [INFO] 📊 [PULSO PAPER MULTI-STRATEGY] Balance: $5000.00 USD | Posiciones: 0 | Estrategias: 3
2026-08-21 22:25:01,551 [INFO] 📊 [PULSO PAPER MULTI-STRATEGY] Balance: $5000.00 USD | Posiciones: 0 | Estrategias: 3
2026-08-21 22:26:11,758 [INFO] 📊 [PULSO PAPER MULTI-STRATEGY] Balance: $5000.00 USD | Posiciones: 0 | Estrategias: 3
2026-08-21 22:27:21,172 [INFO] 📊 [PULSO PAPER MULTI-STRATEGY] Balance: $5000.00 USD | Posiciones: 0 | Estrategias: 3
2026-08-21 22:28:29,942 [INFO] 📊 [PULSO PAPER MULTI-STRATEGY] Balance: $5000.00 USD | Posiciones: 0 | Estrategias: 3
2026-08-21 22:29:39,548 [INFO] 📊 [PULSO PAPER MULTI-STRATEGY] Balance: $5000.00 USD | Posiciones: 0 | Estrategias: 3
2026-08-21 22:30:49,565 [INFO] 📊 [PULSO PAPER MULTI-STRATEGY] Balance: $5000.00 USD | Posiciones: 0 | Estrategias: 3
2026-08-21 22:31:58,266 [INFO] 📊 [PULSO PAPER MULTI-STRATEGY] Balance: $5000.00 USD | Posiciones: 0 | Estrategias: 3
2026-08-21 22:33:07,843 [INFO] 📊 [PULSO PAPER MULTI-STRATEGY] Balance: $5000.00 USD | Posiciones: 0 | Estrategias: 3
2026-08-21 22:34:18,942 [INFO] 📊 [PULSO PAPER MULTI-STRATEGY] Balance: $5000.00 USD | Posiciones: 0 | Estrategias: 3
2026-08-21 22:35:27,651 [INFO] 📊 [PULSO PAPER MULTI-STRATEGY] Balance: $5000.00 USD | Posiciones: 0 | Estrategias: 3
2026-08-21 22:36:36,917 [INFO] 📊 [PULSO PAPER MULTI-STRATEGY] Balance: $5000.00 USD | Posiciones: 0 | Estrategias: 3
2026-08-21 22:37:44,968 [INFO] 📊 [PULSO PAPER MULTI-STRATEGY] Balance: $5000.00 USD | Posiciones: 0 | Estrategias: 3
2026-08-21 22:38:53,849 [INFO] 📊 [PULSO PAPER MULTI-STRATEGY] Balance: $5000.00 USD | Posiciones: 0 | Estrategias: 3
2026-08-21 22:40:05,522 [INFO] 📊 [PULSO PAPER MULTI-STRATEGY] Balance: $5000.00 USD | Posiciones: 0 | Estrategias: 3
2026-08-21 22:41:15,957 [INFO] 📊 [PULSO PAPER MULTI-STRATEGY] Balance: $5000.00 USD | Posiciones: 0 | Estrategias: 3
2026-08-21 22:42:26,142 [INFO] 📊 [PULSO PAPER MULTI-STRATEGY] Balance: $5000.00 USD | Posiciones: 0 | Estrategias: 3
2026-08-21 22:43:36,051 [INFO] 📊 [PULSO PAPER MULTI-STRATEGY] Balance: $5000.00 USD | Posiciones: 0 | Estrategias: 3
2026-08-21 22:44:45,576 [INFO] 📊 [PULSO PAPER MULTI-STRATEGY] Balance: $5000.00 USD | Posiciones: 0 | Estrategias: 3
2026-08-21 22:45:55,248 [INFO] 📊 [PULSO PAPER MULTI-STRATEGY] Balance: $5000.00 USD | Posiciones: 0 | Estrategias: 3
2026-08-21 22:47:04,871 [INFO] 📊 [PULSO PAPER MULTI-STRATEGY] Balance: $5000.00 USD | Posiciones: 0 | Estrategias: 3
2026-08-21 22:48:15,614 [INFO] 📊 [PULSO PAPER MULTI-STRATEGY] Balance: $5000.00 USD | Posiciones: 0 | Estrategias: 3
2026-08-21 22:49:24,936 [INFO] 📊 [PULSO PAPER MULTI-STRATEGY] Balance: $5000.00 USD | Posiciones: 0 | Estrategias: 3
2026-08-21 22:50:32,221 [INFO] 📊 [PULSO PAPER MULTI-STRATEGY] Balance: $5000.00 USD | Posiciones: 0 | Estrategias: 3
2026-08-21 22:51:40,458 [INFO] 📊 [PULSO PAPER MULTI-STRATEGY] Balance: $5000.00 USD | Posiciones: 0 | Estrategias: 3
2026-08-21 22:52:49,131 [INFO] 📊 [PULSO PAPER MULTI-STRATEGY] Balance: $5000.00 USD | Posiciones: 0 | Estrategias: 3
2026-08-21 22:53:57,832 [INFO] 📊 [PULSO PAPER MULTI-STRATEGY] Balance: $5000.00 USD | Posiciones: 0 | Estrategias: 3
2026-08-21 22:55:06,957 [INFO] 📊 [PULSO PAPER MULTI-STRATEGY] Balance: $5000.00 USD | Posiciones: 0 | Estrategias: 3
2026-08-21 22:56:16,348 [INFO] 📊 [PULSO PAPER MULTI-STRATEGY] Balance: $5000.00 USD | Posiciones: 0 | Estrategias: 3
2026-08-21 22:57:25,975 [INFO] 📊 [PULSO PAPER MULTI-STRATEGY] Balance: $5000.00 USD | Posiciones: 0 | Estrategias: 3
2026-08-21 22:58:35,772 [INFO] 📊 [PULSO PAPER MULTI-STRATEGY] Balance: $5000.00 USD | Posiciones: 0 | Estrategias: 3
2026-08-21 22:59:44,575 [INFO] 📊 [PULSO PAPER MULTI-STRATEGY] Balance: $5000.00 USD | Posiciones: 0 | Estrategias: 3
2026-08-21 23:00:53,601 [INFO] 📊 [PULSO PAPER MULTI-STRATEGY] Balance: $5000.00 USD | Posiciones: 0 | Estrategias: 3
2026-08-21 23:02:03,088 [INFO] 📊 [PULSO PAPER MULTI-STRATEGY] Balance: $5000.00 USD | Posiciones: 0 | Estrategias: 3
2026-08-21 23:03:13,178 [INFO] 📊 [PULSO PAPER MULTI-STRATEGY] Balance: $5000.00 USD | Posiciones: 0 | Estrategias: 3
2026-08-21 23:04:22,229 [INFO] 📊 [PULSO PAPER MULTI-STRATEGY] Balance: $5000.00 USD | Posiciones: 0 | Estrategias: 3
2026-08-21 23:05:32,966 [INFO] 📊 [PULSO PAPER MULTI-STRATEGY] Balance: $5000.00 USD | Posiciones: 0 | Estrategias: 3
2026-08-21 23:06:42,782 [INFO] 📊 [PULSO PAPER MULTI-STRATEGY] Balance: $5000.00 USD | Posiciones: 0 | Estrategias: 3
2026-08-21 23:07:52,118 [INFO] 📊 [PULSO PAPER MULTI-STRATEGY] Balance: $5000.00 USD | Posiciones: 0 | Estrategias: 3
2026-08-21 23:09:00,417 [INFO] 📊 [PULSO PAPER MULTI-STRATEGY] Balance: $5000.00 USD | Posiciones: 0 | Estrategias: 3
2026-08-21 23:10:11,183 [INFO] 📊 [PULSO PAPER MULTI-STRATEGY] Balance: $5000.00 USD | Posiciones: 0 | Estrategias: 3
2026-08-21 23:11:19,955 [INFO] 📊 [PULSO PAPER MULTI-STRATEGY] Balance: $5000.00 USD | Posiciones: 0 | Estrategias: 3
2026-08-21 23:12:28,084 [INFO] 📊 [PULSO PAPER MULTI-STRATEGY] Balance: $5000.00 USD | Posiciones: 0 | Estrategias: 3
2026-08-21 23:13:37,207 [INFO] 📊 [PULSO PAPER MULTI-STRATEGY] Balance: $5000.00 USD | Posiciones: 0 | Estrategias: 3
2026-08-21 23:14:47,070 [INFO] 📊 [PULSO PAPER MULTI-STRATEGY] Balance: $5000.00 USD | Posiciones: 0 | Estrategias: 3
2026-08-21 23:15:55,752 [INFO] 📊 [PULSO PAPER MULTI-STRATEGY] Balance: $5000.00 USD | Posiciones: 0 | Estrategias: 3
2026-08-21 23:17:03,912 [INFO] 📊 [PULSO PAPER MULTI-STRATEGY] Balance: $5000.00 USD | Posiciones: 0 | Estrategias: 3
2026-08-21 23:18:13,002 [INFO] 📊 [PULSO PAPER MULTI-STRATEGY] Balance: $5000.00 USD | Posiciones: 0 | Estrategias: 3
2026-08-21 23:19:22,383 [INFO] 📊 [PULSO PAPER MULTI-STRATEGY] Balance: $5000.00 USD | Posiciones: 0 | Estrategias: 3
2026-08-21 23:20:31,132 [INFO] 📊 [PULSO PAPER MULTI-STRATEGY] Balance: $5000.00 USD | Posiciones: 0 | Estrategias: 3
2026-08-21 23:21:39,965 [INFO] 📊 [PULSO PAPER MULTI-STRATEGY] Balance: $5000.00 USD | Posiciones: 0 | Estrategias: 3
2026-08-21 23:22:48,657 [INFO] 📊 [PULSO PAPER MULTI-STRATEGY] Balance: $5000.00 USD | Posiciones: 0 | Estrategias: 3
2026-08-21 23:23:58,346 [INFO] 📊 [PULSO PAPER MULTI-STRATEGY] Balance: $5000.00 USD | Posiciones: 0 | Estrategias: 3
2026-08-21 23:25:06,021 [INFO] 📊 [PULSO PAPER MULTI-STRATEGY] Balance: $5000.00 USD | Posiciones: 0 | Estrategias: 3
2026-08-21 23:26:13,733 [INFO] 📊 [PULSO PAPER MULTI-STRATEGY] Balance: $5000.00 USD | Posiciones: 0 | Estrategias: 3
2026-08-21 23:27:23,280 [INFO] 📊 [PULSO PAPER MULTI-STRATEGY] Balance: $5000.00 USD | Posiciones: 0 | Estrategias: 3
2026-08-21 23:28:31,152 [INFO] 📊 [PULSO PAPER MULTI-STRATEGY] Balance: $5000.00 USD | Posiciones: 0 | Estrategias: 3
2026-08-21 23:29:40,598 [INFO] 📊 [PULSO PAPER MULTI-STRATEGY] Balance: $5000.00 USD | Posiciones: 0 | Estrategias: 3
2026-08-21 23:30:50,123 [INFO] 📊 [PULSO PAPER MULTI-STRATEGY] Balance: $5000.00 USD | Posiciones: 0 | Estrategias: 3
2026-08-21 23:31:57,824 [INFO] 📊 [PULSO PAPER MULTI-STRATEGY] Balance: $5000.00 USD | Posiciones: 0 | Estrategias: 3
2026-08-21 23:33:05,501 [INFO] 📊 [PULSO PAPER MULTI-STRATEGY] Balance: $5000.00 USD | Posiciones: 0 | Estrategias: 3
2026-08-21 23:34:14,396 [INFO] 📊 [PULSO PAPER MULTI-STRATEGY] Balance: $5000.00 USD | Posiciones: 0 | Estrategias: 3
2026-08-21 23:35:24,802 [INFO] 📊 [PULSO PAPER MULTI-STRATEGY] Balance: $5000.00 USD | Posiciones: 0 | Estrategias: 3
2026-08-21 23:36:33,096 [INFO] 📊 [PULSO PAPER MULTI-STRATEGY] Balance: $5000.00 USD | Posiciones: 0 | Estrategias: 3
2026-08-21 23:37:40,577 [INFO] 📊 [PULSO PAPER MULTI-STRATEGY] Balance: $5000.00 USD | Posiciones: 0 | Estrategias: 3
2026-08-21 23:38:49,708 [INFO] 📊 [PULSO PAPER MULTI-STRATEGY] Balance: $5000.00 USD | Posiciones: 0 | Estrategias: 3
2026-08-21 23:39:57,671 [INFO] 📊 [PULSO PAPER MULTI-STRATEGY] Balance: $5000.00 USD | Posiciones: 0 | Estrategias: 3
2026-08-21 23:41:05,658 [INFO] 📊 [PULSO PAPER MULTI-STRATEGY] Balance: $5000.00 USD | Posiciones: 0 | Estrategias: 3
2026-08-21 23:42:14,169 [INFO] 📊 [PULSO PAPER MULTI-STRATEGY] Balance: $5000.00 USD | Posiciones: 0 | Estrategias: 3
2026-08-21 23:43:23,497 [INFO] 📊 [PULSO PAPER MULTI-STRATEGY] Balance: $5000.00 USD | Posiciones: 0 | Estrategias: 3
2026-08-21 23:44:31,403 [INFO] 📊 [PULSO PAPER MULTI-STRATEGY] Balance: $5000.00 USD | Posiciones: 0 | Estrategias: 3
2026-08-21 23:45:38,959 [INFO] 📊 [PULSO PAPER MULTI-STRATEGY] Balance: $5000.00 USD | Posiciones: 0 | Estrategias: 3
2026-08-21 23:46:47,395 [INFO] 📊 [PULSO PAPER MULTI-STRATEGY] Balance: $5000.00 USD | Posiciones: 0 | Estrategias: 3
2026-08-21 23:47:55,780 [INFO] 📊 [PULSO PAPER MULTI-STRATEGY] Balance: $5000.00 USD | Posiciones: 0 | Estrategias: 3
2026-08-21 23:49:06,021 [INFO] 📊 [PULSO PAPER MULTI-STRATEGY] Balance: $5000.00 USD | Posiciones: 0 | Estrategias: 3
2026-08-21 23:50:15,475 [INFO] 📊 [PULSO PAPER MULTI-STRATEGY] Balance: $5000.00 USD | Posiciones: 0 | Estrategias: 3
2026-08-21 23:51:23,909 [INFO] 📊 [PULSO PAPER MULTI-STRATEGY] Balance: $5000.00 USD | Posiciones: 0 | Estrategias: 3
2026-08-21 23:52:33,780 [INFO] 📊 [PULSO PAPER MULTI-STRATEGY] Balance: $5000.00 USD | Posiciones: 0 | Estrategias: 3
2026-08-21 23:53:42,721 [INFO] 📊 [PULSO PAPER MULTI-STRATEGY] Balance: $5000.00 USD | Posiciones: 0 | Estrategias: 3
2026-08-21 23:54:52,125 [INFO] 📊 [PULSO PAPER MULTI-STRATEGY] Balance: $5000.00 USD | Posiciones: 0 | Estrategias: 3
2026-08-21 23:55:59,841 [INFO] 📊 [PULSO PAPER MULTI-STRATEGY] Balance: $5000.00 USD | Posiciones: 0 | Estrategias: 3
2026-08-21 23:57:07,092 [INFO] 📊 [PULSO PAPER MULTI-STRATEGY] Balance: $5000.00 USD | Posiciones: 0 | Estrategias: 3
2026-08-21 23:58:15,404 [INFO] 📊 [PULSO PAPER MULTI-STRATEGY] Balance: $5000.00 USD | Posiciones: 0 | Estrategias: 3
2026-08-21 23:59:22,695 [INFO] 📊 [PULSO PAPER MULTI-STRATEGY] Balance: $5000.00 USD | Posiciones: 0 | Estrategias: 3
2026-08-22 00:00:31,732 [INFO] 📊 [PULSO PAPER MULTI-STRATEGY] Balance: $5000.00 USD | Posiciones: 0 | Estrategias: 3
2026-08-22 00:01:39,320 [INFO] 📊 [PULSO PAPER MULTI-STRATEGY] Balance: $5000.00 USD | Posiciones: 0 | Estrategias: 3
2026-08-22 00:02:47,287 [INFO] 📊 [PULSO PAPER MULTI-STRATEGY] Balance: $5000.00 USD | Posiciones: 0 | Estrategias: 3
2026-08-22 00:03:55,285 [INFO] 📊 [PULSO PAPER MULTI-STRATEGY] Balance: $5000.00 USD | Posiciones: 0 | Estrategias: 3
2026-08-22 00:05:04,404 [INFO] 📊 [PULSO PAPER MULTI-STRATEGY] Balance: $5000.00 USD | Posiciones: 0 | Estrategias: 3
2026-08-22 00:06:12,291 [INFO] 📊 [PULSO PAPER MULTI-STRATEGY] Balance: $5000.00 USD | Posiciones: 0 | Estrategias: 3
2026-08-22 00:07:21,217 [INFO] 📊 [PULSO PAPER MULTI-STRATEGY] Balance: $5000.00 USD | Posiciones: 0 | Estrategias: 3
2026-08-22 00:08:29,658 [INFO] 📊 [PULSO PAPER MULTI-STRATEGY] Balance: $5000.00 USD | Posiciones: 0 | Estrategias: 3
2026-08-22 00:09:38,636 [INFO] 📊 [PULSO PAPER MULTI-STRATEGY] Balance: $5000.00 USD | Posiciones: 0 | Estrategias: 3
2026-08-22 00:10:47,050 [INFO] 📊 [PULSO PAPER MULTI-STRATEGY] Balance: $5000.00 USD | Posiciones: 0 | Estrategias: 3
2026-08-22 00:11:56,121 [INFO] 📊 [PULSO PAPER MULTI-STRATEGY] Balance: $5000.00 USD | Posiciones: 0 | Estrategias: 3
2026-08-22 00:13:05,177 [INFO] 📊 [PULSO PAPER MULTI-STRATEGY] Balance: $5000.00 USD | Posiciones: 0 | Estrategias: 3
2026-08-22 00:14:14,703 [INFO] 📊 [PULSO PAPER MULTI-STRATEGY] Balance: $5000.00 USD | Posiciones: 0 | Estrategias: 3
2026-08-22 00:15:24,338 [INFO] 📊 [PULSO PAPER MULTI-STRATEGY] Balance: $5000.00 USD | Posiciones: 0 | Estrategias: 3
2026-08-22 00:16:32,658 [INFO] 📊 [PULSO PAPER MULTI-STRATEGY] Balance: $5000.00 USD | Posiciones: 0 | Estrategias: 3
2026-08-22 00:17:40,033 [INFO] 📊 [PULSO PAPER MULTI-STRATEGY] Balance: $5000.00 USD | Posiciones: 0 | Estrategias: 3
2026-08-22 00:18:48,070 [INFO] 📊 [PULSO PAPER MULTI-STRATEGY] Balance: $5000.00 USD | Posiciones: 0 | Estrategias: 3
2026-08-22 00:19:58,042 [INFO] 📊 [PULSO PAPER MULTI-STRATEGY] Balance: $5000.00 USD | Posiciones: 0 | Estrategias: 3
2026-08-22 00:21:06,289 [INFO] 📊 [PULSO PAPER MULTI-STRATEGY] Balance: $5000.00 USD | Posiciones: 0 | Estrategias: 3
2026-08-22 00:22:16,076 [INFO] 📊 [PULSO PAPER MULTI-STRATEGY] Balance: $5000.00 USD | Posiciones: 0 | Estrategias: 3
2026-08-22 00:23:23,677 [INFO] 📊 [PULSO PAPER MULTI-STRATEGY] Balance: $5000.00 USD | Posiciones: 0 | Estrategias: 3
2026-08-22 00:24:31,993 [INFO] 📊 [PULSO PAPER MULTI-STRATEGY] Balance: $5000.00 USD | Posiciones: 0 | Estrategias: 3
2026-08-22 00:25:38,919 [INFO] 📊 [PULSO PAPER MULTI-STRATEGY] Balance: $5000.00 USD | Posiciones: 0 | Estrategias: 3
2026-08-22 00:26:49,235 [INFO] 📊 [PULSO PAPER MULTI-STRATEGY] Balance: $5000.00 USD | Posiciones: 0 | Estrategias: 3
2026-08-22 00:27:57,298 [INFO] 📊 [PULSO PAPER MULTI-STRATEGY] Balance: $5000.00 USD | Posiciones: 0 | Estrategias: 3
2026-08-22 00:29:06,809 [INFO] 📊 [PULSO PAPER MULTI-STRATEGY] Balance: $5000.00 USD | Posiciones: 0 | Estrategias: 3
2026-08-22 00:30:14,707 [INFO] 📊 [PULSO PAPER MULTI-STRATEGY] Balance: $5000.00 USD | Posiciones: 0 | Estrategias: 3
2026-08-22 00:31:22,755 [INFO] 📊 [PULSO PAPER MULTI-STRATEGY] Balance: $5000.00 USD | Posiciones: 0 | Estrategias: 3
2026-08-22 00:32:31,414 [INFO] 📊 [PULSO PAPER MULTI-STRATEGY] Balance: $5000.00 USD | Posiciones: 0 | Estrategias: 3
2026-08-22 00:33:40,450 [INFO] 📊 [PULSO PAPER MULTI-STRATEGY] Balance: $5000.00 USD | Posiciones: 0 | Estrategias: 3
2026-08-22 00:34:48,511 [INFO] 📊 [PULSO PAPER MULTI-STRATEGY] Balance: $5000.00 USD | Posiciones: 0 | Estrategias: 3
2026-08-22 00:35:55,881 [INFO] 📊 [PULSO PAPER MULTI-STRATEGY] Balance: $5000.00 USD | Posiciones: 0 | Estrategias: 3
2026-08-22 00:37:04,563 [INFO] 📊 [PULSO PAPER MULTI-STRATEGY] Balance: $5000.00 USD | Posiciones: 0 | Estrategias: 3
2026-08-22 00:38:12,705 [INFO] 📊 [PULSO PAPER MULTI-STRATEGY] Balance: $5000.00 USD | Posiciones: 0 | Estrategias: 3
2026-08-22 00:39:22,359 [INFO] 📊 [PULSO PAPER MULTI-STRATEGY] Balance: $5000.00 USD | Posiciones: 0 | Estrategias: 3
2026-08-22 00:40:29,638 [INFO] 📊 [PULSO PAPER MULTI-STRATEGY] Balance: $5000.00 USD | Posiciones: 0 | Estrategias: 3
2026-08-22 00:41:39,089 [INFO] 📊 [PULSO PAPER MULTI-STRATEGY] Balance: $5000.00 USD | Posiciones: 0 | Estrategias: 3
2026-08-22 00:42:48,099 [INFO] 📊 [PULSO PAPER MULTI-STRATEGY] Balance: $5000.00 USD | Posiciones: 0 | Estrategias: 3
2026-08-22 00:43:56,638 [INFO] 📊 [PULSO PAPER MULTI-STRATEGY] Balance: $5000.00 USD | Posiciones: 0 | Estrategias: 3
2026-08-22 00:45:05,240 [INFO] 📊 [PULSO PAPER MULTI-STRATEGY] Balance: $5000.00 USD | Posiciones: 0 | Estrategias: 3
2026-08-22 00:46:15,342 [INFO] 📊 [PULSO PAPER MULTI-STRATEGY] Balance: $5000.00 USD | Posiciones: 0 | Estrategias: 3
2026-08-22 00:47:23,176 [INFO] 📊 [PULSO PAPER MULTI-STRATEGY] Balance: $5000.00 USD | Posiciones: 0 | Estrategias: 3
2026-08-22 00:48:32,910 [INFO] 📊 [PULSO PAPER MULTI-STRATEGY] Balance: $5000.00 USD | Posiciones: 0 | Estrategias: 3
2026-08-22 00:49:43,033 [INFO] 📊 [PULSO PAPER MULTI-STRATEGY] Balance: $5000.00 USD | Posiciones: 0 | Estrategias: 3
2026-08-22 00:50:52,447 [INFO] 📊 [PULSO PAPER MULTI-STRATEGY] Balance: $5000.00 USD | Posiciones: 0 | Estrategias: 3
2026-08-22 00:51:59,582 [INFO] 📊 [PULSO PAPER MULTI-STRATEGY] Balance: $5000.00 USD | Posiciones: 0 | Estrategias: 3
2026-08-22 00:53:06,310 [INFO] 📊 [PULSO PAPER MULTI-STRATEGY] Balance: $5000.00 USD | Posiciones: 0 | Estrategias: 3
2026-08-22 00:54:14,010 [INFO] 📊 [PULSO PAPER MULTI-STRATEGY] Balance: $5000.00 USD | Posiciones: 0 | Estrategias: 3
2026-08-22 00:55:20,197 [INFO] 📊 [PULSO PAPER MULTI-STRATEGY] Balance: $5000.00 USD | Posiciones: 0 | Estrategias: 3
2026-08-22 00:56:29,448 [INFO] 📊 [PULSO PAPER MULTI-STRATEGY] Balance: $5000.00 USD | Posiciones: 0 | Estrategias: 3
2026-08-22 00:57:37,448 [INFO] 📊 [PULSO PAPER MULTI-STRATEGY] Balance: $5000.00 USD | Posiciones: 0 | Estrategias: 3
2026-08-22 00:58:45,750 [INFO] 📊 [PULSO PAPER MULTI-STRATEGY] Balance: $5000.00 USD | Posiciones: 0 | Estrategias: 3
2026-08-22 00:59:54,267 [INFO] 📊 [PULSO PAPER MULTI-STRATEGY] Balance: $5000.00 USD | Posiciones: 0 | Estrategias: 3
2026-08-22 01:01:03,472 [INFO] 📊 [PULSO PAPER MULTI-STRATEGY] Balance: $5000.00 USD | Posiciones: 0 | Estrategias: 3
2026-08-22 01:02:12,083 [INFO] 📊 [PULSO PAPER MULTI-STRATEGY] Balance: $5000.00 USD | Posiciones: 0 | Estrategias: 3
2026-08-22 01:03:21,715 [INFO] 📊 [PULSO PAPER MULTI-STRATEGY] Balance: $5000.00 USD | Posiciones: 0 | Estrategias: 3
2026-08-22 01:04:29,306 [INFO] 📊 [PULSO PAPER MULTI-STRATEGY] Balance: $5000.00 USD | Posiciones: 0 | Estrategias: 3
2026-08-22 01:05:36,625 [INFO] 📊 [PULSO PAPER MULTI-STRATEGY] Balance: $5000.00 USD | Posiciones: 0 | Estrategias: 3
2026-08-22 01:06:43,360 [INFO] 📊 [PULSO PAPER MULTI-STRATEGY] Balance: $5000.00 USD | Posiciones: 0 | Estrategias: 3
2026-08-22 01:07:51,406 [INFO] 📊 [PULSO PAPER MULTI-STRATEGY] Balance: $5000.00 USD | Posiciones: 0 | Estrategias: 3
2026-08-22 01:09:00,750 [INFO] 📊 [PULSO PAPER MULTI-STRATEGY] Balance: $5000.00 USD | Posiciones: 0 | Estrategias: 3
2026-08-22 01:10:09,059 [INFO] 📊 [PULSO PAPER MULTI-STRATEGY] Balance: $5000.00 USD | Posiciones: 0 | Estrategias: 3
2026-08-22 01:11:17,525 [INFO] 📊 [PULSO PAPER MULTI-STRATEGY] Balance: $5000.00 USD | Posiciones: 0 | Estrategias: 3
2026-08-22 01:12:26,641 [INFO] 📊 [PULSO PAPER MULTI-STRATEGY] Balance: $5000.00 USD | Posiciones: 0 | Estrategias: 3
2026-08-22 01:13:35,764 [INFO] 📊 [PULSO PAPER MULTI-STRATEGY] Balance: $5000.00 USD | Posiciones: 0 | Estrategias: 3
2026-08-22 01:14:44,575 [INFO] 📊 [PULSO PAPER MULTI-STRATEGY] Balance: $5000.00 USD | Posiciones: 0 | Estrategias: 3
2026-08-22 01:15:52,929 [INFO] 📊 [PULSO PAPER MULTI-STRATEGY] Balance: $5000.00 USD | Posiciones: 0 | Estrategias: 3
2026-08-22 01:17:01,530 [INFO] 📊 [PULSO PAPER MULTI-STRATEGY] Balance: $5000.00 USD | Posiciones: 0 | Estrategias: 3
2026-08-22 01:18:10,919 [INFO] 📊 [PULSO PAPER MULTI-STRATEGY] Balance: $5000.00 USD | Posiciones: 0 | Estrategias: 3
2026-08-22 01:19:18,092 [INFO] 📊 [PULSO PAPER MULTI-STRATEGY] Balance: $5000.00 USD | Posiciones: 0 | Estrategias: 3
2026-08-22 01:20:26,292 [INFO] 📊 [PULSO PAPER MULTI-STRATEGY] Balance: $5000.00 USD | Posiciones: 0 | Estrategias: 3
2026-08-22 01:21:36,664 [INFO] 📊 [PULSO PAPER MULTI-STRATEGY] Balance: $5000.00 USD | Posiciones: 0 | Estrategias: 3
2026-08-22 01:22:44,602 [INFO] 📊 [PULSO PAPER MULTI-STRATEGY] Balance: $5000.00 USD | Posiciones: 0 | Estrategias: 3
2026-08-22 01:23:52,283 [INFO] 📊 [PULSO PAPER MULTI-STRATEGY] Balance: $5000.00 USD | Posiciones: 0 | Estrategias: 3
2026-08-22 01:25:01,623 [INFO] 📊 [PULSO PAPER MULTI-STRATEGY] Balance: $5000.00 USD | Posiciones: 0 | Estrategias: 3
2026-08-22 01:26:11,137 [INFO] 📊 [PULSO PAPER MULTI-STRATEGY] Balance: $5000.00 USD | Posiciones: 0 | Estrategias: 3
2026-08-22 01:27:20,354 [INFO] 📊 [PULSO PAPER MULTI-STRATEGY] Balance: $5000.00 USD | Posiciones: 0 | Estrategias: 3
2026-08-22 01:28:28,419 [INFO] 📊 [PULSO PAPER MULTI-STRATEGY] Balance: $5000.00 USD | Posiciones: 0 | Estrategias: 3
2026-08-22 01:29:35,987 [INFO] 📊 [PULSO PAPER MULTI-STRATEGY] Balance: $5000.00 USD | Posiciones: 0 | Estrategias: 3
2026-08-22 01:30:45,304 [INFO] 📊 [PULSO PAPER MULTI-STRATEGY] Balance: $5000.00 USD | Posiciones: 0 | Estrategias: 3
2026-08-22 01:31:54,367 [INFO] 📊 [PULSO PAPER MULTI-STRATEGY] Balance: $5000.00 USD | Posiciones: 0 | Estrategias: 3
2026-08-22 01:33:03,679 [INFO] 📊 [PULSO PAPER MULTI-STRATEGY] Balance: $5000.00 USD | Posiciones: 0 | Estrategias: 3
2026-08-22 01:34:11,927 [INFO] 📊 [PULSO PAPER MULTI-STRATEGY] Balance: $5000.00 USD | Posiciones: 0 | Estrategias: 3
2026-08-22 01:35:22,356 [INFO] 📊 [PULSO PAPER MULTI-STRATEGY] Balance: $5000.00 USD | Posiciones: 0 | Estrategias: 3
2026-08-22 01:36:31,456 [INFO] 📊 [PULSO PAPER MULTI-STRATEGY] Balance: $5000.00 USD | Posiciones: 0 | Estrategias: 3
2026-08-22 01:37:40,890 [INFO] 📊 [PULSO PAPER MULTI-STRATEGY] Balance: $5000.00 USD | Posiciones: 0 | Estrategias: 3
2026-08-22 01:38:49,397 [INFO] 📊 [PULSO PAPER MULTI-STRATEGY] Balance: $5000.00 USD | Posiciones: 0 | Estrategias: 3
2026-08-22 01:39:56,519 [INFO] 📊 [PULSO PAPER MULTI-STRATEGY] Balance: $5000.00 USD | Posiciones: 0 | Estrategias: 3
2026-08-22 01:41:05,499 [INFO] 📊 [PULSO PAPER MULTI-STRATEGY] Balance: $5000.00 USD | Posiciones: 0 | Estrategias: 3
2026-08-22 01:42:13,535 [INFO] 📊 [PULSO PAPER MULTI-STRATEGY] Balance: $5000.00 USD | Posiciones: 0 | Estrategias: 3
2026-08-22 01:43:23,637 [INFO] 📊 [PULSO PAPER MULTI-STRATEGY] Balance: $5000.00 USD | Posiciones: 0 | Estrategias: 3
2026-08-22 01:44:32,552 [INFO] 📊 [PULSO PAPER MULTI-STRATEGY] Balance: $5000.00 USD | Posiciones: 0 | Estrategias: 3
2026-08-22 01:45:42,386 [INFO] 📊 [PULSO PAPER MULTI-STRATEGY] Balance: $5000.00 USD | Posiciones: 0 | Estrategias: 3
2026-08-22 01:46:49,107 [INFO] 📊 [PULSO PAPER MULTI-STRATEGY] Balance: $5000.00 USD | Posiciones: 0 | Estrategias: 3
2026-08-22 01:47:57,373 [INFO] 📊 [PULSO PAPER MULTI-STRATEGY] Balance: $5000.00 USD | Posiciones: 0 | Estrategias: 3
2026-08-22 01:49:06,913 [INFO] 📊 [PULSO PAPER MULTI-STRATEGY] Balance: $5000.00 USD | Posiciones: 0 | Estrategias: 3
2026-08-22 01:50:16,116 [INFO] 📊 [PULSO PAPER MULTI-STRATEGY] Balance: $5000.00 USD | Posiciones: 0 | Estrategias: 3
2026-08-22 01:51:24,153 [INFO] 📊 [PULSO PAPER MULTI-STRATEGY] Balance: $5000.00 USD | Posiciones: 0 | Estrategias: 3
2026-08-22 01:52:34,046 [INFO] 📊 [PULSO PAPER MULTI-STRATEGY] Balance: $5000.00 USD | Posiciones: 0 | Estrategias: 3
2026-08-22 01:53:43,676 [INFO] 📊 [PULSO PAPER MULTI-STRATEGY] Balance: $5000.00 USD | Posiciones: 0 | Estrategias: 3
2026-08-22 01:54:51,865 [INFO] 📊 [PULSO PAPER MULTI-STRATEGY] Balance: $5000.00 USD | Posiciones: 0 | Estrategias: 3
2026-08-22 01:56:00,068 [INFO] 📊 [PULSO PAPER MULTI-STRATEGY] Balance: $5000.00 USD | Posiciones: 0 | Estrategias: 3
2026-08-22 01:57:08,689 [INFO] 📊 [PULSO PAPER MULTI-STRATEGY] Balance: $5000.00 USD | Posiciones: 0 | Estrategias: 3
2026-08-22 01:58:19,693 [INFO] 📊 [PULSO PAPER MULTI-STRATEGY] Balance: $5000.00 USD | Posiciones: 0 | Estrategias: 3
2026-08-22 01:59:29,802 [INFO] 📊 [PULSO PAPER MULTI-STRATEGY] Balance: $5000.00 USD | Posiciones: 0 | Estrategias: 3
2026-08-22 02:00:37,719 [INFO] 📊 [PULSO PAPER MULTI-STRATEGY] Balance: $5000.00 USD | Posiciones: 0 | Estrategias: 3
2026-08-22 02:01:45,994 [INFO] 📊 [PULSO PAPER MULTI-STRATEGY] Balance: $5000.00 USD | Posiciones: 0 | Estrategias: 3
2026-08-22 02:02:55,218 [INFO] 📊 [PULSO PAPER MULTI-STRATEGY] Balance: $5000.00 USD | Posiciones: 0 | Estrategias: 3
2026-08-22 02:04:02,829 [INFO] 📊 [PULSO PAPER MULTI-STRATEGY] Balance: $5000.00 USD | Posiciones: 0 | Estrategias: 3
2026-08-22 02:05:12,599 [INFO] 📊 [PULSO PAPER MULTI-STRATEGY] Balance: $5000.00 USD | Posiciones: 0 | Estrategias: 3
2026-08-22 02:06:21,453 [INFO] 📊 [PULSO PAPER MULTI-STRATEGY] Balance: $5000.00 USD | Posiciones: 0 | Estrategias: 3
2026-08-22 02:07:30,083 [INFO] 📊 [PULSO PAPER MULTI-STRATEGY] Balance: $5000.00 USD | Posiciones: 0 | Estrategias: 3
2026-08-22 02:08:40,306 [INFO] 📊 [PULSO PAPER MULTI-STRATEGY] Balance: $5000.00 USD | Posiciones: 0 | Estrategias: 3
2026-08-22 02:09:48,835 [INFO] 📊 [PULSO PAPER MULTI-STRATEGY] Balance: $5000.00 USD | Posiciones: 0 | Estrategias: 3
2026-08-22 02:10:57,012 [INFO] 📊 [PULSO PAPER MULTI-STRATEGY] Balance: $5000.00 USD | Posiciones: 0 | Estrategias: 3
2026-08-22 02:12:05,533 [INFO] 📊 [PULSO PAPER MULTI-STRATEGY] Balance: $5000.00 USD | Posiciones: 0 | Estrategias: 3
2026-08-22 02:13:15,259 [INFO] 📊 [PULSO PAPER MULTI-STRATEGY] Balance: $5000.00 USD | Posiciones: 0 | Estrategias: 3
2026-08-22 02:14:25,300 [INFO] 📊 [PULSO PAPER MULTI-STRATEGY] Balance: $5000.00 USD | Posiciones: 0 | Estrategias: 3
2026-08-22 02:15:34,384 [INFO] 📊 [PULSO PAPER MULTI-STRATEGY] Balance: $5000.00 USD | Posiciones: 0 | Estrategias: 3
2026-08-22 02:16:43,972 [INFO] 📊 [PULSO PAPER MULTI-STRATEGY] Balance: $5000.00 USD | Posiciones: 0 | Estrategias: 3
2026-08-22 02:17:51,731 [INFO] 📊 [PULSO PAPER MULTI-STRATEGY] Balance: $5000.00 USD | Posiciones: 0 | Estrategias: 3
2026-08-22 02:19:02,348 [INFO] 📊 [PULSO PAPER MULTI-STRATEGY] Balance: $5000.00 USD | Posiciones: 0 | Estrategias: 3
2026-08-22 02:20:10,638 [INFO] 📊 [PULSO PAPER MULTI-STRATEGY] Balance: $5000.00 USD | Posiciones: 0 | Estrategias: 3
2026-08-22 02:21:22,282 [INFO] 📊 [PULSO PAPER MULTI-STRATEGY] Balance: $5000.00 USD | Posiciones: 0 | Estrategias: 3
2026-08-22 02:22:30,177 [INFO] 📊 [PULSO PAPER MULTI-STRATEGY] Balance: $5000.00 USD | Posiciones: 0 | Estrategias: 3
2026-08-22 02:23:38,579 [INFO] 📊 [PULSO PAPER MULTI-STRATEGY] Balance: $5000.00 USD | Posiciones: 0 | Estrategias: 3
2026-08-22 02:24:50,165 [INFO] 📊 [PULSO PAPER MULTI-STRATEGY] Balance: $5000.00 USD | Posiciones: 0 | Estrategias: 3
2026-08-22 02:25:55,959 [INFO] 📊 [PULSO PAPER MULTI-STRATEGY] Balance: $5000.00 USD | Posiciones: 0 | Estrategias: 3
2026-08-22 02:27:04,437 [INFO] 📊 [PULSO PAPER MULTI-STRATEGY] Balance: $5000.00 USD | Posiciones: 0 | Estrategias: 3
2026-08-22 02:28:13,433 [INFO] 📊 [PULSO PAPER MULTI-STRATEGY] Balance: $5000.00 USD | Posiciones: 0 | Estrategias: 3
2026-08-22 02:29:22,053 [INFO] 📊 [PULSO PAPER MULTI-STRATEGY] Balance: $5000.00 USD | Posiciones: 0 | Estrategias: 3
2026-08-22 02:30:29,878 [INFO] 📊 [PULSO PAPER MULTI-STRATEGY] Balance: $5000.00 USD | Posiciones: 0 | Estrategias: 3
2026-08-22 02:31:38,150 [INFO] 📊 [PULSO PAPER MULTI-STRATEGY] Balance: $5000.00 USD | Posiciones: 0 | Estrategias: 3
2026-08-22 02:32:47,057 [INFO] 📊 [PULSO PAPER MULTI-STRATEGY] Balance: $5000.00 USD | Posiciones: 0 | Estrategias: 3
2026-08-22 02:33:56,281 [INFO] 📊 [PULSO PAPER MULTI-STRATEGY] Balance: $5000.00 USD | Posiciones: 0 | Estrategias: 3
2026-08-22 02:35:03,540 [INFO] 📊 [PULSO PAPER MULTI-STRATEGY] Balance: $5000.00 USD | Posiciones: 0 | Estrategias: 3
2026-08-22 02:36:12,084 [INFO] 📊 [PULSO PAPER MULTI-STRATEGY] Balance: $5000.00 USD | Posiciones: 0 | Estrategias: 3
2026-08-22 02:37:21,595 [INFO] 📊 [PULSO PAPER MULTI-STRATEGY] Balance: $5000.00 USD | Posiciones: 0 | Estrategias: 3
2026-08-22 02:38:30,422 [INFO] 📊 [PULSO PAPER MULTI-STRATEGY] Balance: $5000.00 USD | Posiciones: 0 | Estrategias: 3
2026-08-22 02:39:40,654 [INFO] 📊 [PULSO PAPER MULTI-STRATEGY] Balance: $5000.00 USD | Posiciones: 0 | Estrategias: 3
2026-08-22 02:40:49,915 [INFO] 📊 [PULSO PAPER MULTI-STRATEGY] Balance: $5000.00 USD | Posiciones: 0 | Estrategias: 3
2026-08-22 02:41:58,645 [INFO] 📊 [PULSO PAPER MULTI-STRATEGY] Balance: $5000.00 USD | Posiciones: 0 | Estrategias: 3
2026-08-22 02:43:07,413 [INFO] 📊 [PULSO PAPER MULTI-STRATEGY] Balance: $5000.00 USD | Posiciones: 0 | Estrategias: 3
2026-08-22 02:44:17,400 [INFO] 📊 [PULSO PAPER MULTI-STRATEGY] Balance: $5000.00 USD | Posiciones: 0 | Estrategias: 3
2026-08-22 02:45:25,783 [INFO] 📊 [PULSO PAPER MULTI-STRATEGY] Balance: $5000.00 USD | Posiciones: 0 | Estrategias: 3
2026-08-22 02:46:35,126 [INFO] 📊 [PULSO PAPER MULTI-STRATEGY] Balance: $5000.00 USD | Posiciones: 0 | Estrategias: 3
2026-08-22 02:47:45,680 [INFO] 📊 [PULSO PAPER MULTI-STRATEGY] Balance: $5000.00 USD | Posiciones: 0 | Estrategias: 3
2026-08-22 02:48:54,491 [INFO] 📊 [PULSO PAPER MULTI-STRATEGY] Balance: $5000.00 USD | Posiciones: 0 | Estrategias: 3
2026-08-22 02:50:04,534 [INFO] 📊 [PULSO PAPER MULTI-STRATEGY] Balance: $5000.00 USD | Posiciones: 0 | Estrategias: 3
2026-08-22 02:51:12,665 [INFO] 📊 [PULSO PAPER MULTI-STRATEGY] Balance: $5000.00 USD | Posiciones: 0 | Estrategias: 3
2026-08-22 02:52:21,573 [INFO] 📊 [PULSO PAPER MULTI-STRATEGY] Balance: $5000.00 USD | Posiciones: 0 | Estrategias: 3
2026-08-22 02:53:31,082 [INFO] 📊 [PULSO PAPER MULTI-STRATEGY] Balance: $5000.00 USD | Posiciones: 0 | Estrategias: 3
2026-08-22 02:54:39,976 [INFO] 📊 [PULSO PAPER MULTI-STRATEGY] Balance: $5000.00 USD | Posiciones: 0 | Estrategias: 3
2026-08-22 02:55:48,001 [INFO] 📊 [PULSO PAPER MULTI-STRATEGY] Balance: $5000.00 USD | Posiciones: 0 | Estrategias: 3
2026-08-22 02:56:56,453 [INFO] 📊 [PULSO PAPER MULTI-STRATEGY] Balance: $5000.00 USD | Posiciones: 0 | Estrategias: 3
2026-08-22 02:58:06,347 [INFO] 📊 [PULSO PAPER MULTI-STRATEGY] Balance: $5000.00 USD | Posiciones: 0 | Estrategias: 3
2026-08-22 02:59:15,917 [INFO] 📊 [PULSO PAPER MULTI-STRATEGY] Balance: $5000.00 USD | Posiciones: 0 | Estrategias: 3
2026-08-22 03:00:24,420 [INFO] 📊 [PULSO PAPER MULTI-STRATEGY] Balance: $5000.00 USD | Posiciones: 0 | Estrategias: 3
2026-08-22 03:01:33,643 [INFO] 📊 [PULSO PAPER MULTI-STRATEGY] Balance: $5000.00 USD | Posiciones: 0 | Estrategias: 3
2026-08-22 03:02:42,767 [INFO] 📊 [PULSO PAPER MULTI-STRATEGY] Balance: $5000.00 USD | Posiciones: 0 | Estrategias: 3
2026-08-22 03:03:50,855 [INFO] 📊 [PULSO PAPER MULTI-STRATEGY] Balance: $5000.00 USD | Posiciones: 0 | Estrategias: 3
2026-08-22 03:05:01,170 [INFO] 📊 [PULSO PAPER MULTI-STRATEGY] Balance: $5000.00 USD | Posiciones: 0 | Estrategias: 3
2026-08-22 03:06:09,538 [INFO] 📊 [PULSO PAPER MULTI-STRATEGY] Balance: $5000.00 USD | Posiciones: 0 | Estrategias: 3
2026-08-22 03:07:17,512 [INFO] 📊 [PULSO PAPER MULTI-STRATEGY] Balance: $5000.00 USD | Posiciones: 0 | Estrategias: 3
2026-08-22 03:08:27,237 [INFO] 📊 [PULSO PAPER MULTI-STRATEGY] Balance: $5000.00 USD | Posiciones: 0 | Estrategias: 3
2026-08-22 03:09:36,999 [INFO] 📊 [PULSO PAPER MULTI-STRATEGY] Balance: $5000.00 USD | Posiciones: 0 | Estrategias: 3
2026-08-22 03:10:46,508 [INFO] 📊 [PULSO PAPER MULTI-STRATEGY] Balance: $5000.00 USD | Posiciones: 0 | Estrategias: 3
2026-08-22 03:11:55,218 [INFO] 📊 [PULSO PAPER MULTI-STRATEGY] Balance: $5000.00 USD | Posiciones: 0 | Estrategias: 3
2026-08-22 03:13:04,347 [INFO] 📊 [PULSO PAPER MULTI-STRATEGY] Balance: $5000.00 USD | Posiciones: 0 | Estrategias: 3
2026-08-22 03:14:13,376 [INFO] 📊 [PULSO PAPER MULTI-STRATEGY] Balance: $5000.00 USD | Posiciones: 0 | Estrategias: 3
2026-08-22 03:15:24,411 [INFO] 📊 [PULSO PAPER MULTI-STRATEGY] Balance: $5000.00 USD | Posiciones: 0 | Estrategias: 3
2026-08-22 03:16:33,019 [INFO] 📊 [PULSO PAPER MULTI-STRATEGY] Balance: $5000.00 USD | Posiciones: 0 | Estrategias: 3
2026-08-22 03:17:41,828 [INFO] 📊 [PULSO PAPER MULTI-STRATEGY] Balance: $5000.00 USD | Posiciones: 0 | Estrategias: 3
2026-08-22 03:18:50,336 [INFO] 📊 [PULSO PAPER MULTI-STRATEGY] Balance: $5000.00 USD | Posiciones: 0 | Estrategias: 3
2026-08-22 03:19:57,620 [INFO] 📊 [PULSO PAPER MULTI-STRATEGY] Balance: $5000.00 USD | Posiciones: 0 | Estrategias: 3
2026-08-22 03:21:06,535 [INFO] 📊 [PULSO PAPER MULTI-STRATEGY] Balance: $5000.00 USD | Posiciones: 0 | Estrategias: 3
2026-08-22 03:22:14,058 [INFO] 📊 [PULSO PAPER MULTI-STRATEGY] Balance: $5000.00 USD | Posiciones: 0 | Estrategias: 3
2026-08-22 03:23:22,604 [INFO] 📊 [PULSO PAPER MULTI-STRATEGY] Balance: $5000.00 USD | Posiciones: 0 | Estrategias: 3
2026-08-22 03:24:31,332 [INFO] 📊 [PULSO PAPER MULTI-STRATEGY] Balance: $5000.00 USD | Posiciones: 0 | Estrategias: 3
2026-08-22 03:25:41,537 [INFO] 📊 [PULSO PAPER MULTI-STRATEGY] Balance: $5000.00 USD | Posiciones: 0 | Estrategias: 3
2026-08-22 03:26:50,506 [INFO] 📊 [PULSO PAPER MULTI-STRATEGY] Balance: $5000.00 USD | Posiciones: 0 | Estrategias: 3
2026-08-22 03:27:59,414 [INFO] 📊 [PULSO PAPER MULTI-STRATEGY] Balance: $5000.00 USD | Posiciones: 0 | Estrategias: 3
2026-08-22 03:29:08,364 [INFO] 📊 [PULSO PAPER MULTI-STRATEGY] Balance: $5000.00 USD | Posiciones: 0 | Estrategias: 3
2026-08-22 03:30:18,933 [INFO] 📊 [PULSO PAPER MULTI-STRATEGY] Balance: $5000.00 USD | Posiciones: 0 | Estrategias: 3
2026-08-22 03:31:28,238 [INFO] 📊 [PULSO PAPER MULTI-STRATEGY] Balance: $5000.00 USD | Posiciones: 0 | Estrategias: 3
2026-08-22 03:32:37,148 [INFO] 📊 [PULSO PAPER MULTI-STRATEGY] Balance: $5000.00 USD | Posiciones: 0 | Estrategias: 3
2026-08-22 03:33:46,507 [INFO] 📊 [PULSO PAPER MULTI-STRATEGY] Balance: $5000.00 USD | Posiciones: 0 | Estrategias: 3
2026-08-22 03:34:57,036 [INFO] 📊 [PULSO PAPER MULTI-STRATEGY] Balance: $5000.00 USD | Posiciones: 0 | Estrategias: 3
2026-08-22 03:36:05,050 [INFO] 📊 [PULSO PAPER MULTI-STRATEGY] Balance: $5000.00 USD | Posiciones: 0 | Estrategias: 3
2026-08-22 03:37:15,088 [INFO] 📊 [PULSO PAPER MULTI-STRATEGY] Balance: $5000.00 USD | Posiciones: 0 | Estrategias: 3
2026-08-22 03:38:23,885 [INFO] 📊 [PULSO PAPER MULTI-STRATEGY] Balance: $5000.00 USD | Posiciones: 0 | Estrategias: 3
2026-08-22 03:39:32,513 [INFO] 📊 [PULSO PAPER MULTI-STRATEGY] Balance: $5000.00 USD | Posiciones: 0 | Estrategias: 3
2026-08-22 03:40:41,116 [INFO] 📊 [PULSO PAPER MULTI-STRATEGY] Balance: $5000.00 USD | Posiciones: 0 | Estrategias: 3
2026-08-22 03:41:50,060 [INFO] 📊 [PULSO PAPER MULTI-STRATEGY] Balance: $5000.00 USD | Posiciones: 0 | Estrategias: 3
2026-08-22 03:42:58,877 [INFO] 📊 [PULSO PAPER MULTI-STRATEGY] Balance: $5000.00 USD | Posiciones: 0 | Estrategias: 3
2026-08-22 03:44:09,276 [INFO] 📊 [PULSO PAPER MULTI-STRATEGY] Balance: $5000.00 USD | Posiciones: 0 | Estrategias: 3
2026-08-22 03:45:19,568 [INFO] 📊 [PULSO PAPER MULTI-STRATEGY] Balance: $5000.00 USD | Posiciones: 0 | Estrategias: 3
2026-08-22 03:46:29,319 [INFO] 📊 [PULSO PAPER MULTI-STRATEGY] Balance: $5000.00 USD | Posiciones: 0 | Estrategias: 3
2026-08-22 03:47:38,461 [INFO] 📊 [PULSO PAPER MULTI-STRATEGY] Balance: $5000.00 USD | Posiciones: 0 | Estrategias: 3
2026-08-22 03:48:47,666 [INFO] 📊 [PULSO PAPER MULTI-STRATEGY] Balance: $5000.00 USD | Posiciones: 0 | Estrategias: 3
2026-08-22 03:49:58,138 [INFO] 📊 [PULSO PAPER MULTI-STRATEGY] Balance: $5000.00 USD | Posiciones: 0 | Estrategias: 3
2026-08-22 03:51:06,636 [INFO] 📊 [PULSO PAPER MULTI-STRATEGY] Balance: $5000.00 USD | Posiciones: 0 | Estrategias: 3
2026-08-22 03:52:15,585 [INFO] 📊 [PULSO PAPER MULTI-STRATEGY] Balance: $5000.00 USD | Posiciones: 0 | Estrategias: 3
2026-08-22 03:53:25,277 [INFO] 📊 [PULSO PAPER MULTI-STRATEGY] Balance: $5000.00 USD | Posiciones: 0 | Estrategias: 3
2026-08-22 03:54:34,905 [INFO] 📊 [PULSO PAPER MULTI-STRATEGY] Balance: $5000.00 USD | Posiciones: 0 | Estrategias: 3
2026-08-22 03:55:45,681 [INFO] 📊 [PULSO PAPER MULTI-STRATEGY] Balance: $5000.00 USD | Posiciones: 0 | Estrategias: 3
2026-08-22 03:56:55,503 [INFO] 📊 [PULSO PAPER MULTI-STRATEGY] Balance: $5000.00 USD | Posiciones: 0 | Estrategias: 3
2026-08-22 03:58:05,552 [INFO] 📊 [PULSO PAPER MULTI-STRATEGY] Balance: $5000.00 USD | Posiciones: 0 | Estrategias: 3
2026-08-22 03:59:15,506 [INFO] 📊 [PULSO PAPER MULTI-STRATEGY] Balance: $5000.00 USD | Posiciones: 0 | Estrategias: 3
2026-08-22 04:00:26,558 [INFO] 📊 [PULSO PAPER MULTI-STRATEGY] Balance: $5000.00 USD | Posiciones: 0 | Estrategias: 3
2026-08-22 04:01:36,584 [INFO] 📊 [PULSO PAPER MULTI-STRATEGY] Balance: $5000.00 USD | Posiciones: 0 | Estrategias: 3
2026-08-22 04:02:46,317 [INFO] 📊 [PULSO PAPER MULTI-STRATEGY] Balance: $5000.00 USD | Posiciones: 0 | Estrategias: 3
2026-08-22 04:03:57,593 [INFO] 📊 [PULSO PAPER MULTI-STRATEGY] Balance: $5000.00 USD | Posiciones: 0 | Estrategias: 3
2026-08-22 04:05:06,832 [INFO] 📊 [PULSO PAPER MULTI-STRATEGY] Balance: $5000.00 USD | Posiciones: 0 | Estrategias: 3
2026-08-22 04:06:15,531 [INFO] 📊 [PULSO PAPER MULTI-STRATEGY] Balance: $5000.00 USD | Posiciones: 0 | Estrategias: 3
2026-08-22 04:07:22,810 [INFO] 📊 [PULSO PAPER MULTI-STRATEGY] Balance: $5000.00 USD | Posiciones: 0 | Estrategias: 3
2026-08-22 04:08:32,155 [INFO] 📊 [PULSO PAPER MULTI-STRATEGY] Balance: $5000.00 USD | Posiciones: 0 | Estrategias: 3
2026-08-22 04:09:41,564 [INFO] 📊 [PULSO PAPER MULTI-STRATEGY] Balance: $5000.00 USD | Posiciones: 0 | Estrategias: 3
2026-08-22 04:10:50,407 [INFO] 📊 [PULSO PAPER MULTI-STRATEGY] Balance: $5000.00 USD | Posiciones: 0 | Estrategias: 3
2026-08-22 04:11:59,412 [INFO] 📊 [PULSO PAPER MULTI-STRATEGY] Balance: $5000.00 USD | Posiciones: 0 | Estrategias: 3
2026-08-22 04:13:08,606 [INFO] 📊 [PULSO PAPER MULTI-STRATEGY] Balance: $5000.00 USD | Posiciones: 0 | Estrategias: 3
2026-08-22 04:14:17,240 [INFO] 📊 [PULSO PAPER MULTI-STRATEGY] Balance: $5000.00 USD | Posiciones: 0 | Estrategias: 3
2026-08-22 04:15:26,248 [INFO] 📊 [PULSO PAPER MULTI-STRATEGY] Balance: $5000.00 USD | Posiciones: 0 | Estrategias: 3
2026-08-22 04:16:35,053 [INFO] 📊 [PULSO PAPER MULTI-STRATEGY] Balance: $5000.00 USD | Posiciones: 0 | Estrategias: 3
2026-08-22 04:17:44,551 [INFO] 📊 [PULSO PAPER MULTI-STRATEGY] Balance: $5000.00 USD | Posiciones: 0 | Estrategias: 3
2026-08-22 04:18:52,005 [INFO] 📊 [PULSO PAPER MULTI-STRATEGY] Balance: $5000.00 USD | Posiciones: 0 | Estrategias: 3
2026-08-22 04:20:01,394 [INFO] 📊 [PULSO PAPER MULTI-STRATEGY] Balance: $5000.00 USD | Posiciones: 0 | Estrategias: 3
2026-08-22 04:21:09,734 [INFO] 📊 [PULSO PAPER MULTI-STRATEGY] Balance: $5000.00 USD | Posiciones: 0 | Estrategias: 3
2026-08-22 04:22:18,615 [INFO] 📊 [PULSO PAPER MULTI-STRATEGY] Balance: $5000.00 USD | Posiciones: 0 | Estrategias: 3
2026-08-22 04:23:25,671 [INFO] 📊 [PULSO PAPER MULTI-STRATEGY] Balance: $5000.00 USD | Posiciones: 0 | Estrategias: 3
2026-08-22 04:24:34,507 [INFO] 📊 [PULSO PAPER MULTI-STRATEGY] Balance: $5000.00 USD | Posiciones: 0 | Estrategias: 3
2026-08-22 04:25:47,105 [INFO] 📊 [PULSO PAPER MULTI-STRATEGY] Balance: $5000.00 USD | Posiciones: 0 | Estrategias: 3
2026-08-22 04:26:56,146 [INFO] 📊 [PULSO PAPER MULTI-STRATEGY] Balance: $5000.00 USD | Posiciones: 0 | Estrategias: 3
2026-08-22 04:28:05,680 [INFO] 📊 [PULSO PAPER MULTI-STRATEGY] Balance: $5000.00 USD | Posiciones: 0 | Estrategias: 3
2026-08-22 04:29:16,009 [INFO] 📊 [PULSO PAPER MULTI-STRATEGY] Balance: $5000.00 USD | Posiciones: 0 | Estrategias: 3
2026-08-22 04:30:24,725 [INFO] 📊 [PULSO PAPER MULTI-STRATEGY] Balance: $5000.00 USD | Posiciones: 0 | Estrategias: 3
2026-08-22 04:31:33,248 [INFO] 📊 [PULSO PAPER MULTI-STRATEGY] Balance: $5000.00 USD | Posiciones: 0 | Estrategias: 3
2026-08-22 04:32:41,845 [INFO] 📊 [PULSO PAPER MULTI-STRATEGY] Balance: $5000.00 USD | Posiciones: 0 | Estrategias: 3
2026-08-22 04:33:51,648 [INFO] 📊 [PULSO PAPER MULTI-STRATEGY] Balance: $5000.00 USD | Posiciones: 0 | Estrategias: 3
2026-08-22 04:35:02,313 [INFO] 📊 [PULSO PAPER MULTI-STRATEGY] Balance: $5000.00 USD | Posiciones: 0 | Estrategias: 3
2026-08-22 04:36:11,017 [INFO] 📊 [PULSO PAPER MULTI-STRATEGY] Balance: $5000.00 USD | Posiciones: 0 | Estrategias: 3
2026-08-22 04:37:22,396 [INFO] 📊 [PULSO PAPER MULTI-STRATEGY] Balance: $5000.00 USD | Posiciones: 0 | Estrategias: 3
2026-08-22 04:38:32,023 [INFO] 📊 [PULSO PAPER MULTI-STRATEGY] Balance: $5000.00 USD | Posiciones: 0 | Estrategias: 3
2026-08-22 04:39:41,550 [INFO] 📊 [PULSO PAPER MULTI-STRATEGY] Balance: $5000.00 USD | Posiciones: 0 | Estrategias: 3
2026-08-22 04:40:49,558 [INFO] 📊 [PULSO PAPER MULTI-STRATEGY] Balance: $5000.00 USD | Posiciones: 0 | Estrategias: 3
2026-08-22 04:41:58,625 [INFO] 📊 [PULSO PAPER MULTI-STRATEGY] Balance: $5000.00 USD | Posiciones: 0 | Estrategias: 3
2026-08-22 04:43:08,152 [INFO] 📊 [PULSO PAPER MULTI-STRATEGY] Balance: $5000.00 USD | Posiciones: 0 | Estrategias: 3
2026-08-22 04:44:17,278 [INFO] 📊 [PULSO PAPER MULTI-STRATEGY] Balance: $5000.00 USD | Posiciones: 0 | Estrategias: 3
2026-08-22 04:45:25,168 [INFO] 📊 [PULSO PAPER MULTI-STRATEGY] Balance: $5000.00 USD | Posiciones: 0 | Estrategias: 3
2026-08-22 04:46:33,454 [INFO] 📊 [PULSO PAPER MULTI-STRATEGY] Balance: $5000.00 USD | Posiciones: 0 | Estrategias: 3
2026-08-22 04:47:43,177 [INFO] 📊 [PULSO PAPER MULTI-STRATEGY] Balance: $5000.00 USD | Posiciones: 0 | Estrategias: 3
2026-08-22 04:48:51,539 [INFO] 📊 [PULSO PAPER MULTI-STRATEGY] Balance: $5000.00 USD | Posiciones: 0 | Estrategias: 3
2026-08-22 04:49:59,450 [INFO] 📊 [PULSO PAPER MULTI-STRATEGY] Balance: $5000.00 USD | Posiciones: 0 | Estrategias: 3
2026-08-22 04:51:08,111 [INFO] 📊 [PULSO PAPER MULTI-STRATEGY] Balance: $5000.00 USD | Posiciones: 0 | Estrategias: 3
2026-08-22 04:52:18,308 [INFO] 📊 [PULSO PAPER MULTI-STRATEGY] Balance: $5000.00 USD | Posiciones: 0 | Estrategias: 3
2026-08-22 04:53:27,125 [INFO] 📊 [PULSO PAPER MULTI-STRATEGY] Balance: $5000.00 USD | Posiciones: 0 | Estrategias: 3
2026-08-22 04:54:35,236 [INFO] 📊 [PULSO PAPER MULTI-STRATEGY] Balance: $5000.00 USD | Posiciones: 0 | Estrategias: 3
2026-08-22 04:55:44,440 [INFO] 📊 [PULSO PAPER MULTI-STRATEGY] Balance: $5000.00 USD | Posiciones: 0 | Estrategias: 3
2026-08-22 04:56:52,339 [INFO] 📊 [PULSO PAPER MULTI-STRATEGY] Balance: $5000.00 USD | Posiciones: 0 | Estrategias: 3
2026-08-22 04:58:00,149 [INFO] 📊 [PULSO PAPER MULTI-STRATEGY] Balance: $5000.00 USD | Posiciones: 0 | Estrategias: 3
2026-08-22 04:59:09,556 [INFO] 📊 [PULSO PAPER MULTI-STRATEGY] Balance: $5000.00 USD | Posiciones: 0 | Estrategias: 3
2026-08-22 05:00:19,710 [INFO] 📊 [PULSO PAPER MULTI-STRATEGY] Balance: $5000.00 USD | Posiciones: 0 | Estrategias: 3
2026-08-22 05:01:29,968 [INFO] 📊 [PULSO PAPER MULTI-STRATEGY] Balance: $5000.00 USD | Posiciones: 0 | Estrategias: 3
2026-08-22 05:02:41,628 [INFO] 📊 [PULSO PAPER MULTI-STRATEGY] Balance: $5000.00 USD | Posiciones: 0 | Estrategias: 3
2026-08-22 05:03:51,056 [INFO] 📊 [PULSO PAPER MULTI-STRATEGY] Balance: $5000.00 USD | Posiciones: 0 | Estrategias: 3
2026-08-22 05:05:00,704 [INFO] 📊 [PULSO PAPER MULTI-STRATEGY] Balance: $5000.00 USD | Posiciones: 0 | Estrategias: 3
2026-08-22 05:06:09,601 [INFO] 📊 [PULSO PAPER MULTI-STRATEGY] Balance: $5000.00 USD | Posiciones: 0 | Estrategias: 3
2026-08-22 05:07:18,843 [INFO] 📊 [PULSO PAPER MULTI-STRATEGY] Balance: $5000.00 USD | Posiciones: 0 | Estrategias: 3
2026-08-22 05:08:29,092 [INFO] 📊 [PULSO PAPER MULTI-STRATEGY] Balance: $5000.00 USD | Posiciones: 0 | Estrategias: 3
2026-08-22 05:09:38,003 [INFO] 📊 [PULSO PAPER MULTI-STRATEGY] Balance: $5000.00 USD | Posiciones: 0 | Estrategias: 3
2026-08-22 05:10:47,129 [INFO] 📊 [PULSO PAPER MULTI-STRATEGY] Balance: $5000.00 USD | Posiciones: 0 | Estrategias: 3
2026-08-22 05:11:55,474 [INFO] 📊 [PULSO PAPER MULTI-STRATEGY] Balance: $5000.00 USD | Posiciones: 0 | Estrategias: 3
2026-08-22 05:13:03,637 [INFO] 📊 [PULSO PAPER MULTI-STRATEGY] Balance: $5000.00 USD | Posiciones: 0 | Estrategias: 3
2026-08-22 05:14:12,438 [INFO] 📊 [PULSO PAPER MULTI-STRATEGY] Balance: $5000.00 USD | Posiciones: 0 | Estrategias: 3
2026-08-22 05:15:22,012 [INFO] 📊 [PULSO PAPER MULTI-STRATEGY] Balance: $5000.00 USD | Posiciones: 0 | Estrategias: 3
2026-08-22 05:16:31,707 [INFO] 📊 [PULSO PAPER MULTI-STRATEGY] Balance: $5000.00 USD | Posiciones: 0 | Estrategias: 3
2026-08-22 05:17:42,103 [INFO] 📊 [PULSO PAPER MULTI-STRATEGY] Balance: $5000.00 USD | Posiciones: 0 | Estrategias: 3
2026-08-22 05:18:50,376 [INFO] 📊 [PULSO PAPER MULTI-STRATEGY] Balance: $5000.00 USD | Posiciones: 0 | Estrategias: 3
2026-08-22 05:19:59,074 [INFO] 📊 [PULSO PAPER MULTI-STRATEGY] Balance: $5000.00 USD | Posiciones: 0 | Estrategias: 3
2026-08-22 05:21:08,544 [INFO] 📊 [PULSO PAPER MULTI-STRATEGY] Balance: $5000.00 USD | Posiciones: 0 | Estrategias: 3
2026-08-22 05:22:16,362 [INFO] 📊 [PULSO PAPER MULTI-STRATEGY] Balance: $5000.00 USD | Posiciones: 0 | Estrategias: 3
2026-08-22 05:23:24,761 [INFO] 📊 [PULSO PAPER MULTI-STRATEGY] Balance: $5000.00 USD | Posiciones: 0 | Estrategias: 3
2026-08-22 05:24:34,291 [INFO] 📊 [PULSO PAPER MULTI-STRATEGY] Balance: $5000.00 USD | Posiciones: 0 | Estrategias: 3
2026-08-22 05:25:43,119 [INFO] 📊 [PULSO PAPER MULTI-STRATEGY] Balance: $5000.00 USD | Posiciones: 0 | Estrategias: 3
2026-08-22 05:26:52,750 [INFO] 📊 [PULSO PAPER MULTI-STRATEGY] Balance: $5000.00 USD | Posiciones: 0 | Estrategias: 3
2026-08-22 05:28:01,952 [INFO] 📊 [PULSO PAPER MULTI-STRATEGY] Balance: $5000.00 USD | Posiciones: 0 | Estrategias: 3
2026-08-22 05:29:12,086 [INFO] 📊 [PULSO PAPER MULTI-STRATEGY] Balance: $5000.00 USD | Posiciones: 0 | Estrategias: 3
2026-08-22 05:30:20,717 [INFO] 📊 [PULSO PAPER MULTI-STRATEGY] Balance: $5000.00 USD | Posiciones: 0 | Estrategias: 3
2026-08-22 05:31:28,205 [INFO] 📊 [PULSO PAPER MULTI-STRATEGY] Balance: $5000.00 USD | Posiciones: 0 | Estrategias: 3
2026-08-22 05:32:37,206 [INFO] 📊 [PULSO PAPER MULTI-STRATEGY] Balance: $5000.00 USD | Posiciones: 0 | Estrategias: 3
2026-08-22 05:33:46,753 [INFO] 📊 [PULSO PAPER MULTI-STRATEGY] Balance: $5000.00 USD | Posiciones: 0 | Estrategias: 3
2026-08-22 05:34:57,384 [INFO] 📊 [PULSO PAPER MULTI-STRATEGY] Balance: $5000.00 USD | Posiciones: 0 | Estrategias: 3
2026-08-22 05:36:06,012 [INFO] 📊 [PULSO PAPER MULTI-STRATEGY] Balance: $5000.00 USD | Posiciones: 0 | Estrategias: 3
2026-08-22 05:37:16,363 [INFO] 📊 [PULSO PAPER MULTI-STRATEGY] Balance: $5000.00 USD | Posiciones: 0 | Estrategias: 3
2026-08-22 05:38:24,883 [INFO] 📊 [PULSO PAPER MULTI-STRATEGY] Balance: $5000.00 USD | Posiciones: 0 | Estrategias: 3
2026-08-22 05:39:34,937 [INFO] 📊 [PULSO PAPER MULTI-STRATEGY] Balance: $5000.00 USD | Posiciones: 0 | Estrategias: 3
2026-08-22 05:40:44,134 [INFO] 📊 [PULSO PAPER MULTI-STRATEGY] Balance: $5000.00 USD | Posiciones: 0 | Estrategias: 3
2026-08-22 05:41:53,472 [INFO] 📊 [PULSO PAPER MULTI-STRATEGY] Balance: $5000.00 USD | Posiciones: 0 | Estrategias: 3
2026-08-22 05:43:01,647 [INFO] 📊 [PULSO PAPER MULTI-STRATEGY] Balance: $5000.00 USD | Posiciones: 0 | Estrategias: 3
2026-08-22 05:44:09,864 [INFO] 📊 [PULSO PAPER MULTI-STRATEGY] Balance: $5000.00 USD | Posiciones: 0 | Estrategias: 3
2026-08-22 05:45:18,922 [INFO] 📊 [PULSO PAPER MULTI-STRATEGY] Balance: $5000.00 USD | Posiciones: 0 | Estrategias: 3
2026-08-22 05:46:28,214 [INFO] 📊 [PULSO PAPER MULTI-STRATEGY] Balance: $5000.00 USD | Posiciones: 0 | Estrategias: 3
2026-08-22 05:47:37,556 [INFO] 📊 [PULSO PAPER MULTI-STRATEGY] Balance: $5000.00 USD | Posiciones: 0 | Estrategias: 3
2026-08-22 05:48:45,045 [INFO] 📊 [PULSO PAPER MULTI-STRATEGY] Balance: $5000.00 USD | Posiciones: 0 | Estrategias: 3
2026-08-22 05:49:56,200 [INFO] 📊 [PULSO PAPER MULTI-STRATEGY] Balance: $5000.00 USD | Posiciones: 0 | Estrategias: 3
2026-08-22 05:51:06,440 [INFO] 📊 [PULSO PAPER MULTI-STRATEGY] Balance: $5000.00 USD | Posiciones: 0 | Estrategias: 3
2026-08-22 05:52:14,493 [INFO] 📊 [PULSO PAPER MULTI-STRATEGY] Balance: $5000.00 USD | Posiciones: 0 | Estrategias: 3
2026-08-22 05:53:24,217 [INFO] 📊 [PULSO PAPER MULTI-STRATEGY] Balance: $5000.00 USD | Posiciones: 0 | Estrategias: 3
2026-08-22 05:54:34,220 [INFO] 📊 [PULSO PAPER MULTI-STRATEGY] Balance: $5000.00 USD | Posiciones: 0 | Estrategias: 3
2026-08-22 05:55:44,463 [INFO] 📊 [PULSO PAPER MULTI-STRATEGY] Balance: $5000.00 USD | Posiciones: 0 | Estrategias: 3
2026-08-22 05:56:50,825 [INFO] 📊 [PULSO PAPER MULTI-STRATEGY] Balance: $5000.00 USD | Posiciones: 0 | Estrategias: 3
2026-08-22 05:57:59,435 [INFO] 📊 [PULSO PAPER MULTI-STRATEGY] Balance: $5000.00 USD | Posiciones: 0 | Estrategias: 3
2026-08-22 05:59:08,045 [INFO] 📊 [PULSO PAPER MULTI-STRATEGY] Balance: $5000.00 USD | Posiciones: 0 | Estrategias: 3
2026-08-22 06:00:16,209 [INFO] 📊 [PULSO PAPER MULTI-STRATEGY] Balance: $5000.00 USD | Posiciones: 0 | Estrategias: 3
2026-08-22 06:01:24,667 [INFO] 📊 [PULSO PAPER MULTI-STRATEGY] Balance: $5000.00 USD | Posiciones: 0 | Estrategias: 3
2026-08-22 06:02:33,065 [INFO] 📊 [PULSO PAPER MULTI-STRATEGY] Balance: $5000.00 USD | Posiciones: 0 | Estrategias: 3
2026-08-22 06:03:43,004 [INFO] 📊 [PULSO PAPER MULTI-STRATEGY] Balance: $5000.00 USD | Posiciones: 0 | Estrategias: 3
2026-08-22 06:04:51,708 [INFO] 📊 [PULSO PAPER MULTI-STRATEGY] Balance: $5000.00 USD | Posiciones: 0 | Estrategias: 3
2026-08-22 06:05:59,808 [INFO] 📊 [PULSO PAPER MULTI-STRATEGY] Balance: $5000.00 USD | Posiciones: 0 | Estrategias: 3
2026-08-22 06:07:07,527 [INFO] 📊 [PULSO PAPER MULTI-STRATEGY] Balance: $5000.00 USD | Posiciones: 0 | Estrategias: 3
2026-08-22 06:08:14,885 [INFO] 📊 [PULSO PAPER MULTI-STRATEGY] Balance: $5000.00 USD | Posiciones: 0 | Estrategias: 3
2026-08-22 06:09:25,434 [INFO] 📊 [PULSO PAPER MULTI-STRATEGY] Balance: $5000.00 USD | Posiciones: 0 | Estrategias: 3
2026-08-22 06:10:33,467 [INFO] 📊 [PULSO PAPER MULTI-STRATEGY] Balance: $5000.00 USD | Posiciones: 0 | Estrategias: 3
2026-08-22 06:11:42,934 [INFO] 📊 [PULSO PAPER MULTI-STRATEGY] Balance: $5000.00 USD | Posiciones: 0 | Estrategias: 3
2026-08-22 06:12:52,290 [INFO] 📊 [PULSO PAPER MULTI-STRATEGY] Balance: $5000.00 USD | Posiciones: 0 | Estrategias: 3
2026-08-22 06:14:02,125 [INFO] 📊 [PULSO PAPER MULTI-STRATEGY] Balance: $5000.00 USD | Posiciones: 0 | Estrategias: 3
2026-08-22 06:15:11,657 [INFO] 📊 [PULSO PAPER MULTI-STRATEGY] Balance: $5000.00 USD | Posiciones: 0 | Estrategias: 3
2026-08-22 06:16:19,771 [INFO] 📊 [PULSO PAPER MULTI-STRATEGY] Balance: $5000.00 USD | Posiciones: 0 | Estrategias: 3
2026-08-22 06:17:27,338 [INFO] 📊 [PULSO PAPER MULTI-STRATEGY] Balance: $5000.00 USD | Posiciones: 0 | Estrategias: 3
2026-08-22 06:18:35,746 [INFO] 📊 [PULSO PAPER MULTI-STRATEGY] Balance: $5000.00 USD | Posiciones: 0 | Estrategias: 3
2026-08-22 06:19:44,874 [INFO] 📊 [PULSO PAPER MULTI-STRATEGY] Balance: $5000.00 USD | Posiciones: 0 | Estrategias: 3
2026-08-22 06:20:54,048 [INFO] 📊 [PULSO PAPER MULTI-STRATEGY] Balance: $5000.00 USD | Posiciones: 0 | Estrategias: 3
2026-08-22 06:22:03,991 [INFO] 📊 [PULSO PAPER MULTI-STRATEGY] Balance: $5000.00 USD | Posiciones: 0 | Estrategias: 3
2026-08-22 06:23:12,241 [INFO] 📊 [PULSO PAPER MULTI-STRATEGY] Balance: $5000.00 USD | Posiciones: 0 | Estrategias: 3
2026-08-22 06:24:21,558 [INFO] 📊 [PULSO PAPER MULTI-STRATEGY] Balance: $5000.00 USD | Posiciones: 0 | Estrategias: 3
2026-08-22 06:25:31,018 [INFO] 📊 [PULSO PAPER MULTI-STRATEGY] Balance: $5000.00 USD | Posiciones: 0 | Estrategias: 3
2026-08-22 06:26:40,659 [INFO] 📊 [PULSO PAPER MULTI-STRATEGY] Balance: $5000.00 USD | Posiciones: 0 | Estrategias: 3
2026-08-22 06:27:51,105 [INFO] 📊 [PULSO PAPER MULTI-STRATEGY] Balance: $5000.00 USD | Posiciones: 0 | Estrategias: 3
2026-08-22 06:28:59,932 [INFO] 📊 [PULSO PAPER MULTI-STRATEGY] Balance: $5000.00 USD | Posiciones: 0 | Estrategias: 3
2026-08-22 06:30:08,628 [INFO] 📊 [PULSO PAPER MULTI-STRATEGY] Balance: $5000.00 USD | Posiciones: 0 | Estrategias: 3
2026-08-22 06:31:18,569 [INFO] 📊 [PULSO PAPER MULTI-STRATEGY] Balance: $5000.00 USD | Posiciones: 0 | Estrategias: 3
2026-08-22 06:32:29,125 [INFO] 📊 [PULSO PAPER MULTI-STRATEGY] Balance: $5000.00 USD | Posiciones: 0 | Estrategias: 3
2026-08-22 06:33:39,064 [INFO] 📊 [PULSO PAPER MULTI-STRATEGY] Balance: $5000.00 USD | Posiciones: 0 | Estrategias: 3
2026-08-22 06:34:47,910 [INFO] 📊 [PULSO PAPER MULTI-STRATEGY] Balance: $5000.00 USD | Posiciones: 0 | Estrategias: 3
2026-08-22 06:35:57,328 [INFO] 📊 [PULSO PAPER MULTI-STRATEGY] Balance: $5000.00 USD | Posiciones: 0 | Estrategias: 3
2026-08-22 06:37:05,866 [INFO] 📊 [PULSO PAPER MULTI-STRATEGY] Balance: $5000.00 USD | Posiciones: 0 | Estrategias: 3
2026-08-22 06:38:15,252 [INFO] 📊 [PULSO PAPER MULTI-STRATEGY] Balance: $5000.00 USD | Posiciones: 0 | Estrategias: 3
2026-08-22 06:39:24,773 [INFO] 📊 [PULSO PAPER MULTI-STRATEGY] Balance: $5000.00 USD | Posiciones: 0 | Estrategias: 3
2026-08-22 06:40:34,814 [INFO] 📊 [PULSO PAPER MULTI-STRATEGY] Balance: $5000.00 USD | Posiciones: 0 | Estrategias: 3
2026-08-22 06:41:44,109 [INFO] 📊 [PULSO PAPER MULTI-STRATEGY] Balance: $5000.00 USD | Posiciones: 0 | Estrategias: 3
2026-08-22 06:42:52,724 [INFO] 📊 [PULSO PAPER MULTI-STRATEGY] Balance: $5000.00 USD | Posiciones: 0 | Estrategias: 3
2026-08-22 06:44:01,585 [INFO] 📊 [PULSO PAPER MULTI-STRATEGY] Balance: $5000.00 USD | Posiciones: 0 | Estrategias: 3
2026-08-22 06:45:09,527 [INFO] 📊 [PULSO PAPER MULTI-STRATEGY] Balance: $5000.00 USD | Posiciones: 0 | Estrategias: 3
2026-08-22 06:46:19,138 [INFO] 📊 [PULSO PAPER MULTI-STRATEGY] Balance: $5000.00 USD | Posiciones: 0 | Estrategias: 3
2026-08-22 06:47:28,797 [INFO] 📊 [PULSO PAPER MULTI-STRATEGY] Balance: $5000.00 USD | Posiciones: 0 | Estrategias: 3
2026-08-22 06:48:38,326 [INFO] 📊 [PULSO PAPER MULTI-STRATEGY] Balance: $5000.00 USD | Posiciones: 0 | Estrategias: 3
2026-08-22 06:49:48,302 [INFO] 📊 [PULSO PAPER MULTI-STRATEGY] Balance: $5000.00 USD | Posiciones: 0 | Estrategias: 3
2026-08-22 06:50:59,255 [INFO] 📊 [PULSO PAPER MULTI-STRATEGY] Balance: $5000.00 USD | Posiciones: 0 | Estrategias: 3
2026-08-22 06:52:08,195 [INFO] 📊 [PULSO PAPER MULTI-STRATEGY] Balance: $5000.00 USD | Posiciones: 0 | Estrategias: 3
2026-08-22 06:53:18,666 [INFO] 📊 [PULSO PAPER MULTI-STRATEGY] Balance: $5000.00 USD | Posiciones: 0 | Estrategias: 3
2026-08-22 06:54:28,737 [INFO] 📊 [PULSO PAPER MULTI-STRATEGY] Balance: $5000.00 USD | Posiciones: 0 | Estrategias: 3
2026-08-22 06:55:38,488 [INFO] 📊 [PULSO PAPER MULTI-STRATEGY] Balance: $5000.00 USD | Posiciones: 0 | Estrategias: 3
2026-08-22 06:56:49,400 [INFO] 📊 [PULSO PAPER MULTI-STRATEGY] Balance: $5000.00 USD | Posiciones: 0 | Estrategias: 3
2026-08-22 06:57:58,861 [INFO] 📊 [PULSO PAPER MULTI-STRATEGY] Balance: $5000.00 USD | Posiciones: 0 | Estrategias: 3
2026-08-22 06:59:06,656 [INFO] 📊 [PULSO PAPER MULTI-STRATEGY] Balance: $5000.00 USD | Posiciones: 0 | Estrategias: 3
2026-08-22 07:00:15,498 [INFO] 📊 [PULSO PAPER MULTI-STRATEGY] Balance: $5000.00 USD | Posiciones: 0 | Estrategias: 3
2026-08-22 07:01:24,278 [INFO] 📊 [PULSO PAPER MULTI-STRATEGY] Balance: $5000.00 USD | Posiciones: 0 | Estrategias: 3
2026-08-22 07:02:32,434 [INFO] 📊 [PULSO PAPER MULTI-STRATEGY] Balance: $5000.00 USD | Posiciones: 0 | Estrategias: 3
2026-08-22 07:03:41,185 [INFO] 📊 [PULSO PAPER MULTI-STRATEGY] Balance: $5000.00 USD | Posiciones: 0 | Estrategias: 3
2026-08-22 07:04:48,890 [INFO] 📊 [PULSO PAPER MULTI-STRATEGY] Balance: $5000.00 USD | Posiciones: 0 | Estrategias: 3
2026-08-22 07:06:00,276 [INFO] 📊 [PULSO PAPER MULTI-STRATEGY] Balance: $5000.00 USD | Posiciones: 0 | Estrategias: 3
2026-08-22 07:07:09,371 [INFO] 📊 [PULSO PAPER MULTI-STRATEGY] Balance: $5000.00 USD | Posiciones: 0 | Estrategias: 3
2026-08-22 07:08:17,713 [INFO] 📊 [PULSO PAPER MULTI-STRATEGY] Balance: $5000.00 USD | Posiciones: 0 | Estrategias: 3
2026-08-22 07:09:27,712 [INFO] 📊 [PULSO PAPER MULTI-STRATEGY] Balance: $5000.00 USD | Posiciones: 0 | Estrategias: 3
2026-08-22 07:10:36,752 [INFO] 📊 [PULSO PAPER MULTI-STRATEGY] Balance: $5000.00 USD | Posiciones: 0 | Estrategias: 3
2026-08-22 07:11:45,648 [INFO] 📊 [PULSO PAPER MULTI-STRATEGY] Balance: $5000.00 USD | Posiciones: 0 | Estrategias: 3
2026-08-22 07:12:55,584 [INFO] 📊 [PULSO PAPER MULTI-STRATEGY] Balance: $5000.00 USD | Posiciones: 0 | Estrategias: 3
2026-08-22 07:14:03,170 [INFO] 📊 [PULSO PAPER MULTI-STRATEGY] Balance: $5000.00 USD | Posiciones: 0 | Estrategias: 3
2026-08-22 07:15:11,315 [INFO] 📊 [PULSO PAPER MULTI-STRATEGY] Balance: $5000.00 USD | Posiciones: 0 | Estrategias: 3
2026-08-22 07:16:19,723 [INFO] 📊 [PULSO PAPER MULTI-STRATEGY] Balance: $5000.00 USD | Posiciones: 0 | Estrategias: 3
2026-08-22 07:17:26,487 [INFO] 📊 [PULSO PAPER MULTI-STRATEGY] Balance: $5000.00 USD | Posiciones: 0 | Estrategias: 3
2026-08-22 07:18:35,499 [INFO] 📊 [PULSO PAPER MULTI-STRATEGY] Balance: $5000.00 USD | Posiciones: 0 | Estrategias: 3
2026-08-22 07:19:44,011 [INFO] 📊 [PULSO PAPER MULTI-STRATEGY] Balance: $5000.00 USD | Posiciones: 0 | Estrategias: 3
2026-08-22 07:20:52,315 [INFO] 📊 [PULSO PAPER MULTI-STRATEGY] Balance: $5000.00 USD | Posiciones: 0 | Estrategias: 3
2026-08-22 07:22:01,627 [INFO] 📊 [PULSO PAPER MULTI-STRATEGY] Balance: $5000.00 USD | Posiciones: 0 | Estrategias: 3
2026-08-22 07:23:10,456 [INFO] 📊 [PULSO PAPER MULTI-STRATEGY] Balance: $5000.00 USD | Posiciones: 0 | Estrategias: 3
2026-08-22 07:24:18,779 [INFO] 📊 [PULSO PAPER MULTI-STRATEGY] Balance: $5000.00 USD | Posiciones: 0 | Estrategias: 3
2026-08-22 07:25:27,029 [INFO] 📊 [PULSO PAPER MULTI-STRATEGY] Balance: $5000.00 USD | Posiciones: 0 | Estrategias: 3
2026-08-22 07:26:35,952 [INFO] 📊 [PULSO PAPER MULTI-STRATEGY] Balance: $5000.00 USD | Posiciones: 0 | Estrategias: 3
2026-08-22 07:27:43,122 [INFO] 📊 [PULSO PAPER MULTI-STRATEGY] Balance: $5000.00 USD | Posiciones: 0 | Estrategias: 3
2026-08-22 07:28:52,151 [INFO] 📊 [PULSO PAPER MULTI-STRATEGY] Balance: $5000.00 USD | Posiciones: 0 | Estrategias: 3
2026-08-22 07:30:00,372 [INFO] 📊 [PULSO PAPER MULTI-STRATEGY] Balance: $5000.00 USD | Posiciones: 0 | Estrategias: 3
2026-08-22 07:31:08,880 [INFO] 📊 [PULSO PAPER MULTI-STRATEGY] Balance: $5000.00 USD | Posiciones: 0 | Estrategias: 3
2026-08-22 07:32:17,801 [INFO] 📊 [PULSO PAPER MULTI-STRATEGY] Balance: $5000.00 USD | Posiciones: 0 | Estrategias: 3
2026-08-22 07:33:25,401 [INFO] 📊 [PULSO PAPER MULTI-STRATEGY] Balance: $5000.00 USD | Posiciones: 0 | Estrategias: 3
2026-08-22 07:34:34,933 [INFO] 📊 [PULSO PAPER MULTI-STRATEGY] Balance: $5000.00 USD | Posiciones: 0 | Estrategias: 3
2026-08-22 07:35:44,982 [INFO] 📊 [PULSO PAPER MULTI-STRATEGY] Balance: $5000.00 USD | Posiciones: 0 | Estrategias: 3
2026-08-22 07:36:53,200 [INFO] 📊 [PULSO PAPER MULTI-STRATEGY] Balance: $5000.00 USD | Posiciones: 0 | Estrategias: 3
2026-08-22 07:38:01,561 [INFO] 📊 [PULSO PAPER MULTI-STRATEGY] Balance: $5000.00 USD | Posiciones: 0 | Estrategias: 3
2026-08-22 07:39:10,375 [INFO] 📊 [PULSO PAPER MULTI-STRATEGY] Balance: $5000.00 USD | Posiciones: 0 | Estrategias: 3
2026-08-22 07:40:20,231 [INFO] 📊 [PULSO PAPER MULTI-STRATEGY] Balance: $5000.00 USD | Posiciones: 0 | Estrategias: 3
2026-08-22 07:41:27,893 [INFO] 📊 [PULSO PAPER MULTI-STRATEGY] Balance: $5000.00 USD | Posiciones: 0 | Estrategias: 3
2026-08-22 07:42:37,254 [INFO] 📊 [PULSO PAPER MULTI-STRATEGY] Balance: $5000.00 USD | Posiciones: 0 | Estrategias: 3
2026-08-22 07:43:45,689 [INFO] 📊 [PULSO PAPER MULTI-STRATEGY] Balance: $5000.00 USD | Posiciones: 0 | Estrategias: 3
2026-08-22 07:44:54,234 [INFO] 📊 [PULSO PAPER MULTI-STRATEGY] Balance: $5000.00 USD | Posiciones: 0 | Estrategias: 3
2026-08-22 07:46:02,925 [INFO] 📊 [PULSO PAPER MULTI-STRATEGY] Balance: $5000.00 USD | Posiciones: 0 | Estrategias: 3
2026-08-22 07:47:11,397 [INFO] 📊 [PULSO PAPER MULTI-STRATEGY] Balance: $5000.00 USD | Posiciones: 0 | Estrategias: 3
2026-08-22 07:48:18,771 [INFO] 📊 [PULSO PAPER MULTI-STRATEGY] Balance: $5000.00 USD | Posiciones: 0 | Estrategias: 3
2026-08-22 07:49:27,167 [INFO] 📊 [PULSO PAPER MULTI-STRATEGY] Balance: $5000.00 USD | Posiciones: 0 | Estrategias: 3
2026-08-22 07:50:36,480 [INFO] 📊 [PULSO PAPER MULTI-STRATEGY] Balance: $5000.00 USD | Posiciones: 0 | Estrategias: 3
2026-08-22 07:51:44,998 [INFO] 📊 [PULSO PAPER MULTI-STRATEGY] Balance: $5000.00 USD | Posiciones: 0 | Estrategias: 3
2026-08-22 07:52:55,202 [INFO] 📊 [PULSO PAPER MULTI-STRATEGY] Balance: $5000.00 USD | Posiciones: 0 | Estrategias: 3
2026-08-22 07:54:04,596 [INFO] 📊 [PULSO PAPER MULTI-STRATEGY] Balance: $5000.00 USD | Posiciones: 0 | Estrategias: 3
2026-08-22 07:55:12,152 [INFO] 📊 [PULSO PAPER MULTI-STRATEGY] Balance: $5000.00 USD | Posiciones: 0 | Estrategias: 3
2026-08-22 07:56:20,587 [INFO] 📊 [PULSO PAPER MULTI-STRATEGY] Balance: $5000.00 USD | Posiciones: 0 | Estrategias: 3
2026-08-22 07:57:29,478 [INFO] 📊 [PULSO PAPER MULTI-STRATEGY] Balance: $5000.00 USD | Posiciones: 0 | Estrategias: 3
2026-08-22 07:58:39,200 [INFO] 📊 [PULSO PAPER MULTI-STRATEGY] Balance: $5000.00 USD | Posiciones: 0 | Estrategias: 3
2026-08-22 07:59:48,132 [INFO] 📊 [PULSO PAPER MULTI-STRATEGY] Balance: $5000.00 USD | Posiciones: 0 | Estrategias: 3
2026-08-22 08:00:58,402 [INFO] 📊 [PULSO PAPER MULTI-STRATEGY] Balance: $5000.00 USD | Posiciones: 0 | Estrategias: 3
2026-08-22 08:02:06,485 [INFO] 📊 [PULSO PAPER MULTI-STRATEGY] Balance: $5000.00 USD | Posiciones: 0 | Estrategias: 3
2026-08-22 08:03:15,326 [INFO] 📊 [PULSO PAPER MULTI-STRATEGY] Balance: $5000.00 USD | Posiciones: 0 | Estrategias: 3
2026-08-22 08:04:24,517 [INFO] 📊 [PULSO PAPER MULTI-STRATEGY] Balance: $5000.00 USD | Posiciones: 0 | Estrategias: 3
2026-08-22 08:05:32,741 [INFO] 📊 [PULSO PAPER MULTI-STRATEGY] Balance: $5000.00 USD | Posiciones: 0 | Estrategias: 3
2026-08-22 08:06:41,094 [INFO] 📊 [PULSO PAPER MULTI-STRATEGY] Balance: $5000.00 USD | Posiciones: 0 | Estrategias: 3
2026-08-22 08:07:50,141 [INFO] 📊 [PULSO PAPER MULTI-STRATEGY] Balance: $5000.00 USD | Posiciones: 0 | Estrategias: 3
2026-08-22 08:08:58,973 [INFO] 📊 [PULSO PAPER MULTI-STRATEGY] Balance: $5000.00 USD | Posiciones: 0 | Estrategias: 3
2026-08-22 08:10:07,833 [INFO] 📊 [PULSO PAPER MULTI-STRATEGY] Balance: $5000.00 USD | Posiciones: 0 | Estrategias: 3
2026-08-22 08:11:17,615 [INFO] 📊 [PULSO PAPER MULTI-STRATEGY] Balance: $5000.00 USD | Posiciones: 0 | Estrategias: 3
2026-08-22 08:12:26,120 [INFO] 📊 [PULSO PAPER MULTI-STRATEGY] Balance: $5000.00 USD | Posiciones: 0 | Estrategias: 3
2026-08-22 08:13:35,969 [INFO] 📊 [PULSO PAPER MULTI-STRATEGY] Balance: $5000.00 USD | Posiciones: 0 | Estrategias: 3
2026-08-22 08:14:46,202 [INFO] 📊 [PULSO PAPER MULTI-STRATEGY] Balance: $5000.00 USD | Posiciones: 0 | Estrategias: 3
2026-08-22 08:15:54,251 [INFO] 📊 [PULSO PAPER MULTI-STRATEGY] Balance: $5000.00 USD | Posiciones: 0 | Estrategias: 3
2026-08-22 08:17:02,192 [INFO] 📊 [PULSO PAPER MULTI-STRATEGY] Balance: $5000.00 USD | Posiciones: 0 | Estrategias: 3
2026-08-22 08:18:09,563 [INFO] 📊 [PULSO PAPER MULTI-STRATEGY] Balance: $5000.00 USD | Posiciones: 0 | Estrategias: 3
2026-08-22 08:19:18,807 [INFO] 📊 [PULSO PAPER MULTI-STRATEGY] Balance: $5000.00 USD | Posiciones: 0 | Estrategias: 3
2026-08-22 08:20:28,947 [INFO] 📊 [PULSO PAPER MULTI-STRATEGY] Balance: $5000.00 USD | Posiciones: 0 | Estrategias: 3
2026-08-22 08:21:38,413 [INFO] 📊 [PULSO PAPER MULTI-STRATEGY] Balance: $5000.00 USD | Posiciones: 0 | Estrategias: 3
2026-08-22 08:22:46,378 [INFO] 📊 [PULSO PAPER MULTI-STRATEGY] Balance: $5000.00 USD | Posiciones: 0 | Estrategias: 3
2026-08-22 08:23:55,687 [INFO] 📊 [PULSO PAPER MULTI-STRATEGY] Balance: $5000.00 USD | Posiciones: 0 | Estrategias: 3
2026-08-22 08:25:04,333 [INFO] 📊 [PULSO PAPER MULTI-STRATEGY] Balance: $5000.00 USD | Posiciones: 0 | Estrategias: 3
2026-08-22 08:26:13,148 [INFO] 📊 [PULSO PAPER MULTI-STRATEGY] Balance: $5000.00 USD | Posiciones: 0 | Estrategias: 3
2026-08-22 08:27:21,493 [INFO] 📊 [PULSO PAPER MULTI-STRATEGY] Balance: $5000.00 USD | Posiciones: 0 | Estrategias: 3
2026-08-22 08:28:30,090 [INFO] 📊 [PULSO PAPER MULTI-STRATEGY] Balance: $5000.00 USD | Posiciones: 0 | Estrategias: 3
2026-08-22 08:29:39,649 [INFO] 📊 [PULSO PAPER MULTI-STRATEGY] Balance: $5000.00 USD | Posiciones: 0 | Estrategias: 3
2026-08-22 08:30:47,234 [INFO] 📊 [PULSO PAPER MULTI-STRATEGY] Balance: $5000.00 USD | Posiciones: 0 | Estrategias: 3
2026-08-22 08:31:55,792 [INFO] 📊 [PULSO PAPER MULTI-STRATEGY] Balance: $5000.00 USD | Posiciones: 0 | Estrategias: 3
2026-08-22 08:33:06,394 [INFO] 📊 [PULSO PAPER MULTI-STRATEGY] Balance: $5000.00 USD | Posiciones: 0 | Estrategias: 3
2026-08-22 08:34:15,951 [INFO] 📊 [PULSO PAPER MULTI-STRATEGY] Balance: $5000.00 USD | Posiciones: 0 | Estrategias: 3
2026-08-22 08:35:32,038 [INFO] 📊 [PULSO PAPER MULTI-STRATEGY] Balance: $5000.00 USD | Posiciones: 0 | Estrategias: 3
2026-08-22 08:36:40,571 [INFO] 📊 [PULSO PAPER MULTI-STRATEGY] Balance: $5000.00 USD | Posiciones: 0 | Estrategias: 3
2026-08-22 08:37:50,349 [INFO] 📊 [PULSO PAPER MULTI-STRATEGY] Balance: $5000.00 USD | Posiciones: 0 | Estrategias: 3
2026-08-22 08:38:58,780 [INFO] 📊 [PULSO PAPER MULTI-STRATEGY] Balance: $5000.00 USD | Posiciones: 0 | Estrategias: 3
2026-08-22 08:40:07,102 [INFO] 📊 [PULSO PAPER MULTI-STRATEGY] Balance: $5000.00 USD | Posiciones: 0 | Estrategias: 3
2026-08-22 08:41:16,811 [INFO] 📊 [PULSO PAPER MULTI-STRATEGY] Balance: $5000.00 USD | Posiciones: 0 | Estrategias: 3
2026-08-22 08:42:25,509 [INFO] 📊 [PULSO PAPER MULTI-STRATEGY] Balance: $5000.00 USD | Posiciones: 0 | Estrategias: 3
2026-08-22 08:43:34,522 [INFO] 📊 [PULSO PAPER MULTI-STRATEGY] Balance: $5000.00 USD | Posiciones: 0 | Estrategias: 3
2026-08-22 08:44:42,841 [INFO] 📊 [PULSO PAPER MULTI-STRATEGY] Balance: $5000.00 USD | Posiciones: 0 | Estrategias: 3
2026-08-22 08:45:51,950 [INFO] 📊 [PULSO PAPER MULTI-STRATEGY] Balance: $5000.00 USD | Posiciones: 0 | Estrategias: 3
2026-08-22 08:47:02,398 [INFO] 📊 [PULSO PAPER MULTI-STRATEGY] Balance: $5000.00 USD | Posiciones: 0 | Estrategias: 3
2026-08-22 08:48:10,760 [INFO] 📊 [PULSO PAPER MULTI-STRATEGY] Balance: $5000.00 USD | Posiciones: 0 | Estrategias: 3
2026-08-22 08:49:20,006 [INFO] 📊 [PULSO PAPER MULTI-STRATEGY] Balance: $5000.00 USD | Posiciones: 0 | Estrategias: 3
2026-08-22 08:50:29,632 [INFO] 📊 [PULSO PAPER MULTI-STRATEGY] Balance: $5000.00 USD | Posiciones: 0 | Estrategias: 3
2026-08-22 08:51:38,438 [INFO] 📊 [PULSO PAPER MULTI-STRATEGY] Balance: $5000.00 USD | Posiciones: 0 | Estrategias: 3
2026-08-22 08:52:47,050 [INFO] 📊 [PULSO PAPER MULTI-STRATEGY] Balance: $5000.00 USD | Posiciones: 0 | Estrategias: 3
2026-08-22 08:53:57,445 [INFO] 📊 [PULSO PAPER MULTI-STRATEGY] Balance: $5000.00 USD | Posiciones: 0 | Estrategias: 3
2026-08-22 08:55:08,050 [INFO] 📊 [PULSO PAPER MULTI-STRATEGY] Balance: $5000.00 USD | Posiciones: 0 | Estrategias: 3
2026-08-22 08:56:16,679 [INFO] 📊 [PULSO PAPER MULTI-STRATEGY] Balance: $5000.00 USD | Posiciones: 0 | Estrategias: 3
2026-08-22 08:57:25,363 [INFO] 📊 [PULSO PAPER MULTI-STRATEGY] Balance: $5000.00 USD | Posiciones: 0 | Estrategias: 3
2026-08-22 08:58:35,714 [INFO] 📊 [PULSO PAPER MULTI-STRATEGY] Balance: $5000.00 USD | Posiciones: 0 | Estrategias: 3
2026-08-22 08:59:44,422 [INFO] 📊 [PULSO PAPER MULTI-STRATEGY] Balance: $5000.00 USD | Posiciones: 0 | Estrategias: 3
2026-08-22 09:00:52,627 [INFO] 📊 [PULSO PAPER MULTI-STRATEGY] Balance: $5000.00 USD | Posiciones: 0 | Estrategias: 3
2026-08-22 09:02:02,158 [INFO] 📊 [PULSO PAPER MULTI-STRATEGY] Balance: $5000.00 USD | Posiciones: 0 | Estrategias: 3
2026-08-22 09:03:12,294 [INFO] 📊 [PULSO PAPER MULTI-STRATEGY] Balance: $5000.00 USD | Posiciones: 0 | Estrategias: 3
2026-08-22 09:04:22,149 [INFO] 📊 [PULSO PAPER MULTI-STRATEGY] Balance: $5000.00 USD | Posiciones: 0 | Estrategias: 3
2026-08-22 09:05:30,615 [INFO] 📊 [PULSO PAPER MULTI-STRATEGY] Balance: $5000.00 USD | Posiciones: 0 | Estrategias: 3
2026-08-22 09:06:40,321 [INFO] 📊 [PULSO PAPER MULTI-STRATEGY] Balance: $5000.00 USD | Posiciones: 0 | Estrategias: 3
2026-08-22 09:07:48,920 [INFO] 📊 [PULSO PAPER MULTI-STRATEGY] Balance: $5000.00 USD | Posiciones: 0 | Estrategias: 3
2026-08-22 09:08:58,311 [INFO] 📊 [PULSO PAPER MULTI-STRATEGY] Balance: $5000.00 USD | Posiciones: 0 | Estrategias: 3
2026-08-22 09:10:05,938 [INFO] 📊 [PULSO PAPER MULTI-STRATEGY] Balance: $5000.00 USD | Posiciones: 0 | Estrategias: 3
2026-08-22 09:11:15,993 [INFO] 📊 [PULSO PAPER MULTI-STRATEGY] Balance: $5000.00 USD | Posiciones: 0 | Estrategias: 3
2026-08-22 09:12:25,262 [INFO] 📊 [PULSO PAPER MULTI-STRATEGY] Balance: $5000.00 USD | Posiciones: 0 | Estrategias: 3
2026-08-22 09:13:33,002 [INFO] 📊 [PULSO PAPER MULTI-STRATEGY] Balance: $5000.00 USD | Posiciones: 0 | Estrategias: 3
2026-08-22 09:14:42,461 [INFO] 📊 [PULSO PAPER MULTI-STRATEGY] Balance: $5000.00 USD | Posiciones: 0 | Estrategias: 3
2026-08-22 09:15:51,771 [INFO] 📊 [PULSO PAPER MULTI-STRATEGY] Balance: $5000.00 USD | Posiciones: 0 | Estrategias: 3
2026-08-22 09:16:59,676 [INFO] 📊 [PULSO PAPER MULTI-STRATEGY] Balance: $5000.00 USD | Posiciones: 0 | Estrategias: 3
2026-08-22 09:18:08,363 [INFO] 📊 [PULSO PAPER MULTI-STRATEGY] Balance: $5000.00 USD | Posiciones: 0 | Estrategias: 3
2026-08-22 09:19:18,097 [INFO] 📊 [PULSO PAPER MULTI-STRATEGY] Balance: $5000.00 USD | Posiciones: 0 | Estrategias: 3
2026-08-22 09:20:26,706 [INFO] 📊 [PULSO PAPER MULTI-STRATEGY] Balance: $5000.00 USD | Posiciones: 0 | Estrategias: 3
2026-08-22 09:21:35,140 [INFO] 📊 [PULSO PAPER MULTI-STRATEGY] Balance: $5000.00 USD | Posiciones: 0 | Estrategias: 3
2026-08-22 09:22:43,898 [INFO] 📊 [PULSO PAPER MULTI-STRATEGY] Balance: $5000.00 USD | Posiciones: 0 | Estrategias: 3
2026-08-22 09:23:54,058 [INFO] 📊 [PULSO PAPER MULTI-STRATEGY] Balance: $5000.00 USD | Posiciones: 0 | Estrategias: 3
2026-08-22 09:25:02,872 [INFO] 📊 [PULSO PAPER MULTI-STRATEGY] Balance: $5000.00 USD | Posiciones: 0 | Estrategias: 3
2026-08-22 09:26:11,477 [INFO] 📊 [PULSO PAPER MULTI-STRATEGY] Balance: $5000.00 USD | Posiciones: 0 | Estrategias: 3
2026-08-22 09:27:27,641 [INFO] 📊 [PULSO PAPER MULTI-STRATEGY] Balance: $5000.00 USD | Posiciones: 0 | Estrategias: 3
2026-08-22 09:28:35,339 [INFO] 📊 [PULSO PAPER MULTI-STRATEGY] Balance: $5000.00 USD | Posiciones: 0 | Estrategias: 3
2026-08-22 09:29:44,335 [INFO] 📊 [PULSO PAPER MULTI-STRATEGY] Balance: $5000.00 USD | Posiciones: 0 | Estrategias: 3
2026-08-22 09:30:53,271 [INFO] 📊 [PULSO PAPER MULTI-STRATEGY] Balance: $5000.00 USD | Posiciones: 0 | Estrategias: 3
2026-08-22 09:32:02,725 [INFO] 📊 [PULSO PAPER MULTI-STRATEGY] Balance: $5000.00 USD | Posiciones: 0 | Estrategias: 3
2026-08-22 09:33:11,710 [INFO] 📊 [PULSO PAPER MULTI-STRATEGY] Balance: $5000.00 USD | Posiciones: 0 | Estrategias: 3
2026-08-22 09:34:19,635 [INFO] 📊 [PULSO PAPER MULTI-STRATEGY] Balance: $5000.00 USD | Posiciones: 0 | Estrategias: 3
2026-08-22 09:35:28,166 [INFO] 📊 [PULSO PAPER MULTI-STRATEGY] Balance: $5000.00 USD | Posiciones: 0 | Estrategias: 3
2026-08-22 09:36:37,542 [INFO] 📊 [PULSO PAPER MULTI-STRATEGY] Balance: $5000.00 USD | Posiciones: 0 | Estrategias: 3
2026-08-22 09:37:46,776 [INFO] 📊 [PULSO PAPER MULTI-STRATEGY] Balance: $5000.00 USD | Posiciones: 0 | Estrategias: 3
2026-08-22 09:38:54,850 [INFO] 📊 [PULSO PAPER MULTI-STRATEGY] Balance: $5000.00 USD | Posiciones: 0 | Estrategias: 3
2026-08-22 09:40:03,742 [INFO] 📊 [PULSO PAPER MULTI-STRATEGY] Balance: $5000.00 USD | Posiciones: 0 | Estrategias: 3
2026-08-22 09:41:12,165 [INFO] 📊 [PULSO PAPER MULTI-STRATEGY] Balance: $5000.00 USD | Posiciones: 0 | Estrategias: 3
2026-08-22 09:42:21,269 [INFO] 📊 [PULSO PAPER MULTI-STRATEGY] Balance: $5000.00 USD | Posiciones: 0 | Estrategias: 3
2026-08-22 09:43:29,676 [INFO] 📊 [PULSO PAPER MULTI-STRATEGY] Balance: $5000.00 USD | Posiciones: 0 | Estrategias: 3
2026-08-22 09:44:38,080 [INFO] 📊 [PULSO PAPER MULTI-STRATEGY] Balance: $5000.00 USD | Posiciones: 0 | Estrategias: 3
2026-08-22 09:45:46,717 [INFO] 📊 [PULSO PAPER MULTI-STRATEGY] Balance: $5000.00 USD | Posiciones: 0 | Estrategias: 3
2026-08-22 09:46:55,749 [INFO] 📊 [PULSO PAPER MULTI-STRATEGY] Balance: $5000.00 USD | Posiciones: 0 | Estrategias: 3
2026-08-22 09:48:03,181 [INFO] 📊 [PULSO PAPER MULTI-STRATEGY] Balance: $5000.00 USD | Posiciones: 0 | Estrategias: 3
2026-08-22 09:49:11,837 [INFO] 📊 [PULSO PAPER MULTI-STRATEGY] Balance: $5000.00 USD | Posiciones: 0 | Estrategias: 3
2026-08-22 09:50:20,909 [INFO] 📊 [PULSO PAPER MULTI-STRATEGY] Balance: $5000.00 USD | Posiciones: 0 | Estrategias: 3
2026-08-22 09:51:28,925 [INFO] 📊 [PULSO PAPER MULTI-STRATEGY] Balance: $5000.00 USD | Posiciones: 0 | Estrategias: 3
2026-08-22 09:52:37,837 [INFO] 📊 [PULSO PAPER MULTI-STRATEGY] Balance: $5000.00 USD | Posiciones: 0 | Estrategias: 3
2026-08-22 09:53:46,980 [INFO] 📊 [PULSO PAPER MULTI-STRATEGY] Balance: $5000.00 USD | Posiciones: 0 | Estrategias: 3
2026-08-22 09:54:55,383 [INFO] 📊 [PULSO PAPER MULTI-STRATEGY] Balance: $5000.00 USD | Posiciones: 0 | Estrategias: 3
2026-08-22 09:56:03,319 [INFO] 📊 [PULSO PAPER MULTI-STRATEGY] Balance: $5000.00 USD | Posiciones: 0 | Estrategias: 3
2026-08-22 09:57:12,557 [INFO] 📊 [PULSO PAPER MULTI-STRATEGY] Balance: $5000.00 USD | Posiciones: 0 | Estrategias: 3
2026-08-22 09:58:21,372 [INFO] 📊 [PULSO PAPER MULTI-STRATEGY] Balance: $5000.00 USD | Posiciones: 0 | Estrategias: 3
2026-08-22 09:59:29,922 [INFO] 📊 [PULSO PAPER MULTI-STRATEGY] Balance: $5000.00 USD | Posiciones: 0 | Estrategias: 3
2026-08-22 10:00:38,870 [INFO] 📊 [PULSO PAPER MULTI-STRATEGY] Balance: $5000.00 USD | Posiciones: 0 | Estrategias: 3
2026-08-22 10:01:47,751 [INFO] 📊 [PULSO PAPER MULTI-STRATEGY] Balance: $5000.00 USD | Posiciones: 0 | Estrategias: 3
2026-08-22 10:02:56,360 [INFO] 📊 [PULSO PAPER MULTI-STRATEGY] Balance: $5000.00 USD | Posiciones: 0 | Estrategias: 3
2026-08-22 10:04:04,986 [INFO] 📊 [PULSO PAPER MULTI-STRATEGY] Balance: $5000.00 USD | Posiciones: 0 | Estrategias: 3
2026-08-22 10:05:13,494 [INFO] 📊 [PULSO PAPER MULTI-STRATEGY] Balance: $5000.00 USD | Posiciones: 0 | Estrategias: 3
2026-08-22 10:06:22,918 [INFO] 📊 [PULSO PAPER MULTI-STRATEGY] Balance: $5000.00 USD | Posiciones: 0 | Estrategias: 3
2026-08-22 10:07:31,622 [INFO] 📊 [PULSO PAPER MULTI-STRATEGY] Balance: $5000.00 USD | Posiciones: 0 | Estrategias: 3
2026-08-22 10:08:41,968 [INFO] 📊 [PULSO PAPER MULTI-STRATEGY] Balance: $5000.00 USD | Posiciones: 0 | Estrategias: 3
2026-08-22 10:09:50,294 [INFO] 📊 [PULSO PAPER MULTI-STRATEGY] Balance: $5000.00 USD | Posiciones: 0 | Estrategias: 3
2026-08-22 10:10:59,297 [INFO] 📊 [PULSO PAPER MULTI-STRATEGY] Balance: $5000.00 USD | Posiciones: 0 | Estrategias: 3
2026-08-22 10:12:07,847 [INFO] 📊 [PULSO PAPER MULTI-STRATEGY] Balance: $5000.00 USD | Posiciones: 0 | Estrategias: 3
2026-08-22 10:13:17,155 [INFO] 📊 [PULSO PAPER MULTI-STRATEGY] Balance: $5000.00 USD | Posiciones: 0 | Estrategias: 3
2026-08-22 10:14:25,663 [INFO] 📊 [PULSO PAPER MULTI-STRATEGY] Balance: $5000.00 USD | Posiciones: 0 | Estrategias: 3
2026-08-22 10:15:34,577 [INFO] 📊 [PULSO PAPER MULTI-STRATEGY] Balance: $5000.00 USD | Posiciones: 0 | Estrategias: 3
2026-08-22 10:16:43,286 [INFO] 📊 [PULSO PAPER MULTI-STRATEGY] Balance: $5000.00 USD | Posiciones: 0 | Estrategias: 3
2026-08-22 10:17:52,004 [INFO] 📊 [PULSO PAPER MULTI-STRATEGY] Balance: $5000.00 USD | Posiciones: 0 | Estrategias: 3
2026-08-22 10:19:02,151 [INFO] 📊 [PULSO PAPER MULTI-STRATEGY] Balance: $5000.00 USD | Posiciones: 0 | Estrategias: 3
2026-08-22 10:20:11,266 [INFO] 📊 [PULSO PAPER MULTI-STRATEGY] Balance: $5000.00 USD | Posiciones: 0 | Estrategias: 3
2026-08-22 10:21:20,107 [INFO] 📊 [PULSO PAPER MULTI-STRATEGY] Balance: $5000.00 USD | Posiciones: 0 | Estrategias: 3
2026-08-22 10:22:29,109 [INFO] 📊 [PULSO PAPER MULTI-STRATEGY] Balance: $5000.00 USD | Posiciones: 0 | Estrategias: 3
2026-08-22 10:23:38,544 [INFO] 📊 [PULSO PAPER MULTI-STRATEGY] Balance: $5000.00 USD | Posiciones: 0 | Estrategias: 3
2026-08-22 10:24:47,247 [INFO] 📊 [PULSO PAPER MULTI-STRATEGY] Balance: $5000.00 USD | Posiciones: 0 | Estrategias: 3
2026-08-22 10:25:56,172 [INFO] 📊 [PULSO PAPER MULTI-STRATEGY] Balance: $5000.00 USD | Posiciones: 0 | Estrategias: 3
2026-08-22 10:27:05,071 [INFO] 📊 [PULSO PAPER MULTI-STRATEGY] Balance: $5000.00 USD | Posiciones: 0 | Estrategias: 3
2026-08-22 10:28:13,403 [INFO] 📊 [PULSO PAPER MULTI-STRATEGY] Balance: $5000.00 USD | Posiciones: 0 | Estrategias: 3
2026-08-22 10:29:21,383 [INFO] 📊 [PULSO PAPER MULTI-STRATEGY] Balance: $5000.00 USD | Posiciones: 0 | Estrategias: 3
2026-08-22 10:30:30,105 [INFO] 📊 [PULSO PAPER MULTI-STRATEGY] Balance: $5000.00 USD | Posiciones: 0 | Estrategias: 3
2026-08-22 10:31:39,128 [INFO] 📊 [PULSO PAPER MULTI-STRATEGY] Balance: $5000.00 USD | Posiciones: 0 | Estrategias: 3
2026-08-22 10:32:47,834 [INFO] 📊 [PULSO PAPER MULTI-STRATEGY] Balance: $5000.00 USD | Posiciones: 0 | Estrategias: 3
2026-08-22 10:33:57,185 [INFO] 📊 [PULSO PAPER MULTI-STRATEGY] Balance: $5000.00 USD | Posiciones: 0 | Estrategias: 3
2026-08-22 10:35:05,943 [INFO] 📊 [PULSO PAPER MULTI-STRATEGY] Balance: $5000.00 USD | Posiciones: 0 | Estrategias: 3
2026-08-22 10:36:14,381 [INFO] 📊 [PULSO PAPER MULTI-STRATEGY] Balance: $5000.00 USD | Posiciones: 0 | Estrategias: 3
2026-08-22 10:37:22,387 [INFO] 📊 [PULSO PAPER MULTI-STRATEGY] Balance: $5000.00 USD | Posiciones: 0 | Estrategias: 3
2026-08-22 10:38:31,395 [INFO] 📊 [PULSO PAPER MULTI-STRATEGY] Balance: $5000.00 USD | Posiciones: 0 | Estrategias: 3
2026-08-22 10:39:40,030 [INFO] 📊 [PULSO PAPER MULTI-STRATEGY] Balance: $5000.00 USD | Posiciones: 0 | Estrategias: 3
2026-08-22 10:40:47,594 [INFO] 📊 [PULSO PAPER MULTI-STRATEGY] Balance: $5000.00 USD | Posiciones: 0 | Estrategias: 3
2026-08-22 10:41:57,013 [INFO] 📊 [PULSO PAPER MULTI-STRATEGY] Balance: $5000.00 USD | Posiciones: 0 | Estrategias: 3
2026-08-22 10:43:05,869 [INFO] 📊 [PULSO PAPER MULTI-STRATEGY] Balance: $5000.00 USD | Posiciones: 0 | Estrategias: 3
2026-08-22 10:44:14,149 [INFO] 📊 [PULSO PAPER MULTI-STRATEGY] Balance: $5000.00 USD | Posiciones: 0 | Estrategias: 3
2026-08-22 10:45:24,090 [INFO] 📊 [PULSO PAPER MULTI-STRATEGY] Balance: $5000.00 USD | Posiciones: 0 | Estrategias: 3
2026-08-22 10:46:32,402 [INFO] 📊 [PULSO PAPER MULTI-STRATEGY] Balance: $5000.00 USD | Posiciones: 0 | Estrategias: 3
2026-08-22 10:47:39,834 [INFO] 📊 [PULSO PAPER MULTI-STRATEGY] Balance: $5000.00 USD | Posiciones: 0 | Estrategias: 3
2026-08-22 10:48:47,840 [INFO] 📊 [PULSO PAPER MULTI-STRATEGY] Balance: $5000.00 USD | Posiciones: 0 | Estrategias: 3
2026-08-22 10:49:56,430 [INFO] 📊 [PULSO PAPER MULTI-STRATEGY] Balance: $5000.00 USD | Posiciones: 0 | Estrategias: 3
2026-08-22 10:51:06,007 [INFO] 📊 [PULSO PAPER MULTI-STRATEGY] Balance: $5000.00 USD | Posiciones: 0 | Estrategias: 3
2026-08-22 10:52:16,415 [INFO] 📊 [PULSO PAPER MULTI-STRATEGY] Balance: $5000.00 USD | Posiciones: 0 | Estrategias: 3
2026-08-22 10:53:24,057 [INFO] 📊 [PULSO PAPER MULTI-STRATEGY] Balance: $5000.00 USD | Posiciones: 0 | Estrategias: 3
2026-08-22 10:54:33,629 [INFO] 📊 [PULSO PAPER MULTI-STRATEGY] Balance: $5000.00 USD | Posiciones: 0 | Estrategias: 3
2026-08-22 10:55:42,650 [INFO] 📊 [PULSO PAPER MULTI-STRATEGY] Balance: $5000.00 USD | Posiciones: 0 | Estrategias: 3
2026-08-22 10:56:51,264 [INFO] 📊 [PULSO PAPER MULTI-STRATEGY] Balance: $5000.00 USD | Posiciones: 0 | Estrategias: 3
2026-08-22 10:58:01,718 [INFO] 📊 [PULSO PAPER MULTI-STRATEGY] Balance: $5000.00 USD | Posiciones: 0 | Estrategias: 3
2026-08-22 10:59:09,506 [INFO] 📊 [PULSO PAPER MULTI-STRATEGY] Balance: $5000.00 USD | Posiciones: 0 | Estrategias: 3
2026-08-22 11:00:17,630 [INFO] 📊 [PULSO PAPER MULTI-STRATEGY] Balance: $5000.00 USD | Posiciones: 0 | Estrategias: 3
2026-08-22 11:01:26,111 [INFO] 📊 [PULSO PAPER MULTI-STRATEGY] Balance: $5000.00 USD | Posiciones: 0 | Estrategias: 3
2026-08-22 11:02:36,349 [INFO] 📊 [PULSO PAPER MULTI-STRATEGY] Balance: $5000.00 USD | Posiciones: 0 | Estrategias: 3
2026-08-22 11:03:44,316 [INFO] 📊 [PULSO PAPER MULTI-STRATEGY] Balance: $5000.00 USD | Posiciones: 0 | Estrategias: 3
2026-08-22 11:04:52,389 [INFO] 📊 [PULSO PAPER MULTI-STRATEGY] Balance: $5000.00 USD | Posiciones: 0 | Estrategias: 3
2026-08-22 11:06:01,368 [INFO] 📊 [PULSO PAPER MULTI-STRATEGY] Balance: $5000.00 USD | Posiciones: 0 | Estrategias: 3
2026-08-22 11:07:08,939 [INFO] 📊 [PULSO PAPER MULTI-STRATEGY] Balance: $5000.00 USD | Posiciones: 0 | Estrategias: 3
2026-08-22 11:08:18,081 [INFO] 📊 [PULSO PAPER MULTI-STRATEGY] Balance: $5000.00 USD | Posiciones: 0 | Estrategias: 3
2026-08-22 11:09:26,369 [INFO] 📊 [PULSO PAPER MULTI-STRATEGY] Balance: $5000.00 USD | Posiciones: 0 | Estrategias: 3
2026-08-22 11:10:35,076 [INFO] 📊 [PULSO PAPER MULTI-STRATEGY] Balance: $5000.00 USD | Posiciones: 0 | Estrategias: 3
2026-08-22 11:11:44,424 [INFO] 📊 [PULSO PAPER MULTI-STRATEGY] Balance: $5000.00 USD | Posiciones: 0 | Estrategias: 3
2026-08-22 11:12:54,648 [INFO] 📊 [PULSO PAPER MULTI-STRATEGY] Balance: $5000.00 USD | Posiciones: 0 | Estrategias: 3
2026-08-22 11:14:03,472 [INFO] 📊 [PULSO PAPER MULTI-STRATEGY] Balance: $5000.00 USD | Posiciones: 0 | Estrategias: 3
2026-08-22 11:15:12,396 [INFO] 📊 [PULSO PAPER MULTI-STRATEGY] Balance: $5000.00 USD | Posiciones: 0 | Estrategias: 3
2026-08-22 11:16:22,117 [INFO] 📊 [PULSO PAPER MULTI-STRATEGY] Balance: $5000.00 USD | Posiciones: 0 | Estrategias: 3
2026-08-22 11:17:30,651 [INFO] 📊 [PULSO PAPER MULTI-STRATEGY] Balance: $5000.00 USD | Posiciones: 0 | Estrategias: 3
2026-08-22 11:18:39,239 [INFO] 📊 [PULSO PAPER MULTI-STRATEGY] Balance: $5000.00 USD | Posiciones: 0 | Estrategias: 3
2026-08-22 11:19:47,824 [INFO] 📊 [PULSO PAPER MULTI-STRATEGY] Balance: $5000.00 USD | Posiciones: 0 | Estrategias: 3
2026-08-22 11:20:56,577 [INFO] 📊 [PULSO PAPER MULTI-STRATEGY] Balance: $5000.00 USD | Posiciones: 0 | Estrategias: 3
2026-08-22 11:22:04,734 [INFO] 📊 [PULSO PAPER MULTI-STRATEGY] Balance: $5000.00 USD | Posiciones: 0 | Estrategias: 3
2026-08-22 11:23:14,036 [INFO] 📊 [PULSO PAPER MULTI-STRATEGY] Balance: $5000.00 USD | Posiciones: 0 | Estrategias: 3
2026-08-22 11:24:22,790 [INFO] 📊 [PULSO PAPER MULTI-STRATEGY] Balance: $5000.00 USD | Posiciones: 0 | Estrategias: 3
2026-08-22 11:25:31,329 [INFO] 📊 [PULSO PAPER MULTI-STRATEGY] Balance: $5000.00 USD | Posiciones: 0 | Estrategias: 3
2026-08-22 11:26:39,691 [INFO] 📊 [PULSO PAPER MULTI-STRATEGY] Balance: $5000.00 USD | Posiciones: 0 | Estrategias: 3
2026-08-22 11:27:49,317 [INFO] 📊 [PULSO PAPER MULTI-STRATEGY] Balance: $5000.00 USD | Posiciones: 0 | Estrategias: 3
2026-08-22 11:28:58,362 [INFO] 📊 [PULSO PAPER MULTI-STRATEGY] Balance: $5000.00 USD | Posiciones: 0 | Estrategias: 3
2026-08-22 11:30:06,585 [INFO] 📊 [PULSO PAPER MULTI-STRATEGY] Balance: $5000.00 USD | Posiciones: 0 | Estrategias: 3
2026-08-22 11:31:14,344 [INFO] 📊 [PULSO PAPER MULTI-STRATEGY] Balance: $5000.00 USD | Posiciones: 0 | Estrategias: 3
2026-08-22 11:32:22,585 [INFO] 📊 [PULSO PAPER MULTI-STRATEGY] Balance: $5000.00 USD | Posiciones: 0 | Estrategias: 3
2026-08-22 11:33:30,104 [INFO] 📊 [PULSO PAPER MULTI-STRATEGY] Balance: $5000.00 USD | Posiciones: 0 | Estrategias: 3
2026-08-22 11:34:40,525 [INFO] 📊 [PULSO PAPER MULTI-STRATEGY] Balance: $5000.00 USD | Posiciones: 0 | Estrategias: 3
2026-08-22 11:35:50,629 [INFO] 📊 [PULSO PAPER MULTI-STRATEGY] Balance: $5000.00 USD | Posiciones: 0 | Estrategias: 3
2026-08-22 11:37:00,857 [INFO] 📊 [PULSO PAPER MULTI-STRATEGY] Balance: $5000.00 USD | Posiciones: 0 | Estrategias: 3
2026-08-22 11:38:08,638 [INFO] 📊 [PULSO PAPER MULTI-STRATEGY] Balance: $5000.00 USD | Posiciones: 0 | Estrategias: 3
2026-08-22 11:39:18,341 [INFO] 📊 [PULSO PAPER MULTI-STRATEGY] Balance: $5000.00 USD | Posiciones: 0 | Estrategias: 3
2026-08-22 11:40:27,579 [INFO] 📊 [PULSO PAPER MULTI-STRATEGY] Balance: $5000.00 USD | Posiciones: 0 | Estrategias: 3
2026-08-22 11:41:37,920 [INFO] 📊 [PULSO PAPER MULTI-STRATEGY] Balance: $5000.00 USD | Posiciones: 0 | Estrategias: 3
2026-08-22 11:42:45,812 [INFO] 📊 [PULSO PAPER MULTI-STRATEGY] Balance: $5000.00 USD | Posiciones: 0 | Estrategias: 3
2026-08-22 11:43:54,830 [INFO] 📊 [PULSO PAPER MULTI-STRATEGY] Balance: $5000.00 USD | Posiciones: 0 | Estrategias: 3
2026-08-22 11:45:05,600 [INFO] 📊 [PULSO PAPER MULTI-STRATEGY] Balance: $5000.00 USD | Posiciones: 0 | Estrategias: 3
2026-08-22 11:46:13,830 [INFO] 📊 [PULSO PAPER MULTI-STRATEGY] Balance: $5000.00 USD | Posiciones: 0 | Estrategias: 3
2026-08-22 11:47:22,929 [INFO] 📊 [PULSO PAPER MULTI-STRATEGY] Balance: $5000.00 USD | Posiciones: 0 | Estrategias: 3
2026-08-22 11:48:31,389 [INFO] 📊 [PULSO PAPER MULTI-STRATEGY] Balance: $5000.00 USD | Posiciones: 0 | Estrategias: 3
2026-08-22 11:49:40,550 [INFO] 📊 [PULSO PAPER MULTI-STRATEGY] Balance: $5000.00 USD | Posiciones: 0 | Estrategias: 3
2026-08-22 11:50:50,463 [INFO] 📊 [PULSO PAPER MULTI-STRATEGY] Balance: $5000.00 USD | Posiciones: 0 | Estrategias: 3
2026-08-22 11:52:00,291 [INFO] 📊 [PULSO PAPER MULTI-STRATEGY] Balance: $5000.00 USD | Posiciones: 0 | Estrategias: 3
2026-08-22 11:53:09,442 [INFO] 📊 [PULSO PAPER MULTI-STRATEGY] Balance: $5000.00 USD | Posiciones: 0 | Estrategias: 3
2026-08-22 11:54:18,951 [INFO] 📊 [PULSO PAPER MULTI-STRATEGY] Balance: $5000.00 USD | Posiciones: 0 | Estrategias: 3
2026-08-22 11:55:27,561 [INFO] 📊 [PULSO PAPER MULTI-STRATEGY] Balance: $5000.00 USD | Posiciones: 0 | Estrategias: 3
2026-08-22 11:56:37,589 [INFO] 📊 [PULSO PAPER MULTI-STRATEGY] Balance: $5000.00 USD | Posiciones: 0 | Estrategias: 3
2026-08-22 11:57:45,347 [INFO] 📊 [PULSO PAPER MULTI-STRATEGY] Balance: $5000.00 USD | Posiciones: 0 | Estrategias: 3
2026-08-22 11:58:53,377 [INFO] 📊 [PULSO PAPER MULTI-STRATEGY] Balance: $5000.00 USD | Posiciones: 0 | Estrategias: 3
2026-08-22 12:00:02,528 [INFO] 📊 [PULSO PAPER MULTI-STRATEGY] Balance: $5000.00 USD | Posiciones: 0 | Estrategias: 3
2026-08-22 12:01:10,205 [INFO] 📊 [PULSO PAPER MULTI-STRATEGY] Balance: $5000.00 USD | Posiciones: 0 | Estrategias: 3
2026-08-22 12:02:19,363 [INFO] 📊 [PULSO PAPER MULTI-STRATEGY] Balance: $5000.00 USD | Posiciones: 0 | Estrategias: 3
2026-08-22 12:03:28,735 [INFO] 📊 [PULSO PAPER MULTI-STRATEGY] Balance: $5000.00 USD | Posiciones: 0 | Estrategias: 3
2026-08-22 12:04:38,170 [INFO] 📊 [PULSO PAPER MULTI-STRATEGY] Balance: $5000.00 USD | Posiciones: 0 | Estrategias: 3
2026-08-22 12:05:48,503 [INFO] 📊 [PULSO PAPER MULTI-STRATEGY] Balance: $5000.00 USD | Posiciones: 0 | Estrategias: 3
2026-08-22 12:06:57,640 [INFO] 📊 [PULSO PAPER MULTI-STRATEGY] Balance: $5000.00 USD | Posiciones: 0 | Estrategias: 3
2026-08-22 12:08:06,329 [INFO] 📊 [PULSO PAPER MULTI-STRATEGY] Balance: $5000.00 USD | Posiciones: 0 | Estrategias: 3
2026-08-22 12:09:14,675 [INFO] 📊 [PULSO PAPER MULTI-STRATEGY] Balance: $5000.00 USD | Posiciones: 0 | Estrategias: 3
2026-08-22 12:10:23,997 [INFO] 📊 [PULSO PAPER MULTI-STRATEGY] Balance: $5000.00 USD | Posiciones: 0 | Estrategias: 3
2026-08-22 12:11:32,892 [INFO] 📊 [PULSO PAPER MULTI-STRATEGY] Balance: $5000.00 USD | Posiciones: 0 | Estrategias: 3
2026-08-22 12:12:40,665 [INFO] 📊 [PULSO PAPER MULTI-STRATEGY] Balance: $5000.00 USD | Posiciones: 0 | Estrategias: 3
2026-08-22 12:13:50,610 [INFO] 📊 [PULSO PAPER MULTI-STRATEGY] Balance: $5000.00 USD | Posiciones: 0 | Estrategias: 3
2026-08-22 12:14:59,328 [INFO] 📊 [PULSO PAPER MULTI-STRATEGY] Balance: $5000.00 USD | Posiciones: 0 | Estrategias: 3
2026-08-22 12:16:07,256 [INFO] 📊 [PULSO PAPER MULTI-STRATEGY] Balance: $5000.00 USD | Posiciones: 0 | Estrategias: 3
2026-08-22 12:17:16,135 [INFO] 📊 [PULSO PAPER MULTI-STRATEGY] Balance: $5000.00 USD | Posiciones: 0 | Estrategias: 3
2026-08-22 12:18:25,364 [INFO] 📊 [PULSO PAPER MULTI-STRATEGY] Balance: $5000.00 USD | Posiciones: 0 | Estrategias: 3
2026-08-22 12:19:35,288 [INFO] 📊 [PULSO PAPER MULTI-STRATEGY] Balance: $5000.00 USD | Posiciones: 0 | Estrategias: 3
2026-08-22 12:20:43,118 [INFO] 📊 [PULSO PAPER MULTI-STRATEGY] Balance: $5000.00 USD | Posiciones: 0 | Estrategias: 3
2026-08-22 12:21:52,238 [INFO] 📊 [PULSO PAPER MULTI-STRATEGY] Balance: $5000.00 USD | Posiciones: 0 | Estrategias: 3
2026-08-22 12:23:01,581 [INFO] 📊 [PULSO PAPER MULTI-STRATEGY] Balance: $5000.00 USD | Posiciones: 0 | Estrategias: 3
2026-08-22 12:24:10,376 [INFO] 📊 [PULSO PAPER MULTI-STRATEGY] Balance: $5000.00 USD | Posiciones: 0 | Estrategias: 3
2026-08-22 12:25:21,636 [INFO] 📊 [PULSO PAPER MULTI-STRATEGY] Balance: $5000.00 USD | Posiciones: 0 | Estrategias: 3
2026-08-22 12:26:30,151 [INFO] 📊 [PULSO PAPER MULTI-STRATEGY] Balance: $5000.00 USD | Posiciones: 0 | Estrategias: 3
2026-08-22 12:27:39,362 [INFO] 📊 [PULSO PAPER MULTI-STRATEGY] Balance: $5000.00 USD | Posiciones: 0 | Estrategias: 3
2026-08-22 12:28:48,073 [INFO] 📊 [PULSO PAPER MULTI-STRATEGY] Balance: $5000.00 USD | Posiciones: 0 | Estrategias: 3
2026-08-22 12:29:55,665 [INFO] 📊 [PULSO PAPER MULTI-STRATEGY] Balance: $5000.00 USD | Posiciones: 0 | Estrategias: 3
2026-08-22 12:31:06,210 [INFO] 📊 [PULSO PAPER MULTI-STRATEGY] Balance: $5000.00 USD | Posiciones: 0 | Estrategias: 3
2026-08-22 12:32:15,007 [INFO] 📊 [PULSO PAPER MULTI-STRATEGY] Balance: $5000.00 USD | Posiciones: 0 | Estrategias: 3
2026-08-22 12:33:25,005 [INFO] 📊 [PULSO PAPER MULTI-STRATEGY] Balance: $5000.00 USD | Posiciones: 0 | Estrategias: 3
2026-08-22 12:34:34,492 [INFO] 📊 [PULSO PAPER MULTI-STRATEGY] Balance: $5000.00 USD | Posiciones: 0 | Estrategias: 3
2026-08-22 12:35:43,416 [INFO] 📊 [PULSO PAPER MULTI-STRATEGY] Balance: $5000.00 USD | Posiciones: 0 | Estrategias: 3
2026-08-22 12:36:52,321 [INFO] 📊 [PULSO PAPER MULTI-STRATEGY] Balance: $5000.00 USD | Posiciones: 0 | Estrategias: 3
2026-08-22 12:38:01,053 [INFO] 📊 [PULSO PAPER MULTI-STRATEGY] Balance: $5000.00 USD | Posiciones: 0 | Estrategias: 3
2026-08-22 12:39:10,789 [INFO] 📊 [PULSO PAPER MULTI-STRATEGY] Balance: $5000.00 USD | Posiciones: 0 | Estrategias: 3
2026-08-22 12:40:19,035 [INFO] 📊 [PULSO PAPER MULTI-STRATEGY] Balance: $5000.00 USD | Posiciones: 0 | Estrategias: 3
2026-08-22 12:41:28,088 [INFO] 📊 [PULSO PAPER MULTI-STRATEGY] Balance: $5000.00 USD | Posiciones: 0 | Estrategias: 3
2026-08-22 12:42:36,196 [INFO] 📊 [PULSO PAPER MULTI-STRATEGY] Balance: $5000.00 USD | Posiciones: 0 | Estrategias: 3
2026-08-22 12:43:44,399 [INFO] 📊 [PULSO PAPER MULTI-STRATEGY] Balance: $5000.00 USD | Posiciones: 0 | Estrategias: 3
2026-08-22 12:44:51,973 [INFO] 📊 [PULSO PAPER MULTI-STRATEGY] Balance: $5000.00 USD | Posiciones: 0 | Estrategias: 3
2026-08-22 12:46:01,127 [INFO] 📊 [PULSO PAPER MULTI-STRATEGY] Balance: $5000.00 USD | Posiciones: 0 | Estrategias: 3
2026-08-22 12:47:10,693 [INFO] 📊 [PULSO PAPER MULTI-STRATEGY] Balance: $5000.00 USD | Posiciones: 0 | Estrategias: 3
2026-08-22 12:48:20,419 [INFO] 📊 [PULSO PAPER MULTI-STRATEGY] Balance: $5000.00 USD | Posiciones: 0 | Estrategias: 3
2026-08-22 12:49:29,709 [INFO] 📊 [PULSO PAPER MULTI-STRATEGY] Balance: $5000.00 USD | Posiciones: 0 | Estrategias: 3
2026-08-22 12:50:38,604 [INFO] 📊 [PULSO PAPER MULTI-STRATEGY] Balance: $5000.00 USD | Posiciones: 0 | Estrategias: 3
2026-08-22 12:51:47,715 [INFO] 📊 [PULSO PAPER MULTI-STRATEGY] Balance: $5000.00 USD | Posiciones: 0 | Estrategias: 3
2026-08-22 12:52:56,750 [INFO] 📊 [PULSO PAPER MULTI-STRATEGY] Balance: $5000.00 USD | Posiciones: 0 | Estrategias: 3
2026-08-22 12:54:05,341 [INFO] 📊 [PULSO PAPER MULTI-STRATEGY] Balance: $5000.00 USD | Posiciones: 0 | Estrategias: 3
2026-08-22 12:55:14,985 [INFO] 📊 [PULSO PAPER MULTI-STRATEGY] Balance: $5000.00 USD | Posiciones: 0 | Estrategias: 3
2026-08-22 12:56:22,764 [INFO] 📊 [PULSO PAPER MULTI-STRATEGY] Balance: $5000.00 USD | Posiciones: 0 | Estrategias: 3
2026-08-22 12:57:32,315 [INFO] 📊 [PULSO PAPER MULTI-STRATEGY] Balance: $5000.00 USD | Posiciones: 0 | Estrategias: 3
2026-08-22 12:58:41,431 [INFO] 📊 [PULSO PAPER MULTI-STRATEGY] Balance: $5000.00 USD | Posiciones: 0 | Estrategias: 3
2026-08-22 12:59:51,165 [INFO] 📊 [PULSO PAPER MULTI-STRATEGY] Balance: $5000.00 USD | Posiciones: 0 | Estrategias: 3
2026-08-22 13:00:59,904 [INFO] 📊 [PULSO PAPER MULTI-STRATEGY] Balance: $5000.00 USD | Posiciones: 0 | Estrategias: 3
2026-08-22 13:02:09,001 [INFO] 📊 [PULSO PAPER MULTI-STRATEGY] Balance: $5000.00 USD | Posiciones: 0 | Estrategias: 3
2026-08-22 13:03:16,990 [INFO] 📊 [PULSO PAPER MULTI-STRATEGY] Balance: $5000.00 USD | Posiciones: 0 | Estrategias: 3
2026-08-22 13:04:24,986 [INFO] 📊 [PULSO PAPER MULTI-STRATEGY] Balance: $5000.00 USD | Posiciones: 0 | Estrategias: 3
2026-08-22 13:05:33,564 [INFO] 📊 [PULSO PAPER MULTI-STRATEGY] Balance: $5000.00 USD | Posiciones: 0 | Estrategias: 3
2026-08-22 13:06:42,717 [INFO] 📊 [PULSO PAPER MULTI-STRATEGY] Balance: $5000.00 USD | Posiciones: 0 | Estrategias: 3
2026-08-22 13:07:53,968 [INFO] 📊 [PULSO PAPER MULTI-STRATEGY] Balance: $5000.00 USD | Posiciones: 0 | Estrategias: 3
2026-08-22 13:09:02,787 [INFO] 📊 [PULSO PAPER MULTI-STRATEGY] Balance: $5000.00 USD | Posiciones: 0 | Estrategias: 3
2026-08-22 13:10:10,691 [INFO] 📊 [PULSO PAPER MULTI-STRATEGY] Balance: $5000.00 USD | Posiciones: 0 | Estrategias: 3
2026-08-22 13:11:20,412 [INFO] 📊 [PULSO PAPER MULTI-STRATEGY] Balance: $5000.00 USD | Posiciones: 0 | Estrategias: 3
2026-08-22 13:12:29,942 [INFO] 📊 [PULSO PAPER MULTI-STRATEGY] Balance: $5000.00 USD | Posiciones: 0 | Estrategias: 3
2026-08-22 13:13:39,727 [INFO] 📊 [PULSO PAPER MULTI-STRATEGY] Balance: $5000.00 USD | Posiciones: 0 | Estrategias: 3
2026-08-22 13:14:47,120 [INFO] 📊 [PULSO PAPER MULTI-STRATEGY] Balance: $5000.00 USD | Posiciones: 0 | Estrategias: 3
2026-08-22 13:15:57,192 [INFO] 📊 [PULSO PAPER MULTI-STRATEGY] Balance: $5000.00 USD | Posiciones: 0 | Estrategias: 3
2026-08-22 13:17:05,729 [INFO] 📊 [PULSO PAPER MULTI-STRATEGY] Balance: $5000.00 USD | Posiciones: 0 | Estrategias: 3
2026-08-22 13:18:15,493 [INFO] 📊 [PULSO PAPER MULTI-STRATEGY] Balance: $5000.00 USD | Posiciones: 0 | Estrategias: 3
2026-08-22 13:19:25,116 [INFO] 📊 [PULSO PAPER MULTI-STRATEGY] Balance: $5000.00 USD | Posiciones: 0 | Estrategias: 3
2026-08-22 13:20:34,344 [INFO] 📊 [PULSO PAPER MULTI-STRATEGY] Balance: $5000.00 USD | Posiciones: 0 | Estrategias: 3
2026-08-22 13:21:43,514 [INFO] 📊 [PULSO PAPER MULTI-STRATEGY] Balance: $5000.00 USD | Posiciones: 0 | Estrategias: 3
2026-08-22 13:22:51,346 [INFO] 📊 [PULSO PAPER MULTI-STRATEGY] Balance: $5000.00 USD | Posiciones: 0 | Estrategias: 3
2026-08-22 13:24:01,145 [INFO] 📊 [PULSO PAPER MULTI-STRATEGY] Balance: $5000.00 USD | Posiciones: 0 | Estrategias: 3
2026-08-22 13:25:09,373 [INFO] 📊 [PULSO PAPER MULTI-STRATEGY] Balance: $5000.00 USD | Posiciones: 0 | Estrategias: 3
2026-08-22 13:26:18,485 [INFO] 📊 [PULSO PAPER MULTI-STRATEGY] Balance: $5000.00 USD | Posiciones: 0 | Estrategias: 3
2026-08-22 13:27:26,672 [INFO] 📊 [PULSO PAPER MULTI-STRATEGY] Balance: $5000.00 USD | Posiciones: 0 | Estrategias: 3
2026-08-22 13:28:36,879 [INFO] 📊 [PULSO PAPER MULTI-STRATEGY] Balance: $5000.00 USD | Posiciones: 0 | Estrategias: 3
2026-08-22 13:29:45,484 [INFO] 📊 [PULSO PAPER MULTI-STRATEGY] Balance: $5000.00 USD | Posiciones: 0 | Estrategias: 3
2026-08-22 13:30:54,200 [INFO] 📊 [PULSO PAPER MULTI-STRATEGY] Balance: $5000.00 USD | Posiciones: 0 | Estrategias: 3
2026-08-22 13:32:03,834 [INFO] 📊 [PULSO PAPER MULTI-STRATEGY] Balance: $5000.00 USD | Posiciones: 0 | Estrategias: 3
2026-08-22 13:33:12,435 [INFO] 📊 [PULSO PAPER MULTI-STRATEGY] Balance: $5000.00 USD | Posiciones: 0 | Estrategias: 3
2026-08-22 13:34:21,577 [INFO] 📊 [PULSO PAPER MULTI-STRATEGY] Balance: $5000.00 USD | Posiciones: 0 | Estrategias: 3
2026-08-22 13:35:31,197 [INFO] 📊 [PULSO PAPER MULTI-STRATEGY] Balance: $5000.00 USD | Posiciones: 0 | Estrategias: 3
2026-08-22 13:36:40,495 [INFO] 📊 [PULSO PAPER MULTI-STRATEGY] Balance: $5000.00 USD | Posiciones: 0 | Estrategias: 3
2026-08-22 13:37:49,394 [INFO] 📊 [PULSO PAPER MULTI-STRATEGY] Balance: $5000.00 USD | Posiciones: 0 | Estrategias: 3
2026-08-22 13:38:58,324 [INFO] 📊 [PULSO PAPER MULTI-STRATEGY] Balance: $5000.00 USD | Posiciones: 0 | Estrategias: 3
2026-08-22 13:40:06,667 [INFO] 📊 [PULSO PAPER MULTI-STRATEGY] Balance: $5000.00 USD | Posiciones: 0 | Estrategias: 3
2026-08-22 13:41:16,217 [INFO] 📊 [PULSO PAPER MULTI-STRATEGY] Balance: $5000.00 USD | Posiciones: 0 | Estrategias: 3
2026-08-22 13:42:26,753 [INFO] 📊 [PULSO PAPER MULTI-STRATEGY] Balance: $5000.00 USD | Posiciones: 0 | Estrategias: 3
2026-08-22 13:43:36,511 [INFO] 📊 [PULSO PAPER MULTI-STRATEGY] Balance: $5000.00 USD | Posiciones: 0 | Estrategias: 3
2026-08-22 13:44:46,121 [INFO] 📊 [PULSO PAPER MULTI-STRATEGY] Balance: $5000.00 USD | Posiciones: 0 | Estrategias: 3
2026-08-22 13:45:56,821 [INFO] 📊 [PULSO PAPER MULTI-STRATEGY] Balance: $5000.00 USD | Posiciones: 0 | Estrategias: 3
2026-08-22 13:47:05,039 [INFO] 📊 [PULSO PAPER MULTI-STRATEGY] Balance: $5000.00 USD | Posiciones: 0 | Estrategias: 3
2026-08-22 13:48:13,932 [INFO] 📊 [PULSO PAPER MULTI-STRATEGY] Balance: $5000.00 USD | Posiciones: 0 | Estrategias: 3
2026-08-22 13:49:22,222 [INFO] 📊 [PULSO PAPER MULTI-STRATEGY] Balance: $5000.00 USD | Posiciones: 0 | Estrategias: 3
2026-08-22 13:50:29,602 [INFO] 📊 [PULSO PAPER MULTI-STRATEGY] Balance: $5000.00 USD | Posiciones: 0 | Estrategias: 3
2026-08-22 13:51:38,930 [INFO] 📊 [PULSO PAPER MULTI-STRATEGY] Balance: $5000.00 USD | Posiciones: 0 | Estrategias: 3
2026-08-22 13:52:47,763 [INFO] 📊 [PULSO PAPER MULTI-STRATEGY] Balance: $5000.00 USD | Posiciones: 0 | Estrategias: 3
2026-08-22 13:53:57,077 [INFO] 📊 [PULSO PAPER MULTI-STRATEGY] Balance: $5000.00 USD | Posiciones: 0 | Estrategias: 3
2026-08-22 13:55:04,961 [INFO] 📊 [PULSO PAPER MULTI-STRATEGY] Balance: $5000.00 USD | Posiciones: 0 | Estrategias: 3
2026-08-22 13:56:13,568 [INFO] 📊 [PULSO PAPER MULTI-STRATEGY] Balance: $5000.00 USD | Posiciones: 0 | Estrategias: 3
2026-08-22 13:57:28,951 [INFO] 📊 [PULSO PAPER MULTI-STRATEGY] Balance: $5000.00 USD | Posiciones: 0 | Estrategias: 3
2026-08-22 13:58:37,248 [INFO] 📊 [PULSO PAPER MULTI-STRATEGY] Balance: $5000.00 USD | Posiciones: 0 | Estrategias: 3
2026-08-22 13:59:45,130 [INFO] 📊 [PULSO PAPER MULTI-STRATEGY] Balance: $5000.00 USD | Posiciones: 0 | Estrategias: 3
2026-08-22 14:00:54,810 [INFO] 📊 [PULSO PAPER MULTI-STRATEGY] Balance: $5000.00 USD | Posiciones: 0 | Estrategias: 3
2026-08-22 14:02:03,190 [INFO] 📊 [PULSO PAPER MULTI-STRATEGY] Balance: $5000.00 USD | Posiciones: 0 | Estrategias: 3
2026-08-22 14:03:11,287 [INFO] 📊 [PULSO PAPER MULTI-STRATEGY] Balance: $5000.00 USD | Posiciones: 0 | Estrategias: 3
2026-08-22 14:04:21,420 [INFO] 📊 [PULSO PAPER MULTI-STRATEGY] Balance: $5000.00 USD | Posiciones: 0 | Estrategias: 3
2026-08-22 14:05:30,333 [INFO] 📊 [PULSO PAPER MULTI-STRATEGY] Balance: $5000.00 USD | Posiciones: 0 | Estrategias: 3
2026-08-22 14:06:39,255 [INFO] 📊 [PULSO PAPER MULTI-STRATEGY] Balance: $5000.00 USD | Posiciones: 0 | Estrategias: 3
2026-08-22 14:07:46,373 [INFO] 📊 [PULSO PAPER MULTI-STRATEGY] Balance: $5000.00 USD | Posiciones: 0 | Estrategias: 3
2026-08-22 14:08:54,604 [INFO] 📊 [PULSO PAPER MULTI-STRATEGY] Balance: $5000.00 USD | Posiciones: 0 | Estrategias: 3
2026-08-22 14:10:03,284 [INFO] 📊 [PULSO PAPER MULTI-STRATEGY] Balance: $5000.00 USD | Posiciones: 0 | Estrategias: 3
2026-08-22 14:11:12,045 [INFO] 📊 [PULSO PAPER MULTI-STRATEGY] Balance: $5000.00 USD | Posiciones: 0 | Estrategias: 3
2026-08-22 14:12:22,868 [INFO] 📊 [PULSO PAPER MULTI-STRATEGY] Balance: $5000.00 USD | Posiciones: 0 | Estrategias: 3
2026-08-22 14:13:31,317 [INFO] 📊 [PULSO PAPER MULTI-STRATEGY] Balance: $5000.00 USD | Posiciones: 0 | Estrategias: 3
2026-08-22 14:14:39,763 [INFO] 📊 [PULSO PAPER MULTI-STRATEGY] Balance: $5000.00 USD | Posiciones: 0 | Estrategias: 3
2026-08-22 14:15:48,745 [INFO] 📊 [PULSO PAPER MULTI-STRATEGY] Balance: $5000.00 USD | Posiciones: 0 | Estrategias: 3
2026-08-22 14:16:56,846 [INFO] 📊 [PULSO PAPER MULTI-STRATEGY] Balance: $5000.00 USD | Posiciones: 0 | Estrategias: 3
2026-08-22 14:18:05,559 [INFO] 📊 [PULSO PAPER MULTI-STRATEGY] Balance: $5000.00 USD | Posiciones: 0 | Estrategias: 3
2026-08-22 14:19:14,596 [INFO] 📊 [PULSO PAPER MULTI-STRATEGY] Balance: $5000.00 USD | Posiciones: 0 | Estrategias: 3
2026-08-22 14:20:24,112 [INFO] 📊 [PULSO PAPER MULTI-STRATEGY] Balance: $5000.00 USD | Posiciones: 0 | Estrategias: 3
2026-08-22 14:21:33,335 [INFO] 📊 [PULSO PAPER MULTI-STRATEGY] Balance: $5000.00 USD | Posiciones: 0 | Estrategias: 3
2026-08-22 14:22:41,947 [INFO] 📊 [PULSO PAPER MULTI-STRATEGY] Balance: $5000.00 USD | Posiciones: 0 | Estrategias: 3
2026-08-22 14:23:50,616 [INFO] 📊 [PULSO PAPER MULTI-STRATEGY] Balance: $5000.00 USD | Posiciones: 0 | Estrategias: 3
2026-08-22 14:24:58,959 [INFO] 📊 [PULSO PAPER MULTI-STRATEGY] Balance: $5000.00 USD | Posiciones: 0 | Estrategias: 3
2026-08-22 14:26:07,673 [INFO] 📊 [PULSO PAPER MULTI-STRATEGY] Balance: $5000.00 USD | Posiciones: 0 | Estrategias: 3
2026-08-22 14:27:16,903 [INFO] 📊 [PULSO PAPER MULTI-STRATEGY] Balance: $5000.00 USD | Posiciones: 0 | Estrategias: 3
2026-08-22 14:28:25,956 [INFO] 📊 [PULSO PAPER MULTI-STRATEGY] Balance: $5000.00 USD | Posiciones: 0 | Estrategias: 3
2026-08-22 14:29:34,321 [INFO] 📊 [PULSO PAPER MULTI-STRATEGY] Balance: $5000.00 USD | Posiciones: 0 | Estrategias: 3
2026-08-22 14:30:43,527 [INFO] 📊 [PULSO PAPER MULTI-STRATEGY] Balance: $5000.00 USD | Posiciones: 0 | Estrategias: 3
2026-08-22 14:31:51,956 [INFO] 📊 [PULSO PAPER MULTI-STRATEGY] Balance: $5000.00 USD | Posiciones: 0 | Estrategias: 3
2026-08-22 14:33:00,849 [INFO] 📊 [PULSO PAPER MULTI-STRATEGY] Balance: $5000.00 USD | Posiciones: 0 | Estrategias: 3
2026-08-22 14:34:08,636 [INFO] 📊 [PULSO PAPER MULTI-STRATEGY] Balance: $5000.00 USD | Posiciones: 0 | Estrategias: 3
2026-08-22 14:35:17,687 [INFO] 📊 [PULSO PAPER MULTI-STRATEGY] Balance: $5000.00 USD | Posiciones: 0 | Estrategias: 3
2026-08-22 14:36:26,572 [INFO] 📊 [PULSO PAPER MULTI-STRATEGY] Balance: $5000.00 USD | Posiciones: 0 | Estrategias: 3
2026-08-22 14:37:35,102 [INFO] 📊 [PULSO PAPER MULTI-STRATEGY] Balance: $5000.00 USD | Posiciones: 0 | Estrategias: 3
2026-08-22 14:38:45,858 [INFO] 📊 [PULSO PAPER MULTI-STRATEGY] Balance: $5000.00 USD | Posiciones: 0 | Estrategias: 3
2026-08-22 14:39:55,573 [INFO] 📊 [PULSO PAPER MULTI-STRATEGY] Balance: $5000.00 USD | Posiciones: 0 | Estrategias: 3
2026-08-22 14:41:04,854 [INFO] 📊 [PULSO PAPER MULTI-STRATEGY] Balance: $5000.00 USD | Posiciones: 0 | Estrategias: 3
2026-08-22 14:42:12,526 [INFO] 📊 [PULSO PAPER MULTI-STRATEGY] Balance: $5000.00 USD | Posiciones: 0 | Estrategias: 3
2026-08-22 14:43:23,162 [INFO] 📊 [PULSO PAPER MULTI-STRATEGY] Balance: $5000.00 USD | Posiciones: 0 | Estrategias: 3
2026-08-22 14:44:31,770 [INFO] 📊 [PULSO PAPER MULTI-STRATEGY] Balance: $5000.00 USD | Posiciones: 0 | Estrategias: 3
2026-08-22 14:45:40,091 [INFO] 📊 [PULSO PAPER MULTI-STRATEGY] Balance: $5000.00 USD | Posiciones: 0 | Estrategias: 3
2026-08-22 14:46:50,219 [INFO] 📊 [PULSO PAPER MULTI-STRATEGY] Balance: $5000.00 USD | Posiciones: 0 | Estrategias: 3
2026-08-22 14:47:58,599 [INFO] 📊 [PULSO PAPER MULTI-STRATEGY] Balance: $5000.00 USD | Posiciones: 0 | Estrategias: 3
2026-08-22 14:49:06,533 [INFO] 📊 [PULSO PAPER MULTI-STRATEGY] Balance: $5000.00 USD | Posiciones: 0 | Estrategias: 3
2026-08-22 14:50:16,014 [INFO] 📊 [PULSO PAPER MULTI-STRATEGY] Balance: $5000.00 USD | Posiciones: 0 | Estrategias: 3
2026-08-22 14:51:26,914 [INFO] 📊 [PULSO PAPER MULTI-STRATEGY] Balance: $5000.00 USD | Posiciones: 0 | Estrategias: 3
2026-08-22 14:52:36,267 [INFO] 📊 [PULSO PAPER MULTI-STRATEGY] Balance: $5000.00 USD | Posiciones: 0 | Estrategias: 3
2026-08-22 14:53:45,057 [INFO] 📊 [PULSO PAPER MULTI-STRATEGY] Balance: $5000.00 USD | Posiciones: 0 | Estrategias: 3
2026-08-22 14:54:53,661 [INFO] 📊 [PULSO PAPER MULTI-STRATEGY] Balance: $5000.00 USD | Posiciones: 0 | Estrategias: 3
2026-08-22 14:56:02,892 [INFO] 📊 [PULSO PAPER MULTI-STRATEGY] Balance: $5000.00 USD | Posiciones: 0 | Estrategias: 3
2026-08-22 14:57:10,475 [INFO] 📊 [PULSO PAPER MULTI-STRATEGY] Balance: $5000.00 USD | Posiciones: 0 | Estrategias: 3
2026-08-22 14:58:19,826 [INFO] 📊 [PULSO PAPER MULTI-STRATEGY] Balance: $5000.00 USD | Posiciones: 0 | Estrategias: 3
2026-08-22 14:59:29,227 [INFO] 📊 [PULSO PAPER MULTI-STRATEGY] Balance: $5000.00 USD | Posiciones: 0 | Estrategias: 3
2026-08-22 15:00:36,942 [INFO] 📊 [PULSO PAPER MULTI-STRATEGY] Balance: $5000.00 USD | Posiciones: 0 | Estrategias: 3
2026-08-22 15:01:45,121 [INFO] 📊 [PULSO PAPER MULTI-STRATEGY] Balance: $5000.00 USD | Posiciones: 0 | Estrategias: 3
2026-08-22 15:02:52,914 [INFO] 📊 [PULSO PAPER MULTI-STRATEGY] Balance: $5000.00 USD | Posiciones: 0 | Estrategias: 3
2026-08-22 15:04:01,879 [INFO] 📊 [PULSO PAPER MULTI-STRATEGY] Balance: $5000.00 USD | Posiciones: 0 | Estrategias: 3
2026-08-22 15:05:10,847 [INFO] 📊 [PULSO PAPER MULTI-STRATEGY] Balance: $5000.00 USD | Posiciones: 0 | Estrategias: 3
2026-08-22 15:06:19,971 [INFO] 📊 [PULSO PAPER MULTI-STRATEGY] Balance: $5000.00 USD | Posiciones: 0 | Estrategias: 3
2026-08-22 15:07:28,852 [INFO] 📊 [PULSO PAPER MULTI-STRATEGY] Balance: $5000.00 USD | Posiciones: 0 | Estrategias: 3
2026-08-22 15:08:38,480 [INFO] 📊 [PULSO PAPER MULTI-STRATEGY] Balance: $5000.00 USD | Posiciones: 0 | Estrategias: 3
2026-08-22 15:09:46,932 [INFO] 📊 [PULSO PAPER MULTI-STRATEGY] Balance: $5000.00 USD | Posiciones: 0 | Estrategias: 3
2026-08-22 15:10:54,958 [INFO] 📊 [PULSO PAPER MULTI-STRATEGY] Balance: $5000.00 USD | Posiciones: 0 | Estrategias: 3
2026-08-22 15:12:04,278 [INFO] 📊 [PULSO PAPER MULTI-STRATEGY] Balance: $5000.00 USD | Posiciones: 0 | Estrategias: 3
2026-08-22 15:13:13,167 [INFO] 📊 [PULSO PAPER MULTI-STRATEGY] Balance: $5000.00 USD | Posiciones: 0 | Estrategias: 3
2026-08-22 15:14:22,518 [INFO] 📊 [PULSO PAPER MULTI-STRATEGY] Balance: $5000.00 USD | Posiciones: 0 | Estrategias: 3
2026-08-22 15:15:32,852 [INFO] 📊 [PULSO PAPER MULTI-STRATEGY] Balance: $5000.00 USD | Posiciones: 0 | Estrategias: 3
2026-08-22 15:16:41,149 [INFO] 📊 [PULSO PAPER MULTI-STRATEGY] Balance: $5000.00 USD | Posiciones: 0 | Estrategias: 3
2026-08-22 15:17:49,873 [INFO] 📊 [PULSO PAPER MULTI-STRATEGY] Balance: $5000.00 USD | Posiciones: 0 | Estrategias: 3
2026-08-22 15:19:00,519 [INFO] 📊 [PULSO PAPER MULTI-STRATEGY] Balance: $5000.00 USD | Posiciones: 0 | Estrategias: 3
2026-08-22 15:20:09,089 [INFO] 📊 [PULSO PAPER MULTI-STRATEGY] Balance: $5000.00 USD | Posiciones: 0 | Estrategias: 3
2026-08-22 15:21:17,497 [INFO] 📊 [PULSO PAPER MULTI-STRATEGY] Balance: $5000.00 USD | Posiciones: 0 | Estrategias: 3
2026-08-22 15:22:26,278 [INFO] 📊 [PULSO PAPER MULTI-STRATEGY] Balance: $5000.00 USD | Posiciones: 0 | Estrategias: 3
2026-08-22 15:23:36,242 [INFO] 📊 [PULSO PAPER MULTI-STRATEGY] Balance: $5000.00 USD | Posiciones: 0 | Estrategias: 3
2026-08-22 15:24:46,974 [INFO] 📊 [PULSO PAPER MULTI-STRATEGY] Balance: $5000.00 USD | Posiciones: 0 | Estrategias: 3
2026-08-22 15:25:57,298 [INFO] 📊 [PULSO PAPER MULTI-STRATEGY] Balance: $5000.00 USD | Posiciones: 0 | Estrategias: 3
2026-08-22 15:27:05,843 [INFO] 📊 [PULSO PAPER MULTI-STRATEGY] Balance: $5000.00 USD | Posiciones: 0 | Estrategias: 3
2026-08-22 15:28:15,230 [INFO] 📊 [PULSO PAPER MULTI-STRATEGY] Balance: $5000.00 USD | Posiciones: 0 | Estrategias: 3
2026-08-22 15:29:24,862 [INFO] 📊 [PULSO PAPER MULTI-STRATEGY] Balance: $5000.00 USD | Posiciones: 0 | Estrategias: 3
2026-08-22 15:30:32,916 [INFO] 📊 [PULSO PAPER MULTI-STRATEGY] Balance: $5000.00 USD | Posiciones: 0 | Estrategias: 3
2026-08-22 15:31:41,987 [INFO] 📊 [PULSO PAPER MULTI-STRATEGY] Balance: $5000.00 USD | Posiciones: 0 | Estrategias: 3
2026-08-22 15:32:50,287 [INFO] 📊 [PULSO PAPER MULTI-STRATEGY] Balance: $5000.00 USD | Posiciones: 0 | Estrategias: 3
2026-08-22 15:33:59,067 [INFO] 📊 [PULSO PAPER MULTI-STRATEGY] Balance: $5000.00 USD | Posiciones: 0 | Estrategias: 3
2026-08-22 15:35:07,404 [INFO] 📊 [PULSO PAPER MULTI-STRATEGY] Balance: $5000.00 USD | Posiciones: 0 | Estrategias: 3
2026-08-22 15:36:17,145 [INFO] 📊 [PULSO PAPER MULTI-STRATEGY] Balance: $5000.00 USD | Posiciones: 0 | Estrategias: 3
2026-08-22 15:37:25,760 [INFO] 📊 [PULSO PAPER MULTI-STRATEGY] Balance: $5000.00 USD | Posiciones: 0 | Estrategias: 3
2026-08-22 15:38:35,243 [INFO] 📊 [PULSO PAPER MULTI-STRATEGY] Balance: $5000.00 USD | Posiciones: 0 | Estrategias: 3
2026-08-22 15:39:44,770 [INFO] 📊 [PULSO PAPER MULTI-STRATEGY] Balance: $5000.00 USD | Posiciones: 0 | Estrategias: 3
2026-08-22 15:40:53,076 [INFO] 📊 [PULSO PAPER MULTI-STRATEGY] Balance: $5000.00 USD | Posiciones: 0 | Estrategias: 3
2026-08-22 15:42:02,299 [INFO] 📊 [PULSO PAPER MULTI-STRATEGY] Balance: $5000.00 USD | Posiciones: 0 | Estrategias: 3
2026-08-22 15:43:11,935 [INFO] 📊 [PULSO PAPER MULTI-STRATEGY] Balance: $5000.00 USD | Posiciones: 0 | Estrategias: 3
2026-08-22 15:44:21,060 [INFO] 📊 [PULSO PAPER MULTI-STRATEGY] Balance: $5000.00 USD | Posiciones: 0 | Estrategias: 3
2026-08-22 15:45:29,689 [INFO] 📊 [PULSO PAPER MULTI-STRATEGY] Balance: $5000.00 USD | Posiciones: 0 | Estrategias: 3
2026-08-22 15:46:39,192 [INFO] 📊 [PULSO PAPER MULTI-STRATEGY] Balance: $5000.00 USD | Posiciones: 0 | Estrategias: 3
2026-08-22 15:47:46,642 [INFO] 📊 [PULSO PAPER MULTI-STRATEGY] Balance: $5000.00 USD | Posiciones: 0 | Estrategias: 3
2026-08-22 15:48:56,738 [INFO] 📊 [PULSO PAPER MULTI-STRATEGY] Balance: $5000.00 USD | Posiciones: 0 | Estrategias: 3
2026-08-22 15:50:05,311 [INFO] 📊 [PULSO PAPER MULTI-STRATEGY] Balance: $5000.00 USD | Posiciones: 0 | Estrategias: 3
2026-08-22 15:51:14,065 [INFO] 📊 [PULSO PAPER MULTI-STRATEGY] Balance: $5000.00 USD | Posiciones: 0 | Estrategias: 3
2026-08-22 15:52:24,221 [INFO] 📊 [PULSO PAPER MULTI-STRATEGY] Balance: $5000.00 USD | Posiciones: 0 | Estrategias: 3
2026-08-22 15:53:33,228 [INFO] 📊 [PULSO PAPER MULTI-STRATEGY] Balance: $5000.00 USD | Posiciones: 0 | Estrategias: 3
2026-08-22 15:54:41,142 [INFO] 📊 [PULSO PAPER MULTI-STRATEGY] Balance: $5000.00 USD | Posiciones: 0 | Estrategias: 3
2026-08-22 15:55:50,220 [INFO] 📊 [PULSO PAPER MULTI-STRATEGY] Balance: $5000.00 USD | Posiciones: 0 | Estrategias: 3
2026-08-22 15:56:59,373 [INFO] 📊 [PULSO PAPER MULTI-STRATEGY] Balance: $5000.00 USD | Posiciones: 0 | Estrategias: 3
2026-08-22 15:58:09,183 [INFO] 📊 [PULSO PAPER MULTI-STRATEGY] Balance: $5000.00 USD | Posiciones: 0 | Estrategias: 3
2026-08-22 15:59:19,423 [INFO] 📊 [PULSO PAPER MULTI-STRATEGY] Balance: $5000.00 USD | Posiciones: 0 | Estrategias: 3
2026-08-22 16:00:27,054 [INFO] 📊 [PULSO PAPER MULTI-STRATEGY] Balance: $5000.00 USD | Posiciones: 0 | Estrategias: 3
2026-08-22 16:01:35,731 [INFO] 📊 [PULSO PAPER MULTI-STRATEGY] Balance: $5000.00 USD | Posiciones: 0 | Estrategias: 3
2026-08-22 16:02:45,582 [INFO] 📊 [PULSO PAPER MULTI-STRATEGY] Balance: $5000.00 USD | Posiciones: 0 | Estrategias: 3
2026-08-22 16:03:54,079 [INFO] 📊 [PULSO PAPER MULTI-STRATEGY] Balance: $5000.00 USD | Posiciones: 0 | Estrategias: 3
2026-08-22 16:05:01,927 [INFO] 📊 [PULSO PAPER MULTI-STRATEGY] Balance: $5000.00 USD | Posiciones: 0 | Estrategias: 3
2026-08-22 16:06:11,717 [INFO] 📊 [PULSO PAPER MULTI-STRATEGY] Balance: $5000.00 USD | Posiciones: 0 | Estrategias: 3
2026-08-22 16:07:19,488 [INFO] 📊 [PULSO PAPER MULTI-STRATEGY] Balance: $5000.00 USD | Posiciones: 0 | Estrategias: 3
2026-08-22 16:08:27,687 [INFO] 📊 [PULSO PAPER MULTI-STRATEGY] Balance: $5000.00 USD | Posiciones: 0 | Estrategias: 3
2026-08-22 16:09:36,483 [INFO] 📊 [PULSO PAPER MULTI-STRATEGY] Balance: $5000.00 USD | Posiciones: 0 | Estrategias: 3
2026-08-22 16:10:44,991 [INFO] 📊 [PULSO PAPER MULTI-STRATEGY] Balance: $5000.00 USD | Posiciones: 0 | Estrategias: 3
2026-08-22 16:11:53,345 [INFO] 📊 [PULSO PAPER MULTI-STRATEGY] Balance: $5000.00 USD | Posiciones: 0 | Estrategias: 3
2026-08-22 16:13:03,052 [INFO] 📊 [PULSO PAPER MULTI-STRATEGY] Balance: $5000.00 USD | Posiciones: 0 | Estrategias: 3
2026-08-22 16:14:12,556 [INFO] 📊 [PULSO PAPER MULTI-STRATEGY] Balance: $5000.00 USD | Posiciones: 0 | Estrategias: 3
2026-08-22 16:15:21,682 [INFO] 📊 [PULSO PAPER MULTI-STRATEGY] Balance: $5000.00 USD | Posiciones: 0 | Estrategias: 3
2026-08-22 16:16:31,720 [INFO] 📊 [PULSO PAPER MULTI-STRATEGY] Balance: $5000.00 USD | Posiciones: 0 | Estrategias: 3
2026-08-22 16:17:41,676 [INFO] 📊 [PULSO PAPER MULTI-STRATEGY] Balance: $5000.00 USD | Posiciones: 0 | Estrategias: 3
2026-08-22 16:18:51,508 [INFO] 📊 [PULSO PAPER MULTI-STRATEGY] Balance: $5000.00 USD | Posiciones: 0 | Estrategias: 3
2026-08-22 16:19:59,707 [INFO] 📊 [PULSO PAPER MULTI-STRATEGY] Balance: $5000.00 USD | Posiciones: 0 | Estrategias: 3
2026-08-22 16:21:08,561 [INFO] 📊 [PULSO PAPER MULTI-STRATEGY] Balance: $5000.00 USD | Posiciones: 0 | Estrategias: 3
2026-08-22 16:22:17,566 [INFO] 📊 [PULSO PAPER MULTI-STRATEGY] Balance: $5000.00 USD | Posiciones: 0 | Estrategias: 3
2026-08-22 16:23:26,651 [INFO] 📊 [PULSO PAPER MULTI-STRATEGY] Balance: $5000.00 USD | Posiciones: 0 | Estrategias: 3
2026-08-22 16:24:35,505 [INFO] 📊 [PULSO PAPER MULTI-STRATEGY] Balance: $5000.00 USD | Posiciones: 0 | Estrategias: 3
2026-08-22 16:25:44,873 [INFO] 📊 [PULSO PAPER MULTI-STRATEGY] Balance: $5000.00 USD | Posiciones: 0 | Estrategias: 3
2026-08-22 16:26:53,775 [INFO] 📊 [PULSO PAPER MULTI-STRATEGY] Balance: $5000.00 USD | Posiciones: 0 | Estrategias: 3
2026-08-22 16:28:01,403 [INFO] 📊 [PULSO PAPER MULTI-STRATEGY] Balance: $5000.00 USD | Posiciones: 0 | Estrategias: 3
2026-08-22 16:29:10,269 [INFO] 📊 [PULSO PAPER MULTI-STRATEGY] Balance: $5000.00 USD | Posiciones: 0 | Estrategias: 3
2026-08-22 16:30:19,598 [INFO] 📊 [PULSO PAPER MULTI-STRATEGY] Balance: $5000.00 USD | Posiciones: 0 | Estrategias: 3
2026-08-22 16:31:28,747 [INFO] 📊 [PULSO PAPER MULTI-STRATEGY] Balance: $5000.00 USD | Posiciones: 0 | Estrategias: 3
2026-08-22 16:32:37,940 [INFO] 📊 [PULSO PAPER MULTI-STRATEGY] Balance: $5000.00 USD | Posiciones: 0 | Estrategias: 3
2026-08-22 16:33:47,172 [INFO] 📊 [PULSO PAPER MULTI-STRATEGY] Balance: $5000.00 USD | Posiciones: 0 | Estrategias: 3
2026-08-22 16:34:56,418 [INFO] 📊 [PULSO PAPER MULTI-STRATEGY] Balance: $5000.00 USD | Posiciones: 0 | Estrategias: 3
2026-08-22 16:36:05,754 [INFO] 📊 [PULSO PAPER MULTI-STRATEGY] Balance: $5000.00 USD | Posiciones: 0 | Estrategias: 3
2026-08-22 16:37:14,664 [INFO] 📊 [PULSO PAPER MULTI-STRATEGY] Balance: $5000.00 USD | Posiciones: 0 | Estrategias: 3
2026-08-22 16:38:24,494 [INFO] 📊 [PULSO PAPER MULTI-STRATEGY] Balance: $5000.00 USD | Posiciones: 0 | Estrategias: 3
2026-08-22 16:39:34,443 [INFO] 📊 [PULSO PAPER MULTI-STRATEGY] Balance: $5000.00 USD | Posiciones: 0 | Estrategias: 3
2026-08-22 16:40:44,015 [INFO] 📊 [PULSO PAPER MULTI-STRATEGY] Balance: $5000.00 USD | Posiciones: 0 | Estrategias: 3
2026-08-22 16:41:53,424 [INFO] 📊 [PULSO PAPER MULTI-STRATEGY] Balance: $5000.00 USD | Posiciones: 0 | Estrategias: 3
2026-08-22 16:43:02,232 [INFO] 📊 [PULSO PAPER MULTI-STRATEGY] Balance: $5000.00 USD | Posiciones: 0 | Estrategias: 3
2026-08-22 16:44:10,745 [INFO] 📊 [PULSO PAPER MULTI-STRATEGY] Balance: $5000.00 USD | Posiciones: 0 | Estrategias: 3
2026-08-22 16:45:19,337 [INFO] 📊 [PULSO PAPER MULTI-STRATEGY] Balance: $5000.00 USD | Posiciones: 0 | Estrategias: 3
2026-08-22 16:46:27,660 [INFO] 📊 [PULSO PAPER MULTI-STRATEGY] Balance: $5000.00 USD | Posiciones: 0 | Estrategias: 3
2026-08-22 16:47:36,456 [INFO] 📊 [PULSO PAPER MULTI-STRATEGY] Balance: $5000.00 USD | Posiciones: 0 | Estrategias: 3
2026-08-22 16:48:45,276 [INFO] 📊 [PULSO PAPER MULTI-STRATEGY] Balance: $5000.00 USD | Posiciones: 0 | Estrategias: 3
2026-08-22 16:49:54,817 [INFO] 📊 [PULSO PAPER MULTI-STRATEGY] Balance: $5000.00 USD | Posiciones: 0 | Estrategias: 3
2026-08-22 16:51:04,938 [INFO] 📊 [PULSO PAPER MULTI-STRATEGY] Balance: $5000.00 USD | Posiciones: 0 | Estrategias: 3
2026-08-22 16:52:14,665 [INFO] 📊 [PULSO PAPER MULTI-STRATEGY] Balance: $5000.00 USD | Posiciones: 0 | Estrategias: 3
2026-08-22 16:53:23,598 [INFO] 📊 [PULSO PAPER MULTI-STRATEGY] Balance: $5000.00 USD | Posiciones: 0 | Estrategias: 3
2026-08-22 16:54:33,779 [INFO] 📊 [PULSO PAPER MULTI-STRATEGY] Balance: $5000.00 USD | Posiciones: 0 | Estrategias: 3
2026-08-22 16:55:43,176 [INFO] 📊 [PULSO PAPER MULTI-STRATEGY] Balance: $5000.00 USD | Posiciones: 0 | Estrategias: 3
2026-08-22 16:56:52,390 [INFO] 📊 [PULSO PAPER MULTI-STRATEGY] Balance: $5000.00 USD | Posiciones: 0 | Estrategias: 3
2026-08-22 16:58:00,952 [INFO] 📊 [PULSO PAPER MULTI-STRATEGY] Balance: $5000.00 USD | Posiciones: 0 | Estrategias: 3
2026-08-22 16:59:08,910 [INFO] 📊 [PULSO PAPER MULTI-STRATEGY] Balance: $5000.00 USD | Posiciones: 0 | Estrategias: 3
2026-08-22 17:00:18,024 [INFO] 📊 [PULSO PAPER MULTI-STRATEGY] Balance: $5000.00 USD | Posiciones: 0 | Estrategias: 3
2026-08-22 17:01:26,225 [INFO] 📊 [PULSO PAPER MULTI-STRATEGY] Balance: $5000.00 USD | Posiciones: 0 | Estrategias: 3
2026-08-22 17:02:36,892 [INFO] 📊 [PULSO PAPER MULTI-STRATEGY] Balance: $5000.00 USD | Posiciones: 0 | Estrategias: 3
2026-08-22 17:03:48,594 [INFO] 📊 [PULSO PAPER MULTI-STRATEGY] Balance: $5000.00 USD | Posiciones: 0 | Estrategias: 3
2026-08-22 17:04:59,532 [INFO] 📊 [PULSO PAPER MULTI-STRATEGY] Balance: $5000.00 USD | Posiciones: 0 | Estrategias: 3
2026-08-22 17:06:09,266 [INFO] 📊 [PULSO PAPER MULTI-STRATEGY] Balance: $5000.00 USD | Posiciones: 0 | Estrategias: 3
2026-08-22 17:07:19,005 [INFO] 📊 [PULSO PAPER MULTI-STRATEGY] Balance: $5000.00 USD | Posiciones: 0 | Estrategias: 3
2026-08-22 17:08:27,120 [INFO] 📊 [PULSO PAPER MULTI-STRATEGY] Balance: $5000.00 USD | Posiciones: 0 | Estrategias: 3
2026-08-22 17:09:35,702 [INFO] 📊 [PULSO PAPER MULTI-STRATEGY] Balance: $5000.00 USD | Posiciones: 0 | Estrategias: 3
2026-08-22 17:10:44,995 [INFO] 📊 [PULSO PAPER MULTI-STRATEGY] Balance: $5000.00 USD | Posiciones: 0 | Estrategias: 3
2026-08-22 17:11:53,547 [INFO] 📊 [PULSO PAPER MULTI-STRATEGY] Balance: $5000.00 USD | Posiciones: 0 | Estrategias: 3
2026-08-22 17:13:03,381 [INFO] 📊 [PULSO PAPER MULTI-STRATEGY] Balance: $5000.00 USD | Posiciones: 0 | Estrategias: 3
2026-08-22 17:14:12,293 [INFO] 📊 [PULSO PAPER MULTI-STRATEGY] Balance: $5000.00 USD | Posiciones: 0 | Estrategias: 3
2026-08-22 17:15:20,064 [INFO] 📊 [PULSO PAPER MULTI-STRATEGY] Balance: $5000.00 USD | Posiciones: 0 | Estrategias: 3
2026-08-22 17:16:26,960 [INFO] 📊 [PULSO PAPER MULTI-STRATEGY] Balance: $5000.00 USD | Posiciones: 0 | Estrategias: 3
2026-08-22 17:17:36,397 [INFO] 📊 [PULSO PAPER MULTI-STRATEGY] Balance: $5000.00 USD | Posiciones: 0 | Estrategias: 3
2026-08-22 17:18:46,390 [INFO] 📊 [PULSO PAPER MULTI-STRATEGY] Balance: $5000.00 USD | Posiciones: 0 | Estrategias: 3
2026-08-22 17:19:55,311 [INFO] 📊 [PULSO PAPER MULTI-STRATEGY] Balance: $5000.00 USD | Posiciones: 0 | Estrategias: 3
2026-08-22 17:21:03,159 [INFO] 📊 [PULSO PAPER MULTI-STRATEGY] Balance: $5000.00 USD | Posiciones: 0 | Estrategias: 3
2026-08-22 17:22:12,773 [INFO] 📊 [PULSO PAPER MULTI-STRATEGY] Balance: $5000.00 USD | Posiciones: 0 | Estrategias: 3
2026-08-22 17:23:21,802 [INFO] 📊 [PULSO PAPER MULTI-STRATEGY] Balance: $5000.00 USD | Posiciones: 0 | Estrategias: 3
2026-08-22 17:24:29,992 [INFO] 📊 [PULSO PAPER MULTI-STRATEGY] Balance: $5000.00 USD | Posiciones: 0 | Estrategias: 3
2026-08-22 17:25:40,359 [INFO] 📊 [PULSO PAPER MULTI-STRATEGY] Balance: $5000.00 USD | Posiciones: 0 | Estrategias: 3
2026-08-22 17:26:49,697 [INFO] 📊 [PULSO PAPER MULTI-STRATEGY] Balance: $5000.00 USD | Posiciones: 0 | Estrategias: 3
2026-08-22 17:27:57,984 [INFO] 📊 [PULSO PAPER MULTI-STRATEGY] Balance: $5000.00 USD | Posiciones: 0 | Estrategias: 3
2026-08-22 17:29:06,069 [INFO] 📊 [PULSO PAPER MULTI-STRATEGY] Balance: $5000.00 USD | Posiciones: 0 | Estrategias: 3
2026-08-22 17:30:14,867 [INFO] 📊 [PULSO PAPER MULTI-STRATEGY] Balance: $5000.00 USD | Posiciones: 0 | Estrategias: 3
2026-08-22 17:31:22,403 [INFO] 📊 [PULSO PAPER MULTI-STRATEGY] Balance: $5000.00 USD | Posiciones: 0 | Estrategias: 3
2026-08-22 17:32:30,779 [INFO] 📊 [PULSO PAPER MULTI-STRATEGY] Balance: $5000.00 USD | Posiciones: 0 | Estrategias: 3
2026-08-22 17:33:40,103 [INFO] 📊 [PULSO PAPER MULTI-STRATEGY] Balance: $5000.00 USD | Posiciones: 0 | Estrategias: 3
2026-08-22 17:34:48,211 [INFO] 📊 [PULSO PAPER MULTI-STRATEGY] Balance: $5000.00 USD | Posiciones: 0 | Estrategias: 3
2026-08-22 17:35:57,805 [INFO] 📊 [PULSO PAPER MULTI-STRATEGY] Balance: $5000.00 USD | Posiciones: 0 | Estrategias: 3
2026-08-22 17:37:05,666 [INFO] 📊 [PULSO PAPER MULTI-STRATEGY] Balance: $5000.00 USD | Posiciones: 0 | Estrategias: 3
2026-08-22 17:38:15,610 [INFO] 📊 [PULSO PAPER MULTI-STRATEGY] Balance: $5000.00 USD | Posiciones: 0 | Estrategias: 3
2026-08-22 17:39:24,892 [INFO] 📊 [PULSO PAPER MULTI-STRATEGY] Balance: $5000.00 USD | Posiciones: 0 | Estrategias: 3
2026-08-22 17:40:36,272 [INFO] 📊 [PULSO PAPER MULTI-STRATEGY] Balance: $5000.00 USD | Posiciones: 0 | Estrategias: 3
2026-08-22 17:41:44,766 [INFO] 📊 [PULSO PAPER MULTI-STRATEGY] Balance: $5000.00 USD | Posiciones: 0 | Estrategias: 3
2026-08-22 17:42:57,287 [INFO] 📊 [PULSO PAPER MULTI-STRATEGY] Balance: $5000.00 USD | Posiciones: 0 | Estrategias: 3
2026-08-22 17:44:06,528 [INFO] 📊 [PULSO PAPER MULTI-STRATEGY] Balance: $5000.00 USD | Posiciones: 0 | Estrategias: 3
2026-08-22 17:45:15,751 [INFO] 📊 [PULSO PAPER MULTI-STRATEGY] Balance: $5000.00 USD | Posiciones: 0 | Estrategias: 3
2026-08-22 17:46:25,150 [INFO] 📊 [PULSO PAPER MULTI-STRATEGY] Balance: $5000.00 USD | Posiciones: 0 | Estrategias: 3
2026-08-22 17:47:34,160 [INFO] 📊 [PULSO PAPER MULTI-STRATEGY] Balance: $5000.00 USD | Posiciones: 0 | Estrategias: 3
2026-08-22 17:48:43,384 [INFO] 📊 [PULSO PAPER MULTI-STRATEGY] Balance: $5000.00 USD | Posiciones: 0 | Estrategias: 3
2026-08-22 17:49:52,566 [INFO] 📊 [PULSO PAPER MULTI-STRATEGY] Balance: $5000.00 USD | Posiciones: 0 | Estrategias: 3
2026-08-22 17:51:02,179 [INFO] 📊 [PULSO PAPER MULTI-STRATEGY] Balance: $5000.00 USD | Posiciones: 0 | Estrategias: 3
2026-08-22 17:52:10,976 [INFO] 📊 [PULSO PAPER MULTI-STRATEGY] Balance: $5000.00 USD | Posiciones: 0 | Estrategias: 3
2026-08-22 17:53:20,789 [INFO] 📊 [PULSO PAPER MULTI-STRATEGY] Balance: $5000.00 USD | Posiciones: 0 | Estrategias: 3
2026-08-22 17:54:30,021 [INFO] 📊 [PULSO PAPER MULTI-STRATEGY] Balance: $5000.00 USD | Posiciones: 0 | Estrategias: 3
2026-08-22 17:55:38,467 [INFO] 📊 [PULSO PAPER MULTI-STRATEGY] Balance: $5000.00 USD | Posiciones: 0 | Estrategias: 3
2026-08-22 17:56:47,484 [INFO] 📊 [PULSO PAPER MULTI-STRATEGY] Balance: $5000.00 USD | Posiciones: 0 | Estrategias: 3
2026-08-22 17:57:57,691 [INFO] 📊 [PULSO PAPER MULTI-STRATEGY] Balance: $5000.00 USD | Posiciones: 0 | Estrategias: 3
2026-08-22 17:59:07,428 [INFO] 📊 [PULSO PAPER MULTI-STRATEGY] Balance: $5000.00 USD | Posiciones: 0 | Estrategias: 3
2026-08-22 18:00:16,786 [INFO] 📊 [PULSO PAPER MULTI-STRATEGY] Balance: $5000.00 USD | Posiciones: 0 | Estrategias: 3
2026-08-22 18:01:25,676 [INFO] 📊 [PULSO PAPER MULTI-STRATEGY] Balance: $5000.00 USD | Posiciones: 0 | Estrategias: 3
2026-08-22 18:02:35,352 [INFO] 📊 [PULSO PAPER MULTI-STRATEGY] Balance: $5000.00 USD | Posiciones: 0 | Estrategias: 3
2026-08-22 18:03:44,168 [INFO] 📊 [PULSO PAPER MULTI-STRATEGY] Balance: $5000.00 USD | Posiciones: 0 | Estrategias: 3
2026-08-22 18:04:53,999 [INFO] 📊 [PULSO PAPER MULTI-STRATEGY] Balance: $5000.00 USD | Posiciones: 0 | Estrategias: 3
2026-08-22 18:06:02,647 [INFO] 📊 [PULSO PAPER MULTI-STRATEGY] Balance: $5000.00 USD | Posiciones: 0 | Estrategias: 3
2026-08-22 18:07:12,642 [INFO] 📊 [PULSO PAPER MULTI-STRATEGY] Balance: $5000.00 USD | Posiciones: 0 | Estrategias: 3
2026-08-22 18:08:21,843 [INFO] 📊 [PULSO PAPER MULTI-STRATEGY] Balance: $5000.00 USD | Posiciones: 0 | Estrategias: 3
2026-08-22 18:09:30,804 [INFO] 📊 [PULSO PAPER MULTI-STRATEGY] Balance: $5000.00 USD | Posiciones: 0 | Estrategias: 3
2026-08-22 18:10:40,617 [INFO] 📊 [PULSO PAPER MULTI-STRATEGY] Balance: $5000.00 USD | Posiciones: 0 | Estrategias: 3
2026-08-22 18:11:49,660 [INFO] 📊 [PULSO PAPER MULTI-STRATEGY] Balance: $5000.00 USD | Posiciones: 0 | Estrategias: 3
2026-08-22 18:12:58,729 [INFO] 📊 [PULSO PAPER MULTI-STRATEGY] Balance: $5000.00 USD | Posiciones: 0 | Estrategias: 3
2026-08-22 18:14:07,533 [INFO] 📊 [PULSO PAPER MULTI-STRATEGY] Balance: $5000.00 USD | Posiciones: 0 | Estrategias: 3
2026-08-22 18:15:15,783 [INFO] 📊 [PULSO PAPER MULTI-STRATEGY] Balance: $5000.00 USD | Posiciones: 0 | Estrategias: 3
2026-08-22 18:16:23,774 [INFO] 📊 [PULSO PAPER MULTI-STRATEGY] Balance: $5000.00 USD | Posiciones: 0 | Estrategias: 3
2026-08-22 18:17:31,492 [INFO] 📊 [PULSO PAPER MULTI-STRATEGY] Balance: $5000.00 USD | Posiciones: 0 | Estrategias: 3
2026-08-22 18:18:39,703 [INFO] 📊 [PULSO PAPER MULTI-STRATEGY] Balance: $5000.00 USD | Posiciones: 0 | Estrategias: 3
2026-08-22 18:19:47,251 [INFO] 📊 [PULSO PAPER MULTI-STRATEGY] Balance: $5000.00 USD | Posiciones: 0 | Estrategias: 3
2026-08-22 18:20:55,455 [INFO] 📊 [PULSO PAPER MULTI-STRATEGY] Balance: $5000.00 USD | Posiciones: 0 | Estrategias: 3
2026-08-22 18:22:05,600 [INFO] 📊 [PULSO PAPER MULTI-STRATEGY] Balance: $5000.00 USD | Posiciones: 0 | Estrategias: 3
2026-08-22 18:23:14,813 [INFO] 📊 [PULSO PAPER MULTI-STRATEGY] Balance: $5000.00 USD | Posiciones: 0 | Estrategias: 3
2026-08-22 18:24:23,213 [INFO] 📊 [PULSO PAPER MULTI-STRATEGY] Balance: $5000.00 USD | Posiciones: 0 | Estrategias: 3
2026-08-22 18:25:32,453 [INFO] 📊 [PULSO PAPER MULTI-STRATEGY] Balance: $5000.00 USD | Posiciones: 0 | Estrategias: 3
2026-08-22 18:26:40,430 [INFO] 📊 [PULSO PAPER MULTI-STRATEGY] Balance: $5000.00 USD | Posiciones: 0 | Estrategias: 3
2026-08-22 18:27:48,426 [INFO] 📊 [PULSO PAPER MULTI-STRATEGY] Balance: $5000.00 USD | Posiciones: 0 | Estrategias: 3
2026-08-22 18:28:57,161 [INFO] 📊 [PULSO PAPER MULTI-STRATEGY] Balance: $5000.00 USD | Posiciones: 0 | Estrategias: 3
2026-08-22 18:30:06,669 [INFO] 📊 [PULSO PAPER MULTI-STRATEGY] Balance: $5000.00 USD | Posiciones: 0 | Estrategias: 3
2026-08-22 18:31:14,680 [INFO] 📊 [PULSO PAPER MULTI-STRATEGY] Balance: $5000.00 USD | Posiciones: 0 | Estrategias: 3
2026-08-22 18:32:24,224 [INFO] 📊 [PULSO PAPER MULTI-STRATEGY] Balance: $5000.00 USD | Posiciones: 0 | Estrategias: 3
2026-08-22 18:33:34,949 [INFO] 📊 [PULSO PAPER MULTI-STRATEGY] Balance: $5000.00 USD | Posiciones: 0 | Estrategias: 3
2026-08-22 18:34:43,672 [INFO] 📊 [PULSO PAPER MULTI-STRATEGY] Balance: $5000.00 USD | Posiciones: 0 | Estrategias: 3
2026-08-22 18:35:51,628 [INFO] 📊 [PULSO PAPER MULTI-STRATEGY] Balance: $5000.00 USD | Posiciones: 0 | Estrategias: 3
2026-08-22 18:37:00,372 [INFO] 📊 [PULSO PAPER MULTI-STRATEGY] Balance: $5000.00 USD | Posiciones: 0 | Estrategias: 3
2026-08-22 18:38:08,761 [INFO] 📊 [PULSO PAPER MULTI-STRATEGY] Balance: $5000.00 USD | Posiciones: 0 | Estrategias: 3
2026-08-22 18:39:17,560 [INFO] 📊 [PULSO PAPER MULTI-STRATEGY] Balance: $5000.00 USD | Posiciones: 0 | Estrategias: 3
2026-08-22 18:40:25,799 [INFO] 📊 [PULSO PAPER MULTI-STRATEGY] Balance: $5000.00 USD | Posiciones: 0 | Estrategias: 3
2026-08-22 18:41:33,960 [INFO] 📊 [PULSO PAPER MULTI-STRATEGY] Balance: $5000.00 USD | Posiciones: 0 | Estrategias: 3
2026-08-22 18:42:44,032 [INFO] 📊 [PULSO PAPER MULTI-STRATEGY] Balance: $5000.00 USD | Posiciones: 0 | Estrategias: 3
2026-08-22 18:43:54,927 [INFO] 📊 [PULSO PAPER MULTI-STRATEGY] Balance: $5000.00 USD | Posiciones: 0 | Estrategias: 3
2026-08-22 18:45:02,239 [INFO] 📊 [PULSO PAPER MULTI-STRATEGY] Balance: $5000.00 USD | Posiciones: 0 | Estrategias: 3
2026-08-22 18:46:11,672 [INFO] 📊 [PULSO PAPER MULTI-STRATEGY] Balance: $5000.00 USD | Posiciones: 0 | Estrategias: 3
2026-08-22 18:47:19,597 [INFO] 📊 [PULSO PAPER MULTI-STRATEGY] Balance: $5000.00 USD | Posiciones: 0 | Estrategias: 3
2026-08-22 18:48:28,677 [INFO] 📊 [PULSO PAPER MULTI-STRATEGY] Balance: $5000.00 USD | Posiciones: 0 | Estrategias: 3
2026-08-22 18:49:39,037 [INFO] 📊 [PULSO PAPER MULTI-STRATEGY] Balance: $5000.00 USD | Posiciones: 0 | Estrategias: 3
2026-08-22 18:50:47,429 [INFO] 📊 [PULSO PAPER MULTI-STRATEGY] Balance: $5000.00 USD | Posiciones: 0 | Estrategias: 3
2026-08-22 18:51:57,323 [INFO] 📊 [PULSO PAPER MULTI-STRATEGY] Balance: $5000.00 USD | Posiciones: 0 | Estrategias: 3
2026-08-22 18:53:04,942 [INFO] 📊 [PULSO PAPER MULTI-STRATEGY] Balance: $5000.00 USD | Posiciones: 0 | Estrategias: 3
2026-08-22 18:54:13,033 [INFO] 📊 [PULSO PAPER MULTI-STRATEGY] Balance: $5000.00 USD | Posiciones: 0 | Estrategias: 3
2026-08-22 18:55:22,182 [INFO] 📊 [PULSO PAPER MULTI-STRATEGY] Balance: $5000.00 USD | Posiciones: 0 | Estrategias: 3
2026-08-22 18:56:30,058 [INFO] 📊 [PULSO PAPER MULTI-STRATEGY] Balance: $5000.00 USD | Posiciones: 0 | Estrategias: 3
2026-08-22 18:57:39,991 [INFO] 📊 [PULSO PAPER MULTI-STRATEGY] Balance: $5000.00 USD | Posiciones: 0 | Estrategias: 3
2026-08-22 18:58:49,425 [INFO] 📊 [PULSO PAPER MULTI-STRATEGY] Balance: $5000.00 USD | Posiciones: 0 | Estrategias: 3
2026-08-22 18:59:58,554 [INFO] 📊 [PULSO PAPER MULTI-STRATEGY] Balance: $5000.00 USD | Posiciones: 0 | Estrategias: 3
2026-08-22 19:01:07,290 [INFO] 📊 [PULSO PAPER MULTI-STRATEGY] Balance: $5000.00 USD | Posiciones: 0 | Estrategias: 3
2026-08-22 19:02:15,159 [INFO] 📊 [PULSO PAPER MULTI-STRATEGY] Balance: $5000.00 USD | Posiciones: 0 | Estrategias: 3
2026-08-22 19:03:23,491 [INFO] 📊 [PULSO PAPER MULTI-STRATEGY] Balance: $5000.00 USD | Posiciones: 0 | Estrategias: 3
2026-08-22 19:04:32,672 [INFO] 📊 [PULSO PAPER MULTI-STRATEGY] Balance: $5000.00 USD | Posiciones: 0 | Estrategias: 3
2026-08-22 19:05:41,096 [INFO] 📊 [PULSO PAPER MULTI-STRATEGY] Balance: $5000.00 USD | Posiciones: 0 | Estrategias: 3
2026-08-22 19:06:51,156 [INFO] 📊 [PULSO PAPER MULTI-STRATEGY] Balance: $5000.00 USD | Posiciones: 0 | Estrategias: 3
2026-08-22 19:08:00,185 [INFO] 📊 [PULSO PAPER MULTI-STRATEGY] Balance: $5000.00 USD | Posiciones: 0 | Estrategias: 3
2026-08-22 19:09:08,353 [INFO] 📊 [PULSO PAPER MULTI-STRATEGY] Balance: $5000.00 USD | Posiciones: 0 | Estrategias: 3
2026-08-22 19:10:17,247 [INFO] 📊 [PULSO PAPER MULTI-STRATEGY] Balance: $5000.00 USD | Posiciones: 0 | Estrategias: 3
2026-08-22 19:11:26,066 [INFO] 📊 [PULSO PAPER MULTI-STRATEGY] Balance: $5000.00 USD | Posiciones: 0 | Estrategias: 3
2026-08-22 19:12:35,074 [INFO] 📊 [PULSO PAPER MULTI-STRATEGY] Balance: $5000.00 USD | Posiciones: 0 | Estrategias: 3
2026-08-22 19:13:44,067 [INFO] 📊 [PULSO PAPER MULTI-STRATEGY] Balance: $5000.00 USD | Posiciones: 0 | Estrategias: 3
2026-08-22 19:14:52,773 [INFO] 📊 [PULSO PAPER MULTI-STRATEGY] Balance: $5000.00 USD | Posiciones: 0 | Estrategias: 3
2026-08-22 19:16:01,680 [INFO] 📊 [PULSO PAPER MULTI-STRATEGY] Balance: $5000.00 USD | Posiciones: 0 | Estrategias: 3
2026-08-22 19:17:10,606 [INFO] 📊 [PULSO PAPER MULTI-STRATEGY] Balance: $5000.00 USD | Posiciones: 0 | Estrategias: 3
2026-08-22 19:18:18,998 [INFO] 📊 [PULSO PAPER MULTI-STRATEGY] Balance: $5000.00 USD | Posiciones: 0 | Estrategias: 3
2026-08-22 19:19:27,959 [INFO] 📊 [PULSO PAPER MULTI-STRATEGY] Balance: $5000.00 USD | Posiciones: 0 | Estrategias: 3
2026-08-22 19:20:36,361 [INFO] 📊 [PULSO PAPER MULTI-STRATEGY] Balance: $5000.00 USD | Posiciones: 0 | Estrategias: 3
2026-08-22 19:21:44,024 [INFO] 📊 [PULSO PAPER MULTI-STRATEGY] Balance: $5000.00 USD | Posiciones: 0 | Estrategias: 3
2026-08-22 19:22:53,693 [INFO] 📊 [PULSO PAPER MULTI-STRATEGY] Balance: $5000.00 USD | Posiciones: 0 | Estrategias: 3
2026-08-22 19:24:02,662 [INFO] 📊 [PULSO PAPER MULTI-STRATEGY] Balance: $5000.00 USD | Posiciones: 0 | Estrategias: 3
2026-08-22 19:25:12,074 [INFO] 📊 [PULSO PAPER MULTI-STRATEGY] Balance: $5000.00 USD | Posiciones: 0 | Estrategias: 3
2026-08-22 19:26:20,749 [INFO] 📊 [PULSO PAPER MULTI-STRATEGY] Balance: $5000.00 USD | Posiciones: 0 | Estrategias: 3
2026-08-22 19:27:29,959 [INFO] 📊 [PULSO PAPER MULTI-STRATEGY] Balance: $5000.00 USD | Posiciones: 0 | Estrategias: 3
2026-08-22 19:28:39,297 [INFO] 📊 [PULSO PAPER MULTI-STRATEGY] Balance: $5000.00 USD | Posiciones: 0 | Estrategias: 3
2026-08-22 19:29:48,260 [INFO] 📊 [PULSO PAPER MULTI-STRATEGY] Balance: $5000.00 USD | Posiciones: 0 | Estrategias: 3
2026-08-22 19:30:56,537 [INFO] 📊 [PULSO PAPER MULTI-STRATEGY] Balance: $5000.00 USD | Posiciones: 0 | Estrategias: 3
2026-08-22 19:32:03,612 [INFO] 📊 [PULSO PAPER MULTI-STRATEGY] Balance: $5000.00 USD | Posiciones: 0 | Estrategias: 3
2026-08-22 19:33:12,220 [INFO] 📊 [PULSO PAPER MULTI-STRATEGY] Balance: $5000.00 USD | Posiciones: 0 | Estrategias: 3
2026-08-22 19:34:20,633 [INFO] 📊 [PULSO PAPER MULTI-STRATEGY] Balance: $5000.00 USD | Posiciones: 0 | Estrategias: 3
2026-08-22 19:35:30,127 [INFO] 📊 [PULSO PAPER MULTI-STRATEGY] Balance: $5000.00 USD | Posiciones: 0 | Estrategias: 3
2026-08-22 19:36:38,948 [INFO] 📊 [PULSO PAPER MULTI-STRATEGY] Balance: $5000.00 USD | Posiciones: 0 | Estrategias: 3
2026-08-22 19:37:47,878 [INFO] 📊 [PULSO PAPER MULTI-STRATEGY] Balance: $5000.00 USD | Posiciones: 0 | Estrategias: 3
2026-08-22 19:38:57,679 [INFO] 📊 [PULSO PAPER MULTI-STRATEGY] Balance: $5000.00 USD | Posiciones: 0 | Estrategias: 3
2026-08-22 19:40:05,341 [INFO] 📊 [PULSO PAPER MULTI-STRATEGY] Balance: $5000.00 USD | Posiciones: 0 | Estrategias: 3
2026-08-22 19:41:14,820 [INFO] 📊 [PULSO PAPER MULTI-STRATEGY] Balance: $5000.00 USD | Posiciones: 0 | Estrategias: 3
2026-08-22 19:42:25,013 [INFO] 📊 [PULSO PAPER MULTI-STRATEGY] Balance: $5000.00 USD | Posiciones: 0 | Estrategias: 3
2026-08-22 19:43:34,227 [INFO] 📊 [PULSO PAPER MULTI-STRATEGY] Balance: $5000.00 USD | Posiciones: 0 | Estrategias: 3
2026-08-22 19:44:41,619 [INFO] 📊 [PULSO PAPER MULTI-STRATEGY] Balance: $5000.00 USD | Posiciones: 0 | Estrategias: 3
2026-08-22 19:45:50,200 [INFO] 📊 [PULSO PAPER MULTI-STRATEGY] Balance: $5000.00 USD | Posiciones: 0 | Estrategias: 3
2026-08-22 19:46:58,825 [INFO] 📊 [PULSO PAPER MULTI-STRATEGY] Balance: $5000.00 USD | Posiciones: 0 | Estrategias: 3
2026-08-22 19:48:06,958 [INFO] 📊 [PULSO PAPER MULTI-STRATEGY] Balance: $5000.00 USD | Posiciones: 0 | Estrategias: 3
2026-08-22 19:49:15,946 [INFO] 📊 [PULSO PAPER MULTI-STRATEGY] Balance: $5000.00 USD | Posiciones: 0 | Estrategias: 3
2026-08-22 19:50:24,881 [INFO] 📊 [PULSO PAPER MULTI-STRATEGY] Balance: $5000.00 USD | Posiciones: 0 | Estrategias: 3
2026-08-22 19:51:32,915 [INFO] 📊 [PULSO PAPER MULTI-STRATEGY] Balance: $5000.00 USD | Posiciones: 0 | Estrategias: 3
2026-08-22 19:52:40,960 [INFO] 📊 [PULSO PAPER MULTI-STRATEGY] Balance: $5000.00 USD | Posiciones: 0 | Estrategias: 3
2026-08-22 19:53:48,972 [INFO] 📊 [PULSO PAPER MULTI-STRATEGY] Balance: $5000.00 USD | Posiciones: 0 | Estrategias: 3
2026-08-22 19:54:58,787 [INFO] 📊 [PULSO PAPER MULTI-STRATEGY] Balance: $5000.00 USD | Posiciones: 0 | Estrategias: 3
2026-08-22 19:56:06,899 [INFO] 📊 [PULSO PAPER MULTI-STRATEGY] Balance: $5000.00 USD | Posiciones: 0 | Estrategias: 3
2026-08-22 19:57:15,997 [INFO] 📊 [PULSO PAPER MULTI-STRATEGY] Balance: $5000.00 USD | Posiciones: 0 | Estrategias: 3
2026-08-22 19:58:24,870 [INFO] 📊 [PULSO PAPER MULTI-STRATEGY] Balance: $5000.00 USD | Posiciones: 0 | Estrategias: 3
2026-08-22 19:59:34,580 [INFO] 📊 [PULSO PAPER MULTI-STRATEGY] Balance: $5000.00 USD | Posiciones: 0 | Estrategias: 3
2026-08-22 20:00:42,591 [INFO] 📊 [PULSO PAPER MULTI-STRATEGY] Balance: $5000.00 USD | Posiciones: 0 | Estrategias: 3
2026-08-22 20:01:48,641 [INFO] 📊 [PULSO PAPER MULTI-STRATEGY] Balance: $5000.00 USD | Posiciones: 0 | Estrategias: 3
2026-08-22 20:02:56,137 [INFO] 📊 [PULSO PAPER MULTI-STRATEGY] Balance: $5000.00 USD | Posiciones: 0 | Estrategias: 3
2026-08-22 20:04:04,757 [INFO] 📊 [PULSO PAPER MULTI-STRATEGY] Balance: $5000.00 USD | Posiciones: 0 | Estrategias: 3
2026-08-22 20:05:13,844 [INFO] 📊 [PULSO PAPER MULTI-STRATEGY] Balance: $5000.00 USD | Posiciones: 0 | Estrategias: 3
2026-08-22 20:06:21,899 [INFO] 📊 [PULSO PAPER MULTI-STRATEGY] Balance: $5000.00 USD | Posiciones: 0 | Estrategias: 3
2026-08-22 20:07:30,816 [INFO] 📊 [PULSO PAPER MULTI-STRATEGY] Balance: $5000.00 USD | Posiciones: 0 | Estrategias: 3
2026-08-22 20:08:40,759 [INFO] 📊 [PULSO PAPER MULTI-STRATEGY] Balance: $5000.00 USD | Posiciones: 0 | Estrategias: 3
2026-08-22 20:09:49,878 [INFO] 📊 [PULSO PAPER MULTI-STRATEGY] Balance: $5000.00 USD | Posiciones: 0 | Estrategias: 3
2026-08-22 20:10:58,495 [INFO] 📊 [PULSO PAPER MULTI-STRATEGY] Balance: $5000.00 USD | Posiciones: 0 | Estrategias: 3
2026-08-22 20:12:08,373 [INFO] 📊 [PULSO PAPER MULTI-STRATEGY] Balance: $5000.00 USD | Posiciones: 0 | Estrategias: 3
2026-08-22 20:13:17,096 [INFO] 📊 [PULSO PAPER MULTI-STRATEGY] Balance: $5000.00 USD | Posiciones: 0 | Estrategias: 3
2026-08-22 20:14:25,392 [INFO] 📊 [PULSO PAPER MULTI-STRATEGY] Balance: $5000.00 USD | Posiciones: 0 | Estrategias: 3
2026-08-22 20:15:32,464 [INFO] 📊 [PULSO PAPER MULTI-STRATEGY] Balance: $5000.00 USD | Posiciones: 0 | Estrategias: 3
2026-08-22 20:16:40,948 [INFO] 📊 [PULSO PAPER MULTI-STRATEGY] Balance: $5000.00 USD | Posiciones: 0 | Estrategias: 3
2026-08-22 20:17:48,352 [INFO] 📊 [PULSO PAPER MULTI-STRATEGY] Balance: $5000.00 USD | Posiciones: 0 | Estrategias: 3
2026-08-22 20:18:56,436 [INFO] 📊 [PULSO PAPER MULTI-STRATEGY] Balance: $5000.00 USD | Posiciones: 0 | Estrategias: 3
2026-08-22 20:20:03,109 [INFO] 📊 [PULSO PAPER MULTI-STRATEGY] Balance: $5000.00 USD | Posiciones: 0 | Estrategias: 3
2026-08-22 20:21:11,623 [INFO] 📊 [PULSO PAPER MULTI-STRATEGY] Balance: $5000.00 USD | Posiciones: 0 | Estrategias: 3
2026-08-22 20:22:19,714 [INFO] 📊 [PULSO PAPER MULTI-STRATEGY] Balance: $5000.00 USD | Posiciones: 0 | Estrategias: 3
2026-08-22 20:23:28,463 [INFO] 📊 [PULSO PAPER MULTI-STRATEGY] Balance: $5000.00 USD | Posiciones: 0 | Estrategias: 3
2026-08-22 20:24:37,812 [INFO] 📊 [PULSO PAPER MULTI-STRATEGY] Balance: $5000.00 USD | Posiciones: 0 | Estrategias: 3
2026-08-22 20:25:46,162 [INFO] 📊 [PULSO PAPER MULTI-STRATEGY] Balance: $5000.00 USD | Posiciones: 0 | Estrategias: 3
2026-08-22 20:26:54,854 [INFO] 📊 [PULSO PAPER MULTI-STRATEGY] Balance: $5000.00 USD | Posiciones: 0 | Estrategias: 3
2026-08-22 20:28:03,957 [INFO] 📊 [PULSO PAPER MULTI-STRATEGY] Balance: $5000.00 USD | Posiciones: 0 | Estrategias: 3
2026-08-22 20:29:12,455 [INFO] 📊 [PULSO PAPER MULTI-STRATEGY] Balance: $5000.00 USD | Posiciones: 0 | Estrategias: 3
2026-08-22 20:30:20,859 [INFO] 📊 [PULSO PAPER MULTI-STRATEGY] Balance: $5000.00 USD | Posiciones: 0 | Estrategias: 3
2026-08-22 20:31:30,183 [INFO] 📊 [PULSO PAPER MULTI-STRATEGY] Balance: $5000.00 USD | Posiciones: 0 | Estrategias: 3
2026-08-22 20:32:38,376 [INFO] 📊 [PULSO PAPER MULTI-STRATEGY] Balance: $5000.00 USD | Posiciones: 0 | Estrategias: 3
2026-08-22 20:33:47,572 [INFO] 📊 [PULSO PAPER MULTI-STRATEGY] Balance: $5000.00 USD | Posiciones: 0 | Estrategias: 3
2026-08-22 20:34:56,146 [INFO] 📊 [PULSO PAPER MULTI-STRATEGY] Balance: $5000.00 USD | Posiciones: 0 | Estrategias: 3
2026-08-22 20:36:04,918 [INFO] 📊 [PULSO PAPER MULTI-STRATEGY] Balance: $5000.00 USD | Posiciones: 0 | Estrategias: 3
2026-08-22 20:37:13,495 [INFO] 📊 [PULSO PAPER MULTI-STRATEGY] Balance: $5000.00 USD | Posiciones: 0 | Estrategias: 3
2026-08-22 20:38:21,854 [INFO] 📊 [PULSO PAPER MULTI-STRATEGY] Balance: $5000.00 USD | Posiciones: 0 | Estrategias: 3
2026-08-22 20:39:31,995 [INFO] 📊 [PULSO PAPER MULTI-STRATEGY] Balance: $5000.00 USD | Posiciones: 0 | Estrategias: 3
2026-08-22 20:40:40,731 [INFO] 📊 [PULSO PAPER MULTI-STRATEGY] Balance: $5000.00 USD | Posiciones: 0 | Estrategias: 3
2026-08-22 20:41:48,357 [INFO] 📊 [PULSO PAPER MULTI-STRATEGY] Balance: $5000.00 USD | Posiciones: 0 | Estrategias: 3
2026-08-22 20:42:58,538 [INFO] 📊 [PULSO PAPER MULTI-STRATEGY] Balance: $5000.00 USD | Posiciones: 0 | Estrategias: 3
2026-08-22 20:44:07,264 [INFO] 📊 [PULSO PAPER MULTI-STRATEGY] Balance: $5000.00 USD | Posiciones: 0 | Estrategias: 3
2026-08-22 20:45:15,747 [INFO] 📊 [PULSO PAPER MULTI-STRATEGY] Balance: $5000.00 USD | Posiciones: 0 | Estrategias: 3
2026-08-22 20:46:24,210 [INFO] 📊 [PULSO PAPER MULTI-STRATEGY] Balance: $5000.00 USD | Posiciones: 0 | Estrategias: 3
2026-08-22 20:47:32,348 [INFO] 📊 [PULSO PAPER MULTI-STRATEGY] Balance: $5000.00 USD | Posiciones: 0 | Estrategias: 3
2026-08-22 20:48:42,593 [INFO] 📊 [PULSO PAPER MULTI-STRATEGY] Balance: $5000.00 USD | Posiciones: 0 | Estrategias: 3
2026-08-22 20:49:52,101 [INFO] 📊 [PULSO PAPER MULTI-STRATEGY] Balance: $5000.00 USD | Posiciones: 0 | Estrategias: 3
2026-08-22 20:51:01,119 [INFO] 📊 [PULSO PAPER MULTI-STRATEGY] Balance: $5000.00 USD | Posiciones: 0 | Estrategias: 3
2026-08-22 20:52:10,037 [INFO] 📊 [PULSO PAPER MULTI-STRATEGY] Balance: $5000.00 USD | Posiciones: 0 | Estrategias: 3
2026-08-22 20:53:19,149 [INFO] 📊 [PULSO PAPER MULTI-STRATEGY] Balance: $5000.00 USD | Posiciones: 0 | Estrategias: 3
