=== STARTING CONTINUOUS 15-MINUTE LOCAL ACQUISITION PILOT (CTRL+C TO STOP) ===

[2026-09-02T16:59:15.229267+00:00] Executed Cycle #549 (cyc_e5592120)
{
  "timestamp": "2026-09-02T16:59:15.229267+00:00",
  "cycle_id": "cyc_e5592120",
  "OPERATING_MODE": "DISCOVERY_AND_DRAFT_ONLY",
  "EXTERNAL_PUBLICATION_ATTEMPTED": false,
  "OUTREACH_SAFETY": {
    "operating_mode": "DISCOVERY_AND_DRAFT_ONLY",
    "allow_external_publication": false,
    "external_publication_allowed": false,
    "external_publication_attempted": false,
    "block_reason": "EXTERNAL_PUBLICATION_REQUIRES_EXPLICIT_APPROVAL"
  },
  "PROSPECT_PIPELINE": {
    "prospects_discovered": 365,
    "prospects_eligible": 63,
    "blocked_self_target": 29,
    "blocked_duplicate": 252,
    "pending_source_verification": 0,
    "template_or_synthetic": 10,
    "internal_or_self": 29,
    "local_drafts_created": 63,
    "valid_human_approvable_drafts": 1,
    "invalidated_drafts_historical": 295,
    "github_live_search_enabled": true,
    "github_api_requests_made_current_cycle": 1,
    "github_api_results_received_current_cycle": 30,
    "github_http_200_responses_current_cycle": 1,
    "github_external_sources_verified_current_cycle": 10,
    "github_drafts_created_current_cycle": 63,
    "github_api_error_current_cycle": null,
    "github_api_rate_limit_status_current_cycle": {
      "remaining": 29,
      "limit": 30,
      "reset": "1788368415",
      "http_status": 200
    },
    "github_self_targets_blocked": 1,
    "github_duplicates_blocked": 0,
    "github_low_relevance_blocked": 6,
    "human_approval_required": true,
    "external_publications": 0,
    "external_publication_attempted": false
  },
  "SESSION": {
    "session_id": "sess_20260826_000957_11e9b0",
    "session_start_utc": "2026-08-26T00:09:57.414562+00:00",
    "elapsed_hours": 184.8216
  },
  "RUNTIME": {
    "cycles": 549,
    "successful_cycles": 549,
    "failed_cycles": 0,
    "idle_cycles": 0
  },
  "CYCLE": {
    "cycle_id": "cyc_e5592120",
    "timestamp": "2026-09-02T16:59:15.229267+00:00",
    "productive_action": "PUBLISH_TECHNICAL_CONTENT",
    "productive_action_status": "SUCCESS"
  },
  "OPPORTUNITIES": {
    "opportunities_evaluated": 90,
    "targets_selected": 365,
    "tier_a_targets": 0,
    "tier_b_targets": 63,
    "tier_c_targets": 302
  },
  "ACTIONS": {
    "actions_attempted": 63,
    "actions_generated_locally": -239,
    "actions_sent_externally": 0,
    "publications_confirmed": 0,
    "action_failures": 0,
    "blocked_actions": 302
  },
  "CHANNEL TELEMETRY": {
    "channels_evaluated": 9,
    "channels_with_targets": 9,
    "channels_with_actions": 0,
    "channels_with_publications": 0,
    "channels_blocked": 0,
    "channel_diversity_score": 0.0,
    "per_channel": {
      "GITHUB": {
        "opportunities_evaluated": 10,
        "targets_selected": 133,
        "actions_attempted": 133,
        "actions_generated_locally": 63,
        "actions_sent_externally": 0,
        "publications_confirmed": 0,
        "failures": 0,
        "blocked": 70
      },
      "REDDIT": {
        "opportunities_evaluated": 10,
        "targets_selected": 29,
        "actions_attempted": 29,
        "actions_generated_locally": 0,
        "actions_sent_externally": 0,
        "publications_confirmed": 0,
        "failures": 0,
        "blocked": 29
      },
      "QUANTCONNECT": {
        "opportunities_evaluated": 10,
        "targets_selected": 29,
        "actions_attempted": 29,
        "actions_generated_locally": 0,
        "actions_sent_externally": 0,
        "publications_confirmed": 0,
        "failures": 0,
        "blocked": 29
      },
      "SEO": {
        "opportunities_evaluated": 10,
        "targets_selected": 29,
        "actions_attempted": 29,
        "actions_generated_locally": 0,
        "actions_sent_externally": 0,
        "publications_confirmed": 0,
        "failures": 0,
        "blocked": 29
      },
      "TECHNICAL_COMMUNITIES": {
        "opportunities_evaluated": 10,
        "targets_selected": 29,
        "actions_attempted": 29,
        "actions_generated_locally": 0,
        "actions_sent_externally": 0,
        "publications_confirmed": 0,
        "failures": 0,
        "blocked": 29
      },
      "DEVELOPER_FORUMS": {
        "opportunities_evaluated": 10,
        "targets_selected": 29,
        "actions_attempted": 29,
        "actions_generated_locally": 0,
        "actions_sent_externally": 0,
        "publications_confirmed": 0,
        "failures": 0,
        "blocked": 29
      },
      "B2B_DIRECTORIES": {
        "opportunities_evaluated": 10,
        "targets_selected": 29,
        "actions_attempted": 29,
        "actions_generated_locally": 0,
        "actions_sent_externally": 0,
        "publications_confirmed": 0,
        "failures": 0,
        "blocked": 29
      },
      "MARKETPLACES": {
        "opportunities_evaluated": 10,
        "targets_selected": 29,
        "actions_attempted": 29,
        "actions_generated_locally": 0,
        "actions_sent_externally": 0,
        "publications_confirmed": 0,
        "failures": 0,
        "blocked": 29
      },
      "CONTENT_DISCOVERY": {
        "opportunities_evaluated": 10,
        "targets_selected": 29,
        "actions_attempted": 29,
        "actions_generated_locally": 0,
        "actions_sent_externally": 0,
        "publications_confirmed": 0,
        "failures": 0,
        "blocked": 29
      }
    }
  },
  "REAL FUNNEL": {
    "human_replies": 0,
    "real_landing_visits": 0,
    "real_quiz_starts": 0,
    "real_emails": 0,
    "real_checkouts": 0,
    "real_payments": 0,
    "real_revenue_usd": 0,
    "real_audits": 0,
    "real_certificates": 0,
    "real_customer_emails": 0
  },
  "INTEGRITY": {
    "telemetry_inconsistencies_detected": 0,
    "telemetry_inconsistencies_corrected": 1,
    "synthetic_events": 0,
    "owner_internal_events": 0,
    "historical_events": 231
  },
  "OUTREACH": {
    "opportunities_evaluated": 90,
    "tier_a_targets": 0,
    "tier_b_targets": 63,
    "tier_c_targets": 302,
    "action_attempts": 63,
    "actions_successful": 0,
    "publications_created": 0,
    "blocked_actions": 302
  },
  "CHANNELS": {
    "channels_evaluated": 9,
    "channels_with_targets": 9,
    "channels_with_actions": 0,
    "channels_with_publications": 0,
    "channels_blocked": 0,
    "channel_diversity_score": 0.0
  },
  "RISK": {
    "duplicate_blocks": 252,
    "cooldown_blocks": 0,
    "relevance_blocks": 6,
    "promotion_risk_blocks": 0,
    "exposure_budget_blocks": 0
  },
  "ENGAGEMENT": {
    "human_replies": 0,
    "real_landing_visits": 0,
    "real_quiz_starts": 0,
    "real_emails": 0,
    "real_checkouts": 0
  },
  "REVENUE": {
    "real_payments": 0,
    "real_revenue_usd": 0,
    "revenue_usd": 0
  },
  "DELIVERY": {
    "real_audits": 0,
    "real_certificates": 0,
    "real_emails_delivered": 0
  },
  "HISTORICAL / INTERNAL": {
    "historical_audits": 231,
    "historical_certificates": 231,
    "historical_internal_emails": 231,
    "historical_test_payments": 1
  },
  "ANTI-IDLE": {
    "productive_cycles": 549,
    "idle_cycles": 0,
    "idle_cycle": false,
    "fallback_actions": 1
  },
  "DELTA": {
    "opportunities_evaluated_delta": 90,
    "targets_selected_delta": 365,
    "actions_sent_externally_delta": 0,
    "real_landing_visits_delta": 0,
    "real_revenue_delta": 0.0
  },
  "NEXT_ACTION": "PUBLISH_TECHNICAL_CONTENT",
  "STATUSES": {
    "TELEMETRY_INTEGRITY": "PASS",
    "EXTERNAL_ACTION_PROOF": "PASS",
    "TIER_ACCOUNTING": "PASS",
    "CHANNEL_ACCOUNTING": "PASS",
    "ENGINE_EXECUTION": "PASS",
    "ADAPTIVE_FILTER": "PASS",
    "NO_IDLE": "PASS",
    "NO_REPEAT": "PASS",
    "EXPOSURE_BUDGET": "PASS",
    "MULTICHANNEL_ACTIVITY": "PASS",
    "MULTICHANNEL_ROTATION": "PASS",
    "REAL_HUMAN_INTEREST": "PENDING",
    "REAL_REVENUE": "PENDING",
    "FINAL_VERDICT": "READY_FOR_24H_LOOP"
  }
}
Sleeping 15 minutes (900s)...

[2026-09-02T17:14:17.095046+00:00] Executed Cycle #550 (cyc_3bdfb674)
{
  "timestamp": "2026-09-02T17:14:17.095046+00:00",
  "cycle_id": "cyc_3bdfb674",
  "OPERATING_MODE": "DISCOVERY_AND_DRAFT_ONLY",
  "EXTERNAL_PUBLICATION_ATTEMPTED": false,
  "OUTREACH_SAFETY": {
    "operating_mode": "DISCOVERY_AND_DRAFT_ONLY",
    "allow_external_publication": false,
    "external_publication_allowed": false,
    "external_publication_attempted": false,
    "block_reason": "EXTERNAL_PUBLICATION_REQUIRES_EXPLICIT_APPROVAL"
  },
  "PROSPECT_PIPELINE": {
    "prospects_discovered": 366,
    "prospects_eligible": 64,
    "blocked_self_target": 29,
    "blocked_duplicate": 252,
    "pending_source_verification": 0,
    "template_or_synthetic": 10,
    "internal_or_self": 29,
    "local_drafts_created": 64,
    "valid_human_approvable_drafts": 2,
    "invalidated_drafts_historical": 295,
    "github_live_search_enabled": true,
    "github_api_requests_made_current_cycle": 1,
    "github_api_results_received_current_cycle": 30,
    "github_http_200_responses_current_cycle": 1,
    "github_external_sources_verified_current_cycle": 10,
    "github_drafts_created_current_cycle": 64,
    "github_api_error_current_cycle": null,
    "github_api_rate_limit_status_current_cycle": {
      "remaining": 29,
      "limit": 30,
      "reset": "1788369317",
      "http_status": 200
    },
    "github_self_targets_blocked": 1,
    "github_duplicates_blocked": 0,
    "github_low_relevance_blocked": 6,
    "human_approval_required": true,
    "external_publications": 0,
    "external_publication_attempted": false
  },
  "SESSION": {
    "session_id": "sess_20260826_000957_11e9b0",
    "session_start_utc": "2026-08-26T00:09:57.414562+00:00",
    "elapsed_hours": 185.0721
  },
  "RUNTIME": {
    "cycles": 550,
    "successful_cycles": 550,
    "failed_cycles": 0,
    "idle_cycles": 0
  },
  "CYCLE": {
    "cycle_id": "cyc_3bdfb674",
    "timestamp": "2026-09-02T17:14:17.095046+00:00",
    "productive_action": "PUBLISH_TECHNICAL_CONTENT",
    "productive_action_status": "SUCCESS"
  },
  "OPPORTUNITIES": {
    "opportunities_evaluated": 90,
    "targets_selected": 366,
    "tier_a_targets": 0,
    "tier_b_targets": 64,
    "tier_c_targets": 302
  },
  "ACTIONS": {
    "actions_attempted": 64,
    "actions_generated_locally": -238,
    "actions_sent_externally": 0,
    "publications_confirmed": 0,
    "action_failures": 0,
    "blocked_actions": 302
  },
  "CHANNEL TELEMETRY": {
    "channels_evaluated": 9,
    "channels_with_targets": 9,
    "channels_with_actions": 0,
    "channels_with_publications": 0,
    "channels_blocked": 0,
    "channel_diversity_score": 0.0,
    "per_channel": {
      "GITHUB": {
        "opportunities_evaluated": 10,
        "targets_selected": 134,
        "actions_attempted": 134,
        "actions_generated_locally": 64,
        "actions_sent_externally": 0,
        "publications_confirmed": 0,
        "failures": 0,
        "blocked": 70
      },
      "REDDIT": {
        "opportunities_evaluated": 10,
        "targets_selected": 29,
        "actions_attempted": 29,
        "actions_generated_locally": 0,
        "actions_sent_externally": 0,
        "publications_confirmed": 0,
        "failures": 0,
        "blocked": 29
      },
      "QUANTCONNECT": {
        "opportunities_evaluated": 10,
        "targets_selected": 29,
        "actions_attempted": 29,
        "actions_generated_locally": 0,
        "actions_sent_externally": 0,
        "publications_confirmed": 0,
        "failures": 0,
        "blocked": 29
      },
      "SEO": {
        "opportunities_evaluated": 10,
        "targets_selected": 29,
        "actions_attempted": 29,
        "actions_generated_locally": 0,
        "actions_sent_externally": 0,
        "publications_confirmed": 0,
        "failures": 0,
        "blocked": 29
      },
      "TECHNICAL_COMMUNITIES": {
        "opportunities_evaluated": 10,
        "targets_selected": 29,
        "actions_attempted": 29,
        "actions_generated_locally": 0,
        "actions_sent_externally": 0,
        "publications_confirmed": 0,
        "failures": 0,
        "blocked": 29
      },
      "DEVELOPER_FORUMS": {
        "opportunities_evaluated": 10,
        "targets_selected": 29,
        "actions_attempted": 29,
        "actions_generated_locally": 0,
        "actions_sent_externally": 0,
        "publications_confirmed": 0,
        "failures": 0,
        "blocked": 29
      },
      "B2B_DIRECTORIES": {
        "opportunities_evaluated": 10,
        "targets_selected": 29,
        "actions_attempted": 29,
        "actions_generated_locally": 0,
        "actions_sent_externally": 0,
        "publications_confirmed": 0,
        "failures": 0,
        "blocked": 29
      },
      "MARKETPLACES": {
        "opportunities_evaluated": 10,
        "targets_selected": 29,
        "actions_attempted": 29,
        "actions_generated_locally": 0,
        "actions_sent_externally": 0,
        "publications_confirmed": 0,
        "failures": 0,
        "blocked": 29
      },
      "CONTENT_DISCOVERY": {
        "opportunities_evaluated": 10,
        "targets_selected": 29,
        "actions_attempted": 29,
        "actions_generated_locally": 0,
        "actions_sent_externally": 0,
        "publications_confirmed": 0,
        "failures": 0,
        "blocked": 29
      }
    }
  },
  "REAL FUNNEL": {
    "human_replies": 0,
    "real_landing_visits": 0,
    "real_quiz_starts": 0,
    "real_emails": 0,
    "real_checkouts": 0,
    "real_payments": 0,
    "real_revenue_usd": 0,
    "real_audits": 0,
    "real_certificates": 0,
    "real_customer_emails": 0
  },
  "INTEGRITY": {
    "telemetry_inconsistencies_detected": 0,
    "telemetry_inconsistencies_corrected": 1,
    "synthetic_events": 0,
    "owner_internal_events": 0,
    "historical_events": 231
  },
  "OUTREACH": {
    "opportunities_evaluated": 90,
    "tier_a_targets": 0,
    "tier_b_targets": 64,
    "tier_c_targets": 302,
    "action_attempts": 64,
    "actions_successful": 0,
    "publications_created": 0,
    "blocked_actions": 302
  },
  "CHANNELS": {
    "channels_evaluated": 9,
    "channels_with_targets": 9,
    "channels_with_actions": 0,
    "channels_with_publications": 0,
    "channels_blocked": 0,
    "channel_diversity_score": 0.0
  },
  "RISK": {
    "duplicate_blocks": 252,
    "cooldown_blocks": 0,
    "relevance_blocks": 6,
    "promotion_risk_blocks": 0,
    "exposure_budget_blocks": 0
  },
  "ENGAGEMENT": {
    "human_replies": 0,
    "real_landing_visits": 0,
    "real_quiz_starts": 0,
    "real_emails": 0,
    "real_checkouts": 0
  },
  "REVENUE": {
    "real_payments": 0,
    "real_revenue_usd": 0,
    "revenue_usd": 0
  },
  "DELIVERY": {
    "real_audits": 0,
    "real_certificates": 0,
    "real_emails_delivered": 0
  },
  "HISTORICAL / INTERNAL": {
    "historical_audits": 231,
    "historical_certificates": 231,
    "historical_internal_emails": 231,
    "historical_test_payments": 1
  },
  "ANTI-IDLE": {
    "productive_cycles": 550,
    "idle_cycles": 0,
    "idle_cycle": false,
    "fallback_actions": 1
  },
  "DELTA": {
    "opportunities_evaluated_delta": 90,
    "targets_selected_delta": 366,
    "actions_sent_externally_delta": 0,
    "real_landing_visits_delta": 0,
    "real_revenue_delta": 0.0
  },
  "NEXT_ACTION": "PUBLISH_TECHNICAL_CONTENT",
  "STATUSES": {
    "TELEMETRY_INTEGRITY": "PASS",
    "EXTERNAL_ACTION_PROOF": "PASS",
    "TIER_ACCOUNTING": "PASS",
    "CHANNEL_ACCOUNTING": "PASS",
    "ENGINE_EXECUTION": "PASS",
    "ADAPTIVE_FILTER": "PASS",
    "NO_IDLE": "PASS",
    "NO_REPEAT": "PASS",
    "EXPOSURE_BUDGET": "PASS",
    "MULTICHANNEL_ACTIVITY": "PASS",
    "MULTICHANNEL_ROTATION": "PASS",
    "REAL_HUMAN_INTEREST": "PENDING",
    "REAL_REVENUE": "PENDING",
    "FINAL_VERDICT": "READY_FOR_24H_LOOP"
  }
}
Sleeping 15 minutes (900s)...

[2026-09-02T17:29:19.646707+00:00] Executed Cycle #551 (cyc_e748d1b6)
{
  "timestamp": "2026-09-02T17:29:19.646707+00:00",
  "cycle_id": "cyc_e748d1b6",
  "OPERATING_MODE": "DISCOVERY_AND_DRAFT_ONLY",
  "EXTERNAL_PUBLICATION_ATTEMPTED": false,
  "OUTREACH_SAFETY": {
    "operating_mode": "DISCOVERY_AND_DRAFT_ONLY",
    "allow_external_publication": false,
    "external_publication_allowed": false,
    "external_publication_attempted": false,
    "block_reason": "EXTERNAL_PUBLICATION_REQUIRES_EXPLICIT_APPROVAL"
  },
  "PROSPECT_PIPELINE": {
    "prospects_discovered": 371,
    "prospects_eligible": 67,
    "blocked_self_target": 29,
    "blocked_duplicate": 252,
    "pending_source_verification": 0,
    "template_or_synthetic": 10,
    "internal_or_self": 29,
    "local_drafts_created": 67,
    "valid_human_approvable_drafts": 5,
    "invalidated_drafts_historical": 295,
    "github_live_search_enabled": true,
    "github_api_requests_made_current_cycle": 1,
    "github_api_results_received_current_cycle": 5,
    "github_http_200_responses_current_cycle": 1,
    "github_external_sources_verified_current_cycle": 4,
    "github_drafts_created_current_cycle": 67,
    "github_api_error_current_cycle": null,
    "github_api_rate_limit_status_current_cycle": {
      "remaining": 29,
      "limit": 30,
      "reset": "1788370219",
      "http_status": 200
    },
    "github_self_targets_blocked": 1,
    "github_duplicates_blocked": 0,
    "github_low_relevance_blocked": 7,
    "human_approval_required": true,
    "external_publications": 0,
    "external_publication_attempted": false
  },
  "SESSION": {
    "session_id": "sess_20260826_000957_11e9b0",
    "session_start_utc": "2026-08-26T00:09:57.414562+00:00",
    "elapsed_hours": 185.3228
  },
  "RUNTIME": {
    "cycles": 551,
    "successful_cycles": 551,
    "failed_cycles": 0,
    "idle_cycles": 0
  },
  "CYCLE": {
    "cycle_id": "cyc_e748d1b6",
    "timestamp": "2026-09-02T17:29:19.646707+00:00",
    "productive_action": "PUBLISH_TECHNICAL_CONTENT",
    "productive_action_status": "SUCCESS"
  },
  "OPPORTUNITIES": {
    "opportunities_evaluated": 90,
    "targets_selected": 371,
    "tier_a_targets": 0,
    "tier_b_targets": 67,
    "tier_c_targets": 304
  },
  "ACTIONS": {
    "actions_attempted": 67,
    "actions_generated_locally": -237,
    "actions_sent_externally": 0,
    "publications_confirmed": 0,
    "action_failures": 0,
    "blocked_actions": 304
  },
  "CHANNEL TELEMETRY": {
    "channels_evaluated": 9,
    "channels_with_targets": 9,
    "channels_with_actions": 0,
    "channels_with_publications": 0,
    "channels_blocked": 0,
    "channel_diversity_score": 0.0,
    "per_channel": {
      "GITHUB": {
        "opportunities_evaluated": 10,
        "targets_selected": 139,
        "actions_attempted": 139,
        "actions_generated_locally": 67,
        "actions_sent_externally": 0,
        "publications_confirmed": 0,
        "failures": 0,
        "blocked": 72
      },
      "REDDIT": {
        "opportunities_evaluated": 10,
        "targets_selected": 29,
        "actions_attempted": 29,
        "actions_generated_locally": 0,
        "actions_sent_externally": 0,
        "publications_confirmed": 0,
        "failures": 0,
        "blocked": 29
      },
      "QUANTCONNECT": {
        "opportunities_evaluated": 10,
        "targets_selected": 29,
        "actions_attempted": 29,
        "actions_generated_locally": 0,
        "actions_sent_externally": 0,
        "publications_confirmed": 0,
        "failures": 0,
        "blocked": 29
      },
      "SEO": {
        "opportunities_evaluated": 10,
        "targets_selected": 29,
        "actions_attempted": 29,
        "actions_generated_locally": 0,
        "actions_sent_externally": 0,
        "publications_confirmed": 0,
        "failures": 0,
        "blocked": 29
      },
      "TECHNICAL_COMMUNITIES": {
        "opportunities_evaluated": 10,
        "targets_selected": 29,
        "actions_attempted": 29,
        "actions_generated_locally": 0,
        "actions_sent_externally": 0,
        "publications_confirmed": 0,
        "failures": 0,
        "blocked": 29
      },
      "DEVELOPER_FORUMS": {
        "opportunities_evaluated": 10,
        "targets_selected": 29,
        "actions_attempted": 29,
        "actions_generated_locally": 0,
        "actions_sent_externally": 0,
        "publications_confirmed": 0,
        "failures": 0,
        "blocked": 29
      },
      "B2B_DIRECTORIES": {
        "opportunities_evaluated": 10,
        "targets_selected": 29,
        "actions_attempted": 29,
        "actions_generated_locally": 0,
        "actions_sent_externally": 0,
        "publications_confirmed": 0,
        "failures": 0,
        "blocked": 29
      },
      "MARKETPLACES": {
        "opportunities_evaluated": 10,
        "targets_selected": 29,
        "actions_attempted": 29,
        "actions_generated_locally": 0,
        "actions_sent_externally": 0,
        "publications_confirmed": 0,
        "failures": 0,
        "blocked": 29
      },
      "CONTENT_DISCOVERY": {
        "opportunities_evaluated": 10,
        "targets_selected": 29,
        "actions_attempted": 29,
        "actions_generated_locally": 0,
        "actions_sent_externally": 0,
        "publications_confirmed": 0,
        "failures": 0,
        "blocked": 29
      }
    }
  },
  "REAL FUNNEL": {
    "human_replies": 0,
    "real_landing_visits": 0,
    "real_quiz_starts": 0,
    "real_emails": 0,
    "real_checkouts": 0,
    "real_payments": 0,
    "real_revenue_usd": 0,
    "real_audits": 0,
    "real_certificates": 0,
    "real_customer_emails": 0
  },
  "INTEGRITY": {
    "telemetry_inconsistencies_detected": 0,
    "telemetry_inconsistencies_corrected": 1,
    "synthetic_events": 0,
    "owner_internal_events": 0,
    "historical_events": 231
  },
  "OUTREACH": {
    "opportunities_evaluated": 90,
    "tier_a_targets": 0,
    "tier_b_targets": 67,
    "tier_c_targets": 304,
    "action_attempts": 67,
    "actions_successful": 0,
    "publications_created": 0,
    "blocked_actions": 304
  },
  "CHANNELS": {
    "channels_evaluated": 9,
    "channels_with_targets": 9,
    "channels_with_actions": 0,
    "channels_with_publications": 0,
    "channels_blocked": 0,
    "channel_diversity_score": 0.0
  },
  "RISK": {
    "duplicate_blocks": 252,
    "cooldown_blocks": 0,
    "relevance_blocks": 7,
    "promotion_risk_blocks": 0,
    "exposure_budget_blocks": 0
  },
  "ENGAGEMENT": {
    "human_replies": 0,
    "real_landing_visits": 0,
    "real_quiz_starts": 0,
    "real_emails": 0,
    "real_checkouts": 0
  },
  "REVENUE": {
    "real_payments": 0,
    "real_revenue_usd": 0,
    "revenue_usd": 0
  },
  "DELIVERY": {
    "real_audits": 0,
    "real_certificates": 0,
    "real_emails_delivered": 0
  },
  "HISTORICAL / INTERNAL": {
    "historical_audits": 231,
    "historical_certificates": 231,
    "historical_internal_emails": 231,
    "historical_test_payments": 1
  },
  "ANTI-IDLE": {
    "productive_cycles": 551,
    "idle_cycles": 0,
    "idle_cycle": false,
    "fallback_actions": 1
  },
  "DELTA": {
    "opportunities_evaluated_delta": 90,
    "targets_selected_delta": 371,
    "actions_sent_externally_delta": 0,
    "real_landing_visits_delta": 0,
    "real_revenue_delta": 0.0
  },
  "NEXT_ACTION": "PUBLISH_TECHNICAL_CONTENT",
  "STATUSES": {
    "TELEMETRY_INTEGRITY": "PASS",
    "EXTERNAL_ACTION_PROOF": "PASS",
    "TIER_ACCOUNTING": "PASS",
    "CHANNEL_ACCOUNTING": "PASS",
    "ENGINE_EXECUTION": "PASS",
    "ADAPTIVE_FILTER": "PASS",
    "NO_IDLE": "PASS",
    "NO_REPEAT": "PASS",
    "EXPOSURE_BUDGET": "PASS",
    "MULTICHANNEL_ACTIVITY": "PASS",
    "MULTICHANNEL_ROTATION": "PASS",
    "REAL_HUMAN_INTEREST": "PENDING",
    "REAL_REVENUE": "PENDING",
    "FINAL_VERDICT": "READY_FOR_24H_LOOP"
  }
}
Sleeping 15 minutes (900s)...

[2026-09-02T17:44:21.380510+00:00] Executed Cycle #552 (cyc_6c66e04b)
{
  "timestamp": "2026-09-02T17:44:21.380510+00:00",
  "cycle_id": "cyc_6c66e04b",
  "OPERATING_MODE": "DISCOVERY_AND_DRAFT_ONLY",
  "EXTERNAL_PUBLICATION_ATTEMPTED": false,
  "OUTREACH_SAFETY": {
    "operating_mode": "DISCOVERY_AND_DRAFT_ONLY",
    "allow_external_publication": false,
    "external_publication_allowed": false,
    "external_publication_attempted": false,
    "block_reason": "EXTERNAL_PUBLICATION_REQUIRES_EXPLICIT_APPROVAL"
  },
  "PROSPECT_PIPELINE": {
    "prospects_discovered": 381,
    "prospects_eligible": 67,
    "blocked_self_target": 29,
    "blocked_duplicate": 252,
    "pending_source_verification": 0,
    "template_or_synthetic": 10,
    "internal_or_self": 29,
    "local_drafts_created": 67,
    "valid_human_approvable_drafts": 5,
    "invalidated_drafts_historical": 295,
    "github_live_search_enabled": true,
    "github_api_requests_made_current_cycle": 1,
    "github_api_results_received_current_cycle": 30,
    "github_http_200_responses_current_cycle": 1,
    "github_external_sources_verified_current_cycle": 10,
    "github_drafts_created_current_cycle": 67,
    "github_api_error_current_cycle": null,
    "github_api_rate_limit_status_current_cycle": {
      "remaining": 29,
      "limit": 30,
      "reset": "1788371121",
      "http_status": 200
    },
    "github_self_targets_blocked": 2,
    "github_duplicates_blocked": 0,
    "github_low_relevance_blocked": 7,
    "human_approval_required": true,
    "external_publications": 0,
    "external_publication_attempted": false
  },
  "SESSION": {
    "session_id": "sess_20260826_000957_11e9b0",
    "session_start_utc": "2026-08-26T00:09:57.414562+00:00",
    "elapsed_hours": 185.5733
  },
  "RUNTIME": {
    "cycles": 552,
    "successful_cycles": 552,
    "failed_cycles": 0,
    "idle_cycles": 0
  },
  "CYCLE": {
    "cycle_id": "cyc_6c66e04b",
    "timestamp": "2026-09-02T17:44:21.380510+00:00",
    "productive_action": "PUBLISH_TECHNICAL_CONTENT",
    "productive_action_status": "SUCCESS"
  },
  "OPPORTUNITIES": {
    "opportunities_evaluated": 90,
    "targets_selected": 381,
    "tier_a_targets": 0,
    "tier_b_targets": 67,
    "tier_c_targets": 314
  },
  "ACTIONS": {
    "actions_attempted": 67,
    "actions_generated_locally": -247,
    "actions_sent_externally": 0,
    "publications_confirmed": 0,
    "action_failures": 0,
    "blocked_actions": 314
  },
  "CHANNEL TELEMETRY": {
    "channels_evaluated": 9,
    "channels_with_targets": 9,
    "channels_with_actions": 0,
    "channels_with_publications": 0,
    "channels_blocked": 0,
    "channel_diversity_score": 0.0,
    "per_channel": {
      "GITHUB": {
        "opportunities_evaluated": 10,
        "targets_selected": 149,
        "actions_attempted": 149,
        "actions_generated_locally": 67,
        "actions_sent_externally": 0,
        "publications_confirmed": 0,
        "failures": 0,
        "blocked": 82
      },
      "REDDIT": {
        "opportunities_evaluated": 10,
        "targets_selected": 29,
        "actions_attempted": 29,
        "actions_generated_locally": 0,
        "actions_sent_externally": 0,
        "publications_confirmed": 0,
        "failures": 0,
        "blocked": 29
      },
      "QUANTCONNECT": {
        "opportunities_evaluated": 10,
        "targets_selected": 29,
        "actions_attempted": 29,
        "actions_generated_locally": 0,
        "actions_sent_externally": 0,
        "publications_confirmed": 0,
        "failures": 0,
        "blocked": 29
      },
      "SEO": {
        "opportunities_evaluated": 10,
        "targets_selected": 29,
        "actions_attempted": 29,
        "actions_generated_locally": 0,
        "actions_sent_externally": 0,
        "publications_confirmed": 0,
        "failures": 0,
        "blocked": 29
      },
      "TECHNICAL_COMMUNITIES": {
        "opportunities_evaluated": 10,
        "targets_selected": 29,
        "actions_attempted": 29,
        "actions_generated_locally": 0,
        "actions_sent_externally": 0,
        "publications_confirmed": 0,
        "failures": 0,
        "blocked": 29
      },
      "DEVELOPER_FORUMS": {
        "opportunities_evaluated": 10,
        "targets_selected": 29,
        "actions_attempted": 29,
        "actions_generated_locally": 0,
        "actions_sent_externally": 0,
        "publications_confirmed": 0,
        "failures": 0,
        "blocked": 29
      },
      "B2B_DIRECTORIES": {
        "opportunities_evaluated": 10,
        "targets_selected": 29,
        "actions_attempted": 29,
        "actions_generated_locally": 0,
        "actions_sent_externally": 0,
        "publications_confirmed": 0,
        "failures": 0,
        "blocked": 29
      },
      "MARKETPLACES": {
        "opportunities_evaluated": 10,
        "targets_selected": 29,
        "actions_attempted": 29,
        "actions_generated_locally": 0,
        "actions_sent_externally": 0,
        "publications_confirmed": 0,
        "failures": 0,
        "blocked": 29
      },
      "CONTENT_DISCOVERY": {
        "opportunities_evaluated": 10,
        "targets_selected": 29,
        "actions_attempted": 29,
        "actions_generated_locally": 0,
        "actions_sent_externally": 0,
        "publications_confirmed": 0,
        "failures": 0,
        "blocked": 29
      }
    }
  },
  "REAL FUNNEL": {
    "human_replies": 0,
    "real_landing_visits": 0,
    "real_quiz_starts": 0,
    "real_emails": 0,
    "real_checkouts": 0,
    "real_payments": 0,
    "real_revenue_usd": 0,
    "real_audits": 0,
    "real_certificates": 0,
    "real_customer_emails": 0
  },
  "INTEGRITY": {
    "telemetry_inconsistencies_detected": 0,
    "telemetry_inconsistencies_corrected": 1,
    "synthetic_events": 0,
    "owner_internal_events": 0,
    "historical_events": 231
  },
  "OUTREACH": {
    "opportunities_evaluated": 90,
    "tier_a_targets": 0,
    "tier_b_targets": 67,
    "tier_c_targets": 314,
    "action_attempts": 67,
    "actions_successful": 0,
    "publications_created": 0,
    "blocked_actions": 314
  },
  "CHANNELS": {
    "channels_evaluated": 9,
    "channels_with_targets": 9,
    "channels_with_actions": 0,
    "channels_with_publications": 0,
    "channels_blocked": 0,
    "channel_diversity_score": 0.0
  },
  "RISK": {
    "duplicate_blocks": 252,
    "cooldown_blocks": 0,
    "relevance_blocks": 7,
    "promotion_risk_blocks": 0,
    "exposure_budget_blocks": 0
  },
  "ENGAGEMENT": {
    "human_replies": 0,
    "real_landing_visits": 0,
    "real_quiz_starts": 0,
    "real_emails": 0,
    "real_checkouts": 0
  },
  "REVENUE": {
    "real_payments": 0,
    "real_revenue_usd": 0,
    "revenue_usd": 0
  },
  "DELIVERY": {
    "real_audits": 0,
    "real_certificates": 0,
    "real_emails_delivered": 0
  },
  "HISTORICAL / INTERNAL": {
    "historical_audits": 231,
    "historical_certificates": 231,
    "historical_internal_emails": 231,
    "historical_test_payments": 1
  },
  "ANTI-IDLE": {
    "productive_cycles": 552,
    "idle_cycles": 0,
    "idle_cycle": false,
    "fallback_actions": 1
  },
  "DELTA": {
    "opportunities_evaluated_delta": 90,
    "targets_selected_delta": 381,
    "actions_sent_externally_delta": 0,
    "real_landing_visits_delta": 0,
    "real_revenue_delta": 0.0
  },
  "NEXT_ACTION": "PUBLISH_TECHNICAL_CONTENT",
  "STATUSES": {
    "TELEMETRY_INTEGRITY": "PASS",
    "EXTERNAL_ACTION_PROOF": "PASS",
    "TIER_ACCOUNTING": "PASS",
    "CHANNEL_ACCOUNTING": "PASS",
    "ENGINE_EXECUTION": "PASS",
    "ADAPTIVE_FILTER": "PASS",
    "NO_IDLE": "PASS",
    "NO_REPEAT": "PASS",
    "EXPOSURE_BUDGET": "PASS",
    "MULTICHANNEL_ACTIVITY": "PASS",
    "MULTICHANNEL_ROTATION": "PASS",
    "REAL_HUMAN_INTEREST": "PENDING",
    "REAL_REVENUE": "PENDING",
    "FINAL_VERDICT": "READY_FOR_24H_LOOP"
  }
}
Sleeping 15 minutes (900s)...

[2026-09-02T17:59:23.362524+00:00] Executed Cycle #553 (cyc_ccca3405)
{
  "timestamp": "2026-09-02T17:59:23.362524+00:00",
  "cycle_id": "cyc_ccca3405",
  "OPERATING_MODE": "DISCOVERY_AND_DRAFT_ONLY",
  "EXTERNAL_PUBLICATION_ATTEMPTED": false,
  "OUTREACH_SAFETY": {
    "operating_mode": "DISCOVERY_AND_DRAFT_ONLY",
    "allow_external_publication": false,
    "external_publication_allowed": false,
    "external_publication_attempted": false,
    "block_reason": "EXTERNAL_PUBLICATION_REQUIRES_EXPLICIT_APPROVAL"
  },
  "PROSPECT_PIPELINE": {
    "prospects_discovered": 392,
    "prospects_eligible": 67,
    "blocked_self_target": 29,
    "blocked_duplicate": 252,
    "pending_source_verification": 0,
    "template_or_synthetic": 10,
    "internal_or_self": 29,
    "local_drafts_created": 67,
    "valid_human_approvable_drafts": 5,
    "invalidated_drafts_historical": 295,
    "github_live_search_enabled": true,
    "github_api_requests_made_current_cycle": 1,
    "github_api_results_received_current_cycle": 30,
    "github_http_200_responses_current_cycle": 1,
    "github_external_sources_verified_current_cycle": 10,
    "github_drafts_created_current_cycle": 67,
    "github_api_error_current_cycle": null,
    "github_api_rate_limit_status_current_cycle": {
      "remaining": 29,
      "limit": 30,
      "reset": "1788372023",
      "http_status": 200
    },
    "github_self_targets_blocked": 2,
    "github_duplicates_blocked": 0,
    "github_low_relevance_blocked": 8,
    "human_approval_required": true,
    "external_publications": 0,
    "external_publication_attempted": false
  },
  "SESSION": {
    "session_id": "sess_20260826_000957_11e9b0",
    "session_start_utc": "2026-08-26T00:09:57.414562+00:00",
    "elapsed_hours": 185.8239
  },
  "RUNTIME": {
    "cycles": 553,
    "successful_cycles": 553,
    "failed_cycles": 0,
    "idle_cycles": 0
  },
  "CYCLE": {
    "cycle_id": "cyc_ccca3405",
    "timestamp": "2026-09-02T17:59:23.362524+00:00",
    "productive_action": "PUBLISH_TECHNICAL_CONTENT",
    "productive_action_status": "SUCCESS"
  },
  "OPPORTUNITIES": {
    "opportunities_evaluated": 90,
    "targets_selected": 392,
    "tier_a_targets": 0,
    "tier_b_targets": 67,
    "tier_c_targets": 325
  },
  "ACTIONS": {
    "actions_attempted": 67,
    "actions_generated_locally": -258,
    "actions_sent_externally": 0,
    "publications_confirmed": 0,
    "action_failures": 0,
    "blocked_actions": 325
  },
  "CHANNEL TELEMETRY": {
    "channels_evaluated": 9,
    "channels_with_targets": 9,
    "channels_with_actions": 0,
    "channels_with_publications": 0,
    "channels_blocked": 0,
    "channel_diversity_score": 0.0,
    "per_channel": {
      "GITHUB": {
        "opportunities_evaluated": 10,
        "targets_selected": 160,
        "actions_attempted": 160,
        "actions_generated_locally": 67,
        "actions_sent_externally": 0,
        "publications_confirmed": 0,
        "failures": 0,
        "blocked": 93
      },
      "REDDIT": {
        "opportunities_evaluated": 10,
        "targets_selected": 29,
        "actions_attempted": 29,
        "actions_generated_locally": 0,
        "actions_sent_externally": 0,
        "publications_confirmed": 0,
        "failures": 0,
        "blocked": 29
      },
      "QUANTCONNECT": {
        "opportunities_evaluated": 10,
        "targets_selected": 29,
        "actions_attempted": 29,
        "actions_generated_locally": 0,
        "actions_sent_externally": 0,
        "publications_confirmed": 0,
        "failures": 0,
        "blocked": 29
      },
      "SEO": {
        "opportunities_evaluated": 10,
        "targets_selected": 29,
        "actions_attempted": 29,
        "actions_generated_locally": 0,
        "actions_sent_externally": 0,
        "publications_confirmed": 0,
        "failures": 0,
        "blocked": 29
      },
      "TECHNICAL_COMMUNITIES": {
        "opportunities_evaluated": 10,
        "targets_selected": 29,
        "actions_attempted": 29,
        "actions_generated_locally": 0,
        "actions_sent_externally": 0,
        "publications_confirmed": 0,
        "failures": 0,
        "blocked": 29
      },
      "DEVELOPER_FORUMS": {
        "opportunities_evaluated": 10,
        "targets_selected": 29,
        "actions_attempted": 29,
        "actions_generated_locally": 0,
        "actions_sent_externally": 0,
        "publications_confirmed": 0,
        "failures": 0,
        "blocked": 29
      },
      "B2B_DIRECTORIES": {
        "opportunities_evaluated": 10,
        "targets_selected": 29,
        "actions_attempted": 29,
        "actions_generated_locally": 0,
        "actions_sent_externally": 0,
        "publications_confirmed": 0,
        "failures": 0,
        "blocked": 29
      },
      "MARKETPLACES": {
        "opportunities_evaluated": 10,
        "targets_selected": 29,
        "actions_attempted": 29,
        "actions_generated_locally": 0,
        "actions_sent_externally": 0,
        "publications_confirmed": 0,
        "failures": 0,
        "blocked": 29
      },
      "CONTENT_DISCOVERY": {
        "opportunities_evaluated": 10,
        "targets_selected": 29,
        "actions_attempted": 29,
        "actions_generated_locally": 0,
        "actions_sent_externally": 0,
        "publications_confirmed": 0,
        "failures": 0,
        "blocked": 29
      }
    }
  },
  "REAL FUNNEL": {
    "human_replies": 0,
    "real_landing_visits": 0,
    "real_quiz_starts": 0,
    "real_emails": 0,
    "real_checkouts": 0,
    "real_payments": 0,
    "real_revenue_usd": 0,
    "real_audits": 0,
    "real_certificates": 0,
    "real_customer_emails": 0
  },
  "INTEGRITY": {
    "telemetry_inconsistencies_detected": 0,
    "telemetry_inconsistencies_corrected": 1,
    "synthetic_events": 0,
    "owner_internal_events": 0,
    "historical_events": 231
  },
  "OUTREACH": {
    "opportunities_evaluated": 90,
    "tier_a_targets": 0,
    "tier_b_targets": 67,
    "tier_c_targets": 325,
    "action_attempts": 67,
    "actions_successful": 0,
    "publications_created": 0,
    "blocked_actions": 325
  },
  "CHANNELS": {
    "channels_evaluated": 9,
    "channels_with_targets": 9,
    "channels_with_actions": 0,
    "channels_with_publications": 0,
    "channels_blocked": 0,
    "channel_diversity_score": 0.0
  },
  "RISK": {
    "duplicate_blocks": 252,
    "cooldown_blocks": 0,
    "relevance_blocks": 8,
    "promotion_risk_blocks": 0,
    "exposure_budget_blocks": 0
  },
  "ENGAGEMENT": {
    "human_replies": 0,
    "real_landing_visits": 0,
    "real_quiz_starts": 0,
    "real_emails": 0,
    "real_checkouts": 0
  },
  "REVENUE": {
    "real_payments": 0,
    "real_revenue_usd": 0,
    "revenue_usd": 0
  },
  "DELIVERY": {
    "real_audits": 0,
    "real_certificates": 0,
    "real_emails_delivered": 0
  },
  "HISTORICAL / INTERNAL": {
    "historical_audits": 231,
    "historical_certificates": 231,
    "historical_internal_emails": 231,
    "historical_test_payments": 1
  },
  "ANTI-IDLE": {
    "productive_cycles": 553,
    "idle_cycles": 0,
    "idle_cycle": false,
    "fallback_actions": 1
  },
  "DELTA": {
    "opportunities_evaluated_delta": 90,
    "targets_selected_delta": 392,
    "actions_sent_externally_delta": 0,
    "real_landing_visits_delta": 0,
    "real_revenue_delta": 0.0
  },
  "NEXT_ACTION": "PUBLISH_TECHNICAL_CONTENT",
  "STATUSES": {
    "TELEMETRY_INTEGRITY": "PASS",
    "EXTERNAL_ACTION_PROOF": "PASS",
    "TIER_ACCOUNTING": "PASS",
    "CHANNEL_ACCOUNTING": "PASS",
    "ENGINE_EXECUTION": "PASS",
    "ADAPTIVE_FILTER": "PASS",
    "NO_IDLE": "PASS",
    "NO_REPEAT": "PASS",
    "EXPOSURE_BUDGET": "PASS",
    "MULTICHANNEL_ACTIVITY": "PASS",
    "MULTICHANNEL_ROTATION": "PASS",
    "REAL_HUMAN_INTEREST": "PENDING",
    "REAL_REVENUE": "PENDING",
    "FINAL_VERDICT": "READY_FOR_24H_LOOP"
  }
}
Sleeping 15 minutes (900s)...

[2026-09-02T18:14:25.701817+00:00] Executed Cycle #554 (cyc_d5ba5916)
{
  "timestamp": "2026-09-02T18:14:25.701817+00:00",
  "cycle_id": "cyc_d5ba5916",
  "OPERATING_MODE": "DISCOVERY_AND_DRAFT_ONLY",
  "EXTERNAL_PUBLICATION_ATTEMPTED": false,
  "OUTREACH_SAFETY": {
    "operating_mode": "DISCOVERY_AND_DRAFT_ONLY",
    "allow_external_publication": false,
    "external_publication_allowed": false,
    "external_publication_attempted": false,
    "block_reason": "EXTERNAL_PUBLICATION_REQUIRES_EXPLICIT_APPROVAL"
  },
  "PROSPECT_PIPELINE": {
    "prospects_discovered": 415,
    "prospects_eligible": 67,
    "blocked_self_target": 29,
    "blocked_duplicate": 252,
    "pending_source_verification": 0,
    "template_or_synthetic": 10,
    "internal_or_self": 29,
    "local_drafts_created": 67,
    "valid_human_approvable_drafts": 5,
    "invalidated_drafts_historical": 295,
    "github_live_search_enabled": true,
    "github_api_requests_made_current_cycle": 1,
    "github_api_results_received_current_cycle": 30,
    "github_http_200_responses_current_cycle": 1,
    "github_external_sources_verified_current_cycle": 10,
    "github_drafts_created_current_cycle": 67,
    "github_api_error_current_cycle": null,
    "github_api_rate_limit_status_current_cycle": {
      "remaining": 29,
      "limit": 30,
      "reset": "1788372926",
      "http_status": 200
    },
    "github_self_targets_blocked": 2,
    "github_duplicates_blocked": 0,
    "github_low_relevance_blocked": 21,
    "human_approval_required": true,
    "external_publications": 0,
    "external_publication_attempted": false
  },
  "SESSION": {
    "session_id": "sess_20260826_000957_11e9b0",
    "session_start_utc": "2026-08-26T00:09:57.414562+00:00",
    "elapsed_hours": 186.0745
  },
  "RUNTIME": {
    "cycles": 554,
    "successful_cycles": 554,
    "failed_cycles": 0,
    "idle_cycles": 0
  },
  "CYCLE": {
    "cycle_id": "cyc_d5ba5916",
    "timestamp": "2026-09-02T18:14:25.701817+00:00",
    "productive_action": "PUBLISH_TECHNICAL_CONTENT",
    "productive_action_status": "SUCCESS"
  },
  "OPPORTUNITIES": {
    "opportunities_evaluated": 90,
    "targets_selected": 415,
    "tier_a_targets": 0,
    "tier_b_targets": 67,
    "tier_c_targets": 348
  },
  "ACTIONS": {
    "actions_attempted": 67,
    "actions_generated_locally": -281,
    "actions_sent_externally": 0,
    "publications_confirmed": 0,
    "action_failures": 0,
    "blocked_actions": 348
  },
  "CHANNEL TELEMETRY": {
    "channels_evaluated": 9,
    "channels_with_targets": 9,
    "channels_with_actions": 0,
    "channels_with_publications": 0,
    "channels_blocked": 0,
    "channel_diversity_score": 0.0,
    "per_channel": {
      "GITHUB": {
        "opportunities_evaluated": 10,
        "targets_selected": 183,
        "actions_attempted": 183,
        "actions_generated_locally": 67,
        "actions_sent_externally": 0,
        "publications_confirmed": 0,
        "failures": 0,
        "blocked": 116
      },
      "REDDIT": {
        "opportunities_evaluated": 10,
        "targets_selected": 29,
        "actions_attempted": 29,
        "actions_generated_locally": 0,
        "actions_sent_externally": 0,
        "publications_confirmed": 0,
        "failures": 0,
        "blocked": 29
      },
      "QUANTCONNECT": {
        "opportunities_evaluated": 10,
        "targets_selected": 29,
        "actions_attempted": 29,
        "actions_generated_locally": 0,
        "actions_sent_externally": 0,
        "publications_confirmed": 0,
        "failures": 0,
        "blocked": 29
      },
      "SEO": {
        "opportunities_evaluated": 10,
        "targets_selected": 29,
        "actions_attempted": 29,
        "actions_generated_locally": 0,
        "actions_sent_externally": 0,
        "publications_confirmed": 0,
        "failures": 0,
        "blocked": 29
      },
      "TECHNICAL_COMMUNITIES": {
        "opportunities_evaluated": 10,
        "targets_selected": 29,
        "actions_attempted": 29,
        "actions_generated_locally": 0,
        "actions_sent_externally": 0,
        "publications_confirmed": 0,
        "failures": 0,
        "blocked": 29
      },
      "DEVELOPER_FORUMS": {
        "opportunities_evaluated": 10,
        "targets_selected": 29,
        "actions_attempted": 29,
        "actions_generated_locally": 0,
        "actions_sent_externally": 0,
        "publications_confirmed": 0,
        "failures": 0,
        "blocked": 29
      },
      "B2B_DIRECTORIES": {
        "opportunities_evaluated": 10,
        "targets_selected": 29,
        "actions_attempted": 29,
        "actions_generated_locally": 0,
        "actions_sent_externally": 0,
        "publications_confirmed": 0,
        "failures": 0,
        "blocked": 29
      },
      "MARKETPLACES": {
        "opportunities_evaluated": 10,
        "targets_selected": 29,
        "actions_attempted": 29,
        "actions_generated_locally": 0,
        "actions_sent_externally": 0,
        "publications_confirmed": 0,
        "failures": 0,
        "blocked": 29
      },
      "CONTENT_DISCOVERY": {
        "opportunities_evaluated": 10,
        "targets_selected": 29,
        "actions_attempted": 29,
        "actions_generated_locally": 0,
        "actions_sent_externally": 0,
        "publications_confirmed": 0,
        "failures": 0,
        "blocked": 29
      }
    }
  },
  "REAL FUNNEL": {
    "human_replies": 0,
    "real_landing_visits": 0,
    "real_quiz_starts": 0,
    "real_emails": 0,
    "real_checkouts": 0,
    "real_payments": 0,
    "real_revenue_usd": 0,
    "real_audits": 0,
    "real_certificates": 0,
    "real_customer_emails": 0
  },
  "INTEGRITY": {
    "telemetry_inconsistencies_detected": 0,
    "telemetry_inconsistencies_corrected": 1,
    "synthetic_events": 0,
    "owner_internal_events": 0,
    "historical_events": 231
  },
  "OUTREACH": {
    "opportunities_evaluated": 90,
    "tier_a_targets": 0,
    "tier_b_targets": 67,
    "tier_c_targets": 348,
    "action_attempts": 67,
    "actions_successful": 0,
    "publications_created": 0,
    "blocked_actions": 348
  },
  "CHANNELS": {
    "channels_evaluated": 9,
    "channels_with_targets": 9,
    "channels_with_actions": 0,
    "channels_with_publications": 0,
    "channels_blocked": 0,
    "channel_diversity_score": 0.0
  },
  "RISK": {
    "duplicate_blocks": 252,
    "cooldown_blocks": 0,
    "relevance_blocks": 21,
    "promotion_risk_blocks": 0,
    "exposure_budget_blocks": 0
  },
  "ENGAGEMENT": {
    "human_replies": 0,
    "real_landing_visits": 0,
    "real_quiz_starts": 0,
    "real_emails": 0,
    "real_checkouts": 0
  },
  "REVENUE": {
    "real_payments": 0,
    "real_revenue_usd": 0,
    "revenue_usd": 0
  },
  "DELIVERY": {
    "real_audits": 0,
    "real_certificates": 0,
    "real_emails_delivered": 0
  },
  "HISTORICAL / INTERNAL": {
    "historical_audits": 231,
    "historical_certificates": 231,
    "historical_internal_emails": 231,
    "historical_test_payments": 1
  },
  "ANTI-IDLE": {
    "productive_cycles": 554,
    "idle_cycles": 0,
    "idle_cycle": false,
    "fallback_actions": 1
  },
  "DELTA": {
    "opportunities_evaluated_delta": 90,
    "targets_selected_delta": 415,
    "actions_sent_externally_delta": 0,
    "real_landing_visits_delta": 0,
    "real_revenue_delta": 0.0
  },
  "NEXT_ACTION": "PUBLISH_TECHNICAL_CONTENT",
  "STATUSES": {
    "TELEMETRY_INTEGRITY": "PASS",
    "EXTERNAL_ACTION_PROOF": "PASS",
    "TIER_ACCOUNTING": "PASS",
    "CHANNEL_ACCOUNTING": "PASS",
    "ENGINE_EXECUTION": "PASS",
    "ADAPTIVE_FILTER": "PASS",
    "NO_IDLE": "PASS",
    "NO_REPEAT": "PASS",
    "EXPOSURE_BUDGET": "PASS",
    "MULTICHANNEL_ACTIVITY": "PASS",
    "MULTICHANNEL_ROTATION": "PASS",
    "REAL_HUMAN_INTEREST": "PENDING",
    "REAL_REVENUE": "PENDING",
    "FINAL_VERDICT": "READY_FOR_24H_LOOP"
  }
}
Sleeping 15 minutes (900s)...

[2026-09-02T18:29:27.817215+00:00] Executed Cycle #555 (cyc_5c54f05f)
{
  "timestamp": "2026-09-02T18:29:27.817215+00:00",
  "cycle_id": "cyc_5c54f05f",
  "OPERATING_MODE": "DISCOVERY_AND_DRAFT_ONLY",
  "EXTERNAL_PUBLICATION_ATTEMPTED": false,
  "OUTREACH_SAFETY": {
    "operating_mode": "DISCOVERY_AND_DRAFT_ONLY",
    "allow_external_publication": false,
    "external_publication_allowed": false,
    "external_publication_attempted": false,
    "block_reason": "EXTERNAL_PUBLICATION_REQUIRES_EXPLICIT_APPROVAL"
  },
  "PROSPECT_PIPELINE": {
    "prospects_discovered": 415,
    "prospects_eligible": 67,
    "blocked_self_target": 29,
    "blocked_duplicate": 252,
    "pending_source_verification": 0,
    "template_or_synthetic": 10,
    "internal_or_self": 29,
    "local_drafts_created": 67,
    "valid_human_approvable_drafts": 5,
    "invalidated_drafts_historical": 295,
    "github_live_search_enabled": true,
    "github_api_requests_made_current_cycle": 1,
    "github_api_results_received_current_cycle": 30,
    "github_http_200_responses_current_cycle": 1,
    "github_external_sources_verified_current_cycle": 10,
    "github_drafts_created_current_cycle": 67,
    "github_api_error_current_cycle": null,
    "github_api_rate_limit_status_current_cycle": {
      "remaining": 29,
      "limit": 30,
      "reset": "1788373828",
      "http_status": 200
    },
    "github_self_targets_blocked": 3,
    "github_duplicates_blocked": 0,
    "github_low_relevance_blocked": 21,
    "human_approval_required": true,
    "external_publications": 0,
    "external_publication_attempted": false
  },
  "SESSION": {
    "session_id": "sess_20260826_000957_11e9b0",
    "session_start_utc": "2026-08-26T00:09:57.414562+00:00",
    "elapsed_hours": 186.3251
  },
  "RUNTIME": {
    "cycles": 555,
    "successful_cycles": 555,
    "failed_cycles": 0,
    "idle_cycles": 0
  },
  "CYCLE": {
    "cycle_id": "cyc_5c54f05f",
    "timestamp": "2026-09-02T18:29:27.817215+00:00",
    "productive_action": "PUBLISH_TECHNICAL_CONTENT",
    "productive_action_status": "SUCCESS"
  },
  "OPPORTUNITIES": {
    "opportunities_evaluated": 90,
    "targets_selected": 415,
    "tier_a_targets": 0,
    "tier_b_targets": 67,
    "tier_c_targets": 348
  },
  "ACTIONS": {
    "actions_attempted": 67,
    "actions_generated_locally": -281,
    "actions_sent_externally": 0,
    "publications_confirmed": 0,
    "action_failures": 0,
    "blocked_actions": 348
  },
  "CHANNEL TELEMETRY": {
    "channels_evaluated": 9,
    "channels_with_targets": 9,
    "channels_with_actions": 0,
    "channels_with_publications": 0,
    "channels_blocked": 0,
    "channel_diversity_score": 0.0,
    "per_channel": {
      "GITHUB": {
        "opportunities_evaluated": 10,
        "targets_selected": 183,
        "actions_attempted": 183,
        "actions_generated_locally": 67,
        "actions_sent_externally": 0,
        "publications_confirmed": 0,
        "failures": 0,
        "blocked": 116
      },
      "REDDIT": {
        "opportunities_evaluated": 10,
        "targets_selected": 29,
        "actions_attempted": 29,
        "actions_generated_locally": 0,
        "actions_sent_externally": 0,
        "publications_confirmed": 0,
        "failures": 0,
        "blocked": 29
      },
      "QUANTCONNECT": {
        "opportunities_evaluated": 10,
        "targets_selected": 29,
        "actions_attempted": 29,
        "actions_generated_locally": 0,
        "actions_sent_externally": 0,
        "publications_confirmed": 0,
        "failures": 0,
        "blocked": 29
      },
      "SEO": {
        "opportunities_evaluated": 10,
        "targets_selected": 29,
        "actions_attempted": 29,
        "actions_generated_locally": 0,
        "actions_sent_externally": 0,
        "publications_confirmed": 0,
        "failures": 0,
        "blocked": 29
      },
      "TECHNICAL_COMMUNITIES": {
        "opportunities_evaluated": 10,
        "targets_selected": 29,
        "actions_attempted": 29,
        "actions_generated_locally": 0,
        "actions_sent_externally": 0,
        "publications_confirmed": 0,
        "failures": 0,
        "blocked": 29
      },
      "DEVELOPER_FORUMS": {
        "opportunities_evaluated": 10,
        "targets_selected": 29,
        "actions_attempted": 29,
        "actions_generated_locally": 0,
        "actions_sent_externally": 0,
        "publications_confirmed": 0,
        "failures": 0,
        "blocked": 29
      },
      "B2B_DIRECTORIES": {
        "opportunities_evaluated": 10,
        "targets_selected": 29,
        "actions_attempted": 29,
        "actions_generated_locally": 0,
        "actions_sent_externally": 0,
        "publications_confirmed": 0,
        "failures": 0,
        "blocked": 29
      },
      "MARKETPLACES": {
        "opportunities_evaluated": 10,
        "targets_selected": 29,
        "actions_attempted": 29,
        "actions_generated_locally": 0,
        "actions_sent_externally": 0,
        "publications_confirmed": 0,
        "failures": 0,
        "blocked": 29
      },
      "CONTENT_DISCOVERY": {
        "opportunities_evaluated": 10,
        "targets_selected": 29,
        "actions_attempted": 29,
        "actions_generated_locally": 0,
        "actions_sent_externally": 0,
        "publications_confirmed": 0,
        "failures": 0,
        "blocked": 29
      }
    }
  },
  "REAL FUNNEL": {
    "human_replies": 0,
    "real_landing_visits": 0,
    "real_quiz_starts": 0,
    "real_emails": 0,
    "real_checkouts": 0,
    "real_payments": 0,
    "real_revenue_usd": 0,
    "real_audits": 0,
    "real_certificates": 0,
    "real_customer_emails": 0
  },
  "INTEGRITY": {
    "telemetry_inconsistencies_detected": 0,
    "telemetry_inconsistencies_corrected": 1,
    "synthetic_events": 0,
    "owner_internal_events": 0,
    "historical_events": 231
  },
  "OUTREACH": {
    "opportunities_evaluated": 90,
    "tier_a_targets": 0,
    "tier_b_targets": 67,
    "tier_c_targets": 348,
    "action_attempts": 67,
    "actions_successful": 0,
    "publications_created": 0,
    "blocked_actions": 348
  },
  "CHANNELS": {
    "channels_evaluated": 9,
    "channels_with_targets": 9,
    "channels_with_actions": 0,
    "channels_with_publications": 0,
    "channels_blocked": 0,
    "channel_diversity_score": 0.0
  },
  "RISK": {
    "duplicate_blocks": 252,
    "cooldown_blocks": 0,
    "relevance_blocks": 21,
    "promotion_risk_blocks": 0,
    "exposure_budget_blocks": 0
  },
  "ENGAGEMENT": {
    "human_replies": 0,
    "real_landing_visits": 0,
    "real_quiz_starts": 0,
    "real_emails": 0,
    "real_checkouts": 0
  },
  "REVENUE": {
    "real_payments": 0,
    "real_revenue_usd": 0,
    "revenue_usd": 0
  },
  "DELIVERY": {
    "real_audits": 0,
    "real_certificates": 0,
    "real_emails_delivered": 0
  },
  "HISTORICAL / INTERNAL": {
    "historical_audits": 231,
    "historical_certificates": 231,
    "historical_internal_emails": 231,
    "historical_test_payments": 1
  },
  "ANTI-IDLE": {
    "productive_cycles": 555,
    "idle_cycles": 0,
    "idle_cycle": false,
    "fallback_actions": 1
  },
  "DELTA": {
    "opportunities_evaluated_delta": 90,
    "targets_selected_delta": 415,
    "actions_sent_externally_delta": 0,
    "real_landing_visits_delta": 0,
    "real_revenue_delta": 0.0
  },
  "NEXT_ACTION": "PUBLISH_TECHNICAL_CONTENT",
  "STATUSES": {
    "TELEMETRY_INTEGRITY": "PASS",
    "EXTERNAL_ACTION_PROOF": "PASS",
    "TIER_ACCOUNTING": "PASS",
    "CHANNEL_ACCOUNTING": "PASS",
    "ENGINE_EXECUTION": "PASS",
    "ADAPTIVE_FILTER": "PASS",
    "NO_IDLE": "PASS",
    "NO_REPEAT": "PASS",
    "EXPOSURE_BUDGET": "PASS",
    "MULTICHANNEL_ACTIVITY": "PASS",
    "MULTICHANNEL_ROTATION": "PASS",
    "REAL_HUMAN_INTEREST": "PENDING",
    "REAL_REVENUE": "PENDING",
    "FINAL_VERDICT": "READY_FOR_24H_LOOP"
  }
}
Sleeping 15 minutes (900s)...

[2026-09-02T18:44:29.878890+00:00] Executed Cycle #556 (cyc_1e69b313)
{
  "timestamp": "2026-09-02T18:44:29.878890+00:00",
  "cycle_id": "cyc_1e69b313",
  "OPERATING_MODE": "DISCOVERY_AND_DRAFT_ONLY",
  "EXTERNAL_PUBLICATION_ATTEMPTED": false,
  "OUTREACH_SAFETY": {
    "operating_mode": "DISCOVERY_AND_DRAFT_ONLY",
    "allow_external_publication": false,
    "external_publication_allowed": false,
    "external_publication_attempted": false,
    "block_reason": "EXTERNAL_PUBLICATION_REQUIRES_EXPLICIT_APPROVAL"
  },
  "PROSPECT_PIPELINE": {
    "prospects_discovered": 415,
    "prospects_eligible": 67,
    "blocked_self_target": 29,
    "blocked_duplicate": 252,
    "pending_source_verification": 0,
    "template_or_synthetic": 10,
    "internal_or_self": 29,
    "local_drafts_created": 67,
    "valid_human_approvable_drafts": 5,
    "invalidated_drafts_historical": 295,
    "github_live_search_enabled": true,
    "github_api_requests_made_current_cycle": 1,
    "github_api_results_received_current_cycle": 30,
    "github_http_200_responses_current_cycle": 1,
    "github_external_sources_verified_current_cycle": 10,
    "github_drafts_created_current_cycle": 67,
    "github_api_error_current_cycle": null,
    "github_api_rate_limit_status_current_cycle": {
      "remaining": 29,
      "limit": 30,
      "reset": "1788374730",
      "http_status": 200
    },
    "github_self_targets_blocked": 3,
    "github_duplicates_blocked": 0,
    "github_low_relevance_blocked": 21,
    "human_approval_required": true,
    "external_publications": 0,
    "external_publication_attempted": false
  },
  "SESSION": {
    "session_id": "sess_20260826_000957_11e9b0",
    "session_start_utc": "2026-08-26T00:09:57.414562+00:00",
    "elapsed_hours": 186.5757
  },
  "RUNTIME": {
    "cycles": 556,
    "successful_cycles": 556,
    "failed_cycles": 0,
    "idle_cycles": 0
  },
  "CYCLE": {
    "cycle_id": "cyc_1e69b313",
    "timestamp": "2026-09-02T18:44:29.878890+00:00",
    "productive_action": "PUBLISH_TECHNICAL_CONTENT",
    "productive_action_status": "SUCCESS"
  },
  "OPPORTUNITIES": {
    "opportunities_evaluated": 90,
    "targets_selected": 415,
    "tier_a_targets": 0,
    "tier_b_targets": 67,
    "tier_c_targets": 348
  },
  "ACTIONS": {
    "actions_attempted": 67,
    "actions_generated_locally": -281,
    "actions_sent_externally": 0,
    "publications_confirmed": 0,
    "action_failures": 0,
    "blocked_actions": 348
  },
  "CHANNEL TELEMETRY": {
    "channels_evaluated": 9,
    "channels_with_targets": 9,
    "channels_with_actions": 0,
    "channels_with_publications": 0,
    "channels_blocked": 0,
    "channel_diversity_score": 0.0,
    "per_channel": {
      "GITHUB": {
        "opportunities_evaluated": 10,
        "targets_selected": 183,
        "actions_attempted": 183,
        "actions_generated_locally": 67,
        "actions_sent_externally": 0,
        "publications_confirmed": 0,
        "failures": 0,
        "blocked": 116
      },
      "REDDIT": {
        "opportunities_evaluated": 10,
        "targets_selected": 29,
        "actions_attempted": 29,
        "actions_generated_locally": 0,
        "actions_sent_externally": 0,
        "publications_confirmed": 0,
        "failures": 0,
        "blocked": 29
      },
      "QUANTCONNECT": {
        "opportunities_evaluated": 10,
        "targets_selected": 29,
        "actions_attempted": 29,
        "actions_generated_locally": 0,
        "actions_sent_externally": 0,
        "publications_confirmed": 0,
        "failures": 0,
        "blocked": 29
      },
      "SEO": {
        "opportunities_evaluated": 10,
        "targets_selected": 29,
        "actions_attempted": 29,
        "actions_generated_locally": 0,
        "actions_sent_externally": 0,
        "publications_confirmed": 0,
        "failures": 0,
        "blocked": 29
      },
      "TECHNICAL_COMMUNITIES": {
        "opportunities_evaluated": 10,
        "targets_selected": 29,
        "actions_attempted": 29,
        "actions_generated_locally": 0,
        "actions_sent_externally": 0,
        "publications_confirmed": 0,
        "failures": 0,
        "blocked": 29
      },
      "DEVELOPER_FORUMS": {
        "opportunities_evaluated": 10,
        "targets_selected": 29,
        "actions_attempted": 29,
        "actions_generated_locally": 0,
        "actions_sent_externally": 0,
        "publications_confirmed": 0,
        "failures": 0,
        "blocked": 29
      },
      "B2B_DIRECTORIES": {
        "opportunities_evaluated": 10,
        "targets_selected": 29,
        "actions_attempted": 29,
        "actions_generated_locally": 0,
        "actions_sent_externally": 0,
        "publications_confirmed": 0,
        "failures": 0,
        "blocked": 29
      },
      "MARKETPLACES": {
        "opportunities_evaluated": 10,
        "targets_selected": 29,
        "actions_attempted": 29,
        "actions_generated_locally": 0,
        "actions_sent_externally": 0,
        "publications_confirmed": 0,
        "failures": 0,
        "blocked": 29
      },
      "CONTENT_DISCOVERY": {
        "opportunities_evaluated": 10,
        "targets_selected": 29,
        "actions_attempted": 29,
        "actions_generated_locally": 0,
        "actions_sent_externally": 0,
        "publications_confirmed": 0,
        "failures": 0,
        "blocked": 29
      }
    }
  },
  "REAL FUNNEL": {
    "human_replies": 0,
    "real_landing_visits": 0,
    "real_quiz_starts": 0,
    "real_emails": 0,
    "real_checkouts": 0,
    "real_payments": 0,
    "real_revenue_usd": 0,
    "real_audits": 0,
    "real_certificates": 0,
    "real_customer_emails": 0
  },
  "INTEGRITY": {
    "telemetry_inconsistencies_detected": 0,
    "telemetry_inconsistencies_corrected": 1,
    "synthetic_events": 0,
    "owner_internal_events": 0,
    "historical_events": 231
  },
  "OUTREACH": {
    "opportunities_evaluated": 90,
    "tier_a_targets": 0,
    "tier_b_targets": 67,
    "tier_c_targets": 348,
    "action_attempts": 67,
    "actions_successful": 0,
    "publications_created": 0,
    "blocked_actions": 348
  },
  "CHANNELS": {
    "channels_evaluated": 9,
    "channels_with_targets": 9,
    "channels_with_actions": 0,
    "channels_with_publications": 0,
    "channels_blocked": 0,
    "channel_diversity_score": 0.0
  },
  "RISK": {
    "duplicate_blocks": 252,
    "cooldown_blocks": 0,
    "relevance_blocks": 21,
    "promotion_risk_blocks": 0,
    "exposure_budget_blocks": 0
  },
  "ENGAGEMENT": {
    "human_replies": 0,
    "real_landing_visits": 0,
    "real_quiz_starts": 0,
    "real_emails": 0,
    "real_checkouts": 0
  },
  "REVENUE": {
    "real_payments": 0,
    "real_revenue_usd": 0,
    "revenue_usd": 0
  },
  "DELIVERY": {
    "real_audits": 0,
    "real_certificates": 0,
    "real_emails_delivered": 0
  },
  "HISTORICAL / INTERNAL": {
    "historical_audits": 231,
    "historical_certificates": 231,
    "historical_internal_emails": 231,
    "historical_test_payments": 1
  },
  "ANTI-IDLE": {
    "productive_cycles": 556,
    "idle_cycles": 0,
    "idle_cycle": false,
    "fallback_actions": 1
  },
  "DELTA": {
    "opportunities_evaluated_delta": 90,
    "targets_selected_delta": 415,
    "actions_sent_externally_delta": 0,
    "real_landing_visits_delta": 0,
    "real_revenue_delta": 0.0
  },
  "NEXT_ACTION": "PUBLISH_TECHNICAL_CONTENT",
  "STATUSES": {
    "TELEMETRY_INTEGRITY": "PASS",
    "EXTERNAL_ACTION_PROOF": "PASS",
    "TIER_ACCOUNTING": "PASS",
    "CHANNEL_ACCOUNTING": "PASS",
    "ENGINE_EXECUTION": "PASS",
    "ADAPTIVE_FILTER": "PASS",
    "NO_IDLE": "PASS",
    "NO_REPEAT": "PASS",
    "EXPOSURE_BUDGET": "PASS",
    "MULTICHANNEL_ACTIVITY": "PASS",
    "MULTICHANNEL_ROTATION": "PASS",
    "REAL_HUMAN_INTEREST": "PENDING",
    "REAL_REVENUE": "PENDING",
    "FINAL_VERDICT": "READY_FOR_24H_LOOP"
  }
}
Sleeping 15 minutes (900s)...

[2026-09-02T18:59:31.934610+00:00] Executed Cycle #557 (cyc_47005a99)
{
  "timestamp": "2026-09-02T18:59:31.934610+00:00",
  "cycle_id": "cyc_47005a99",
  "OPERATING_MODE": "DISCOVERY_AND_DRAFT_ONLY",
  "EXTERNAL_PUBLICATION_ATTEMPTED": false,
  "OUTREACH_SAFETY": {
    "operating_mode": "DISCOVERY_AND_DRAFT_ONLY",
    "allow_external_publication": false,
    "external_publication_allowed": false,
    "external_publication_attempted": false,
    "block_reason": "EXTERNAL_PUBLICATION_REQUIRES_EXPLICIT_APPROVAL"
  },
  "PROSPECT_PIPELINE": {
    "prospects_discovered": 415,
    "prospects_eligible": 67,
    "blocked_self_target": 29,
    "blocked_duplicate": 252,
    "pending_source_verification": 0,
    "template_or_synthetic": 10,
    "internal_or_self": 29,
    "local_drafts_created": 67,
    "valid_human_approvable_drafts": 5,
    "invalidated_drafts_historical": 295,
    "github_live_search_enabled": true,
    "github_api_requests_made_current_cycle": 1,
    "github_api_results_received_current_cycle": 5,
    "github_http_200_responses_current_cycle": 1,
    "github_external_sources_verified_current_cycle": 4,
    "github_drafts_created_current_cycle": 67,
    "github_api_error_current_cycle": null,
    "github_api_rate_limit_status_current_cycle": {
      "remaining": 29,
      "limit": 30,
      "reset": "1788375632",
      "http_status": 200
    },
    "github_self_targets_blocked": 3,
    "github_duplicates_blocked": 0,
    "github_low_relevance_blocked": 21,
    "human_approval_required": true,
    "external_publications": 0,
    "external_publication_attempted": false
  },
  "SESSION": {
    "session_id": "sess_20260826_000957_11e9b0",
    "session_start_utc": "2026-08-26T00:09:57.414562+00:00",
    "elapsed_hours": 186.8263
  },
  "RUNTIME": {
    "cycles": 557,
    "successful_cycles": 557,
    "failed_cycles": 0,
    "idle_cycles": 0
  },
  "CYCLE": {
    "cycle_id": "cyc_47005a99",
    "timestamp": "2026-09-02T18:59:31.934610+00:00",
    "productive_action": "PUBLISH_TECHNICAL_CONTENT",
    "productive_action_status": "SUCCESS"
  },
  "OPPORTUNITIES": {
    "opportunities_evaluated": 90,
    "targets_selected": 415,
    "tier_a_targets": 0,
    "tier_b_targets": 67,
    "tier_c_targets": 348
  },
  "ACTIONS": {
    "actions_attempted": 67,
    "actions_generated_locally": -281,
    "actions_sent_externally": 0,
    "publications_confirmed": 0,
    "action_failures": 0,
    "blocked_actions": 348
  },
  "CHANNEL TELEMETRY": {
    "channels_evaluated": 9,
    "channels_with_targets": 9,
    "channels_with_actions": 0,
    "channels_with_publications": 0,
    "channels_blocked": 0,
    "channel_diversity_score": 0.0,
    "per_channel": {
      "GITHUB": {
        "opportunities_evaluated": 10,
        "targets_selected": 183,
        "actions_attempted": 183,
        "actions_generated_locally": 67,
        "actions_sent_externally": 0,
        "publications_confirmed": 0,
        "failures": 0,
        "blocked": 116
      },
      "REDDIT": {
        "opportunities_evaluated": 10,
        "targets_selected": 29,
        "actions_attempted": 29,
        "actions_generated_locally": 0,
        "actions_sent_externally": 0,
        "publications_confirmed": 0,
        "failures": 0,
        "blocked": 29
      },
      "QUANTCONNECT": {
        "opportunities_evaluated": 10,
        "targets_selected": 29,
        "actions_attempted": 29,
        "actions_generated_locally": 0,
        "actions_sent_externally": 0,
        "publications_confirmed": 0,
        "failures": 0,
        "blocked": 29
      },
      "SEO": {
        "opportunities_evaluated": 10,
        "targets_selected": 29,
        "actions_attempted": 29,
        "actions_generated_locally": 0,
        "actions_sent_externally": 0,
        "publications_confirmed": 0,
        "failures": 0,
        "blocked": 29
      },
      "TECHNICAL_COMMUNITIES": {
        "opportunities_evaluated": 10,
        "targets_selected": 29,
        "actions_attempted": 29,
        "actions_generated_locally": 0,
        "actions_sent_externally": 0,
        "publications_confirmed": 0,
        "failures": 0,
        "blocked": 29
      },
      "DEVELOPER_FORUMS": {
        "opportunities_evaluated": 10,
        "targets_selected": 29,
        "actions_attempted": 29,
        "actions_generated_locally": 0,
        "actions_sent_externally": 0,
        "publications_confirmed": 0,
        "failures": 0,
        "blocked": 29
      },
      "B2B_DIRECTORIES": {
        "opportunities_evaluated": 10,
        "targets_selected": 29,
        "actions_attempted": 29,
        "actions_generated_locally": 0,
        "actions_sent_externally": 0,
        "publications_confirmed": 0,
        "failures": 0,
        "blocked": 29
      },
      "MARKETPLACES": {
        "opportunities_evaluated": 10,
        "targets_selected": 29,
        "actions_attempted": 29,
        "actions_generated_locally": 0,
        "actions_sent_externally": 0,
        "publications_confirmed": 0,
        "failures": 0,
        "blocked": 29
      },
      "CONTENT_DISCOVERY": {
        "opportunities_evaluated": 10,
        "targets_selected": 29,
        "actions_attempted": 29,
        "actions_generated_locally": 0,
        "actions_sent_externally": 0,
        "publications_confirmed": 0,
        "failures": 0,
        "blocked": 29
      }
    }
  },
  "REAL FUNNEL": {
    "human_replies": 0,
    "real_landing_visits": 0,
    "real_quiz_starts": 0,
    "real_emails": 0,
    "real_checkouts": 0,
    "real_payments": 0,
    "real_revenue_usd": 0,
    "real_audits": 0,
    "real_certificates": 0,
    "real_customer_emails": 0
  },
  "INTEGRITY": {
    "telemetry_inconsistencies_detected": 0,
    "telemetry_inconsistencies_corrected": 1,
    "synthetic_events": 0,
    "owner_internal_events": 0,
    "historical_events": 231
  },
  "OUTREACH": {
    "opportunities_evaluated": 90,
    "tier_a_targets": 0,
    "tier_b_targets": 67,
    "tier_c_targets": 348,
    "action_attempts": 67,
    "actions_successful": 0,
    "publications_created": 0,
    "blocked_actions": 348
  },
  "CHANNELS": {
    "channels_evaluated": 9,
    "channels_with_targets": 9,
    "channels_with_actions": 0,
    "channels_with_publications": 0,
    "channels_blocked": 0,
    "channel_diversity_score": 0.0
  },
  "RISK": {
    "duplicate_blocks": 252,
    "cooldown_blocks": 0,
    "relevance_blocks": 21,
    "promotion_risk_blocks": 0,
    "exposure_budget_blocks": 0
  },
  "ENGAGEMENT": {
    "human_replies": 0,
    "real_landing_visits": 0,
    "real_quiz_starts": 0,
    "real_emails": 0,
    "real_checkouts": 0
  },
  "REVENUE": {
    "real_payments": 0,
    "real_revenue_usd": 0,
    "revenue_usd": 0
  },
  "DELIVERY": {
    "real_audits": 0,
    "real_certificates": 0,
    "real_emails_delivered": 0
  },
  "HISTORICAL / INTERNAL": {
    "historical_audits": 231,
    "historical_certificates": 231,
    "historical_internal_emails": 231,
    "historical_test_payments": 1
  },
  "ANTI-IDLE": {
    "productive_cycles": 557,
    "idle_cycles": 0,
    "idle_cycle": false,
    "fallback_actions": 1
  },
  "DELTA": {
    "opportunities_evaluated_delta": 90,
    "targets_selected_delta": 415,
    "actions_sent_externally_delta": 0,
    "real_landing_visits_delta": 0,
    "real_revenue_delta": 0.0
  },
  "NEXT_ACTION": "PUBLISH_TECHNICAL_CONTENT",
  "STATUSES": {
    "TELEMETRY_INTEGRITY": "PASS",
    "EXTERNAL_ACTION_PROOF": "PASS",
    "TIER_ACCOUNTING": "PASS",
    "CHANNEL_ACCOUNTING": "PASS",
    "ENGINE_EXECUTION": "PASS",
    "ADAPTIVE_FILTER": "PASS",
    "NO_IDLE": "PASS",
    "NO_REPEAT": "PASS",
    "EXPOSURE_BUDGET": "PASS",
    "MULTICHANNEL_ACTIVITY": "PASS",
    "MULTICHANNEL_ROTATION": "PASS",
    "REAL_HUMAN_INTEREST": "PENDING",
    "REAL_REVENUE": "PENDING",
    "FINAL_VERDICT": "READY_FOR_24H_LOOP"
  }
}
Sleeping 15 minutes (900s)...

[2026-09-02T19:14:33.562022+00:00] Executed Cycle #558 (cyc_bd3c54d6)
{
  "timestamp": "2026-09-02T19:14:33.562022+00:00",
  "cycle_id": "cyc_bd3c54d6",
  "OPERATING_MODE": "DISCOVERY_AND_DRAFT_ONLY",
  "EXTERNAL_PUBLICATION_ATTEMPTED": false,
  "OUTREACH_SAFETY": {
    "operating_mode": "DISCOVERY_AND_DRAFT_ONLY",
    "allow_external_publication": false,
    "external_publication_allowed": false,
    "external_publication_attempted": false,
    "block_reason": "EXTERNAL_PUBLICATION_REQUIRES_EXPLICIT_APPROVAL"
  },
  "PROSPECT_PIPELINE": {
    "prospects_discovered": 415,
    "prospects_eligible": 67,
    "blocked_self_target": 29,
    "blocked_duplicate": 252,
    "pending_source_verification": 0,
    "template_or_synthetic": 10,
    "internal_or_self": 29,
    "local_drafts_created": 67,
    "valid_human_approvable_drafts": 5,
    "invalidated_drafts_historical": 295,
    "github_live_search_enabled": true,
    "github_api_requests_made_current_cycle": 1,
    "github_api_results_received_current_cycle": 30,
    "github_http_200_responses_current_cycle": 1,
    "github_external_sources_verified_current_cycle": 10,
    "github_drafts_created_current_cycle": 67,
    "github_api_error_current_cycle": null,
    "github_api_rate_limit_status_current_cycle": {
      "remaining": 29,
      "limit": 30,
      "reset": "1788376533",
      "http_status": 200
    },
    "github_self_targets_blocked": 4,
    "github_duplicates_blocked": 0,
    "github_low_relevance_blocked": 21,
    "human_approval_required": true,
    "external_publications": 0,
    "external_publication_attempted": false
  },
  "SESSION": {
    "session_id": "sess_20260826_000957_11e9b0",
    "session_start_utc": "2026-08-26T00:09:57.414562+00:00",
    "elapsed_hours": 187.0767
  },
  "RUNTIME": {
    "cycles": 558,
    "successful_cycles": 558,
    "failed_cycles": 0,
    "idle_cycles": 0
  },
  "CYCLE": {
    "cycle_id": "cyc_bd3c54d6",
    "timestamp": "2026-09-02T19:14:33.562022+00:00",
    "productive_action": "PUBLISH_TECHNICAL_CONTENT",
    "productive_action_status": "SUCCESS"
  },
  "OPPORTUNITIES": {
    "opportunities_evaluated": 90,
    "targets_selected": 415,
    "tier_a_targets": 0,
    "tier_b_targets": 67,
    "tier_c_targets": 348
  },
  "ACTIONS": {
    "actions_attempted": 67,
    "actions_generated_locally": -281,
    "actions_sent_externally": 0,
    "publications_confirmed": 0,
    "action_failures": 0,
    "blocked_actions": 348
  },
  "CHANNEL TELEMETRY": {
    "channels_evaluated": 9,
    "channels_with_targets": 9,
    "channels_with_actions": 0,
    "channels_with_publications": 0,
    "channels_blocked": 0,
    "channel_diversity_score": 0.0,
    "per_channel": {
      "GITHUB": {
        "opportunities_evaluated": 10,
        "targets_selected": 183,
        "actions_attempted": 183,
        "actions_generated_locally": 67,
        "actions_sent_externally": 0,
        "publications_confirmed": 0,
        "failures": 0,
        "blocked": 116
      },
      "REDDIT": {
        "opportunities_evaluated": 10,
        "targets_selected": 29,
        "actions_attempted": 29,
        "actions_generated_locally": 0,
        "actions_sent_externally": 0,
        "publications_confirmed": 0,
        "failures": 0,
        "blocked": 29
      },
      "QUANTCONNECT": {
        "opportunities_evaluated": 10,
        "targets_selected": 29,
        "actions_attempted": 29,
        "actions_generated_locally": 0,
        "actions_sent_externally": 0,
        "publications_confirmed": 0,
        "failures": 0,
        "blocked": 29
      },
      "SEO": {
        "opportunities_evaluated": 10,
        "targets_selected": 29,
        "actions_attempted": 29,
        "actions_generated_locally": 0,
        "actions_sent_externally": 0,
        "publications_confirmed": 0,
        "failures": 0,
        "blocked": 29
      },
      "TECHNICAL_COMMUNITIES": {
        "opportunities_evaluated": 10,
        "targets_selected": 29,
        "actions_attempted": 29,
        "actions_generated_locally": 0,
        "actions_sent_externally": 0,
        "publications_confirmed": 0,
        "failures": 0,
        "blocked": 29
      },
      "DEVELOPER_FORUMS": {
        "opportunities_evaluated": 10,
        "targets_selected": 29,
        "actions_attempted": 29,
        "actions_generated_locally": 0,
        "actions_sent_externally": 0,
        "publications_confirmed": 0,
        "failures": 0,
        "blocked": 29
      },
      "B2B_DIRECTORIES": {
        "opportunities_evaluated": 10,
        "targets_selected": 29,
        "actions_attempted": 29,
        "actions_generated_locally": 0,
        "actions_sent_externally": 0,
        "publications_confirmed": 0,
        "failures": 0,
        "blocked": 29
      },
      "MARKETPLACES": {
        "opportunities_evaluated": 10,
        "targets_selected": 29,
        "actions_attempted": 29,
        "actions_generated_locally": 0,
        "actions_sent_externally": 0,
        "publications_confirmed": 0,
        "failures": 0,
        "blocked": 29
      },
      "CONTENT_DISCOVERY": {
        "opportunities_evaluated": 10,
        "targets_selected": 29,
        "actions_attempted": 29,
        "actions_generated_locally": 0,
        "actions_sent_externally": 0,
        "publications_confirmed": 0,
        "failures": 0,
        "blocked": 29
      }
    }
  },
  "REAL FUNNEL": {
    "human_replies": 0,
    "real_landing_visits": 0,
    "real_quiz_starts": 0,
    "real_emails": 0,
    "real_checkouts": 0,
    "real_payments": 0,
    "real_revenue_usd": 0,
    "real_audits": 0,
    "real_certificates": 0,
    "real_customer_emails": 0
  },
  "INTEGRITY": {
    "telemetry_inconsistencies_detected": 0,
    "telemetry_inconsistencies_corrected": 1,
    "synthetic_events": 0,
    "owner_internal_events": 0,
    "historical_events": 231
  },
  "OUTREACH": {
    "opportunities_evaluated": 90,
    "tier_a_targets": 0,
    "tier_b_targets": 67,
    "tier_c_targets": 348,
    "action_attempts": 67,
    "actions_successful": 0,
    "publications_created": 0,
    "blocked_actions": 348
  },
  "CHANNELS": {
    "channels_evaluated": 9,
    "channels_with_targets": 9,
    "channels_with_actions": 0,
    "channels_with_publications": 0,
    "channels_blocked": 0,
    "channel_diversity_score": 0.0
  },
  "RISK": {
    "duplicate_blocks": 252,
    "cooldown_blocks": 0,
    "relevance_blocks": 21,
    "promotion_risk_blocks": 0,
    "exposure_budget_blocks": 0
  },
  "ENGAGEMENT": {
    "human_replies": 0,
    "real_landing_visits": 0,
    "real_quiz_starts": 0,
    "real_emails": 0,
    "real_checkouts": 0
  },
  "REVENUE": {
    "real_payments": 0,
    "real_revenue_usd": 0,
    "revenue_usd": 0
  },
  "DELIVERY": {
    "real_audits": 0,
    "real_certificates": 0,
    "real_emails_delivered": 0
  },
  "HISTORICAL / INTERNAL": {
    "historical_audits": 231,
    "historical_certificates": 231,
    "historical_internal_emails": 231,
    "historical_test_payments": 1
  },
  "ANTI-IDLE": {
    "productive_cycles": 558,
    "idle_cycles": 0,
    "idle_cycle": false,
    "fallback_actions": 1
  },
  "DELTA": {
    "opportunities_evaluated_delta": 90,
    "targets_selected_delta": 415,
    "actions_sent_externally_delta": 0,
    "real_landing_visits_delta": 0,
    "real_revenue_delta": 0.0
  },
  "NEXT_ACTION": "PUBLISH_TECHNICAL_CONTENT",
  "STATUSES": {
    "TELEMETRY_INTEGRITY": "PASS",
    "EXTERNAL_ACTION_PROOF": "PASS",
    "TIER_ACCOUNTING": "PASS",
    "CHANNEL_ACCOUNTING": "PASS",
    "ENGINE_EXECUTION": "PASS",
    "ADAPTIVE_FILTER": "PASS",
    "NO_IDLE": "PASS",
    "NO_REPEAT": "PASS",
    "EXPOSURE_BUDGET": "PASS",
    "MULTICHANNEL_ACTIVITY": "PASS",
    "MULTICHANNEL_ROTATION": "PASS",
    "REAL_HUMAN_INTEREST": "PENDING",
    "REAL_REVENUE": "PENDING",
    "FINAL_VERDICT": "READY_FOR_24H_LOOP"
  }
}
Sleeping 15 minutes (900s)...

[2026-09-02T19:29:35.479629+00:00] Executed Cycle #559 (cyc_7d7dabfa)
{
  "timestamp": "2026-09-02T19:29:35.479629+00:00",
  "cycle_id": "cyc_7d7dabfa",
  "OPERATING_MODE": "DISCOVERY_AND_DRAFT_ONLY",
  "EXTERNAL_PUBLICATION_ATTEMPTED": false,
  "OUTREACH_SAFETY": {
    "operating_mode": "DISCOVERY_AND_DRAFT_ONLY",
    "allow_external_publication": false,
    "external_publication_allowed": false,
    "external_publication_attempted": false,
    "block_reason": "EXTERNAL_PUBLICATION_REQUIRES_EXPLICIT_APPROVAL"
  },
  "PROSPECT_PIPELINE": {
    "prospects_discovered": 415,
    "prospects_eligible": 67,
    "blocked_self_target": 29,
    "blocked_duplicate": 252,
    "pending_source_verification": 0,
    "template_or_synthetic": 10,
    "internal_or_self": 29,
    "local_drafts_created": 67,
    "valid_human_approvable_drafts": 5,
    "invalidated_drafts_historical": 295,
    "github_live_search_enabled": true,
    "github_api_requests_made_current_cycle": 1,
    "github_api_results_received_current_cycle": 30,
    "github_http_200_responses_current_cycle": 1,
    "github_external_sources_verified_current_cycle": 10,
    "github_drafts_created_current_cycle": 67,
    "github_api_error_current_cycle": null,
    "github_api_rate_limit_status_current_cycle": {
      "remaining": 29,
      "limit": 30,
      "reset": "1788377435",
      "http_status": 200
    },
    "github_self_targets_blocked": 4,
    "github_duplicates_blocked": 0,
    "github_low_relevance_blocked": 21,
    "human_approval_required": true,
    "external_publications": 0,
    "external_publication_attempted": false
  },
  "SESSION": {
    "session_id": "sess_20260826_000957_11e9b0",
    "session_start_utc": "2026-08-26T00:09:57.414562+00:00",
    "elapsed_hours": 187.3272
  },
  "RUNTIME": {
    "cycles": 559,
    "successful_cycles": 559,
    "failed_cycles": 0,
    "idle_cycles": 0
  },
  "CYCLE": {
    "cycle_id": "cyc_7d7dabfa",
    "timestamp": "2026-09-02T19:29:35.479629+00:00",
    "productive_action": "PUBLISH_TECHNICAL_CONTENT",
    "productive_action_status": "SUCCESS"
  },
  "OPPORTUNITIES": {
    "opportunities_evaluated": 90,
    "targets_selected": 415,
    "tier_a_targets": 0,
    "tier_b_targets": 67,
    "tier_c_targets": 348
  },
  "ACTIONS": {
    "actions_attempted": 67,
    "actions_generated_locally": -281,
    "actions_sent_externally": 0,
    "publications_confirmed": 0,
    "action_failures": 0,
    "blocked_actions": 348
  },
  "CHANNEL TELEMETRY": {
    "channels_evaluated": 9,
    "channels_with_targets": 9,
    "channels_with_actions": 0,
    "channels_with_publications": 0,
    "channels_blocked": 0,
    "channel_diversity_score": 0.0,
    "per_channel": {
      "GITHUB": {
        "opportunities_evaluated": 10,
        "targets_selected": 183,
        "actions_attempted": 183,
        "actions_generated_locally": 67,
        "actions_sent_externally": 0,
        "publications_confirmed": 0,
        "failures": 0,
        "blocked": 116
      },
      "REDDIT": {
        "opportunities_evaluated": 10,
        "targets_selected": 29,
        "actions_attempted": 29,
        "actions_generated_locally": 0,
        "actions_sent_externally": 0,
        "publications_confirmed": 0,
        "failures": 0,
        "blocked": 29
      },
      "QUANTCONNECT": {
        "opportunities_evaluated": 10,
        "targets_selected": 29,
        "actions_attempted": 29,
        "actions_generated_locally": 0,
        "actions_sent_externally": 0,
        "publications_confirmed": 0,
        "failures": 0,
        "blocked": 29
      },
      "SEO": {
        "opportunities_evaluated": 10,
        "targets_selected": 29,
        "actions_attempted": 29,
        "actions_generated_locally": 0,
        "actions_sent_externally": 0,
        "publications_confirmed": 0,
        "failures": 0,
        "blocked": 29
      },
      "TECHNICAL_COMMUNITIES": {
        "opportunities_evaluated": 10,
        "targets_selected": 29,
        "actions_attempted": 29,
        "actions_generated_locally": 0,
        "actions_sent_externally": 0,
        "publications_confirmed": 0,
        "failures": 0,
        "blocked": 29
      },
      "DEVELOPER_FORUMS": {
        "opportunities_evaluated": 10,
        "targets_selected": 29,
        "actions_attempted": 29,
        "actions_generated_locally": 0,
        "actions_sent_externally": 0,
        "publications_confirmed": 0,
        "failures": 0,
        "blocked": 29
      },
      "B2B_DIRECTORIES": {
        "opportunities_evaluated": 10,
        "targets_selected": 29,
        "actions_attempted": 29,
        "actions_generated_locally": 0,
        "actions_sent_externally": 0,
        "publications_confirmed": 0,
        "failures": 0,
        "blocked": 29
      },
      "MARKETPLACES": {
        "opportunities_evaluated": 10,
        "targets_selected": 29,
        "actions_attempted": 29,
        "actions_generated_locally": 0,
        "actions_sent_externally": 0,
        "publications_confirmed": 0,
        "failures": 0,
        "blocked": 29
      },
      "CONTENT_DISCOVERY": {
        "opportunities_evaluated": 10,
        "targets_selected": 29,
        "actions_attempted": 29,
        "actions_generated_locally": 0,
        "actions_sent_externally": 0,
        "publications_confirmed": 0,
        "failures": 0,
        "blocked": 29
      }
    }
  },
  "REAL FUNNEL": {
    "human_replies": 0,
    "real_landing_visits": 0,
    "real_quiz_starts": 0,
    "real_emails": 0,
    "real_checkouts": 0,
    "real_payments": 0,
    "real_revenue_usd": 0,
    "real_audits": 0,
    "real_certificates": 0,
    "real_customer_emails": 0
  },
  "INTEGRITY": {
    "telemetry_inconsistencies_detected": 0,
    "telemetry_inconsistencies_corrected": 1,
    "synthetic_events": 0,
    "owner_internal_events": 0,
    "historical_events": 231
  },
  "OUTREACH": {
    "opportunities_evaluated": 90,
    "tier_a_targets": 0,
    "tier_b_targets": 67,
    "tier_c_targets": 348,
    "action_attempts": 67,
    "actions_successful": 0,
    "publications_created": 0,
    "blocked_actions": 348
  },
  "CHANNELS": {
    "channels_evaluated": 9,
    "channels_with_targets": 9,
    "channels_with_actions": 0,
    "channels_with_publications": 0,
    "channels_blocked": 0,
    "channel_diversity_score": 0.0
  },
  "RISK": {
    "duplicate_blocks": 252,
    "cooldown_blocks": 0,
    "relevance_blocks": 21,
    "promotion_risk_blocks": 0,
    "exposure_budget_blocks": 0
  },
  "ENGAGEMENT": {
    "human_replies": 0,
    "real_landing_visits": 0,
    "real_quiz_starts": 0,
    "real_emails": 0,
    "real_checkouts": 0
  },
  "REVENUE": {
    "real_payments": 0,
    "real_revenue_usd": 0,
    "revenue_usd": 0
  },
  "DELIVERY": {
    "real_audits": 0,
    "real_certificates": 0,
    "real_emails_delivered": 0
  },
  "HISTORICAL / INTERNAL": {
    "historical_audits": 231,
    "historical_certificates": 231,
    "historical_internal_emails": 231,
    "historical_test_payments": 1
  },
  "ANTI-IDLE": {
    "productive_cycles": 559,
    "idle_cycles": 0,
    "idle_cycle": false,
    "fallback_actions": 1
  },
  "DELTA": {
    "opportunities_evaluated_delta": 90,
    "targets_selected_delta": 415,
    "actions_sent_externally_delta": 0,
    "real_landing_visits_delta": 0,
    "real_revenue_delta": 0.0
  },
  "NEXT_ACTION": "PUBLISH_TECHNICAL_CONTENT",
  "STATUSES": {
    "TELEMETRY_INTEGRITY": "PASS",
    "EXTERNAL_ACTION_PROOF": "PASS",
    "TIER_ACCOUNTING": "PASS",
    "CHANNEL_ACCOUNTING": "PASS",
    "ENGINE_EXECUTION": "PASS",
    "ADAPTIVE_FILTER": "PASS",
    "NO_IDLE": "PASS",
    "NO_REPEAT": "PASS",
    "EXPOSURE_BUDGET": "PASS",
    "MULTICHANNEL_ACTIVITY": "PASS",
    "MULTICHANNEL_ROTATION": "PASS",
    "REAL_HUMAN_INTEREST": "PENDING",
    "REAL_REVENUE": "PENDING",
    "FINAL_VERDICT": "READY_FOR_24H_LOOP"
  }
}
Sleeping 15 minutes (900s)...

[2026-09-02T19:44:38.017842+00:00] Executed Cycle #560 (cyc_f2ade3f8)
{
  "timestamp": "2026-09-02T19:44:38.017842+00:00",
  "cycle_id": "cyc_f2ade3f8",
  "OPERATING_MODE": "DISCOVERY_AND_DRAFT_ONLY",
  "EXTERNAL_PUBLICATION_ATTEMPTED": false,
  "OUTREACH_SAFETY": {
    "operating_mode": "DISCOVERY_AND_DRAFT_ONLY",
    "allow_external_publication": false,
    "external_publication_allowed": false,
    "external_publication_attempted": false,
    "block_reason": "EXTERNAL_PUBLICATION_REQUIRES_EXPLICIT_APPROVAL"
  },
  "PROSPECT_PIPELINE": {
    "prospects_discovered": 415,
    "prospects_eligible": 67,
    "blocked_self_target": 29,
    "blocked_duplicate": 252,
    "pending_source_verification": 0,
    "template_or_synthetic": 10,
    "internal_or_self": 29,
    "local_drafts_created": 67,
    "valid_human_approvable_drafts": 5,
    "invalidated_drafts_historical": 295,
    "github_live_search_enabled": true,
    "github_api_requests_made_current_cycle": 1,
    "github_api_results_received_current_cycle": 30,
    "github_http_200_responses_current_cycle": 1,
    "github_external_sources_verified_current_cycle": 10,
    "github_drafts_created_current_cycle": 67,
    "github_api_error_current_cycle": null,
    "github_api_rate_limit_status_current_cycle": {
      "remaining": 29,
      "limit": 30,
      "reset": "1788378338",
      "http_status": 200
    },
    "github_self_targets_blocked": 4,
    "github_duplicates_blocked": 0,
    "github_low_relevance_blocked": 21,
    "human_approval_required": true,
    "external_publications": 0,
    "external_publication_attempted": false
  },
  "SESSION": {
    "session_id": "sess_20260826_000957_11e9b0",
    "session_start_utc": "2026-08-26T00:09:57.414562+00:00",
    "elapsed_hours": 187.5779
  },
  "RUNTIME": {
    "cycles": 560,
    "successful_cycles": 560,
    "failed_cycles": 0,
    "idle_cycles": 0
  },
  "CYCLE": {
    "cycle_id": "cyc_f2ade3f8",
    "timestamp": "2026-09-02T19:44:38.017842+00:00",
    "productive_action": "PUBLISH_TECHNICAL_CONTENT",
    "productive_action_status": "SUCCESS"
  },
  "OPPORTUNITIES": {
    "opportunities_evaluated": 90,
    "targets_selected": 415,
    "tier_a_targets": 0,
    "tier_b_targets": 67,
    "tier_c_targets": 348
  },
  "ACTIONS": {
    "actions_attempted": 67,
    "actions_generated_locally": -281,
    "actions_sent_externally": 0,
    "publications_confirmed": 0,
    "action_failures": 0,
    "blocked_actions": 348
  },
  "CHANNEL TELEMETRY": {
    "channels_evaluated": 9,
    "channels_with_targets": 9,
    "channels_with_actions": 0,
    "channels_with_publications": 0,
    "channels_blocked": 0,
    "channel_diversity_score": 0.0,
    "per_channel": {
      "GITHUB": {
        "opportunities_evaluated": 10,
        "targets_selected": 183,
        "actions_attempted": 183,
        "actions_generated_locally": 67,
        "actions_sent_externally": 0,
        "publications_confirmed": 0,
        "failures": 0,
        "blocked": 116
      },
      "REDDIT": {
        "opportunities_evaluated": 10,
        "targets_selected": 29,
        "actions_attempted": 29,
        "actions_generated_locally": 0,
        "actions_sent_externally": 0,
        "publications_confirmed": 0,
        "failures": 0,
        "blocked": 29
      },
      "QUANTCONNECT": {
        "opportunities_evaluated": 10,
        "targets_selected": 29,
        "actions_attempted": 29,
        "actions_generated_locally": 0,
        "actions_sent_externally": 0,
        "publications_confirmed": 0,
        "failures": 0,
        "blocked": 29
      },
      "SEO": {
        "opportunities_evaluated": 10,
        "targets_selected": 29,
        "actions_attempted": 29,
        "actions_generated_locally": 0,
        "actions_sent_externally": 0,
        "publications_confirmed": 0,
        "failures": 0,
        "blocked": 29
      },
      "TECHNICAL_COMMUNITIES": {
        "opportunities_evaluated": 10,
        "targets_selected": 29,
        "actions_attempted": 29,
        "actions_generated_locally": 0,
        "actions_sent_externally": 0,
        "publications_confirmed": 0,
        "failures": 0,
        "blocked": 29
      },
      "DEVELOPER_FORUMS": {
        "opportunities_evaluated": 10,
        "targets_selected": 29,
        "actions_attempted": 29,
        "actions_generated_locally": 0,
        "actions_sent_externally": 0,
        "publications_confirmed": 0,
        "failures": 0,
        "blocked": 29
      },
      "B2B_DIRECTORIES": {
        "opportunities_evaluated": 10,
        "targets_selected": 29,
        "actions_attempted": 29,
        "actions_generated_locally": 0,
        "actions_sent_externally": 0,
        "publications_confirmed": 0,
        "failures": 0,
        "blocked": 29
      },
      "MARKETPLACES": {
        "opportunities_evaluated": 10,
        "targets_selected": 29,
        "actions_attempted": 29,
        "actions_generated_locally": 0,
        "actions_sent_externally": 0,
        "publications_confirmed": 0,
        "failures": 0,
        "blocked": 29
      },
      "CONTENT_DISCOVERY": {
        "opportunities_evaluated": 10,
        "targets_selected": 29,
        "actions_attempted": 29,
        "actions_generated_locally": 0,
        "actions_sent_externally": 0,
        "publications_confirmed": 0,
        "failures": 0,
        "blocked": 29
      }
    }
  },
  "REAL FUNNEL": {
    "human_replies": 0,
    "real_landing_visits": 0,
    "real_quiz_starts": 0,
    "real_emails": 0,
    "real_checkouts": 0,
    "real_payments": 0,
    "real_revenue_usd": 0,
    "real_audits": 0,
    "real_certificates": 0,
    "real_customer_emails": 0
  },
  "INTEGRITY": {
    "telemetry_inconsistencies_detected": 0,
    "telemetry_inconsistencies_corrected": 1,
    "synthetic_events": 0,
    "owner_internal_events": 0,
    "historical_events": 231
  },
  "OUTREACH": {
    "opportunities_evaluated": 90,
    "tier_a_targets": 0,
    "tier_b_targets": 67,
    "tier_c_targets": 348,
    "action_attempts": 67,
    "actions_successful": 0,
    "publications_created": 0,
    "blocked_actions": 348
  },
  "CHANNELS": {
    "channels_evaluated": 9,
    "channels_with_targets": 9,
    "channels_with_actions": 0,
    "channels_with_publications": 0,
    "channels_blocked": 0,
    "channel_diversity_score": 0.0
  },
  "RISK": {
    "duplicate_blocks": 252,
    "cooldown_blocks": 0,
    "relevance_blocks": 21,
    "promotion_risk_blocks": 0,
    "exposure_budget_blocks": 0
  },
  "ENGAGEMENT": {
    "human_replies": 0,
    "real_landing_visits": 0,
    "real_quiz_starts": 0,
    "real_emails": 0,
    "real_checkouts": 0
  },
  "REVENUE": {
    "real_payments": 0,
    "real_revenue_usd": 0,
    "revenue_usd": 0
  },
  "DELIVERY": {
    "real_audits": 0,
    "real_certificates": 0,
    "real_emails_delivered": 0
  },
  "HISTORICAL / INTERNAL": {
    "historical_audits": 231,
    "historical_certificates": 231,
    "historical_internal_emails": 231,
    "historical_test_payments": 1
  },
  "ANTI-IDLE": {
    "productive_cycles": 560,
    "idle_cycles": 0,
    "idle_cycle": false,
    "fallback_actions": 1
  },
  "DELTA": {
    "opportunities_evaluated_delta": 90,
    "targets_selected_delta": 415,
    "actions_sent_externally_delta": 0,
    "real_landing_visits_delta": 0,
    "real_revenue_delta": 0.0
  },
  "NEXT_ACTION": "PUBLISH_TECHNICAL_CONTENT",
  "STATUSES": {
    "TELEMETRY_INTEGRITY": "PASS",
    "EXTERNAL_ACTION_PROOF": "PASS",
    "TIER_ACCOUNTING": "PASS",
    "CHANNEL_ACCOUNTING": "PASS",
    "ENGINE_EXECUTION": "PASS",
    "ADAPTIVE_FILTER": "PASS",
    "NO_IDLE": "PASS",
    "NO_REPEAT": "PASS",
    "EXPOSURE_BUDGET": "PASS",
    "MULTICHANNEL_ACTIVITY": "PASS",
    "MULTICHANNEL_ROTATION": "PASS",
    "REAL_HUMAN_INTEREST": "PENDING",
    "REAL_REVENUE": "PENDING",
    "FINAL_VERDICT": "READY_FOR_24H_LOOP"
  }
}
Sleeping 15 minutes (900s)...

[2026-09-02T19:59:39.865402+00:00] Executed Cycle #561 (cyc_98e46b01)
{
  "timestamp": "2026-09-02T19:59:39.865402+00:00",
  "cycle_id": "cyc_98e46b01",
  "OPERATING_MODE": "DISCOVERY_AND_DRAFT_ONLY",
  "EXTERNAL_PUBLICATION_ATTEMPTED": false,
  "OUTREACH_SAFETY": {
    "operating_mode": "DISCOVERY_AND_DRAFT_ONLY",
    "allow_external_publication": false,
    "external_publication_allowed": false,
    "external_publication_attempted": false,
    "block_reason": "EXTERNAL_PUBLICATION_REQUIRES_EXPLICIT_APPROVAL"
  },
  "PROSPECT_PIPELINE": {
    "prospects_discovered": 417,
    "prospects_eligible": 67,
    "blocked_self_target": 29,
    "blocked_duplicate": 252,
    "pending_source_verification": 0,
    "template_or_synthetic": 10,
    "internal_or_self": 29,
    "local_drafts_created": 67,
    "valid_human_approvable_drafts": 5,
    "invalidated_drafts_historical": 295,
    "github_live_search_enabled": true,
    "github_api_requests_made_current_cycle": 1,
    "github_api_results_received_current_cycle": 30,
    "github_http_200_responses_current_cycle": 1,
    "github_external_sources_verified_current_cycle": 10,
    "github_drafts_created_current_cycle": 67,
    "github_api_error_current_cycle": null,
    "github_api_rate_limit_status_current_cycle": {
      "remaining": 29,
      "limit": 30,
      "reset": "1788379240",
      "http_status": 200
    },
    "github_self_targets_blocked": 5,
    "github_duplicates_blocked": 0,
    "github_low_relevance_blocked": 21,
    "human_approval_required": true,
    "external_publications": 0,
    "external_publication_attempted": false
  },
  "SESSION": {
    "session_id": "sess_20260826_000957_11e9b0",
    "session_start_utc": "2026-08-26T00:09:57.414562+00:00",
    "elapsed_hours": 187.8285
  },
  "RUNTIME": {
    "cycles": 561,
    "successful_cycles": 561,
    "failed_cycles": 0,
    "idle_cycles": 0
  },
  "CYCLE": {
    "cycle_id": "cyc_98e46b01",
    "timestamp": "2026-09-02T19:59:39.865402+00:00",
    "productive_action": "PUBLISH_TECHNICAL_CONTENT",
    "productive_action_status": "SUCCESS"
  },
  "OPPORTUNITIES": {
    "opportunities_evaluated": 90,
    "targets_selected": 417,
    "tier_a_targets": 0,
    "tier_b_targets": 67,
    "tier_c_targets": 350
  },
  "ACTIONS": {
    "actions_attempted": 67,
    "actions_generated_locally": -283,
    "actions_sent_externally": 0,
    "publications_confirmed": 0,
    "action_failures": 0,
    "blocked_actions": 350
  },
  "CHANNEL TELEMETRY": {
    "channels_evaluated": 9,
    "channels_with_targets": 9,
    "channels_with_actions": 0,
    "channels_with_publications": 0,
    "channels_blocked": 0,
    "channel_diversity_score": 0.0,
    "per_channel": {
      "GITHUB": {
        "opportunities_evaluated": 10,
        "targets_selected": 185,
        "actions_attempted": 185,
        "actions_generated_locally": 67,
        "actions_sent_externally": 0,
        "publications_confirmed": 0,
        "failures": 0,
        "blocked": 118
      },
      "REDDIT": {
        "opportunities_evaluated": 10,
        "targets_selected": 29,
        "actions_attempted": 29,
        "actions_generated_locally": 0,
        "actions_sent_externally": 0,
        "publications_confirmed": 0,
        "failures": 0,
        "blocked": 29
      },
      "QUANTCONNECT": {
        "opportunities_evaluated": 10,
        "targets_selected": 29,
        "actions_attempted": 29,
        "actions_generated_locally": 0,
        "actions_sent_externally": 0,
        "publications_confirmed": 0,
        "failures": 0,
        "blocked": 29
      },
      "SEO": {
        "opportunities_evaluated": 10,
        "targets_selected": 29,
        "actions_attempted": 29,
        "actions_generated_locally": 0,
        "actions_sent_externally": 0,
        "publications_confirmed": 0,
        "failures": 0,
        "blocked": 29
      },
      "TECHNICAL_COMMUNITIES": {
        "opportunities_evaluated": 10,
        "targets_selected": 29,
        "actions_attempted": 29,
        "actions_generated_locally": 0,
        "actions_sent_externally": 0,
        "publications_confirmed": 0,
        "failures": 0,
        "blocked": 29
      },
      "DEVELOPER_FORUMS": {
        "opportunities_evaluated": 10,
        "targets_selected": 29,
        "actions_attempted": 29,
        "actions_generated_locally": 0,
        "actions_sent_externally": 0,
        "publications_confirmed": 0,
        "failures": 0,
        "blocked": 29
      },
      "B2B_DIRECTORIES": {
        "opportunities_evaluated": 10,
        "targets_selected": 29,
        "actions_attempted": 29,
        "actions_generated_locally": 0,
        "actions_sent_externally": 0,
        "publications_confirmed": 0,
        "failures": 0,
        "blocked": 29
      },
      "MARKETPLACES": {
        "opportunities_evaluated": 10,
        "targets_selected": 29,
        "actions_attempted": 29,
        "actions_generated_locally": 0,
        "actions_sent_externally": 0,
        "publications_confirmed": 0,
        "failures": 0,
        "blocked": 29
      },
      "CONTENT_DISCOVERY": {
        "opportunities_evaluated": 10,
        "targets_selected": 29,
        "actions_attempted": 29,
        "actions_generated_locally": 0,
        "actions_sent_externally": 0,
        "publications_confirmed": 0,
        "failures": 0,
        "blocked": 29
      }
    }
  },
  "REAL FUNNEL": {
    "human_replies": 0,
    "real_landing_visits": 0,
    "real_quiz_starts": 0,
    "real_emails": 0,
    "real_checkouts": 0,
    "real_payments": 0,
    "real_revenue_usd": 0,
    "real_audits": 0,
    "real_certificates": 0,
    "real_customer_emails": 0
  },
  "INTEGRITY": {
    "telemetry_inconsistencies_detected": 0,
    "telemetry_inconsistencies_corrected": 1,
    "synthetic_events": 0,
    "owner_internal_events": 0,
    "historical_events": 231
  },
  "OUTREACH": {
    "opportunities_evaluated": 90,
    "tier_a_targets": 0,
    "tier_b_targets": 67,
    "tier_c_targets": 350,
    "action_attempts": 67,
    "actions_successful": 0,
    "publications_created": 0,
    "blocked_actions": 350
  },
  "CHANNELS": {
    "channels_evaluated": 9,
    "channels_with_targets": 9,
    "channels_with_actions": 0,
    "channels_with_publications": 0,
    "channels_blocked": 0,
    "channel_diversity_score": 0.0
  },
  "RISK": {
    "duplicate_blocks": 252,
    "cooldown_blocks": 0,
    "relevance_blocks": 21,
    "promotion_risk_blocks": 0,
    "exposure_budget_blocks": 0
  },
  "ENGAGEMENT": {
    "human_replies": 0,
    "real_landing_visits": 0,
    "real_quiz_starts": 0,
    "real_emails": 0,
    "real_checkouts": 0
  },
  "REVENUE": {
    "real_payments": 0,
    "real_revenue_usd": 0,
    "revenue_usd": 0
  },
  "DELIVERY": {
    "real_audits": 0,
    "real_certificates": 0,
    "real_emails_delivered": 0
  },
  "HISTORICAL / INTERNAL": {
    "historical_audits": 231,
    "historical_certificates": 231,
    "historical_internal_emails": 231,
    "historical_test_payments": 1
  },
  "ANTI-IDLE": {
    "productive_cycles": 561,
    "idle_cycles": 0,
    "idle_cycle": false,
    "fallback_actions": 1
  },
  "DELTA": {
    "opportunities_evaluated_delta": 90,
    "targets_selected_delta": 417,
    "actions_sent_externally_delta": 0,
    "real_landing_visits_delta": 0,
    "real_revenue_delta": 0.0
  },
  "NEXT_ACTION": "PUBLISH_TECHNICAL_CONTENT",
  "STATUSES": {
    "TELEMETRY_INTEGRITY": "PASS",
    "EXTERNAL_ACTION_PROOF": "PASS",
    "TIER_ACCOUNTING": "PASS",
    "CHANNEL_ACCOUNTING": "PASS",
    "ENGINE_EXECUTION": "PASS",
    "ADAPTIVE_FILTER": "PASS",
    "NO_IDLE": "PASS",
    "NO_REPEAT": "PASS",
    "EXPOSURE_BUDGET": "PASS",
    "MULTICHANNEL_ACTIVITY": "PASS",
    "MULTICHANNEL_ROTATION": "PASS",
    "REAL_HUMAN_INTEREST": "PENDING",
    "REAL_REVENUE": "PENDING",
    "FINAL_VERDICT": "READY_FOR_24H_LOOP"
  }
}
Sleeping 15 minutes (900s)...

[2026-09-02T20:14:41.889097+00:00] Executed Cycle #562 (cyc_b2d07208)
{
  "timestamp": "2026-09-02T20:14:41.889097+00:00",
  "cycle_id": "cyc_b2d07208",
  "OPERATING_MODE": "DISCOVERY_AND_DRAFT_ONLY",
  "EXTERNAL_PUBLICATION_ATTEMPTED": false,
  "OUTREACH_SAFETY": {
    "operating_mode": "DISCOVERY_AND_DRAFT_ONLY",
    "allow_external_publication": false,
    "external_publication_allowed": false,
    "external_publication_attempted": false,
    "block_reason": "EXTERNAL_PUBLICATION_REQUIRES_EXPLICIT_APPROVAL"
  },
  "PROSPECT_PIPELINE": {
    "prospects_discovered": 417,
    "prospects_eligible": 67,
    "blocked_self_target": 29,
    "blocked_duplicate": 252,
    "pending_source_verification": 0,
    "template_or_synthetic": 10,
    "internal_or_self": 29,
    "local_drafts_created": 67,
    "valid_human_approvable_drafts": 5,
    "invalidated_drafts_historical": 295,
    "github_live_search_enabled": true,
    "github_api_requests_made_current_cycle": 1,
    "github_api_results_received_current_cycle": 30,
    "github_http_200_responses_current_cycle": 1,
    "github_external_sources_verified_current_cycle": 10,
    "github_drafts_created_current_cycle": 67,
    "github_api_error_current_cycle": null,
    "github_api_rate_limit_status_current_cycle": {
      "remaining": 29,
      "limit": 30,
      "reset": "1788380142",
      "http_status": 200
    },
    "github_self_targets_blocked": 5,
    "github_duplicates_blocked": 0,
    "github_low_relevance_blocked": 21,
    "human_approval_required": true,
    "external_publications": 0,
    "external_publication_attempted": false
  },
  "SESSION": {
    "session_id": "sess_20260826_000957_11e9b0",
    "session_start_utc": "2026-08-26T00:09:57.414562+00:00",
    "elapsed_hours": 188.079
  },
  "RUNTIME": {
    "cycles": 562,
    "successful_cycles": 562,
    "failed_cycles": 0,
    "idle_cycles": 0
  },
  "CYCLE": {
    "cycle_id": "cyc_b2d07208",
    "timestamp": "2026-09-02T20:14:41.889097+00:00",
    "productive_action": "PUBLISH_TECHNICAL_CONTENT",
    "productive_action_status": "SUCCESS"
  },
  "OPPORTUNITIES": {
    "opportunities_evaluated": 90,
    "targets_selected": 417,
    "tier_a_targets": 0,
    "tier_b_targets": 67,
    "tier_c_targets": 350
  },
  "ACTIONS": {
    "actions_attempted": 67,
    "actions_generated_locally": -283,
    "actions_sent_externally": 0,
    "publications_confirmed": 0,
    "action_failures": 0,
    "blocked_actions": 350
  },
  "CHANNEL TELEMETRY": {
    "channels_evaluated": 9,
    "channels_with_targets": 9,
    "channels_with_actions": 0,
    "channels_with_publications": 0,
    "channels_blocked": 0,
    "channel_diversity_score": 0.0,
    "per_channel": {
      "GITHUB": {
        "opportunities_evaluated": 10,
        "targets_selected": 185,
        "actions_attempted": 185,
        "actions_generated_locally": 67,
        "actions_sent_externally": 0,
        "publications_confirmed": 0,
        "failures": 0,
        "blocked": 118
      },
      "REDDIT": {
        "opportunities_evaluated": 10,
        "targets_selected": 29,
        "actions_attempted": 29,
        "actions_generated_locally": 0,
        "actions_sent_externally": 0,
        "publications_confirmed": 0,
        "failures": 0,
        "blocked": 29
      },
      "QUANTCONNECT": {
        "opportunities_evaluated": 10,
        "targets_selected": 29,
        "actions_attempted": 29,
        "actions_generated_locally": 0,
        "actions_sent_externally": 0,
        "publications_confirmed": 0,
        "failures": 0,
        "blocked": 29
      },
      "SEO": {
        "opportunities_evaluated": 10,
        "targets_selected": 29,
        "actions_attempted": 29,
        "actions_generated_locally": 0,
        "actions_sent_externally": 0,
        "publications_confirmed": 0,
        "failures": 0,
        "blocked": 29
      },
      "TECHNICAL_COMMUNITIES": {
        "opportunities_evaluated": 10,
        "targets_selected": 29,
        "actions_attempted": 29,
        "actions_generated_locally": 0,
        "actions_sent_externally": 0,
        "publications_confirmed": 0,
        "failures": 0,
        "blocked": 29
      },
      "DEVELOPER_FORUMS": {
        "opportunities_evaluated": 10,
        "targets_selected": 29,
        "actions_attempted": 29,
        "actions_generated_locally": 0,
        "actions_sent_externally": 0,
        "publications_confirmed": 0,
        "failures": 0,
        "blocked": 29
      },
      "B2B_DIRECTORIES": {
        "opportunities_evaluated": 10,
        "targets_selected": 29,
        "actions_attempted": 29,
        "actions_generated_locally": 0,
        "actions_sent_externally": 0,
        "publications_confirmed": 0,
        "failures": 0,
        "blocked": 29
      },
      "MARKETPLACES": {
        "opportunities_evaluated": 10,
        "targets_selected": 29,
        "actions_attempted": 29,
        "actions_generated_locally": 0,
        "actions_sent_externally": 0,
        "publications_confirmed": 0,
        "failures": 0,
        "blocked": 29
      },
      "CONTENT_DISCOVERY": {
        "opportunities_evaluated": 10,
        "targets_selected": 29,
        "actions_attempted": 29,
        "actions_generated_locally": 0,
        "actions_sent_externally": 0,
        "publications_confirmed": 0,
        "failures": 0,
        "blocked": 29
      }
    }
  },
  "REAL FUNNEL": {
    "human_replies": 0,
    "real_landing_visits": 0,
    "real_quiz_starts": 0,
    "real_emails": 0,
    "real_checkouts": 0,
    "real_payments": 0,
    "real_revenue_usd": 0,
    "real_audits": 0,
    "real_certificates": 0,
    "real_customer_emails": 0
  },
  "INTEGRITY": {
    "telemetry_inconsistencies_detected": 0,
    "telemetry_inconsistencies_corrected": 1,
    "synthetic_events": 0,
    "owner_internal_events": 0,
    "historical_events": 231
  },
  "OUTREACH": {
    "opportunities_evaluated": 90,
    "tier_a_targets": 0,
    "tier_b_targets": 67,
    "tier_c_targets": 350,
    "action_attempts": 67,
    "actions_successful": 0,
    "publications_created": 0,
    "blocked_actions": 350
  },
  "CHANNELS": {
    "channels_evaluated": 9,
    "channels_with_targets": 9,
    "channels_with_actions": 0,
    "channels_with_publications": 0,
    "channels_blocked": 0,
    "channel_diversity_score": 0.0
  },
  "RISK": {
    "duplicate_blocks": 252,
    "cooldown_blocks": 0,
    "relevance_blocks": 21,
    "promotion_risk_blocks": 0,
    "exposure_budget_blocks": 0
  },
  "ENGAGEMENT": {
    "human_replies": 0,
    "real_landing_visits": 0,
    "real_quiz_starts": 0,
    "real_emails": 0,
    "real_checkouts": 0
  },
  "REVENUE": {
    "real_payments": 0,
    "real_revenue_usd": 0,
    "revenue_usd": 0
  },
  "DELIVERY": {
    "real_audits": 0,
    "real_certificates": 0,
    "real_emails_delivered": 0
  },
  "HISTORICAL / INTERNAL": {
    "historical_audits": 231,
    "historical_certificates": 231,
    "historical_internal_emails": 231,
    "historical_test_payments": 1
  },
  "ANTI-IDLE": {
    "productive_cycles": 562,
    "idle_cycles": 0,
    "idle_cycle": false,
    "fallback_actions": 1
  },
  "DELTA": {
    "opportunities_evaluated_delta": 90,
    "targets_selected_delta": 417,
    "actions_sent_externally_delta": 0,
    "real_landing_visits_delta": 0,
    "real_revenue_delta": 0.0
  },
  "NEXT_ACTION": "PUBLISH_TECHNICAL_CONTENT",
  "STATUSES": {
    "TELEMETRY_INTEGRITY": "PASS",
    "EXTERNAL_ACTION_PROOF": "PASS",
    "TIER_ACCOUNTING": "PASS",
    "CHANNEL_ACCOUNTING": "PASS",
    "ENGINE_EXECUTION": "PASS",
    "ADAPTIVE_FILTER": "PASS",
    "NO_IDLE": "PASS",
    "NO_REPEAT": "PASS",
    "EXPOSURE_BUDGET": "PASS",
    "MULTICHANNEL_ACTIVITY": "PASS",
    "MULTICHANNEL_ROTATION": "PASS",
    "REAL_HUMAN_INTEREST": "PENDING",
    "REAL_REVENUE": "PENDING",
    "FINAL_VERDICT": "READY_FOR_24H_LOOP"
  }
}
Sleeping 15 minutes (900s)...

[2026-09-02T20:29:44.109586+00:00] Executed Cycle #563 (cyc_47d9e61b)
{
  "timestamp": "2026-09-02T20:29:44.109586+00:00",
  "cycle_id": "cyc_47d9e61b",
  "OPERATING_MODE": "DISCOVERY_AND_DRAFT_ONLY",
  "EXTERNAL_PUBLICATION_ATTEMPTED": false,
  "OUTREACH_SAFETY": {
    "operating_mode": "DISCOVERY_AND_DRAFT_ONLY",
    "allow_external_publication": false,
    "external_publication_allowed": false,
    "external_publication_attempted": false,
    "block_reason": "EXTERNAL_PUBLICATION_REQUIRES_EXPLICIT_APPROVAL"
  },
  "PROSPECT_PIPELINE": {
    "prospects_discovered": 417,
    "prospects_eligible": 67,
    "blocked_self_target": 29,
    "blocked_duplicate": 252,
    "pending_source_verification": 0,
    "template_or_synthetic": 10,
    "internal_or_self": 29,
    "local_drafts_created": 67,
    "valid_human_approvable_drafts": 5,
    "invalidated_drafts_historical": 295,
    "github_live_search_enabled": true,
    "github_api_requests_made_current_cycle": 1,
    "github_api_results_received_current_cycle": 5,
    "github_http_200_responses_current_cycle": 1,
    "github_external_sources_verified_current_cycle": 4,
    "github_drafts_created_current_cycle": 67,
    "github_api_error_current_cycle": null,
    "github_api_rate_limit_status_current_cycle": {
      "remaining": 29,
      "limit": 30,
      "reset": "1788381044",
      "http_status": 200
    },
    "github_self_targets_blocked": 5,
    "github_duplicates_blocked": 0,
    "github_low_relevance_blocked": 21,
    "human_approval_required": true,
    "external_publications": 0,
    "external_publication_attempted": false
  },
  "SESSION": {
    "session_id": "sess_20260826_000957_11e9b0",
    "session_start_utc": "2026-08-26T00:09:57.414562+00:00",
    "elapsed_hours": 188.3296
  },
  "RUNTIME": {
    "cycles": 563,
    "successful_cycles": 563,
    "failed_cycles": 0,
    "idle_cycles": 0
  },
  "CYCLE": {
    "cycle_id": "cyc_47d9e61b",
    "timestamp": "2026-09-02T20:29:44.109586+00:00",
    "productive_action": "PUBLISH_TECHNICAL_CONTENT",
    "productive_action_status": "SUCCESS"
  },
  "OPPORTUNITIES": {
    "opportunities_evaluated": 90,
    "targets_selected": 417,
    "tier_a_targets": 0,
    "tier_b_targets": 67,
    "tier_c_targets": 350
  },
  "ACTIONS": {
    "actions_attempted": 67,
    "actions_generated_locally": -283,
    "actions_sent_externally": 0,
    "publications_confirmed": 0,
    "action_failures": 0,
    "blocked_actions": 350
  },
  "CHANNEL TELEMETRY": {
    "channels_evaluated": 9,
    "channels_with_targets": 9,
    "channels_with_actions": 0,
    "channels_with_publications": 0,
    "channels_blocked": 0,
    "channel_diversity_score": 0.0,
    "per_channel": {
      "GITHUB": {
        "opportunities_evaluated": 10,
        "targets_selected": 185,
        "actions_attempted": 185,
        "actions_generated_locally": 67,
        "actions_sent_externally": 0,
        "publications_confirmed": 0,
        "failures": 0,
        "blocked": 118
      },
      "REDDIT": {
        "opportunities_evaluated": 10,
        "targets_selected": 29,
        "actions_attempted": 29,
        "actions_generated_locally": 0,
        "actions_sent_externally": 0,
        "publications_confirmed": 0,
        "failures": 0,
        "blocked": 29
      },
      "QUANTCONNECT": {
        "opportunities_evaluated": 10,
        "targets_selected": 29,
        "actions_attempted": 29,
        "actions_generated_locally": 0,
        "actions_sent_externally": 0,
        "publications_confirmed": 0,
        "failures": 0,
        "blocked": 29
      },
      "SEO": {
        "opportunities_evaluated": 10,
        "targets_selected": 29,
        "actions_attempted": 29,
        "actions_generated_locally": 0,
        "actions_sent_externally": 0,
        "publications_confirmed": 0,
        "failures": 0,
        "blocked": 29
      },
      "TECHNICAL_COMMUNITIES": {
        "opportunities_evaluated": 10,
        "targets_selected": 29,
        "actions_attempted": 29,
        "actions_generated_locally": 0,
        "actions_sent_externally": 0,
        "publications_confirmed": 0,
        "failures": 0,
        "blocked": 29
      },
      "DEVELOPER_FORUMS": {
        "opportunities_evaluated": 10,
        "targets_selected": 29,
        "actions_attempted": 29,
        "actions_generated_locally": 0,
        "actions_sent_externally": 0,
        "publications_confirmed": 0,
        "failures": 0,
        "blocked": 29
      },
      "B2B_DIRECTORIES": {
        "opportunities_evaluated": 10,
        "targets_selected": 29,
        "actions_attempted": 29,
        "actions_generated_locally": 0,
        "actions_sent_externally": 0,
        "publications_confirmed": 0,
        "failures": 0,
        "blocked": 29
      },
      "MARKETPLACES": {
        "opportunities_evaluated": 10,
        "targets_selected": 29,
        "actions_attempted": 29,
        "actions_generated_locally": 0,
        "actions_sent_externally": 0,
        "publications_confirmed": 0,
        "failures": 0,
        "blocked": 29
      },
      "CONTENT_DISCOVERY": {
        "opportunities_evaluated": 10,
        "targets_selected": 29,
        "actions_attempted": 29,
        "actions_generated_locally": 0,
        "actions_sent_externally": 0,
        "publications_confirmed": 0,
        "failures": 0,
        "blocked": 29
      }
    }
  },
  "REAL FUNNEL": {
    "human_replies": 0,
    "real_landing_visits": 0,
    "real_quiz_starts": 0,
    "real_emails": 0,
    "real_checkouts": 0,
    "real_payments": 0,
    "real_revenue_usd": 0,
    "real_audits": 0,
    "real_certificates": 0,
    "real_customer_emails": 0
  },
  "INTEGRITY": {
    "telemetry_inconsistencies_detected": 0,
    "telemetry_inconsistencies_corrected": 1,
    "synthetic_events": 0,
    "owner_internal_events": 0,
    "historical_events": 231
  },
  "OUTREACH": {
    "opportunities_evaluated": 90,
    "tier_a_targets": 0,
    "tier_b_targets": 67,
    "tier_c_targets": 350,
    "action_attempts": 67,
    "actions_successful": 0,
    "publications_created": 0,
    "blocked_actions": 350
  },
  "CHANNELS": {
    "channels_evaluated": 9,
    "channels_with_targets": 9,
    "channels_with_actions": 0,
    "channels_with_publications": 0,
    "channels_blocked": 0,
    "channel_diversity_score": 0.0
  },
  "RISK": {
    "duplicate_blocks": 252,
    "cooldown_blocks": 0,
    "relevance_blocks": 21,
    "promotion_risk_blocks": 0,
    "exposure_budget_blocks": 0
  },
  "ENGAGEMENT": {
    "human_replies": 0,
    "real_landing_visits": 0,
    "real_quiz_starts": 0,
    "real_emails": 0,
    "real_checkouts": 0
  },
  "REVENUE": {
    "real_payments": 0,
    "real_revenue_usd": 0,
    "revenue_usd": 0
  },
  "DELIVERY": {
    "real_audits": 0,
    "real_certificates": 0,
    "real_emails_delivered": 0
  },
  "HISTORICAL / INTERNAL": {
    "historical_audits": 231,
    "historical_certificates": 231,
    "historical_internal_emails": 231,
    "historical_test_payments": 1
  },
  "ANTI-IDLE": {
    "productive_cycles": 563,
    "idle_cycles": 0,
    "idle_cycle": false,
    "fallback_actions": 1
  },
  "DELTA": {
    "opportunities_evaluated_delta": 90,
    "targets_selected_delta": 417,
    "actions_sent_externally_delta": 0,
    "real_landing_visits_delta": 0,
    "real_revenue_delta": 0.0
  },
  "NEXT_ACTION": "PUBLISH_TECHNICAL_CONTENT",
  "STATUSES": {
    "TELEMETRY_INTEGRITY": "PASS",
    "EXTERNAL_ACTION_PROOF": "PASS",
    "TIER_ACCOUNTING": "PASS",
    "CHANNEL_ACCOUNTING": "PASS",
    "ENGINE_EXECUTION": "PASS",
    "ADAPTIVE_FILTER": "PASS",
    "NO_IDLE": "PASS",
    "NO_REPEAT": "PASS",
    "EXPOSURE_BUDGET": "PASS",
    "MULTICHANNEL_ACTIVITY": "PASS",
    "MULTICHANNEL_ROTATION": "PASS",
    "REAL_HUMAN_INTEREST": "PENDING",
    "REAL_REVENUE": "PENDING",
    "FINAL_VERDICT": "READY_FOR_24H_LOOP"
  }
}
Sleeping 15 minutes (900s)...

[2026-09-02T20:44:45.695269+00:00] Executed Cycle #564 (cyc_a7b84b71)
{
  "timestamp": "2026-09-02T20:44:45.695269+00:00",
  "cycle_id": "cyc_a7b84b71",
  "OPERATING_MODE": "DISCOVERY_AND_DRAFT_ONLY",
  "EXTERNAL_PUBLICATION_ATTEMPTED": false,
  "OUTREACH_SAFETY": {
    "operating_mode": "DISCOVERY_AND_DRAFT_ONLY",
    "allow_external_publication": false,
    "external_publication_allowed": false,
    "external_publication_attempted": false,
    "block_reason": "EXTERNAL_PUBLICATION_REQUIRES_EXPLICIT_APPROVAL"
  },
  "PROSPECT_PIPELINE": {
    "prospects_discovered": 417,
    "prospects_eligible": 67,
    "blocked_self_target": 29,
    "blocked_duplicate": 252,
    "pending_source_verification": 0,
    "template_or_synthetic": 10,
    "internal_or_self": 29,
    "local_drafts_created": 67,
    "valid_human_approvable_drafts": 5,
    "invalidated_drafts_historical": 295,
    "github_live_search_enabled": true,
    "github_api_requests_made_current_cycle": 1,
    "github_api_results_received_current_cycle": 30,
    "github_http_200_responses_current_cycle": 1,
    "github_external_sources_verified_current_cycle": 10,
    "github_drafts_created_current_cycle": 67,
    "github_api_error_current_cycle": null,
    "github_api_rate_limit_status_current_cycle": {
      "remaining": 29,
      "limit": 30,
      "reset": "1788381946",
      "http_status": 200
    },
    "github_self_targets_blocked": 6,
    "github_duplicates_blocked": 0,
    "github_low_relevance_blocked": 21,
    "human_approval_required": true,
    "external_publications": 0,
    "external_publication_attempted": false
  },
  "SESSION": {
    "session_id": "sess_20260826_000957_11e9b0",
    "session_start_utc": "2026-08-26T00:09:57.414562+00:00",
    "elapsed_hours": 188.5801
  },
  "RUNTIME": {
    "cycles": 564,
    "successful_cycles": 564,
    "failed_cycles": 0,
    "idle_cycles": 0
  },
  "CYCLE": {
    "cycle_id": "cyc_a7b84b71",
    "timestamp": "2026-09-02T20:44:45.695269+00:00",
    "productive_action": "PUBLISH_TECHNICAL_CONTENT",
    "productive_action_status": "SUCCESS"
  },
  "OPPORTUNITIES": {
    "opportunities_evaluated": 90,
    "targets_selected": 417,
    "tier_a_targets": 0,
    "tier_b_targets": 67,
    "tier_c_targets": 350
  },
  "ACTIONS": {
    "actions_attempted": 67,
    "actions_generated_locally": -283,
    "actions_sent_externally": 0,
    "publications_confirmed": 0,
    "action_failures": 0,
    "blocked_actions": 350
  },
  "CHANNEL TELEMETRY": {
    "channels_evaluated": 9,
    "channels_with_targets": 9,
    "channels_with_actions": 0,
    "channels_with_publications": 0,
    "channels_blocked": 0,
    "channel_diversity_score": 0.0,
    "per_channel": {
      "GITHUB": {
        "opportunities_evaluated": 10,
        "targets_selected": 185,
        "actions_attempted": 185,
        "actions_generated_locally": 67,
        "actions_sent_externally": 0,
        "publications_confirmed": 0,
        "failures": 0,
        "blocked": 118
      },
      "REDDIT": {
        "opportunities_evaluated": 10,
        "targets_selected": 29,
        "actions_attempted": 29,
        "actions_generated_locally": 0,
        "actions_sent_externally": 0,
        "publications_confirmed": 0,
        "failures": 0,
        "blocked": 29
      },
      "QUANTCONNECT": {
        "opportunities_evaluated": 10,
        "targets_selected": 29,
        "actions_attempted": 29,
        "actions_generated_locally": 0,
        "actions_sent_externally": 0,
        "publications_confirmed": 0,
        "failures": 0,
        "blocked": 29
      },
      "SEO": {
        "opportunities_evaluated": 10,
        "targets_selected": 29,
        "actions_attempted": 29,
        "actions_generated_locally": 0,
        "actions_sent_externally": 0,
        "publications_confirmed": 0,
        "failures": 0,
        "blocked": 29
      },
      "TECHNICAL_COMMUNITIES": {
        "opportunities_evaluated": 10,
        "targets_selected": 29,
        "actions_attempted": 29,
        "actions_generated_locally": 0,
        "actions_sent_externally": 0,
        "publications_confirmed": 0,
        "failures": 0,
        "blocked": 29
      },
      "DEVELOPER_FORUMS": {
        "opportunities_evaluated": 10,
        "targets_selected": 29,
        "actions_attempted": 29,
        "actions_generated_locally": 0,
        "actions_sent_externally": 0,
        "publications_confirmed": 0,
        "failures": 0,
        "blocked": 29
      },
      "B2B_DIRECTORIES": {
        "opportunities_evaluated": 10,
        "targets_selected": 29,
        "actions_attempted": 29,
        "actions_generated_locally": 0,
        "actions_sent_externally": 0,
        "publications_confirmed": 0,
        "failures": 0,
        "blocked": 29
      },
      "MARKETPLACES": {
        "opportunities_evaluated": 10,
        "targets_selected": 29,
        "actions_attempted": 29,
        "actions_generated_locally": 0,
        "actions_sent_externally": 0,
        "publications_confirmed": 0,
        "failures": 0,
        "blocked": 29
      },
      "CONTENT_DISCOVERY": {
        "opportunities_evaluated": 10,
        "targets_selected": 29,
        "actions_attempted": 29,
        "actions_generated_locally": 0,
        "actions_sent_externally": 0,
        "publications_confirmed": 0,
        "failures": 0,
        "blocked": 29
      }
    }
  },
  "REAL FUNNEL": {
    "human_replies": 0,
    "real_landing_visits": 0,
    "real_quiz_starts": 0,
    "real_emails": 0,
    "real_checkouts": 0,
    "real_payments": 0,
    "real_revenue_usd": 0,
    "real_audits": 0,
    "real_certificates": 0,
    "real_customer_emails": 0
  },
  "INTEGRITY": {
    "telemetry_inconsistencies_detected": 0,
    "telemetry_inconsistencies_corrected": 1,
    "synthetic_events": 0,
    "owner_internal_events": 0,
    "historical_events": 231
  },
  "OUTREACH": {
    "opportunities_evaluated": 90,
    "tier_a_targets": 0,
    "tier_b_targets": 67,
    "tier_c_targets": 350,
    "action_attempts": 67,
    "actions_successful": 0,
    "publications_created": 0,
    "blocked_actions": 350
  },
  "CHANNELS": {
    "channels_evaluated": 9,
    "channels_with_targets": 9,
    "channels_with_actions": 0,
    "channels_with_publications": 0,
    "channels_blocked": 0,
    "channel_diversity_score": 0.0
  },
  "RISK": {
    "duplicate_blocks": 252,
    "cooldown_blocks": 0,
    "relevance_blocks": 21,
    "promotion_risk_blocks": 0,
    "exposure_budget_blocks": 0
  },
  "ENGAGEMENT": {
    "human_replies": 0,
    "real_landing_visits": 0,
    "real_quiz_starts": 0,
    "real_emails": 0,
    "real_checkouts": 0
  },
  "REVENUE": {
    "real_payments": 0,
    "real_revenue_usd": 0,
    "revenue_usd": 0
  },
  "DELIVERY": {
    "real_audits": 0,
    "real_certificates": 0,
    "real_emails_delivered": 0
  },
  "HISTORICAL / INTERNAL": {
    "historical_audits": 231,
    "historical_certificates": 231,
    "historical_internal_emails": 231,
    "historical_test_payments": 1
  },
  "ANTI-IDLE": {
    "productive_cycles": 564,
    "idle_cycles": 0,
    "idle_cycle": false,
    "fallback_actions": 1
  },
  "DELTA": {
    "opportunities_evaluated_delta": 90,
    "targets_selected_delta": 417,
    "actions_sent_externally_delta": 0,
    "real_landing_visits_delta": 0,
    "real_revenue_delta": 0.0
  },
  "NEXT_ACTION": "PUBLISH_TECHNICAL_CONTENT",
  "STATUSES": {
    "TELEMETRY_INTEGRITY": "PASS",
    "EXTERNAL_ACTION_PROOF": "PASS",
    "TIER_ACCOUNTING": "PASS",
    "CHANNEL_ACCOUNTING": "PASS",
    "ENGINE_EXECUTION": "PASS",
    "ADAPTIVE_FILTER": "PASS",
    "NO_IDLE": "PASS",
    "NO_REPEAT": "PASS",
    "EXPOSURE_BUDGET": "PASS",
    "MULTICHANNEL_ACTIVITY": "PASS",
    "MULTICHANNEL_ROTATION": "PASS",
    "REAL_HUMAN_INTEREST": "PENDING",
    "REAL_REVENUE": "PENDING",
    "FINAL_VERDICT": "READY_FOR_24H_LOOP"
  }
}
Sleeping 15 minutes (900s)...

[2026-09-02T20:59:47.526190+00:00] Executed Cycle #565 (cyc_8d6452f1)
{
  "timestamp": "2026-09-02T20:59:47.526190+00:00",
  "cycle_id": "cyc_8d6452f1",
  "OPERATING_MODE": "DISCOVERY_AND_DRAFT_ONLY",
  "EXTERNAL_PUBLICATION_ATTEMPTED": false,
  "OUTREACH_SAFETY": {
    "operating_mode": "DISCOVERY_AND_DRAFT_ONLY",
    "allow_external_publication": false,
    "external_publication_allowed": false,
    "external_publication_attempted": false,
    "block_reason": "EXTERNAL_PUBLICATION_REQUIRES_EXPLICIT_APPROVAL"
  },
  "PROSPECT_PIPELINE": {
    "prospects_discovered": 418,
    "prospects_eligible": 67,
    "blocked_self_target": 29,
    "blocked_duplicate": 252,
    "pending_source_verification": 0,
    "template_or_synthetic": 10,
    "internal_or_self": 29,
    "local_drafts_created": 67,
    "valid_human_approvable_drafts": 5,
    "invalidated_drafts_historical": 295,
    "github_live_search_enabled": true,
    "github_api_requests_made_current_cycle": 1,
    "github_api_results_received_current_cycle": 30,
    "github_http_200_responses_current_cycle": 1,
    "github_external_sources_verified_current_cycle": 10,
    "github_drafts_created_current_cycle": 67,
    "github_api_error_current_cycle": null,
    "github_api_rate_limit_status_current_cycle": {
      "remaining": 29,
      "limit": 30,
      "reset": "1788382847",
      "http_status": 200
    },
    "github_self_targets_blocked": 6,
    "github_duplicates_blocked": 0,
    "github_low_relevance_blocked": 21,
    "human_approval_required": true,
    "external_publications": 0,
    "external_publication_attempted": false
  },
  "SESSION": {
    "session_id": "sess_20260826_000957_11e9b0",
    "session_start_utc": "2026-08-26T00:09:57.414562+00:00",
    "elapsed_hours": 188.8306
  },
  "RUNTIME": {
    "cycles": 565,
    "successful_cycles": 565,
    "failed_cycles": 0,
    "idle_cycles": 0
  },
  "CYCLE": {
    "cycle_id": "cyc_8d6452f1",
    "timestamp": "2026-09-02T20:59:47.526190+00:00",
    "productive_action": "PUBLISH_TECHNICAL_CONTENT",
    "productive_action_status": "SUCCESS"
  },
  "OPPORTUNITIES": {
    "opportunities_evaluated": 90,
    "targets_selected": 418,
    "tier_a_targets": 0,
    "tier_b_targets": 67,
    "tier_c_targets": 351
  },
  "ACTIONS": {
    "actions_attempted": 67,
    "actions_generated_locally": -284,
    "actions_sent_externally": 0,
    "publications_confirmed": 0,
    "action_failures": 0,
    "blocked_actions": 351
  },
  "CHANNEL TELEMETRY": {
    "channels_evaluated": 9,
    "channels_with_targets": 9,
    "channels_with_actions": 0,
    "channels_with_publications": 0,
    "channels_blocked": 0,
    "channel_diversity_score": 0.0,
    "per_channel": {
      "GITHUB": {
        "opportunities_evaluated": 10,
        "targets_selected": 186,
        "actions_attempted": 186,
        "actions_generated_locally": 67,
        "actions_sent_externally": 0,
        "publications_confirmed": 0,
        "failures": 0,
        "blocked": 119
      },
      "REDDIT": {
        "opportunities_evaluated": 10,
        "targets_selected": 29,
        "actions_attempted": 29,
        "actions_generated_locally": 0,
        "actions_sent_externally": 0,
        "publications_confirmed": 0,
        "failures": 0,
        "blocked": 29
      },
      "QUANTCONNECT": {
        "opportunities_evaluated": 10,
        "targets_selected": 29,
        "actions_attempted": 29,
        "actions_generated_locally": 0,
        "actions_sent_externally": 0,
        "publications_confirmed": 0,
        "failures": 0,
        "blocked": 29
      },
      "SEO": {
        "opportunities_evaluated": 10,
        "targets_selected": 29,
        "actions_attempted": 29,
        "actions_generated_locally": 0,
        "actions_sent_externally": 0,
        "publications_confirmed": 0,
        "failures": 0,
        "blocked": 29
      },
      "TECHNICAL_COMMUNITIES": {
        "opportunities_evaluated": 10,
        "targets_selected": 29,
        "actions_attempted": 29,
        "actions_generated_locally": 0,
        "actions_sent_externally": 0,
        "publications_confirmed": 0,
        "failures": 0,
        "blocked": 29
      },
      "DEVELOPER_FORUMS": {
        "opportunities_evaluated": 10,
        "targets_selected": 29,
        "actions_attempted": 29,
        "actions_generated_locally": 0,
        "actions_sent_externally": 0,
        "publications_confirmed": 0,
        "failures": 0,
        "blocked": 29
      },
      "B2B_DIRECTORIES": {
        "opportunities_evaluated": 10,
        "targets_selected": 29,
        "actions_attempted": 29,
        "actions_generated_locally": 0,
        "actions_sent_externally": 0,
        "publications_confirmed": 0,
        "failures": 0,
        "blocked": 29
      },
      "MARKETPLACES": {
        "opportunities_evaluated": 10,
        "targets_selected": 29,
        "actions_attempted": 29,
        "actions_generated_locally": 0,
        "actions_sent_externally": 0,
        "publications_confirmed": 0,
        "failures": 0,
        "blocked": 29
      },
      "CONTENT_DISCOVERY": {
        "opportunities_evaluated": 10,
        "targets_selected": 29,
        "actions_attempted": 29,
        "actions_generated_locally": 0,
        "actions_sent_externally": 0,
        "publications_confirmed": 0,
        "failures": 0,
        "blocked": 29
      }
    }
  },
  "REAL FUNNEL": {
    "human_replies": 0,
    "real_landing_visits": 0,
    "real_quiz_starts": 0,
    "real_emails": 0,
    "real_checkouts": 0,
    "real_payments": 0,
    "real_revenue_usd": 0,
    "real_audits": 0,
    "real_certificates": 0,
    "real_customer_emails": 0
  },
  "INTEGRITY": {
    "telemetry_inconsistencies_detected": 0,
    "telemetry_inconsistencies_corrected": 1,
    "synthetic_events": 0,
    "owner_internal_events": 0,
    "historical_events": 231
  },
  "OUTREACH": {
    "opportunities_evaluated": 90,
    "tier_a_targets": 0,
    "tier_b_targets": 67,
    "tier_c_targets": 351,
    "action_attempts": 67,
    "actions_successful": 0,
    "publications_created": 0,
    "blocked_actions": 351
  },
  "CHANNELS": {
    "channels_evaluated": 9,
    "channels_with_targets": 9,
    "channels_with_actions": 0,
    "channels_with_publications": 0,
    "channels_blocked": 0,
    "channel_diversity_score": 0.0
  },
  "RISK": {
    "duplicate_blocks": 252,
    "cooldown_blocks": 0,
    "relevance_blocks": 21,
    "promotion_risk_blocks": 0,
    "exposure_budget_blocks": 0
  },
  "ENGAGEMENT": {
    "human_replies": 0,
    "real_landing_visits": 0,
    "real_quiz_starts": 0,
    "real_emails": 0,
    "real_checkouts": 0
  },
  "REVENUE": {
    "real_payments": 0,
    "real_revenue_usd": 0,
    "revenue_usd": 0
  },
  "DELIVERY": {
    "real_audits": 0,
    "real_certificates": 0,
    "real_emails_delivered": 0
  },
  "HISTORICAL / INTERNAL": {
    "historical_audits": 231,
    "historical_certificates": 231,
    "historical_internal_emails": 231,
    "historical_test_payments": 1
  },
  "ANTI-IDLE": {
    "productive_cycles": 565,
    "idle_cycles": 0,
    "idle_cycle": false,
    "fallback_actions": 1
  },
  "DELTA": {
    "opportunities_evaluated_delta": 90,
    "targets_selected_delta": 418,
    "actions_sent_externally_delta": 0,
    "real_landing_visits_delta": 0,
    "real_revenue_delta": 0.0
  },
  "NEXT_ACTION": "PUBLISH_TECHNICAL_CONTENT",
  "STATUSES": {
    "TELEMETRY_INTEGRITY": "PASS",
    "EXTERNAL_ACTION_PROOF": "PASS",
    "TIER_ACCOUNTING": "PASS",
    "CHANNEL_ACCOUNTING": "PASS",
    "ENGINE_EXECUTION": "PASS",
    "ADAPTIVE_FILTER": "PASS",
    "NO_IDLE": "PASS",
    "NO_REPEAT": "PASS",
    "EXPOSURE_BUDGET": "PASS",
    "MULTICHANNEL_ACTIVITY": "PASS",
    "MULTICHANNEL_ROTATION": "PASS",
    "REAL_HUMAN_INTEREST": "PENDING",
    "REAL_REVENUE": "PENDING",
    "FINAL_VERDICT": "READY_FOR_24H_LOOP"
  }
}
Sleeping 15 minutes (900s)...

[2026-09-02T21:14:49.607323+00:00] Executed Cycle #566 (cyc_db6036bb)
{
  "timestamp": "2026-09-02T21:14:49.607323+00:00",
  "cycle_id": "cyc_db6036bb",
  "OPERATING_MODE": "DISCOVERY_AND_DRAFT_ONLY",
  "EXTERNAL_PUBLICATION_ATTEMPTED": false,
  "OUTREACH_SAFETY": {
    "operating_mode": "DISCOVERY_AND_DRAFT_ONLY",
    "allow_external_publication": false,
    "external_publication_allowed": false,
    "external_publication_attempted": false,
    "block_reason": "EXTERNAL_PUBLICATION_REQUIRES_EXPLICIT_APPROVAL"
  },
  "PROSPECT_PIPELINE": {
    "prospects_discovered": 418,
    "prospects_eligible": 67,
    "blocked_self_target": 29,
    "blocked_duplicate": 252,
    "pending_source_verification": 0,
    "template_or_synthetic": 10,
    "internal_or_self": 29,
    "local_drafts_created": 67,
    "valid_human_approvable_drafts": 5,
    "invalidated_drafts_historical": 295,
    "github_live_search_enabled": true,
    "github_api_requests_made_current_cycle": 1,
    "github_api_results_received_current_cycle": 30,
    "github_http_200_responses_current_cycle": 1,
    "github_external_sources_verified_current_cycle": 10,
    "github_drafts_created_current_cycle": 67,
    "github_api_error_current_cycle": null,
    "github_api_rate_limit_status_current_cycle": {
      "remaining": 29,
      "limit": 30,
      "reset": "1788383749",
      "http_status": 200
    },
    "github_self_targets_blocked": 6,
    "github_duplicates_blocked": 0,
    "github_low_relevance_blocked": 21,
    "human_approval_required": true,
    "external_publications": 0,
    "external_publication_attempted": false
  },
  "SESSION": {
    "session_id": "sess_20260826_000957_11e9b0",
    "session_start_utc": "2026-08-26T00:09:57.414562+00:00",
    "elapsed_hours": 189.0812
  },
  "RUNTIME": {
    "cycles": 566,
    "successful_cycles": 566,
    "failed_cycles": 0,
    "idle_cycles": 0
  },
  "CYCLE": {
    "cycle_id": "cyc_db6036bb",
    "timestamp": "2026-09-02T21:14:49.607323+00:00",
    "productive_action": "PUBLISH_TECHNICAL_CONTENT",
    "productive_action_status": "SUCCESS"
  },
  "OPPORTUNITIES": {
    "opportunities_evaluated": 90,
    "targets_selected": 418,
    "tier_a_targets": 0,
    "tier_b_targets": 67,
    "tier_c_targets": 351
  },
  "ACTIONS": {
    "actions_attempted": 67,
    "actions_generated_locally": -284,
    "actions_sent_externally": 0,
    "publications_confirmed": 0,
    "action_failures": 0,
    "blocked_actions": 351
  },
  "CHANNEL TELEMETRY": {
    "channels_evaluated": 9,
    "channels_with_targets": 9,
    "channels_with_actions": 0,
    "channels_with_publications": 0,
    "channels_blocked": 0,
    "channel_diversity_score": 0.0,
    "per_channel": {
      "GITHUB": {
        "opportunities_evaluated": 10,
        "targets_selected": 186,
        "actions_attempted": 186,
        "actions_generated_locally": 67,
        "actions_sent_externally": 0,
        "publications_confirmed": 0,
        "failures": 0,
        "blocked": 119
      },
      "REDDIT": {
        "opportunities_evaluated": 10,
        "targets_selected": 29,
        "actions_attempted": 29,
        "actions_generated_locally": 0,
        "actions_sent_externally": 0,
        "publications_confirmed": 0,
        "failures": 0,
        "blocked": 29
      },
      "QUANTCONNECT": {
        "opportunities_evaluated": 10,
        "targets_selected": 29,
        "actions_attempted": 29,
        "actions_generated_locally": 0,
        "actions_sent_externally": 0,
        "publications_confirmed": 0,
        "failures": 0,
        "blocked": 29
      },
      "SEO": {
        "opportunities_evaluated": 10,
        "targets_selected": 29,
        "actions_attempted": 29,
        "actions_generated_locally": 0,
        "actions_sent_externally": 0,
        "publications_confirmed": 0,
        "failures": 0,
        "blocked": 29
      },
      "TECHNICAL_COMMUNITIES": {
        "opportunities_evaluated": 10,
        "targets_selected": 29,
        "actions_attempted": 29,
        "actions_generated_locally": 0,
        "actions_sent_externally": 0,
        "publications_confirmed": 0,
        "failures": 0,
        "blocked": 29
      },
      "DEVELOPER_FORUMS": {
        "opportunities_evaluated": 10,
        "targets_selected": 29,
        "actions_attempted": 29,
        "actions_generated_locally": 0,
        "actions_sent_externally": 0,
        "publications_confirmed": 0,
        "failures": 0,
        "blocked": 29
      },
      "B2B_DIRECTORIES": {
        "opportunities_evaluated": 10,
        "targets_selected": 29,
        "actions_attempted": 29,
        "actions_generated_locally": 0,
        "actions_sent_externally": 0,
        "publications_confirmed": 0,
        "failures": 0,
        "blocked": 29
      },
      "MARKETPLACES": {
        "opportunities_evaluated": 10,
        "targets_selected": 29,
        "actions_attempted": 29,
        "actions_generated_locally": 0,
        "actions_sent_externally": 0,
        "publications_confirmed": 0,
        "failures": 0,
        "blocked": 29
      },
      "CONTENT_DISCOVERY": {
        "opportunities_evaluated": 10,
        "targets_selected": 29,
        "actions_attempted": 29,
        "actions_generated_locally": 0,
        "actions_sent_externally": 0,
        "publications_confirmed": 0,
        "failures": 0,
        "blocked": 29
      }
    }
  },
  "REAL FUNNEL": {
    "human_replies": 0,
    "real_landing_visits": 0,
    "real_quiz_starts": 0,
    "real_emails": 0,
    "real_checkouts": 0,
    "real_payments": 0,
    "real_revenue_usd": 0,
    "real_audits": 0,
    "real_certificates": 0,
    "real_customer_emails": 0
  },
  "INTEGRITY": {
    "telemetry_inconsistencies_detected": 0,
    "telemetry_inconsistencies_corrected": 1,
    "synthetic_events": 0,
    "owner_internal_events": 0,
    "historical_events": 231
  },
  "OUTREACH": {
    "opportunities_evaluated": 90,
    "tier_a_targets": 0,
    "tier_b_targets": 67,
    "tier_c_targets": 351,
    "action_attempts": 67,
    "actions_successful": 0,
    "publications_created": 0,
    "blocked_actions": 351
  },
  "CHANNELS": {
    "channels_evaluated": 9,
    "channels_with_targets": 9,
    "channels_with_actions": 0,
    "channels_with_publications": 0,
    "channels_blocked": 0,
    "channel_diversity_score": 0.0
  },
  "RISK": {
    "duplicate_blocks": 252,
    "cooldown_blocks": 0,
    "relevance_blocks": 21,
    "promotion_risk_blocks": 0,
    "exposure_budget_blocks": 0
  },
  "ENGAGEMENT": {
    "human_replies": 0,
    "real_landing_visits": 0,
    "real_quiz_starts": 0,
    "real_emails": 0,
    "real_checkouts": 0
  },
  "REVENUE": {
    "real_payments": 0,
    "real_revenue_usd": 0,
    "revenue_usd": 0
  },
  "DELIVERY": {
    "real_audits": 0,
    "real_certificates": 0,
    "real_emails_delivered": 0
  },
  "HISTORICAL / INTERNAL": {
    "historical_audits": 231,
    "historical_certificates": 231,
    "historical_internal_emails": 231,
    "historical_test_payments": 1
  },
  "ANTI-IDLE": {
    "productive_cycles": 566,
    "idle_cycles": 0,
    "idle_cycle": false,
    "fallback_actions": 1
  },
  "DELTA": {
    "opportunities_evaluated_delta": 90,
    "targets_selected_delta": 418,
    "actions_sent_externally_delta": 0,
    "real_landing_visits_delta": 0,
    "real_revenue_delta": 0.0
  },
  "NEXT_ACTION": "PUBLISH_TECHNICAL_CONTENT",
  "STATUSES": {
    "TELEMETRY_INTEGRITY": "PASS",
    "EXTERNAL_ACTION_PROOF": "PASS",
    "TIER_ACCOUNTING": "PASS",
    "CHANNEL_ACCOUNTING": "PASS",
    "ENGINE_EXECUTION": "PASS",
    "ADAPTIVE_FILTER": "PASS",
    "NO_IDLE": "PASS",
    "NO_REPEAT": "PASS",
    "EXPOSURE_BUDGET": "PASS",
    "MULTICHANNEL_ACTIVITY": "PASS",
    "MULTICHANNEL_ROTATION": "PASS",
    "REAL_HUMAN_INTEREST": "PENDING",
    "REAL_REVENUE": "PENDING",
    "FINAL_VERDICT": "READY_FOR_24H_LOOP"
  }
}
Sleeping 15 minutes (900s)...

[2026-09-02T21:29:51.441205+00:00] Executed Cycle #567 (cyc_0935f348)
{
  "timestamp": "2026-09-02T21:29:51.441205+00:00",
  "cycle_id": "cyc_0935f348",
  "OPERATING_MODE": "DISCOVERY_AND_DRAFT_ONLY",
  "EXTERNAL_PUBLICATION_ATTEMPTED": false,
  "OUTREACH_SAFETY": {
    "operating_mode": "DISCOVERY_AND_DRAFT_ONLY",
    "allow_external_publication": false,
    "external_publication_allowed": false,
    "external_publication_attempted": false,
    "block_reason": "EXTERNAL_PUBLICATION_REQUIRES_EXPLICIT_APPROVAL"
  },
  "PROSPECT_PIPELINE": {
    "prospects_discovered": 418,
    "prospects_eligible": 67,
    "blocked_self_target": 29,
    "blocked_duplicate": 252,
    "pending_source_verification": 0,
    "template_or_synthetic": 10,
    "internal_or_self": 29,
    "local_drafts_created": 67,
    "valid_human_approvable_drafts": 5,
    "invalidated_drafts_historical": 295,
    "github_live_search_enabled": true,
    "github_api_requests_made_current_cycle": 1,
    "github_api_results_received_current_cycle": 30,
    "github_http_200_responses_current_cycle": 1,
    "github_external_sources_verified_current_cycle": 10,
    "github_drafts_created_current_cycle": 67,
    "github_api_error_current_cycle": null,
    "github_api_rate_limit_status_current_cycle": {
      "remaining": 29,
      "limit": 30,
      "reset": "1788384651",
      "http_status": 200
    },
    "github_self_targets_blocked": 7,
    "github_duplicates_blocked": 0,
    "github_low_relevance_blocked": 21,
    "human_approval_required": true,
    "external_publications": 0,
    "external_publication_attempted": false
  },
  "SESSION": {
    "session_id": "sess_20260826_000957_11e9b0",
    "session_start_utc": "2026-08-26T00:09:57.414562+00:00",
    "elapsed_hours": 189.3317
  },
  "RUNTIME": {
    "cycles": 567,
    "successful_cycles": 567,
    "failed_cycles": 0,
    "idle_cycles": 0
  },
  "CYCLE": {
    "cycle_id": "cyc_0935f348",
    "timestamp": "2026-09-02T21:29:51.441205+00:00",
    "productive_action": "PUBLISH_TECHNICAL_CONTENT",
    "productive_action_status": "SUCCESS"
  },
  "OPPORTUNITIES": {
    "opportunities_evaluated": 90,
    "targets_selected": 418,
    "tier_a_targets": 0,
    "tier_b_targets": 67,
    "tier_c_targets": 351
  },
  "ACTIONS": {
    "actions_attempted": 67,
    "actions_generated_locally": -284,
    "actions_sent_externally": 0,
    "publications_confirmed": 0,
    "action_failures": 0,
    "blocked_actions": 351
  },
  "CHANNEL TELEMETRY": {
    "channels_evaluated": 9,
    "channels_with_targets": 9,
    "channels_with_actions": 0,
    "channels_with_publications": 0,
    "channels_blocked": 0,
    "channel_diversity_score": 0.0,
    "per_channel": {
      "GITHUB": {
        "opportunities_evaluated": 10,
        "targets_selected": 186,
        "actions_attempted": 186,
        "actions_generated_locally": 67,
        "actions_sent_externally": 0,
        "publications_confirmed": 0,
        "failures": 0,
        "blocked": 119
      },
      "REDDIT": {
        "opportunities_evaluated": 10,
        "targets_selected": 29,
        "actions_attempted": 29,
        "actions_generated_locally": 0,
        "actions_sent_externally": 0,
        "publications_confirmed": 0,
        "failures": 0,
        "blocked": 29
      },
      "QUANTCONNECT": {
        "opportunities_evaluated": 10,
        "targets_selected": 29,
        "actions_attempted": 29,
        "actions_generated_locally": 0,
        "actions_sent_externally": 0,
        "publications_confirmed": 0,
        "failures": 0,
        "blocked": 29
      },
      "SEO": {
        "opportunities_evaluated": 10,
        "targets_selected": 29,
        "actions_attempted": 29,
        "actions_generated_locally": 0,
        "actions_sent_externally": 0,
        "publications_confirmed": 0,
        "failures": 0,
        "blocked": 29
      },
      "TECHNICAL_COMMUNITIES": {
        "opportunities_evaluated": 10,
        "targets_selected": 29,
        "actions_attempted": 29,
        "actions_generated_locally": 0,
        "actions_sent_externally": 0,
        "publications_confirmed": 0,
        "failures": 0,
        "blocked": 29
      },
      "DEVELOPER_FORUMS": {
        "opportunities_evaluated": 10,
        "targets_selected": 29,
        "actions_attempted": 29,
        "actions_generated_locally": 0,
        "actions_sent_externally": 0,
        "publications_confirmed": 0,
        "failures": 0,
        "blocked": 29
      },
      "B2B_DIRECTORIES": {
        "opportunities_evaluated": 10,
        "targets_selected": 29,
        "actions_attempted": 29,
        "actions_generated_locally": 0,
        "actions_sent_externally": 0,
        "publications_confirmed": 0,
        "failures": 0,
        "blocked": 29
      },
      "MARKETPLACES": {
        "opportunities_evaluated": 10,
        "targets_selected": 29,
        "actions_attempted": 29,
        "actions_generated_locally": 0,
        "actions_sent_externally": 0,
        "publications_confirmed": 0,
        "failures": 0,
        "blocked": 29
      },
      "CONTENT_DISCOVERY": {
        "opportunities_evaluated": 10,
        "targets_selected": 29,
        "actions_attempted": 29,
        "actions_generated_locally": 0,
        "actions_sent_externally": 0,
        "publications_confirmed": 0,
        "failures": 0,
        "blocked": 29
      }
    }
  },
  "REAL FUNNEL": {
    "human_replies": 0,
    "real_landing_visits": 0,
    "real_quiz_starts": 0,
    "real_emails": 0,
    "real_checkouts": 0,
    "real_payments": 0,
    "real_revenue_usd": 0,
    "real_audits": 0,
    "real_certificates": 0,
    "real_customer_emails": 0
  },
  "INTEGRITY": {
    "telemetry_inconsistencies_detected": 0,
    "telemetry_inconsistencies_corrected": 1,
    "synthetic_events": 0,
    "owner_internal_events": 0,
    "historical_events": 231
  },
  "OUTREACH": {
    "opportunities_evaluated": 90,
    "tier_a_targets": 0,
    "tier_b_targets": 67,
    "tier_c_targets": 351,
    "action_attempts": 67,
    "actions_successful": 0,
    "publications_created": 0,
    "blocked_actions": 351
  },
  "CHANNELS": {
    "channels_evaluated": 9,
    "channels_with_targets": 9,
    "channels_with_actions": 0,
    "channels_with_publications": 0,
    "channels_blocked": 0,
    "channel_diversity_score": 0.0
  },
  "RISK": {
    "duplicate_blocks": 252,
    "cooldown_blocks": 0,
    "relevance_blocks": 21,
    "promotion_risk_blocks": 0,
    "exposure_budget_blocks": 0
  },
  "ENGAGEMENT": {
    "human_replies": 0,
    "real_landing_visits": 0,
    "real_quiz_starts": 0,
    "real_emails": 0,
    "real_checkouts": 0
  },
  "REVENUE": {
    "real_payments": 0,
    "real_revenue_usd": 0,
    "revenue_usd": 0
  },
  "DELIVERY": {
    "real_audits": 0,
    "real_certificates": 0,
    "real_emails_delivered": 0
  },
  "HISTORICAL / INTERNAL": {
    "historical_audits": 231,
    "historical_certificates": 231,
    "historical_internal_emails": 231,
    "historical_test_payments": 1
  },
  "ANTI-IDLE": {
    "productive_cycles": 567,
    "idle_cycles": 0,
    "idle_cycle": false,
    "fallback_actions": 1
  },
  "DELTA": {
    "opportunities_evaluated_delta": 90,
    "targets_selected_delta": 418,
    "actions_sent_externally_delta": 0,
    "real_landing_visits_delta": 0,
    "real_revenue_delta": 0.0
  },
  "NEXT_ACTION": "PUBLISH_TECHNICAL_CONTENT",
  "STATUSES": {
    "TELEMETRY_INTEGRITY": "PASS",
    "EXTERNAL_ACTION_PROOF": "PASS",
    "TIER_ACCOUNTING": "PASS",
    "CHANNEL_ACCOUNTING": "PASS",
    "ENGINE_EXECUTION": "PASS",
    "ADAPTIVE_FILTER": "PASS",
    "NO_IDLE": "PASS",
    "NO_REPEAT": "PASS",
    "EXPOSURE_BUDGET": "PASS",
    "MULTICHANNEL_ACTIVITY": "PASS",
    "MULTICHANNEL_ROTATION": "PASS",
    "REAL_HUMAN_INTEREST": "PENDING",
    "REAL_REVENUE": "PENDING",
    "FINAL_VERDICT": "READY_FOR_24H_LOOP"
  }
}
Sleeping 15 minutes (900s)...

[2026-09-02T21:44:53.359092+00:00] Executed Cycle #568 (cyc_35197cae)
{
  "timestamp": "2026-09-02T21:44:53.359092+00:00",
  "cycle_id": "cyc_35197cae",
  "OPERATING_MODE": "DISCOVERY_AND_DRAFT_ONLY",
  "EXTERNAL_PUBLICATION_ATTEMPTED": false,
  "OUTREACH_SAFETY": {
    "operating_mode": "DISCOVERY_AND_DRAFT_ONLY",
    "allow_external_publication": false,
    "external_publication_allowed": false,
    "external_publication_attempted": false,
    "block_reason": "EXTERNAL_PUBLICATION_REQUIRES_EXPLICIT_APPROVAL"
  },
  "PROSPECT_PIPELINE": {
    "prospects_discovered": 418,
    "prospects_eligible": 67,
    "blocked_self_target": 29,
    "blocked_duplicate": 252,
    "pending_source_verification": 0,
    "template_or_synthetic": 10,
    "internal_or_self": 29,
    "local_drafts_created": 67,
    "valid_human_approvable_drafts": 5,
    "invalidated_drafts_historical": 295,
    "github_live_search_enabled": true,
    "github_api_requests_made_current_cycle": 1,
    "github_api_results_received_current_cycle": 30,
    "github_http_200_responses_current_cycle": 1,
    "github_external_sources_verified_current_cycle": 10,
    "github_drafts_created_current_cycle": 67,
    "github_api_error_current_cycle": null,
    "github_api_rate_limit_status_current_cycle": {
      "remaining": 29,
      "limit": 30,
      "reset": "1788385553",
      "http_status": 200
    },
    "github_self_targets_blocked": 7,
    "github_duplicates_blocked": 0,
    "github_low_relevance_blocked": 21,
    "human_approval_required": true,
    "external_publications": 0,
    "external_publication_attempted": false
  },
  "SESSION": {
    "session_id": "sess_20260826_000957_11e9b0",
    "session_start_utc": "2026-08-26T00:09:57.414562+00:00",
    "elapsed_hours": 189.5822
  },
  "RUNTIME": {
    "cycles": 568,
    "successful_cycles": 568,
    "failed_cycles": 0,
    "idle_cycles": 0
  },
  "CYCLE": {
    "cycle_id": "cyc_35197cae",
    "timestamp": "2026-09-02T21:44:53.359092+00:00",
    "productive_action": "PUBLISH_TECHNICAL_CONTENT",
    "productive_action_status": "SUCCESS"
  },
  "OPPORTUNITIES": {
    "opportunities_evaluated": 90,
    "targets_selected": 418,
    "tier_a_targets": 0,
    "tier_b_targets": 67,
    "tier_c_targets": 351
  },
  "ACTIONS": {
    "actions_attempted": 67,
    "actions_generated_locally": -284,
    "actions_sent_externally": 0,
    "publications_confirmed": 0,
    "action_failures": 0,
    "blocked_actions": 351
  },
  "CHANNEL TELEMETRY": {
    "channels_evaluated": 9,
    "channels_with_targets": 9,
    "channels_with_actions": 0,
    "channels_with_publications": 0,
    "channels_blocked": 0,
    "channel_diversity_score": 0.0,
    "per_channel": {
      "GITHUB": {
        "opportunities_evaluated": 10,
        "targets_selected": 186,
        "actions_attempted": 186,
        "actions_generated_locally": 67,
        "actions_sent_externally": 0,
        "publications_confirmed": 0,
        "failures": 0,
        "blocked": 119
      },
      "REDDIT": {
        "opportunities_evaluated": 10,
        "targets_selected": 29,
        "actions_attempted": 29,
        "actions_generated_locally": 0,
        "actions_sent_externally": 0,
        "publications_confirmed": 0,
        "failures": 0,
        "blocked": 29
      },
      "QUANTCONNECT": {
        "opportunities_evaluated": 10,
        "targets_selected": 29,
        "actions_attempted": 29,
        "actions_generated_locally": 0,
        "actions_sent_externally": 0,
        "publications_confirmed": 0,
        "failures": 0,
        "blocked": 29
      },
      "SEO": {
        "opportunities_evaluated": 10,
        "targets_selected": 29,
        "actions_attempted": 29,
        "actions_generated_locally": 0,
        "actions_sent_externally": 0,
        "publications_confirmed": 0,
        "failures": 0,
        "blocked": 29
      },
      "TECHNICAL_COMMUNITIES": {
        "opportunities_evaluated": 10,
        "targets_selected": 29,
        "actions_attempted": 29,
        "actions_generated_locally": 0,
        "actions_sent_externally": 0,
        "publications_confirmed": 0,
        "failures": 0,
        "blocked": 29
      },
      "DEVELOPER_FORUMS": {
        "opportunities_evaluated": 10,
        "targets_selected": 29,
        "actions_attempted": 29,
        "actions_generated_locally": 0,
        "actions_sent_externally": 0,
        "publications_confirmed": 0,
        "failures": 0,
        "blocked": 29
      },
      "B2B_DIRECTORIES": {
        "opportunities_evaluated": 10,
        "targets_selected": 29,
        "actions_attempted": 29,
        "actions_generated_locally": 0,
        "actions_sent_externally": 0,
        "publications_confirmed": 0,
        "failures": 0,
        "blocked": 29
      },
      "MARKETPLACES": {
        "opportunities_evaluated": 10,
        "targets_selected": 29,
        "actions_attempted": 29,
        "actions_generated_locally": 0,
        "actions_sent_externally": 0,
        "publications_confirmed": 0,
        "failures": 0,
        "blocked": 29
      },
      "CONTENT_DISCOVERY": {
        "opportunities_evaluated": 10,
        "targets_selected": 29,
        "actions_attempted": 29,
        "actions_generated_locally": 0,
        "actions_sent_externally": 0,
        "publications_confirmed": 0,
        "failures": 0,
        "blocked": 29
      }
    }
  },
  "REAL FUNNEL": {
    "human_replies": 0,
    "real_landing_visits": 0,
    "real_quiz_starts": 0,
    "real_emails": 0,
    "real_checkouts": 0,
    "real_payments": 0,
    "real_revenue_usd": 0,
    "real_audits": 0,
    "real_certificates": 0,
    "real_customer_emails": 0
  },
  "INTEGRITY": {
    "telemetry_inconsistencies_detected": 0,
    "telemetry_inconsistencies_corrected": 1,
    "synthetic_events": 0,
    "owner_internal_events": 0,
    "historical_events": 231
  },
  "OUTREACH": {
    "opportunities_evaluated": 90,
    "tier_a_targets": 0,
    "tier_b_targets": 67,
    "tier_c_targets": 351,
    "action_attempts": 67,
    "actions_successful": 0,
    "publications_created": 0,
    "blocked_actions": 351
  },
  "CHANNELS": {
    "channels_evaluated": 9,
    "channels_with_targets": 9,
    "channels_with_actions": 0,
    "channels_with_publications": 0,
    "channels_blocked": 0,
    "channel_diversity_score": 0.0
  },
  "RISK": {
    "duplicate_blocks": 252,
    "cooldown_blocks": 0,
    "relevance_blocks": 21,
    "promotion_risk_blocks": 0,
    "exposure_budget_blocks": 0
  },
  "ENGAGEMENT": {
    "human_replies": 0,
    "real_landing_visits": 0,
    "real_quiz_starts": 0,
    "real_emails": 0,
    "real_checkouts": 0
  },
  "REVENUE": {
    "real_payments": 0,
    "real_revenue_usd": 0,
    "revenue_usd": 0
  },
  "DELIVERY": {
    "real_audits": 0,
    "real_certificates": 0,
    "real_emails_delivered": 0
  },
  "HISTORICAL / INTERNAL": {
    "historical_audits": 231,
    "historical_certificates": 231,
    "historical_internal_emails": 231,
    "historical_test_payments": 1
  },
  "ANTI-IDLE": {
    "productive_cycles": 568,
    "idle_cycles": 0,
    "idle_cycle": false,
    "fallback_actions": 1
  },
  "DELTA": {
    "opportunities_evaluated_delta": 90,
    "targets_selected_delta": 418,
    "actions_sent_externally_delta": 0,
    "real_landing_visits_delta": 0,
    "real_revenue_delta": 0.0
  },
  "NEXT_ACTION": "PUBLISH_TECHNICAL_CONTENT",
  "STATUSES": {
    "TELEMETRY_INTEGRITY": "PASS",
    "EXTERNAL_ACTION_PROOF": "PASS",
    "TIER_ACCOUNTING": "PASS",
    "CHANNEL_ACCOUNTING": "PASS",
    "ENGINE_EXECUTION": "PASS",
    "ADAPTIVE_FILTER": "PASS",
    "NO_IDLE": "PASS",
    "NO_REPEAT": "PASS",
    "EXPOSURE_BUDGET": "PASS",
    "MULTICHANNEL_ACTIVITY": "PASS",
    "MULTICHANNEL_ROTATION": "PASS",
    "REAL_HUMAN_INTEREST": "PENDING",
    "REAL_REVENUE": "PENDING",
    "FINAL_VERDICT": "READY_FOR_24H_LOOP"
  }
}
Sleeping 15 minutes (900s)...

[2026-09-02T21:59:55.470251+00:00] Executed Cycle #569 (cyc_03e66694)
{
  "timestamp": "2026-09-02T21:59:55.470251+00:00",
  "cycle_id": "cyc_03e66694",
  "OPERATING_MODE": "DISCOVERY_AND_DRAFT_ONLY",
  "EXTERNAL_PUBLICATION_ATTEMPTED": false,
  "OUTREACH_SAFETY": {
    "operating_mode": "DISCOVERY_AND_DRAFT_ONLY",
    "allow_external_publication": false,
    "external_publication_allowed": false,
    "external_publication_attempted": false,
    "block_reason": "EXTERNAL_PUBLICATION_REQUIRES_EXPLICIT_APPROVAL"
  },
  "PROSPECT_PIPELINE": {
    "prospects_discovered": 418,
    "prospects_eligible": 67,
    "blocked_self_target": 29,
    "blocked_duplicate": 252,
    "pending_source_verification": 0,
    "template_or_synthetic": 10,
    "internal_or_self": 29,
    "local_drafts_created": 67,
    "valid_human_approvable_drafts": 5,
    "invalidated_drafts_historical": 295,
    "github_live_search_enabled": true,
    "github_api_requests_made_current_cycle": 1,
    "github_api_results_received_current_cycle": 5,
    "github_http_200_responses_current_cycle": 1,
    "github_external_sources_verified_current_cycle": 4,
    "github_drafts_created_current_cycle": 67,
    "github_api_error_current_cycle": null,
    "github_api_rate_limit_status_current_cycle": {
      "remaining": 29,
      "limit": 30,
      "reset": "1788386455",
      "http_status": 200
    },
    "github_self_targets_blocked": 7,
    "github_duplicates_blocked": 0,
    "github_low_relevance_blocked": 21,
    "human_approval_required": true,
    "external_publications": 0,
    "external_publication_attempted": false
  },
  "SESSION": {
    "session_id": "sess_20260826_000957_11e9b0",
    "session_start_utc": "2026-08-26T00:09:57.414562+00:00",
    "elapsed_hours": 189.8328
  },
  "RUNTIME": {
    "cycles": 569,
    "successful_cycles": 569,
    "failed_cycles": 0,
    "idle_cycles": 0
  },
  "CYCLE": {
    "cycle_id": "cyc_03e66694",
    "timestamp": "2026-09-02T21:59:55.470251+00:00",
    "productive_action": "PUBLISH_TECHNICAL_CONTENT",
    "productive_action_status": "SUCCESS"
  },
  "OPPORTUNITIES": {
    "opportunities_evaluated": 90,
    "targets_selected": 418,
    "tier_a_targets": 0,
    "tier_b_targets": 67,
    "tier_c_targets": 351
  },
  "ACTIONS": {
    "actions_attempted": 67,
    "actions_generated_locally": -284,
    "actions_sent_externally": 0,
    "publications_confirmed": 0,
    "action_failures": 0,
    "blocked_actions": 351
  },
  "CHANNEL TELEMETRY": {
    "channels_evaluated": 9,
    "channels_with_targets": 9,
    "channels_with_actions": 0,
    "channels_with_publications": 0,
    "channels_blocked": 0,
    "channel_diversity_score": 0.0,
    "per_channel": {
      "GITHUB": {
        "opportunities_evaluated": 10,
        "targets_selected": 186,
        "actions_attempted": 186,
        "actions_generated_locally": 67,
        "actions_sent_externally": 0,
        "publications_confirmed": 0,
        "failures": 0,
        "blocked": 119
      },
      "REDDIT": {
        "opportunities_evaluated": 10,
        "targets_selected": 29,
        "actions_attempted": 29,
        "actions_generated_locally": 0,
        "actions_sent_externally": 0,
        "publications_confirmed": 0,
        "failures": 0,
        "blocked": 29
      },
      "QUANTCONNECT": {
        "opportunities_evaluated": 10,
        "targets_selected": 29,
        "actions_attempted": 29,
        "actions_generated_locally": 0,
        "actions_sent_externally": 0,
        "publications_confirmed": 0,
        "failures": 0,
        "blocked": 29
      },
      "SEO": {
        "opportunities_evaluated": 10,
        "targets_selected": 29,
        "actions_attempted": 29,
        "actions_generated_locally": 0,
        "actions_sent_externally": 0,
        "publications_confirmed": 0,
        "failures": 0,
        "blocked": 29
      },
      "TECHNICAL_COMMUNITIES": {
        "opportunities_evaluated": 10,
        "targets_selected": 29,
        "actions_attempted": 29,
        "actions_generated_locally": 0,
        "actions_sent_externally": 0,
        "publications_confirmed": 0,
        "failures": 0,
        "blocked": 29
      },
      "DEVELOPER_FORUMS": {
        "opportunities_evaluated": 10,
        "targets_selected": 29,
        "actions_attempted": 29,
        "actions_generated_locally": 0,
        "actions_sent_externally": 0,
        "publications_confirmed": 0,
        "failures": 0,
        "blocked": 29
      },
      "B2B_DIRECTORIES": {
        "opportunities_evaluated": 10,
        "targets_selected": 29,
        "actions_attempted": 29,
        "actions_generated_locally": 0,
        "actions_sent_externally": 0,
        "publications_confirmed": 0,
        "failures": 0,
        "blocked": 29
      },
      "MARKETPLACES": {
        "opportunities_evaluated": 10,
        "targets_selected": 29,
        "actions_attempted": 29,
        "actions_generated_locally": 0,
        "actions_sent_externally": 0,
        "publications_confirmed": 0,
        "failures": 0,
        "blocked": 29
      },
      "CONTENT_DISCOVERY": {
        "opportunities_evaluated": 10,
        "targets_selected": 29,
        "actions_attempted": 29,
        "actions_generated_locally": 0,
        "actions_sent_externally": 0,
        "publications_confirmed": 0,
        "failures": 0,
        "blocked": 29
      }
    }
  },
  "REAL FUNNEL": {
    "human_replies": 0,
    "real_landing_visits": 0,
    "real_quiz_starts": 0,
    "real_emails": 0,
    "real_checkouts": 0,
    "real_payments": 0,
    "real_revenue_usd": 0,
    "real_audits": 0,
    "real_certificates": 0,
    "real_customer_emails": 0
  },
  "INTEGRITY": {
    "telemetry_inconsistencies_detected": 0,
    "telemetry_inconsistencies_corrected": 1,
    "synthetic_events": 0,
    "owner_internal_events": 0,
    "historical_events": 231
  },
  "OUTREACH": {
    "opportunities_evaluated": 90,
    "tier_a_targets": 0,
    "tier_b_targets": 67,
    "tier_c_targets": 351,
    "action_attempts": 67,
    "actions_successful": 0,
    "publications_created": 0,
    "blocked_actions": 351
  },
  "CHANNELS": {
    "channels_evaluated": 9,
    "channels_with_targets": 9,
    "channels_with_actions": 0,
    "channels_with_publications": 0,
    "channels_blocked": 0,
    "channel_diversity_score": 0.0
  },
  "RISK": {
    "duplicate_blocks": 252,
    "cooldown_blocks": 0,
    "relevance_blocks": 21,
    "promotion_risk_blocks": 0,
    "exposure_budget_blocks": 0
  },
  "ENGAGEMENT": {
    "human_replies": 0,
    "real_landing_visits": 0,
    "real_quiz_starts": 0,
    "real_emails": 0,
    "real_checkouts": 0
  },
  "REVENUE": {
    "real_payments": 0,
    "real_revenue_usd": 0,
    "revenue_usd": 0
  },
  "DELIVERY": {
    "real_audits": 0,
    "real_certificates": 0,
    "real_emails_delivered": 0
  },
  "HISTORICAL / INTERNAL": {
    "historical_audits": 231,
    "historical_certificates": 231,
    "historical_internal_emails": 231,
    "historical_test_payments": 1
  },
  "ANTI-IDLE": {
    "productive_cycles": 569,
    "idle_cycles": 0,
    "idle_cycle": false,
    "fallback_actions": 1
  },
  "DELTA": {
    "opportunities_evaluated_delta": 90,
    "targets_selected_delta": 418,
    "actions_sent_externally_delta": 0,
    "real_landing_visits_delta": 0,
    "real_revenue_delta": 0.0
  },
  "NEXT_ACTION": "PUBLISH_TECHNICAL_CONTENT",
  "STATUSES": {
    "TELEMETRY_INTEGRITY": "PASS",
    "EXTERNAL_ACTION_PROOF": "PASS",
    "TIER_ACCOUNTING": "PASS",
    "CHANNEL_ACCOUNTING": "PASS",
    "ENGINE_EXECUTION": "PASS",
    "ADAPTIVE_FILTER": "PASS",
    "NO_IDLE": "PASS",
    "NO_REPEAT": "PASS",
    "EXPOSURE_BUDGET": "PASS",
    "MULTICHANNEL_ACTIVITY": "PASS",
    "MULTICHANNEL_ROTATION": "PASS",
    "REAL_HUMAN_INTEREST": "PENDING",
    "REAL_REVENUE": "PENDING",
    "FINAL_VERDICT": "READY_FOR_24H_LOOP"
  }
}
Sleeping 15 minutes (900s)...

[2026-09-02T22:14:56.857330+00:00] Executed Cycle #570 (cyc_0533b7c0)
{
  "timestamp": "2026-09-02T22:14:56.857330+00:00",
  "cycle_id": "cyc_0533b7c0",
  "OPERATING_MODE": "DISCOVERY_AND_DRAFT_ONLY",
  "EXTERNAL_PUBLICATION_ATTEMPTED": false,
  "OUTREACH_SAFETY": {
    "operating_mode": "DISCOVERY_AND_DRAFT_ONLY",
    "allow_external_publication": false,
    "external_publication_allowed": false,
    "external_publication_attempted": false,
    "block_reason": "EXTERNAL_PUBLICATION_REQUIRES_EXPLICIT_APPROVAL"
  },
  "PROSPECT_PIPELINE": {
    "prospects_discovered": 419,
    "prospects_eligible": 67,
    "blocked_self_target": 29,
    "blocked_duplicate": 252,
    "pending_source_verification": 0,
    "template_or_synthetic": 10,
    "internal_or_self": 29,
    "local_drafts_created": 67,
    "valid_human_approvable_drafts": 5,
    "invalidated_drafts_historical": 295,
    "github_live_search_enabled": true,
    "github_api_requests_made_current_cycle": 1,
    "github_api_results_received_current_cycle": 30,
    "github_http_200_responses_current_cycle": 1,
    "github_external_sources_verified_current_cycle": 10,
    "github_drafts_created_current_cycle": 67,
    "github_api_error_current_cycle": null,
    "github_api_rate_limit_status_current_cycle": {
      "remaining": 29,
      "limit": 30,
      "reset": "1788387357",
      "http_status": 200
    },
    "github_self_targets_blocked": 8,
    "github_duplicates_blocked": 0,
    "github_low_relevance_blocked": 21,
    "human_approval_required": true,
    "external_publications": 0,
    "external_publication_attempted": false
  },
  "SESSION": {
    "session_id": "sess_20260826_000957_11e9b0",
    "session_start_utc": "2026-08-26T00:09:57.414562+00:00",
    "elapsed_hours": 190.0832
  },
  "RUNTIME": {
    "cycles": 570,
    "successful_cycles": 570,
    "failed_cycles": 0,
    "idle_cycles": 0
  },
  "CYCLE": {
    "cycle_id": "cyc_0533b7c0",
    "timestamp": "2026-09-02T22:14:56.857330+00:00",
    "productive_action": "PUBLISH_TECHNICAL_CONTENT",
    "productive_action_status": "SUCCESS"
  },
  "OPPORTUNITIES": {
    "opportunities_evaluated": 90,
    "targets_selected": 419,
    "tier_a_targets": 0,
    "tier_b_targets": 67,
    "tier_c_targets": 352
  },
  "ACTIONS": {
    "actions_attempted": 67,
    "actions_generated_locally": -285,
    "actions_sent_externally": 0,
    "publications_confirmed": 0,
    "action_failures": 0,
    "blocked_actions": 352
  },
  "CHANNEL TELEMETRY": {
    "channels_evaluated": 9,
    "channels_with_targets": 9,
    "channels_with_actions": 0,
    "channels_with_publications": 0,
    "channels_blocked": 0,
    "channel_diversity_score": 0.0,
    "per_channel": {
      "GITHUB": {
        "opportunities_evaluated": 10,
        "targets_selected": 187,
        "actions_attempted": 187,
        "actions_generated_locally": 67,
        "actions_sent_externally": 0,
        "publications_confirmed": 0,
        "failures": 0,
        "blocked": 120
      },
      "REDDIT": {
        "opportunities_evaluated": 10,
        "targets_selected": 29,
        "actions_attempted": 29,
        "actions_generated_locally": 0,
        "actions_sent_externally": 0,
        "publications_confirmed": 0,
        "failures": 0,
        "blocked": 29
      },
      "QUANTCONNECT": {
        "opportunities_evaluated": 10,
        "targets_selected": 29,
        "actions_attempted": 29,
        "actions_generated_locally": 0,
        "actions_sent_externally": 0,
        "publications_confirmed": 0,
        "failures": 0,
        "blocked": 29
      },
      "SEO": {
        "opportunities_evaluated": 10,
        "targets_selected": 29,
        "actions_attempted": 29,
        "actions_generated_locally": 0,
        "actions_sent_externally": 0,
        "publications_confirmed": 0,
        "failures": 0,
        "blocked": 29
      },
      "TECHNICAL_COMMUNITIES": {
        "opportunities_evaluated": 10,
        "targets_selected": 29,
        "actions_attempted": 29,
        "actions_generated_locally": 0,
        "actions_sent_externally": 0,
        "publications_confirmed": 0,
        "failures": 0,
        "blocked": 29
      },
      "DEVELOPER_FORUMS": {
        "opportunities_evaluated": 10,
        "targets_selected": 29,
        "actions_attempted": 29,
        "actions_generated_locally": 0,
        "actions_sent_externally": 0,
        "publications_confirmed": 0,
        "failures": 0,
        "blocked": 29
      },
      "B2B_DIRECTORIES": {
        "opportunities_evaluated": 10,
        "targets_selected": 29,
        "actions_attempted": 29,
        "actions_generated_locally": 0,
        "actions_sent_externally": 0,
        "publications_confirmed": 0,
        "failures": 0,
        "blocked": 29
      },
      "MARKETPLACES": {
        "opportunities_evaluated": 10,
        "targets_selected": 29,
        "actions_attempted": 29,
        "actions_generated_locally": 0,
        "actions_sent_externally": 0,
        "publications_confirmed": 0,
        "failures": 0,
        "blocked": 29
      },
      "CONTENT_DISCOVERY": {
        "opportunities_evaluated": 10,
        "targets_selected": 29,
        "actions_attempted": 29,
        "actions_generated_locally": 0,
        "actions_sent_externally": 0,
        "publications_confirmed": 0,
        "failures": 0,
        "blocked": 29
      }
    }
  },
  "REAL FUNNEL": {
    "human_replies": 0,
    "real_landing_visits": 0,
    "real_quiz_starts": 0,
    "real_emails": 0,
    "real_checkouts": 0,
    "real_payments": 0,
    "real_revenue_usd": 0,
    "real_audits": 0,
    "real_certificates": 0,
    "real_customer_emails": 0
  },
  "INTEGRITY": {
    "telemetry_inconsistencies_detected": 0,
    "telemetry_inconsistencies_corrected": 1,
    "synthetic_events": 0,
    "owner_internal_events": 0,
    "historical_events": 231
  },
  "OUTREACH": {
    "opportunities_evaluated": 90,
    "tier_a_targets": 0,
    "tier_b_targets": 67,
    "tier_c_targets": 352,
    "action_attempts": 67,
    "actions_successful": 0,
    "publications_created": 0,
    "blocked_actions": 352
  },
  "CHANNELS": {
    "channels_evaluated": 9,
    "channels_with_targets": 9,
    "channels_with_actions": 0,
    "channels_with_publications": 0,
    "channels_blocked": 0,
    "channel_diversity_score": 0.0
  },
  "RISK": {
    "duplicate_blocks": 252,
    "cooldown_blocks": 0,
    "relevance_blocks": 21,
    "promotion_risk_blocks": 0,
    "exposure_budget_blocks": 0
  },
  "ENGAGEMENT": {
    "human_replies": 0,
    "real_landing_visits": 0,
    "real_quiz_starts": 0,
    "real_emails": 0,
    "real_checkouts": 0
  },
  "REVENUE": {
    "real_payments": 0,
    "real_revenue_usd": 0,
    "revenue_usd": 0
  },
  "DELIVERY": {
    "real_audits": 0,
    "real_certificates": 0,
    "real_emails_delivered": 0
  },
  "HISTORICAL / INTERNAL": {
    "historical_audits": 231,
    "historical_certificates": 231,
    "historical_internal_emails": 231,
    "historical_test_payments": 1
  },
  "ANTI-IDLE": {
    "productive_cycles": 570,
    "idle_cycles": 0,
    "idle_cycle": false,
    "fallback_actions": 1
  },
  "DELTA": {
    "opportunities_evaluated_delta": 90,
    "targets_selected_delta": 419,
    "actions_sent_externally_delta": 0,
    "real_landing_visits_delta": 0,
    "real_revenue_delta": 0.0
  },
  "NEXT_ACTION": "PUBLISH_TECHNICAL_CONTENT",
  "STATUSES": {
    "TELEMETRY_INTEGRITY": "PASS",
    "EXTERNAL_ACTION_PROOF": "PASS",
    "TIER_ACCOUNTING": "PASS",
    "CHANNEL_ACCOUNTING": "PASS",
    "ENGINE_EXECUTION": "PASS",
    "ADAPTIVE_FILTER": "PASS",
    "NO_IDLE": "PASS",
    "NO_REPEAT": "PASS",
    "EXPOSURE_BUDGET": "PASS",
    "MULTICHANNEL_ACTIVITY": "PASS",
    "MULTICHANNEL_ROTATION": "PASS",
    "REAL_HUMAN_INTEREST": "PENDING",
    "REAL_REVENUE": "PENDING",
    "FINAL_VERDICT": "READY_FOR_24H_LOOP"
  }
}
Sleeping 15 minutes (900s)...

[2026-09-02T22:29:58.761868+00:00] Executed Cycle #571 (cyc_f24d36c7)
{
  "timestamp": "2026-09-02T22:29:58.761868+00:00",
  "cycle_id": "cyc_f24d36c7",
  "OPERATING_MODE": "DISCOVERY_AND_DRAFT_ONLY",
  "EXTERNAL_PUBLICATION_ATTEMPTED": false,
  "OUTREACH_SAFETY": {
    "operating_mode": "DISCOVERY_AND_DRAFT_ONLY",
    "allow_external_publication": false,
    "external_publication_allowed": false,
    "external_publication_attempted": false,
    "block_reason": "EXTERNAL_PUBLICATION_REQUIRES_EXPLICIT_APPROVAL"
  },
  "PROSPECT_PIPELINE": {
    "prospects_discovered": 419,
    "prospects_eligible": 67,
    "blocked_self_target": 29,
    "blocked_duplicate": 252,
    "pending_source_verification": 0,
    "template_or_synthetic": 10,
    "internal_or_self": 29,
    "local_drafts_created": 67,
    "valid_human_approvable_drafts": 5,
    "invalidated_drafts_historical": 295,
    "github_live_search_enabled": true,
    "github_api_requests_made_current_cycle": 1,
    "github_api_results_received_current_cycle": 30,
    "github_http_200_responses_current_cycle": 1,
    "github_external_sources_verified_current_cycle": 10,
    "github_drafts_created_current_cycle": 67,
    "github_api_error_current_cycle": null,
    "github_api_rate_limit_status_current_cycle": {
      "remaining": 29,
      "limit": 30,
      "reset": "1788388259",
      "http_status": 200
    },
    "github_self_targets_blocked": 8,
    "github_duplicates_blocked": 0,
    "github_low_relevance_blocked": 21,
    "human_approval_required": true,
    "external_publications": 0,
    "external_publication_attempted": false
  },
  "SESSION": {
    "session_id": "sess_20260826_000957_11e9b0",
    "session_start_utc": "2026-08-26T00:09:57.414562+00:00",
    "elapsed_hours": 190.3337
  },
  "RUNTIME": {
    "cycles": 571,
    "successful_cycles": 571,
    "failed_cycles": 0,
    "idle_cycles": 0
  },
  "CYCLE": {
    "cycle_id": "cyc_f24d36c7",
    "timestamp": "2026-09-02T22:29:58.761868+00:00",
    "productive_action": "PUBLISH_TECHNICAL_CONTENT",
    "productive_action_status": "SUCCESS"
  },
  "OPPORTUNITIES": {
    "opportunities_evaluated": 90,
    "targets_selected": 419,
    "tier_a_targets": 0,
    "tier_b_targets": 67,
    "tier_c_targets": 352
  },
  "ACTIONS": {
    "actions_attempted": 67,
    "actions_generated_locally": -285,
    "actions_sent_externally": 0,
    "publications_confirmed": 0,
    "action_failures": 0,
    "blocked_actions": 352
  },
  "CHANNEL TELEMETRY": {
    "channels_evaluated": 9,
    "channels_with_targets": 9,
    "channels_with_actions": 0,
    "channels_with_publications": 0,
    "channels_blocked": 0,
    "channel_diversity_score": 0.0,
    "per_channel": {
      "GITHUB": {
        "opportunities_evaluated": 10,
        "targets_selected": 187,
        "actions_attempted": 187,
        "actions_generated_locally": 67,
        "actions_sent_externally": 0,
        "publications_confirmed": 0,
        "failures": 0,
        "blocked": 120
      },
      "REDDIT": {
        "opportunities_evaluated": 10,
        "targets_selected": 29,
        "actions_attempted": 29,
        "actions_generated_locally": 0,
        "actions_sent_externally": 0,
        "publications_confirmed": 0,
        "failures": 0,
        "blocked": 29
      },
      "QUANTCONNECT": {
        "opportunities_evaluated": 10,
        "targets_selected": 29,
        "actions_attempted": 29,
        "actions_generated_locally": 0,
        "actions_sent_externally": 0,
        "publications_confirmed": 0,
        "failures": 0,
        "blocked": 29
      },
      "SEO": {
        "opportunities_evaluated": 10,
        "targets_selected": 29,
        "actions_attempted": 29,
        "actions_generated_locally": 0,
        "actions_sent_externally": 0,
        "publications_confirmed": 0,
        "failures": 0,
        "blocked": 29
      },
      "TECHNICAL_COMMUNITIES": {
        "opportunities_evaluated": 10,
        "targets_selected": 29,
        "actions_attempted": 29,
        "actions_generated_locally": 0,
        "actions_sent_externally": 0,
        "publications_confirmed": 0,
        "failures": 0,
        "blocked": 29
      },
      "DEVELOPER_FORUMS": {
        "opportunities_evaluated": 10,
        "targets_selected": 29,
        "actions_attempted": 29,
        "actions_generated_locally": 0,
        "actions_sent_externally": 0,
        "publications_confirmed": 0,
        "failures": 0,
        "blocked": 29
      },
      "B2B_DIRECTORIES": {
        "opportunities_evaluated": 10,
        "targets_selected": 29,
        "actions_attempted": 29,
        "actions_generated_locally": 0,
        "actions_sent_externally": 0,
        "publications_confirmed": 0,
        "failures": 0,
        "blocked": 29
      },
      "MARKETPLACES": {
        "opportunities_evaluated": 10,
        "targets_selected": 29,
        "actions_attempted": 29,
        "actions_generated_locally": 0,
        "actions_sent_externally": 0,
        "publications_confirmed": 0,
        "failures": 0,
        "blocked": 29
      },
      "CONTENT_DISCOVERY": {
        "opportunities_evaluated": 10,
        "targets_selected": 29,
        "actions_attempted": 29,
        "actions_generated_locally": 0,
        "actions_sent_externally": 0,
        "publications_confirmed": 0,
        "failures": 0,
        "blocked": 29
      }
    }
  },
  "REAL FUNNEL": {
    "human_replies": 0,
    "real_landing_visits": 0,
    "real_quiz_starts": 0,
    "real_emails": 0,
    "real_checkouts": 0,
    "real_payments": 0,
    "real_revenue_usd": 0,
    "real_audits": 0,
    "real_certificates": 0,
    "real_customer_emails": 0
  },
  "INTEGRITY": {
    "telemetry_inconsistencies_detected": 0,
    "telemetry_inconsistencies_corrected": 1,
    "synthetic_events": 0,
    "owner_internal_events": 0,
    "historical_events": 231
  },
  "OUTREACH": {
    "opportunities_evaluated": 90,
    "tier_a_targets": 0,
    "tier_b_targets": 67,
    "tier_c_targets": 352,
    "action_attempts": 67,
    "actions_successful": 0,
    "publications_created": 0,
    "blocked_actions": 352
  },
  "CHANNELS": {
    "channels_evaluated": 9,
    "channels_with_targets": 9,
    "channels_with_actions": 0,
    "channels_with_publications": 0,
    "channels_blocked": 0,
    "channel_diversity_score": 0.0
  },
  "RISK": {
    "duplicate_blocks": 252,
    "cooldown_blocks": 0,
    "relevance_blocks": 21,
    "promotion_risk_blocks": 0,
    "exposure_budget_blocks": 0
  },
  "ENGAGEMENT": {
    "human_replies": 0,
    "real_landing_visits": 0,
    "real_quiz_starts": 0,
    "real_emails": 0,
    "real_checkouts": 0
  },
  "REVENUE": {
    "real_payments": 0,
    "real_revenue_usd": 0,
    "revenue_usd": 0
  },
  "DELIVERY": {
    "real_audits": 0,
    "real_certificates": 0,
    "real_emails_delivered": 0
  },
  "HISTORICAL / INTERNAL": {
    "historical_audits": 231,
    "historical_certificates": 231,
    "historical_internal_emails": 231,
    "historical_test_payments": 1
  },
  "ANTI-IDLE": {
    "productive_cycles": 571,
    "idle_cycles": 0,
    "idle_cycle": false,
    "fallback_actions": 1
  },
  "DELTA": {
    "opportunities_evaluated_delta": 90,
    "targets_selected_delta": 419,
    "actions_sent_externally_delta": 0,
    "real_landing_visits_delta": 0,
    "real_revenue_delta": 0.0
  },
  "NEXT_ACTION": "PUBLISH_TECHNICAL_CONTENT",
  "STATUSES": {
    "TELEMETRY_INTEGRITY": "PASS",
    "EXTERNAL_ACTION_PROOF": "PASS",
    "TIER_ACCOUNTING": "PASS",
    "CHANNEL_ACCOUNTING": "PASS",
    "ENGINE_EXECUTION": "PASS",
    "ADAPTIVE_FILTER": "PASS",
    "NO_IDLE": "PASS",
    "NO_REPEAT": "PASS",
    "EXPOSURE_BUDGET": "PASS",
    "MULTICHANNEL_ACTIVITY": "PASS",
    "MULTICHANNEL_ROTATION": "PASS",
    "REAL_HUMAN_INTEREST": "PENDING",
    "REAL_REVENUE": "PENDING",
    "FINAL_VERDICT": "READY_FOR_24H_LOOP"
  }
}
Sleeping 15 minutes (900s)...

[2026-09-02T22:45:01.212344+00:00] Executed Cycle #572 (cyc_e8147de0)
{
  "timestamp": "2026-09-02T22:45:01.212344+00:00",
  "cycle_id": "cyc_e8147de0",
  "OPERATING_MODE": "DISCOVERY_AND_DRAFT_ONLY",
  "EXTERNAL_PUBLICATION_ATTEMPTED": false,
  "OUTREACH_SAFETY": {
    "operating_mode": "DISCOVERY_AND_DRAFT_ONLY",
    "allow_external_publication": false,
    "external_publication_allowed": false,
    "external_publication_attempted": false,
    "block_reason": "EXTERNAL_PUBLICATION_REQUIRES_EXPLICIT_APPROVAL"
  },
  "PROSPECT_PIPELINE": {
    "prospects_discovered": 419,
    "prospects_eligible": 67,
    "blocked_self_target": 29,
    "blocked_duplicate": 252,
    "pending_source_verification": 0,
    "template_or_synthetic": 10,
    "internal_or_self": 29,
    "local_drafts_created": 67,
    "valid_human_approvable_drafts": 5,
    "invalidated_drafts_historical": 295,
    "github_live_search_enabled": true,
    "github_api_requests_made_current_cycle": 1,
    "github_api_results_received_current_cycle": 30,
    "github_http_200_responses_current_cycle": 1,
    "github_external_sources_verified_current_cycle": 10,
    "github_drafts_created_current_cycle": 67,
    "github_api_error_current_cycle": null,
    "github_api_rate_limit_status_current_cycle": {
      "remaining": 29,
      "limit": 30,
      "reset": "1788389161",
      "http_status": 200
    },
    "github_self_targets_blocked": 8,
    "github_duplicates_blocked": 0,
    "github_low_relevance_blocked": 21,
    "human_approval_required": true,
    "external_publications": 0,
    "external_publication_attempted": false
  },
  "SESSION": {
    "session_id": "sess_20260826_000957_11e9b0",
    "session_start_utc": "2026-08-26T00:09:57.414562+00:00",
    "elapsed_hours": 190.5844
  },
  "RUNTIME": {
    "cycles": 572,
    "successful_cycles": 572,
    "failed_cycles": 0,
    "idle_cycles": 0
  },
  "CYCLE": {
    "cycle_id": "cyc_e8147de0",
    "timestamp": "2026-09-02T22:45:01.212344+00:00",
    "productive_action": "PUBLISH_TECHNICAL_CONTENT",
    "productive_action_status": "SUCCESS"
  },
  "OPPORTUNITIES": {
    "opportunities_evaluated": 90,
    "targets_selected": 419,
    "tier_a_targets": 0,
    "tier_b_targets": 67,
    "tier_c_targets": 352
  },
  "ACTIONS": {
    "actions_attempted": 67,
    "actions_generated_locally": -285,
    "actions_sent_externally": 0,
    "publications_confirmed": 0,
    "action_failures": 0,
    "blocked_actions": 352
  },
  "CHANNEL TELEMETRY": {
    "channels_evaluated": 9,
    "channels_with_targets": 9,
    "channels_with_actions": 0,
    "channels_with_publications": 0,
    "channels_blocked": 0,
    "channel_diversity_score": 0.0,
    "per_channel": {
      "GITHUB": {
        "opportunities_evaluated": 10,
        "targets_selected": 187,
        "actions_attempted": 187,
        "actions_generated_locally": 67,
        "actions_sent_externally": 0,
        "publications_confirmed": 0,
        "failures": 0,
        "blocked": 120
      },
      "REDDIT": {
        "opportunities_evaluated": 10,
        "targets_selected": 29,
        "actions_attempted": 29,
        "actions_generated_locally": 0,
        "actions_sent_externally": 0,
        "publications_confirmed": 0,
        "failures": 0,
        "blocked": 29
      },
      "QUANTCONNECT": {
        "opportunities_evaluated": 10,
        "targets_selected": 29,
        "actions_attempted": 29,
        "actions_generated_locally": 0,
        "actions_sent_externally": 0,
        "publications_confirmed": 0,
        "failures": 0,
        "blocked": 29
      },
      "SEO": {
        "opportunities_evaluated": 10,
        "targets_selected": 29,
        "actions_attempted": 29,
        "actions_generated_locally": 0,
        "actions_sent_externally": 0,
        "publications_confirmed": 0,
        "failures": 0,
        "blocked": 29
      },
      "TECHNICAL_COMMUNITIES": {
        "opportunities_evaluated": 10,
        "targets_selected": 29,
        "actions_attempted": 29,
        "actions_generated_locally": 0,
        "actions_sent_externally": 0,
        "publications_confirmed": 0,
        "failures": 0,
        "blocked": 29
      },
      "DEVELOPER_FORUMS": {
        "opportunities_evaluated": 10,
        "targets_selected": 29,
        "actions_attempted": 29,
        "actions_generated_locally": 0,
        "actions_sent_externally": 0,
        "publications_confirmed": 0,
        "failures": 0,
        "blocked": 29
      },
      "B2B_DIRECTORIES": {
        "opportunities_evaluated": 10,
        "targets_selected": 29,
        "actions_attempted": 29,
        "actions_generated_locally": 0,
        "actions_sent_externally": 0,
        "publications_confirmed": 0,
        "failures": 0,
        "blocked": 29
      },
      "MARKETPLACES": {
        "opportunities_evaluated": 10,
        "targets_selected": 29,
        "actions_attempted": 29,
        "actions_generated_locally": 0,
        "actions_sent_externally": 0,
        "publications_confirmed": 0,
        "failures": 0,
        "blocked": 29
      },
      "CONTENT_DISCOVERY": {
        "opportunities_evaluated": 10,
        "targets_selected": 29,
        "actions_attempted": 29,
        "actions_generated_locally": 0,
        "actions_sent_externally": 0,
        "publications_confirmed": 0,
        "failures": 0,
        "blocked": 29
      }
    }
  },
  "REAL FUNNEL": {
    "human_replies": 0,
    "real_landing_visits": 0,
    "real_quiz_starts": 0,
    "real_emails": 0,
    "real_checkouts": 0,
    "real_payments": 0,
    "real_revenue_usd": 0,
    "real_audits": 0,
    "real_certificates": 0,
    "real_customer_emails": 0
  },
  "INTEGRITY": {
    "telemetry_inconsistencies_detected": 0,
    "telemetry_inconsistencies_corrected": 1,
    "synthetic_events": 0,
    "owner_internal_events": 0,
    "historical_events": 231
  },
  "OUTREACH": {
    "opportunities_evaluated": 90,
    "tier_a_targets": 0,
    "tier_b_targets": 67,
    "tier_c_targets": 352,
    "action_attempts": 67,
    "actions_successful": 0,
    "publications_created": 0,
    "blocked_actions": 352
  },
  "CHANNELS": {
    "channels_evaluated": 9,
    "channels_with_targets": 9,
    "channels_with_actions": 0,
    "channels_with_publications": 0,
    "channels_blocked": 0,
    "channel_diversity_score": 0.0
  },
  "RISK": {
    "duplicate_blocks": 252,
    "cooldown_blocks": 0,
    "relevance_blocks": 21,
    "promotion_risk_blocks": 0,
    "exposure_budget_blocks": 0
  },
  "ENGAGEMENT": {
    "human_replies": 0,
    "real_landing_visits": 0,
    "real_quiz_starts": 0,
    "real_emails": 0,
    "real_checkouts": 0
  },
  "REVENUE": {
    "real_payments": 0,
    "real_revenue_usd": 0,
    "revenue_usd": 0
  },
  "DELIVERY": {
    "real_audits": 0,
    "real_certificates": 0,
    "real_emails_delivered": 0
  },
  "HISTORICAL / INTERNAL": {
    "historical_audits": 231,
    "historical_certificates": 231,
    "historical_internal_emails": 231,
    "historical_test_payments": 1
  },
  "ANTI-IDLE": {
    "productive_cycles": 572,
    "idle_cycles": 0,
    "idle_cycle": false,
    "fallback_actions": 1
  },
  "DELTA": {
    "opportunities_evaluated_delta": 90,
    "targets_selected_delta": 419,
    "actions_sent_externally_delta": 0,
    "real_landing_visits_delta": 0,
    "real_revenue_delta": 0.0
  },
  "NEXT_ACTION": "PUBLISH_TECHNICAL_CONTENT",
  "STATUSES": {
    "TELEMETRY_INTEGRITY": "PASS",
    "EXTERNAL_ACTION_PROOF": "PASS",
    "TIER_ACCOUNTING": "PASS",
    "CHANNEL_ACCOUNTING": "PASS",
    "ENGINE_EXECUTION": "PASS",
    "ADAPTIVE_FILTER": "PASS",
    "NO_IDLE": "PASS",
    "NO_REPEAT": "PASS",
    "EXPOSURE_BUDGET": "PASS",
    "MULTICHANNEL_ACTIVITY": "PASS",
    "MULTICHANNEL_ROTATION": "PASS",
    "REAL_HUMAN_INTEREST": "PENDING",
    "REAL_REVENUE": "PENDING",
    "FINAL_VERDICT": "READY_FOR_24H_LOOP"
  }
}
Sleeping 15 minutes (900s)...

[2026-09-02T23:00:03.183908+00:00] Executed Cycle #573 (cyc_5cca835e)
{
  "timestamp": "2026-09-02T23:00:03.183908+00:00",
  "cycle_id": "cyc_5cca835e",
  "OPERATING_MODE": "DISCOVERY_AND_DRAFT_ONLY",
  "EXTERNAL_PUBLICATION_ATTEMPTED": false,
  "OUTREACH_SAFETY": {
    "operating_mode": "DISCOVERY_AND_DRAFT_ONLY",
    "allow_external_publication": false,
    "external_publication_allowed": false,
    "external_publication_attempted": false,
    "block_reason": "EXTERNAL_PUBLICATION_REQUIRES_EXPLICIT_APPROVAL"
  },
  "PROSPECT_PIPELINE": {
    "prospects_discovered": 419,
    "prospects_eligible": 67,
    "blocked_self_target": 29,
    "blocked_duplicate": 252,
    "pending_source_verification": 0,
    "template_or_synthetic": 10,
    "internal_or_self": 29,
    "local_drafts_created": 67,
    "valid_human_approvable_drafts": 5,
    "invalidated_drafts_historical": 295,
    "github_live_search_enabled": true,
    "github_api_requests_made_current_cycle": 1,
    "github_api_results_received_current_cycle": 30,
    "github_http_200_responses_current_cycle": 1,
    "github_external_sources_verified_current_cycle": 10,
    "github_drafts_created_current_cycle": 67,
    "github_api_error_current_cycle": null,
    "github_api_rate_limit_status_current_cycle": {
      "remaining": 29,
      "limit": 30,
      "reset": "1788390063",
      "http_status": 200
    },
    "github_self_targets_blocked": 9,
    "github_duplicates_blocked": 0,
    "github_low_relevance_blocked": 21,
    "human_approval_required": true,
    "external_publications": 0,
    "external_publication_attempted": false
  },
  "SESSION": {
    "session_id": "sess_20260826_000957_11e9b0",
    "session_start_utc": "2026-08-26T00:09:57.414562+00:00",
    "elapsed_hours": 190.8349
  },
  "RUNTIME": {
    "cycles": 573,
    "successful_cycles": 573,
    "failed_cycles": 0,
    "idle_cycles": 0
  },
  "CYCLE": {
    "cycle_id": "cyc_5cca835e",
    "timestamp": "2026-09-02T23:00:03.183908+00:00",
    "productive_action": "PUBLISH_TECHNICAL_CONTENT",
    "productive_action_status": "SUCCESS"
  },
  "OPPORTUNITIES": {
    "opportunities_evaluated": 90,
    "targets_selected": 419,
    "tier_a_targets": 0,
    "tier_b_targets": 67,
    "tier_c_targets": 352
  },
  "ACTIONS": {
    "actions_attempted": 67,
    "actions_generated_locally": -285,
    "actions_sent_externally": 0,
    "publications_confirmed": 0,
    "action_failures": 0,
    "blocked_actions": 352
  },
  "CHANNEL TELEMETRY": {
    "channels_evaluated": 9,
    "channels_with_targets": 9,
    "channels_with_actions": 0,
    "channels_with_publications": 0,
    "channels_blocked": 0,
    "channel_diversity_score": 0.0,
    "per_channel": {
      "GITHUB": {
        "opportunities_evaluated": 10,
        "targets_selected": 187,
        "actions_attempted": 187,
        "actions_generated_locally": 67,
        "actions_sent_externally": 0,
        "publications_confirmed": 0,
        "failures": 0,
        "blocked": 120
      },
      "REDDIT": {
        "opportunities_evaluated": 10,
        "targets_selected": 29,
        "actions_attempted": 29,
        "actions_generated_locally": 0,
        "actions_sent_externally": 0,
        "publications_confirmed": 0,
        "failures": 0,
        "blocked": 29
      },
      "QUANTCONNECT": {
        "opportunities_evaluated": 10,
        "targets_selected": 29,
        "actions_attempted": 29,
        "actions_generated_locally": 0,
        "actions_sent_externally": 0,
        "publications_confirmed": 0,
        "failures": 0,
        "blocked": 29
      },
      "SEO": {
        "opportunities_evaluated": 10,
        "targets_selected": 29,
        "actions_attempted": 29,
        "actions_generated_locally": 0,
        "actions_sent_externally": 0,
        "publications_confirmed": 0,
        "failures": 0,
        "blocked": 29
      },
      "TECHNICAL_COMMUNITIES": {
        "opportunities_evaluated": 10,
        "targets_selected": 29,
        "actions_attempted": 29,
        "actions_generated_locally": 0,
        "actions_sent_externally": 0,
        "publications_confirmed": 0,
        "failures": 0,
        "blocked": 29
      },
      "DEVELOPER_FORUMS": {
        "opportunities_evaluated": 10,
        "targets_selected": 29,
        "actions_attempted": 29,
        "actions_generated_locally": 0,
        "actions_sent_externally": 0,
        "publications_confirmed": 0,
        "failures": 0,
        "blocked": 29
      },
      "B2B_DIRECTORIES": {
        "opportunities_evaluated": 10,
        "targets_selected": 29,
        "actions_attempted": 29,
        "actions_generated_locally": 0,
        "actions_sent_externally": 0,
        "publications_confirmed": 0,
        "failures": 0,
        "blocked": 29
      },
      "MARKETPLACES": {
        "opportunities_evaluated": 10,
        "targets_selected": 29,
        "actions_attempted": 29,
        "actions_generated_locally": 0,
        "actions_sent_externally": 0,
        "publications_confirmed": 0,
        "failures": 0,
        "blocked": 29
      },
      "CONTENT_DISCOVERY": {
        "opportunities_evaluated": 10,
        "targets_selected": 29,
        "actions_attempted": 29,
        "actions_generated_locally": 0,
        "actions_sent_externally": 0,
        "publications_confirmed": 0,
        "failures": 0,
        "blocked": 29
      }
    }
  },
  "REAL FUNNEL": {
    "human_replies": 0,
    "real_landing_visits": 0,
    "real_quiz_starts": 0,
    "real_emails": 0,
    "real_checkouts": 0,
    "real_payments": 0,
    "real_revenue_usd": 0,
    "real_audits": 0,
    "real_certificates": 0,
    "real_customer_emails": 0
  },
  "INTEGRITY": {
    "telemetry_inconsistencies_detected": 0,
    "telemetry_inconsistencies_corrected": 1,
    "synthetic_events": 0,
    "owner_internal_events": 0,
    "historical_events": 231
  },
  "OUTREACH": {
    "opportunities_evaluated": 90,
    "tier_a_targets": 0,
    "tier_b_targets": 67,
    "tier_c_targets": 352,
    "action_attempts": 67,
    "actions_successful": 0,
    "publications_created": 0,
    "blocked_actions": 352
  },
  "CHANNELS": {
    "channels_evaluated": 9,
    "channels_with_targets": 9,
    "channels_with_actions": 0,
    "channels_with_publications": 0,
    "channels_blocked": 0,
    "channel_diversity_score": 0.0
  },
  "RISK": {
    "duplicate_blocks": 252,
    "cooldown_blocks": 0,
    "relevance_blocks": 21,
    "promotion_risk_blocks": 0,
    "exposure_budget_blocks": 0
  },
  "ENGAGEMENT": {
    "human_replies": 0,
    "real_landing_visits": 0,
    "real_quiz_starts": 0,
    "real_emails": 0,
    "real_checkouts": 0
  },
  "REVENUE": {
    "real_payments": 0,
    "real_revenue_usd": 0,
    "revenue_usd": 0
  },
  "DELIVERY": {
    "real_audits": 0,
    "real_certificates": 0,
    "real_emails_delivered": 0
  },
  "HISTORICAL / INTERNAL": {
    "historical_audits": 231,
    "historical_certificates": 231,
    "historical_internal_emails": 231,
    "historical_test_payments": 1
  },
  "ANTI-IDLE": {
    "productive_cycles": 573,
    "idle_cycles": 0,
    "idle_cycle": false,
    "fallback_actions": 1
  },
  "DELTA": {
    "opportunities_evaluated_delta": 90,
    "targets_selected_delta": 419,
    "actions_sent_externally_delta": 0,
    "real_landing_visits_delta": 0,
    "real_revenue_delta": 0.0
  },
  "NEXT_ACTION": "PUBLISH_TECHNICAL_CONTENT",
  "STATUSES": {
    "TELEMETRY_INTEGRITY": "PASS",
    "EXTERNAL_ACTION_PROOF": "PASS",
    "TIER_ACCOUNTING": "PASS",
    "CHANNEL_ACCOUNTING": "PASS",
    "ENGINE_EXECUTION": "PASS",
    "ADAPTIVE_FILTER": "PASS",
    "NO_IDLE": "PASS",
    "NO_REPEAT": "PASS",
    "EXPOSURE_BUDGET": "PASS",
    "MULTICHANNEL_ACTIVITY": "PASS",
    "MULTICHANNEL_ROTATION": "PASS",
    "REAL_HUMAN_INTEREST": "PENDING",
    "REAL_REVENUE": "PENDING",
    "FINAL_VERDICT": "READY_FOR_24H_LOOP"
  }
}
Sleeping 15 minutes (900s)...

[2026-09-02T23:15:05.118660+00:00] Executed Cycle #574 (cyc_37a363e7)
{
  "timestamp": "2026-09-02T23:15:05.118660+00:00",
  "cycle_id": "cyc_37a363e7",
  "OPERATING_MODE": "DISCOVERY_AND_DRAFT_ONLY",
  "EXTERNAL_PUBLICATION_ATTEMPTED": false,
  "OUTREACH_SAFETY": {
    "operating_mode": "DISCOVERY_AND_DRAFT_ONLY",
    "allow_external_publication": false,
    "external_publication_allowed": false,
    "external_publication_attempted": false,
    "block_reason": "EXTERNAL_PUBLICATION_REQUIRES_EXPLICIT_APPROVAL"
  },
  "PROSPECT_PIPELINE": {
    "prospects_discovered": 419,
    "prospects_eligible": 67,
    "blocked_self_target": 29,
    "blocked_duplicate": 252,
    "pending_source_verification": 0,
    "template_or_synthetic": 10,
    "internal_or_self": 29,
    "local_drafts_created": 67,
    "valid_human_approvable_drafts": 5,
    "invalidated_drafts_historical": 295,
    "github_live_search_enabled": true,
    "github_api_requests_made_current_cycle": 1,
    "github_api_results_received_current_cycle": 30,
    "github_http_200_responses_current_cycle": 1,
    "github_external_sources_verified_current_cycle": 10,
    "github_drafts_created_current_cycle": 67,
    "github_api_error_current_cycle": null,
    "github_api_rate_limit_status_current_cycle": {
      "remaining": 29,
      "limit": 30,
      "reset": "1788390965",
      "http_status": 200
    },
    "github_self_targets_blocked": 9,
    "github_duplicates_blocked": 0,
    "github_low_relevance_blocked": 21,
    "human_approval_required": true,
    "external_publications": 0,
    "external_publication_attempted": false
  },
  "SESSION": {
    "session_id": "sess_20260826_000957_11e9b0",
    "session_start_utc": "2026-08-26T00:09:57.414562+00:00",
    "elapsed_hours": 191.0855
  },
  "RUNTIME": {
    "cycles": 574,
    "successful_cycles": 574,
    "failed_cycles": 0,
    "idle_cycles": 0
  },
  "CYCLE": {
    "cycle_id": "cyc_37a363e7",
    "timestamp": "2026-09-02T23:15:05.118660+00:00",
    "productive_action": "PUBLISH_TECHNICAL_CONTENT",
    "productive_action_status": "SUCCESS"
  },
  "OPPORTUNITIES": {
    "opportunities_evaluated": 90,
    "targets_selected": 419,
    "tier_a_targets": 0,
    "tier_b_targets": 67,
    "tier_c_targets": 352
  },
  "ACTIONS": {
    "actions_attempted": 67,
    "actions_generated_locally": -285,
    "actions_sent_externally": 0,
    "publications_confirmed": 0,
    "action_failures": 0,
    "blocked_actions": 352
  },
  "CHANNEL TELEMETRY": {
    "channels_evaluated": 9,
    "channels_with_targets": 9,
    "channels_with_actions": 0,
    "channels_with_publications": 0,
    "channels_blocked": 0,
    "channel_diversity_score": 0.0,
    "per_channel": {
      "GITHUB": {
        "opportunities_evaluated": 10,
        "targets_selected": 187,
        "actions_attempted": 187,
        "actions_generated_locally": 67,
        "actions_sent_externally": 0,
        "publications_confirmed": 0,
        "failures": 0,
        "blocked": 120
      },
      "REDDIT": {
        "opportunities_evaluated": 10,
        "targets_selected": 29,
        "actions_attempted": 29,
        "actions_generated_locally": 0,
        "actions_sent_externally": 0,
        "publications_confirmed": 0,
        "failures": 0,
        "blocked": 29
      },
      "QUANTCONNECT": {
        "opportunities_evaluated": 10,
        "targets_selected": 29,
        "actions_attempted": 29,
        "actions_generated_locally": 0,
        "actions_sent_externally": 0,
        "publications_confirmed": 0,
        "failures": 0,
        "blocked": 29
      },
      "SEO": {
        "opportunities_evaluated": 10,
        "targets_selected": 29,
        "actions_attempted": 29,
        "actions_generated_locally": 0,
        "actions_sent_externally": 0,
        "publications_confirmed": 0,
        "failures": 0,
        "blocked": 29
      },
      "TECHNICAL_COMMUNITIES": {
        "opportunities_evaluated": 10,
        "targets_selected": 29,
        "actions_attempted": 29,
        "actions_generated_locally": 0,
        "actions_sent_externally": 0,
        "publications_confirmed": 0,
        "failures": 0,
        "blocked": 29
      },
      "DEVELOPER_FORUMS": {
        "opportunities_evaluated": 10,
        "targets_selected": 29,
        "actions_attempted": 29,
        "actions_generated_locally": 0,
        "actions_sent_externally": 0,
        "publications_confirmed": 0,
        "failures": 0,
        "blocked": 29
      },
      "B2B_DIRECTORIES": {
        "opportunities_evaluated": 10,
        "targets_selected": 29,
        "actions_attempted": 29,
        "actions_generated_locally": 0,
        "actions_sent_externally": 0,
        "publications_confirmed": 0,
        "failures": 0,
        "blocked": 29
      },
      "MARKETPLACES": {
        "opportunities_evaluated": 10,
        "targets_selected": 29,
        "actions_attempted": 29,
        "actions_generated_locally": 0,
        "actions_sent_externally": 0,
        "publications_confirmed": 0,
        "failures": 0,
        "blocked": 29
      },
      "CONTENT_DISCOVERY": {
        "opportunities_evaluated": 10,
        "targets_selected": 29,
        "actions_attempted": 29,
        "actions_generated_locally": 0,
        "actions_sent_externally": 0,
        "publications_confirmed": 0,
        "failures": 0,
        "blocked": 29
      }
    }
  },
  "REAL FUNNEL": {
    "human_replies": 0,
    "real_landing_visits": 0,
    "real_quiz_starts": 0,
    "real_emails": 0,
    "real_checkouts": 0,
    "real_payments": 0,
    "real_revenue_usd": 0,
    "real_audits": 0,
    "real_certificates": 0,
    "real_customer_emails": 0
  },
  "INTEGRITY": {
    "telemetry_inconsistencies_detected": 0,
    "telemetry_inconsistencies_corrected": 1,
    "synthetic_events": 0,
    "owner_internal_events": 0,
    "historical_events": 231
  },
  "OUTREACH": {
    "opportunities_evaluated": 90,
    "tier_a_targets": 0,
    "tier_b_targets": 67,
    "tier_c_targets": 352,
    "action_attempts": 67,
    "actions_successful": 0,
    "publications_created": 0,
    "blocked_actions": 352
  },
  "CHANNELS": {
    "channels_evaluated": 9,
    "channels_with_targets": 9,
    "channels_with_actions": 0,
    "channels_with_publications": 0,
    "channels_blocked": 0,
    "channel_diversity_score": 0.0
  },
  "RISK": {
    "duplicate_blocks": 252,
    "cooldown_blocks": 0,
    "relevance_blocks": 21,
    "promotion_risk_blocks": 0,
    "exposure_budget_blocks": 0
  },
  "ENGAGEMENT": {
    "human_replies": 0,
    "real_landing_visits": 0,
    "real_quiz_starts": 0,
    "real_emails": 0,
    "real_checkouts": 0
  },
  "REVENUE": {
    "real_payments": 0,
    "real_revenue_usd": 0,
    "revenue_usd": 0
  },
  "DELIVERY": {
    "real_audits": 0,
    "real_certificates": 0,
    "real_emails_delivered": 0
  },
  "HISTORICAL / INTERNAL": {
    "historical_audits": 231,
    "historical_certificates": 231,
    "historical_internal_emails": 231,
    "historical_test_payments": 1
  },
  "ANTI-IDLE": {
    "productive_cycles": 574,
    "idle_cycles": 0,
    "idle_cycle": false,
    "fallback_actions": 1
  },
  "DELTA": {
    "opportunities_evaluated_delta": 90,
    "targets_selected_delta": 419,
    "actions_sent_externally_delta": 0,
    "real_landing_visits_delta": 0,
    "real_revenue_delta": 0.0
  },
  "NEXT_ACTION": "PUBLISH_TECHNICAL_CONTENT",
  "STATUSES": {
    "TELEMETRY_INTEGRITY": "PASS",
    "EXTERNAL_ACTION_PROOF": "PASS",
    "TIER_ACCOUNTING": "PASS",
    "CHANNEL_ACCOUNTING": "PASS",
    "ENGINE_EXECUTION": "PASS",
    "ADAPTIVE_FILTER": "PASS",
    "NO_IDLE": "PASS",
    "NO_REPEAT": "PASS",
    "EXPOSURE_BUDGET": "PASS",
    "MULTICHANNEL_ACTIVITY": "PASS",
    "MULTICHANNEL_ROTATION": "PASS",
    "REAL_HUMAN_INTEREST": "PENDING",
    "REAL_REVENUE": "PENDING",
    "FINAL_VERDICT": "READY_FOR_24H_LOOP"
  }
}
Sleeping 15 minutes (900s)...

[2026-09-02T23:30:07.169000+00:00] Executed Cycle #575 (cyc_19e2f906)
{
  "timestamp": "2026-09-02T23:30:07.169000+00:00",
  "cycle_id": "cyc_19e2f906",
  "OPERATING_MODE": "DISCOVERY_AND_DRAFT_ONLY",
  "EXTERNAL_PUBLICATION_ATTEMPTED": false,
  "OUTREACH_SAFETY": {
    "operating_mode": "DISCOVERY_AND_DRAFT_ONLY",
    "allow_external_publication": false,
    "external_publication_allowed": false,
    "external_publication_attempted": false,
    "block_reason": "EXTERNAL_PUBLICATION_REQUIRES_EXPLICIT_APPROVAL"
  },
  "PROSPECT_PIPELINE": {
    "prospects_discovered": 419,
    "prospects_eligible": 67,
    "blocked_self_target": 29,
    "blocked_duplicate": 252,
    "pending_source_verification": 0,
    "template_or_synthetic": 10,
    "internal_or_self": 29,
    "local_drafts_created": 67,
    "valid_human_approvable_drafts": 5,
    "invalidated_drafts_historical": 295,
    "github_live_search_enabled": true,
    "github_api_requests_made_current_cycle": 1,
    "github_api_results_received_current_cycle": 5,
    "github_http_200_responses_current_cycle": 1,
    "github_external_sources_verified_current_cycle": 4,
    "github_drafts_created_current_cycle": 67,
    "github_api_error_current_cycle": null,
    "github_api_rate_limit_status_current_cycle": {
      "remaining": 29,
      "limit": 30,
      "reset": "1788391867",
      "http_status": 200
    },
    "github_self_targets_blocked": 9,
    "github_duplicates_blocked": 0,
    "github_low_relevance_blocked": 21,
    "human_approval_required": true,
    "external_publications": 0,
    "external_publication_attempted": false
  },
  "SESSION": {
    "session_id": "sess_20260826_000957_11e9b0",
    "session_start_utc": "2026-08-26T00:09:57.414562+00:00",
    "elapsed_hours": 191.336
  },
  "RUNTIME": {
    "cycles": 575,
    "successful_cycles": 575,
    "failed_cycles": 0,
    "idle_cycles": 0
  },
  "CYCLE": {
    "cycle_id": "cyc_19e2f906",
    "timestamp": "2026-09-02T23:30:07.169000+00:00",
    "productive_action": "PUBLISH_TECHNICAL_CONTENT",
    "productive_action_status": "SUCCESS"
  },
  "OPPORTUNITIES": {
    "opportunities_evaluated": 90,
    "targets_selected": 419,
    "tier_a_targets": 0,
    "tier_b_targets": 67,
    "tier_c_targets": 352
  },
  "ACTIONS": {
    "actions_attempted": 67,
    "actions_generated_locally": -285,
    "actions_sent_externally": 0,
    "publications_confirmed": 0,
    "action_failures": 0,
    "blocked_actions": 352
  },
  "CHANNEL TELEMETRY": {
    "channels_evaluated": 9,
    "channels_with_targets": 9,
    "channels_with_actions": 0,
    "channels_with_publications": 0,
    "channels_blocked": 0,
    "channel_diversity_score": 0.0,
    "per_channel": {
      "GITHUB": {
        "opportunities_evaluated": 10,
        "targets_selected": 187,
        "actions_attempted": 187,
        "actions_generated_locally": 67,
        "actions_sent_externally": 0,
        "publications_confirmed": 0,
        "failures": 0,
        "blocked": 120
      },
      "REDDIT": {
        "opportunities_evaluated": 10,
        "targets_selected": 29,
        "actions_attempted": 29,
        "actions_generated_locally": 0,
        "actions_sent_externally": 0,
        "publications_confirmed": 0,
        "failures": 0,
        "blocked": 29
      },
      "QUANTCONNECT": {
        "opportunities_evaluated": 10,
        "targets_selected": 29,
        "actions_attempted": 29,
        "actions_generated_locally": 0,
        "actions_sent_externally": 0,
        "publications_confirmed": 0,
        "failures": 0,
        "blocked": 29
      },
      "SEO": {
        "opportunities_evaluated": 10,
        "targets_selected": 29,
        "actions_attempted": 29,
        "actions_generated_locally": 0,
        "actions_sent_externally": 0,
        "publications_confirmed": 0,
        "failures": 0,
        "blocked": 29
      },
      "TECHNICAL_COMMUNITIES": {
        "opportunities_evaluated": 10,
        "targets_selected": 29,
        "actions_attempted": 29,
        "actions_generated_locally": 0,
        "actions_sent_externally": 0,
        "publications_confirmed": 0,
        "failures": 0,
        "blocked": 29
      },
      "DEVELOPER_FORUMS": {
        "opportunities_evaluated": 10,
        "targets_selected": 29,
        "actions_attempted": 29,
        "actions_generated_locally": 0,
        "actions_sent_externally": 0,
        "publications_confirmed": 0,
        "failures": 0,
        "blocked": 29
      },
      "B2B_DIRECTORIES": {
        "opportunities_evaluated": 10,
        "targets_selected": 29,
        "actions_attempted": 29,
        "actions_generated_locally": 0,
        "actions_sent_externally": 0,
        "publications_confirmed": 0,
        "failures": 0,
        "blocked": 29
      },
      "MARKETPLACES": {
        "opportunities_evaluated": 10,
        "targets_selected": 29,
        "actions_attempted": 29,
        "actions_generated_locally": 0,
        "actions_sent_externally": 0,
        "publications_confirmed": 0,
        "failures": 0,
        "blocked": 29
      },
      "CONTENT_DISCOVERY": {
        "opportunities_evaluated": 10,
        "targets_selected": 29,
        "actions_attempted": 29,
        "actions_generated_locally": 0,
        "actions_sent_externally": 0,
        "publications_confirmed": 0,
        "failures": 0,
        "blocked": 29
      }
    }
  },
  "REAL FUNNEL": {
    "human_replies": 0,
    "real_landing_visits": 0,
    "real_quiz_starts": 0,
    "real_emails": 0,
    "real_checkouts": 0,
    "real_payments": 0,
    "real_revenue_usd": 0,
    "real_audits": 0,
    "real_certificates": 0,
    "real_customer_emails": 0
  },
  "INTEGRITY": {
    "telemetry_inconsistencies_detected": 0,
    "telemetry_inconsistencies_corrected": 1,
    "synthetic_events": 0,
    "owner_internal_events": 0,
    "historical_events": 231
  },
  "OUTREACH": {
    "opportunities_evaluated": 90,
    "tier_a_targets": 0,
    "tier_b_targets": 67,
    "tier_c_targets": 352,
    "action_attempts": 67,
    "actions_successful": 0,
    "publications_created": 0,
    "blocked_actions": 352
  },
  "CHANNELS": {
    "channels_evaluated": 9,
    "channels_with_targets": 9,
    "channels_with_actions": 0,
    "channels_with_publications": 0,
    "channels_blocked": 0,
    "channel_diversity_score": 0.0
  },
  "RISK": {
    "duplicate_blocks": 252,
    "cooldown_blocks": 0,
    "relevance_blocks": 21,
    "promotion_risk_blocks": 0,
    "exposure_budget_blocks": 0
  },
  "ENGAGEMENT": {
    "human_replies": 0,
    "real_landing_visits": 0,
    "real_quiz_starts": 0,
    "real_emails": 0,
    "real_checkouts": 0
  },
  "REVENUE": {
    "real_payments": 0,
    "real_revenue_usd": 0,
    "revenue_usd": 0
  },
  "DELIVERY": {
    "real_audits": 0,
    "real_certificates": 0,
    "real_emails_delivered": 0
  },
  "HISTORICAL / INTERNAL": {
    "historical_audits": 231,
    "historical_certificates": 231,
    "historical_internal_emails": 231,
    "historical_test_payments": 1
  },
  "ANTI-IDLE": {
    "productive_cycles": 575,
    "idle_cycles": 0,
    "idle_cycle": false,
    "fallback_actions": 1
  },
  "DELTA": {
    "opportunities_evaluated_delta": 90,
    "targets_selected_delta": 419,
    "actions_sent_externally_delta": 0,
    "real_landing_visits_delta": 0,
    "real_revenue_delta": 0.0
  },
  "NEXT_ACTION": "PUBLISH_TECHNICAL_CONTENT",
  "STATUSES": {
    "TELEMETRY_INTEGRITY": "PASS",
    "EXTERNAL_ACTION_PROOF": "PASS",
    "TIER_ACCOUNTING": "PASS",
    "CHANNEL_ACCOUNTING": "PASS",
    "ENGINE_EXECUTION": "PASS",
    "ADAPTIVE_FILTER": "PASS",
    "NO_IDLE": "PASS",
    "NO_REPEAT": "PASS",
    "EXPOSURE_BUDGET": "PASS",
    "MULTICHANNEL_ACTIVITY": "PASS",
    "MULTICHANNEL_ROTATION": "PASS",
    "REAL_HUMAN_INTEREST": "PENDING",
    "REAL_REVENUE": "PENDING",
    "FINAL_VERDICT": "READY_FOR_24H_LOOP"
  }
}
Sleeping 15 minutes (900s)...

[2026-09-02T23:45:08.568579+00:00] Executed Cycle #576 (cyc_eedc8d73)
{
  "timestamp": "2026-09-02T23:45:08.568579+00:00",
  "cycle_id": "cyc_eedc8d73",
  "OPERATING_MODE": "DISCOVERY_AND_DRAFT_ONLY",
  "EXTERNAL_PUBLICATION_ATTEMPTED": false,
  "OUTREACH_SAFETY": {
    "operating_mode": "DISCOVERY_AND_DRAFT_ONLY",
    "allow_external_publication": false,
    "external_publication_allowed": false,
    "external_publication_attempted": false,
    "block_reason": "EXTERNAL_PUBLICATION_REQUIRES_EXPLICIT_APPROVAL"
  },
  "PROSPECT_PIPELINE": {
    "prospects_discovered": 419,
    "prospects_eligible": 67,
    "blocked_self_target": 29,
    "blocked_duplicate": 252,
    "pending_source_verification": 0,
    "template_or_synthetic": 10,
    "internal_or_self": 29,
    "local_drafts_created": 67,
    "valid_human_approvable_drafts": 5,
    "invalidated_drafts_historical": 295,
    "github_live_search_enabled": true,
    "github_api_requests_made_current_cycle": 1,
    "github_api_results_received_current_cycle": 30,
    "github_http_200_responses_current_cycle": 1,
    "github_external_sources_verified_current_cycle": 10,
    "github_drafts_created_current_cycle": 67,
    "github_api_error_current_cycle": null,
    "github_api_rate_limit_status_current_cycle": {
      "remaining": 29,
      "limit": 30,
      "reset": "1788392768",
      "http_status": 200
    },
    "github_self_targets_blocked": 10,
    "github_duplicates_blocked": 0,
    "github_low_relevance_blocked": 21,
    "human_approval_required": true,
    "external_publications": 0,
    "external_publication_attempted": false
  },
  "SESSION": {
    "session_id": "sess_20260826_000957_11e9b0",
    "session_start_utc": "2026-08-26T00:09:57.414562+00:00",
    "elapsed_hours": 191.5864
  },
  "RUNTIME": {
    "cycles": 576,
    "successful_cycles": 576,
    "failed_cycles": 0,
    "idle_cycles": 0
  },
  "CYCLE": {
    "cycle_id": "cyc_eedc8d73",
    "timestamp": "2026-09-02T23:45:08.568579+00:00",
    "productive_action": "PUBLISH_TECHNICAL_CONTENT",
    "productive_action_status": "SUCCESS"
  },
  "OPPORTUNITIES": {
    "opportunities_evaluated": 90,
    "targets_selected": 419,
    "tier_a_targets": 0,
    "tier_b_targets": 67,
    "tier_c_targets": 352
  },
  "ACTIONS": {
    "actions_attempted": 67,
    "actions_generated_locally": -285,
    "actions_sent_externally": 0,
    "publications_confirmed": 0,
    "action_failures": 0,
    "blocked_actions": 352
  },
  "CHANNEL TELEMETRY": {
    "channels_evaluated": 9,
    "channels_with_targets": 9,
    "channels_with_actions": 0,
    "channels_with_publications": 0,
    "channels_blocked": 0,
    "channel_diversity_score": 0.0,
    "per_channel": {
      "GITHUB": {
        "opportunities_evaluated": 10,
        "targets_selected": 187,
        "actions_attempted": 187,
        "actions_generated_locally": 67,
        "actions_sent_externally": 0,
        "publications_confirmed": 0,
        "failures": 0,
        "blocked": 120
      },
      "REDDIT": {
        "opportunities_evaluated": 10,
        "targets_selected": 29,
        "actions_attempted": 29,
        "actions_generated_locally": 0,
        "actions_sent_externally": 0,
        "publications_confirmed": 0,
        "failures": 0,
        "blocked": 29
      },
      "QUANTCONNECT": {
        "opportunities_evaluated": 10,
        "targets_selected": 29,
        "actions_attempted": 29,
        "actions_generated_locally": 0,
        "actions_sent_externally": 0,
        "publications_confirmed": 0,
        "failures": 0,
        "blocked": 29
      },
      "SEO": {
        "opportunities_evaluated": 10,
        "targets_selected": 29,
        "actions_attempted": 29,
        "actions_generated_locally": 0,
        "actions_sent_externally": 0,
        "publications_confirmed": 0,
        "failures": 0,
        "blocked": 29
      },
      "TECHNICAL_COMMUNITIES": {
        "opportunities_evaluated": 10,
        "targets_selected": 29,
        "actions_attempted": 29,
        "actions_generated_locally": 0,
        "actions_sent_externally": 0,
        "publications_confirmed": 0,
        "failures": 0,
        "blocked": 29
      },
      "DEVELOPER_FORUMS": {
        "opportunities_evaluated": 10,
        "targets_selected": 29,
        "actions_attempted": 29,
        "actions_generated_locally": 0,
        "actions_sent_externally": 0,
        "publications_confirmed": 0,
        "failures": 0,
        "blocked": 29
      },
      "B2B_DIRECTORIES": {
        "opportunities_evaluated": 10,
        "targets_selected": 29,
        "actions_attempted": 29,
        "actions_generated_locally": 0,
        "actions_sent_externally": 0,
        "publications_confirmed": 0,
        "failures": 0,
        "blocked": 29
      },
      "MARKETPLACES": {
        "opportunities_evaluated": 10,
        "targets_selected": 29,
        "actions_attempted": 29,
        "actions_generated_locally": 0,
        "actions_sent_externally": 0,
        "publications_confirmed": 0,
        "failures": 0,
        "blocked": 29
      },
      "CONTENT_DISCOVERY": {
        "opportunities_evaluated": 10,
        "targets_selected": 29,
        "actions_attempted": 29,
        "actions_generated_locally": 0,
        "actions_sent_externally": 0,
        "publications_confirmed": 0,
        "failures": 0,
        "blocked": 29
      }
    }
  },
  "REAL FUNNEL": {
    "human_replies": 0,
    "real_landing_visits": 0,
    "real_quiz_starts": 0,
    "real_emails": 0,
    "real_checkouts": 0,
    "real_payments": 0,
    "real_revenue_usd": 0,
    "real_audits": 0,
    "real_certificates": 0,
    "real_customer_emails": 0
  },
  "INTEGRITY": {
    "telemetry_inconsistencies_detected": 0,
    "telemetry_inconsistencies_corrected": 1,
    "synthetic_events": 0,
    "owner_internal_events": 0,
    "historical_events": 231
  },
  "OUTREACH": {
    "opportunities_evaluated": 90,
    "tier_a_targets": 0,
    "tier_b_targets": 67,
    "tier_c_targets": 352,
    "action_attempts": 67,
    "actions_successful": 0,
    "publications_created": 0,
    "blocked_actions": 352
  },
  "CHANNELS": {
    "channels_evaluated": 9,
    "channels_with_targets": 9,
    "channels_with_actions": 0,
    "channels_with_publications": 0,
    "channels_blocked": 0,
    "channel_diversity_score": 0.0
  },
  "RISK": {
    "duplicate_blocks": 252,
    "cooldown_blocks": 0,
    "relevance_blocks": 21,
    "promotion_risk_blocks": 0,
    "exposure_budget_blocks": 0
  },
  "ENGAGEMENT": {
    "human_replies": 0,
    "real_landing_visits": 0,
    "real_quiz_starts": 0,
    "real_emails": 0,
    "real_checkouts": 0
  },
  "REVENUE": {
    "real_payments": 0,
    "real_revenue_usd": 0,
    "revenue_usd": 0
  },
  "DELIVERY": {
    "real_audits": 0,
    "real_certificates": 0,
    "real_emails_delivered": 0
  },
  "HISTORICAL / INTERNAL": {
    "historical_audits": 231,
    "historical_certificates": 231,
    "historical_internal_emails": 231,
    "historical_test_payments": 1
  },
  "ANTI-IDLE": {
    "productive_cycles": 576,
    "idle_cycles": 0,
    "idle_cycle": false,
    "fallback_actions": 1
  },
  "DELTA": {
    "opportunities_evaluated_delta": 90,
    "targets_selected_delta": 419,
    "actions_sent_externally_delta": 0,
    "real_landing_visits_delta": 0,
    "real_revenue_delta": 0.0
  },
  "NEXT_ACTION": "PUBLISH_TECHNICAL_CONTENT",
  "STATUSES": {
    "TELEMETRY_INTEGRITY": "PASS",
    "EXTERNAL_ACTION_PROOF": "PASS",
    "TIER_ACCOUNTING": "PASS",
    "CHANNEL_ACCOUNTING": "PASS",
    "ENGINE_EXECUTION": "PASS",
    "ADAPTIVE_FILTER": "PASS",
    "NO_IDLE": "PASS",
    "NO_REPEAT": "PASS",
    "EXPOSURE_BUDGET": "PASS",
    "MULTICHANNEL_ACTIVITY": "PASS",
    "MULTICHANNEL_ROTATION": "PASS",
    "REAL_HUMAN_INTEREST": "PENDING",
    "REAL_REVENUE": "PENDING",
    "FINAL_VERDICT": "READY_FOR_24H_LOOP"
  }
}
Sleeping 15 minutes (900s)...

[2026-09-03T00:00:10.373568+00:00] Executed Cycle #577 (cyc_f2b38a97)
{
  "timestamp": "2026-09-03T00:00:10.373568+00:00",
  "cycle_id": "cyc_f2b38a97",
  "OPERATING_MODE": "DISCOVERY_AND_DRAFT_ONLY",
  "EXTERNAL_PUBLICATION_ATTEMPTED": false,
  "OUTREACH_SAFETY": {
    "operating_mode": "DISCOVERY_AND_DRAFT_ONLY",
    "allow_external_publication": false,
    "external_publication_allowed": false,
    "external_publication_attempted": false,
    "block_reason": "EXTERNAL_PUBLICATION_REQUIRES_EXPLICIT_APPROVAL"
  },
  "PROSPECT_PIPELINE": {
    "prospects_discovered": 419,
    "prospects_eligible": 67,
    "blocked_self_target": 29,
    "blocked_duplicate": 252,
    "pending_source_verification": 0,
    "template_or_synthetic": 10,
    "internal_or_self": 29,
    "local_drafts_created": 67,
    "valid_human_approvable_drafts": 5,
    "invalidated_drafts_historical": 295,
    "github_live_search_enabled": true,
    "github_api_requests_made_current_cycle": 1,
    "github_api_results_received_current_cycle": 30,
    "github_http_200_responses_current_cycle": 1,
    "github_external_sources_verified_current_cycle": 10,
    "github_drafts_created_current_cycle": 67,
    "github_api_error_current_cycle": null,
    "github_api_rate_limit_status_current_cycle": {
      "remaining": 29,
      "limit": 30,
      "reset": "1788393670",
      "http_status": 200
    },
    "github_self_targets_blocked": 10,
    "github_duplicates_blocked": 0,
    "github_low_relevance_blocked": 21,
    "human_approval_required": true,
    "external_publications": 0,
    "external_publication_attempted": false
  },
  "SESSION": {
    "session_id": "sess_20260826_000957_11e9b0",
    "session_start_utc": "2026-08-26T00:09:57.414562+00:00",
    "elapsed_hours": 191.8369
  },
  "RUNTIME": {
    "cycles": 577,
    "successful_cycles": 577,
    "failed_cycles": 0,
    "idle_cycles": 0
  },
  "CYCLE": {
    "cycle_id": "cyc_f2b38a97",
    "timestamp": "2026-09-03T00:00:10.373568+00:00",
    "productive_action": "PUBLISH_TECHNICAL_CONTENT",
    "productive_action_status": "SUCCESS"
  },
  "OPPORTUNITIES": {
    "opportunities_evaluated": 90,
    "targets_selected": 419,
    "tier_a_targets": 0,
    "tier_b_targets": 67,
    "tier_c_targets": 352
  },
  "ACTIONS": {
    "actions_attempted": 67,
    "actions_generated_locally": -285,
    "actions_sent_externally": 0,
    "publications_confirmed": 0,
    "action_failures": 0,
    "blocked_actions": 352
  },
  "CHANNEL TELEMETRY": {
    "channels_evaluated": 9,
    "channels_with_targets": 9,
    "channels_with_actions": 0,
    "channels_with_publications": 0,
    "channels_blocked": 0,
    "channel_diversity_score": 0.0,
    "per_channel": {
      "GITHUB": {
        "opportunities_evaluated": 10,
        "targets_selected": 187,
        "actions_attempted": 187,
        "actions_generated_locally": 67,
        "actions_sent_externally": 0,
        "publications_confirmed": 0,
        "failures": 0,
        "blocked": 120
      },
      "REDDIT": {
        "opportunities_evaluated": 10,
        "targets_selected": 29,
        "actions_attempted": 29,
        "actions_generated_locally": 0,
        "actions_sent_externally": 0,
        "publications_confirmed": 0,
        "failures": 0,
        "blocked": 29
      },
      "QUANTCONNECT": {
        "opportunities_evaluated": 10,
        "targets_selected": 29,
        "actions_attempted": 29,
        "actions_generated_locally": 0,
        "actions_sent_externally": 0,
        "publications_confirmed": 0,
        "failures": 0,
        "blocked": 29
      },
      "SEO": {
        "opportunities_evaluated": 10,
        "targets_selected": 29,
        "actions_attempted": 29,
        "actions_generated_locally": 0,
        "actions_sent_externally": 0,
        "publications_confirmed": 0,
        "failures": 0,
        "blocked": 29
      },
      "TECHNICAL_COMMUNITIES": {
        "opportunities_evaluated": 10,
        "targets_selected": 29,
        "actions_attempted": 29,
        "actions_generated_locally": 0,
        "actions_sent_externally": 0,
        "publications_confirmed": 0,
        "failures": 0,
        "blocked": 29
      },
      "DEVELOPER_FORUMS": {
        "opportunities_evaluated": 10,
        "targets_selected": 29,
        "actions_attempted": 29,
        "actions_generated_locally": 0,
        "actions_sent_externally": 0,
        "publications_confirmed": 0,
        "failures": 0,
        "blocked": 29
      },
      "B2B_DIRECTORIES": {
        "opportunities_evaluated": 10,
        "targets_selected": 29,
        "actions_attempted": 29,
        "actions_generated_locally": 0,
        "actions_sent_externally": 0,
        "publications_confirmed": 0,
        "failures": 0,
        "blocked": 29
      },
      "MARKETPLACES": {
        "opportunities_evaluated": 10,
        "targets_selected": 29,
        "actions_attempted": 29,
        "actions_generated_locally": 0,
        "actions_sent_externally": 0,
        "publications_confirmed": 0,
        "failures": 0,
        "blocked": 29
      },
      "CONTENT_DISCOVERY": {
        "opportunities_evaluated": 10,
        "targets_selected": 29,
        "actions_attempted": 29,
        "actions_generated_locally": 0,
        "actions_sent_externally": 0,
        "publications_confirmed": 0,
        "failures": 0,
        "blocked": 29
      }
    }
  },
  "REAL FUNNEL": {
    "human_replies": 0,
    "real_landing_visits": 0,
    "real_quiz_starts": 0,
    "real_emails": 0,
    "real_checkouts": 0,
    "real_payments": 0,
    "real_revenue_usd": 0,
    "real_audits": 0,
    "real_certificates": 0,
    "real_customer_emails": 0
  },
  "INTEGRITY": {
    "telemetry_inconsistencies_detected": 0,
    "telemetry_inconsistencies_corrected": 1,
    "synthetic_events": 0,
    "owner_internal_events": 0,
    "historical_events": 231
  },
  "OUTREACH": {
    "opportunities_evaluated": 90,
    "tier_a_targets": 0,
    "tier_b_targets": 67,
    "tier_c_targets": 352,
    "action_attempts": 67,
    "actions_successful": 0,
    "publications_created": 0,
    "blocked_actions": 352
  },
  "CHANNELS": {
    "channels_evaluated": 9,
    "channels_with_targets": 9,
    "channels_with_actions": 0,
    "channels_with_publications": 0,
    "channels_blocked": 0,
    "channel_diversity_score": 0.0
  },
  "RISK": {
    "duplicate_blocks": 252,
    "cooldown_blocks": 0,
    "relevance_blocks": 21,
    "promotion_risk_blocks": 0,
    "exposure_budget_blocks": 0
  },
  "ENGAGEMENT": {
    "human_replies": 0,
    "real_landing_visits": 0,
    "real_quiz_starts": 0,
    "real_emails": 0,
    "real_checkouts": 0
  },
  "REVENUE": {
    "real_payments": 0,
    "real_revenue_usd": 0,
    "revenue_usd": 0
  },
  "DELIVERY": {
    "real_audits": 0,
    "real_certificates": 0,
    "real_emails_delivered": 0
  },
  "HISTORICAL / INTERNAL": {
    "historical_audits": 231,
    "historical_certificates": 231,
    "historical_internal_emails": 231,
    "historical_test_payments": 1
  },
  "ANTI-IDLE": {
    "productive_cycles": 577,
    "idle_cycles": 0,
    "idle_cycle": false,
    "fallback_actions": 1
  },
  "DELTA": {
    "opportunities_evaluated_delta": 90,
    "targets_selected_delta": 419,
    "actions_sent_externally_delta": 0,
    "real_landing_visits_delta": 0,
    "real_revenue_delta": 0.0
  },
  "NEXT_ACTION": "PUBLISH_TECHNICAL_CONTENT",
  "STATUSES": {
    "TELEMETRY_INTEGRITY": "PASS",
    "EXTERNAL_ACTION_PROOF": "PASS",
    "TIER_ACCOUNTING": "PASS",
    "CHANNEL_ACCOUNTING": "PASS",
    "ENGINE_EXECUTION": "PASS",
    "ADAPTIVE_FILTER": "PASS",
    "NO_IDLE": "PASS",
    "NO_REPEAT": "PASS",
    "EXPOSURE_BUDGET": "PASS",
    "MULTICHANNEL_ACTIVITY": "PASS",
    "MULTICHANNEL_ROTATION": "PASS",
    "REAL_HUMAN_INTEREST": "PENDING",
    "REAL_REVENUE": "PENDING",
    "FINAL_VERDICT": "READY_FOR_24H_LOOP"
  }
}
Sleeping 15 minutes (900s)...

[2026-09-03T00:15:12.196407+00:00] Executed Cycle #578 (cyc_0f9c6851)
{
  "timestamp": "2026-09-03T00:15:12.196407+00:00",
  "cycle_id": "cyc_0f9c6851",
  "OPERATING_MODE": "DISCOVERY_AND_DRAFT_ONLY",
  "EXTERNAL_PUBLICATION_ATTEMPTED": false,
  "OUTREACH_SAFETY": {
    "operating_mode": "DISCOVERY_AND_DRAFT_ONLY",
    "allow_external_publication": false,
    "external_publication_allowed": false,
    "external_publication_attempted": false,
    "block_reason": "EXTERNAL_PUBLICATION_REQUIRES_EXPLICIT_APPROVAL"
  },
  "PROSPECT_PIPELINE": {
    "prospects_discovered": 419,
    "prospects_eligible": 67,
    "blocked_self_target": 29,
    "blocked_duplicate": 252,
    "pending_source_verification": 0,
    "template_or_synthetic": 10,
    "internal_or_self": 29,
    "local_drafts_created": 67,
    "valid_human_approvable_drafts": 5,
    "invalidated_drafts_historical": 295,
    "github_live_search_enabled": true,
    "github_api_requests_made_current_cycle": 1,
    "github_api_results_received_current_cycle": 30,
    "github_http_200_responses_current_cycle": 1,
    "github_external_sources_verified_current_cycle": 10,
    "github_drafts_created_current_cycle": 67,
    "github_api_error_current_cycle": null,
    "github_api_rate_limit_status_current_cycle": {
      "remaining": 29,
      "limit": 30,
      "reset": "1788394572",
      "http_status": 200
    },
    "github_self_targets_blocked": 10,
    "github_duplicates_blocked": 0,
    "github_low_relevance_blocked": 21,
    "human_approval_required": true,
    "external_publications": 0,
    "external_publication_attempted": false
  },
  "SESSION": {
    "session_id": "sess_20260826_000957_11e9b0",
    "session_start_utc": "2026-08-26T00:09:57.414562+00:00",
    "elapsed_hours": 192.0874
  },
  "RUNTIME": {
    "cycles": 578,
    "successful_cycles": 578,
    "failed_cycles": 0,
    "idle_cycles": 0
  },
  "CYCLE": {
    "cycle_id": "cyc_0f9c6851",
    "timestamp": "2026-09-03T00:15:12.196407+00:00",
    "productive_action": "PUBLISH_TECHNICAL_CONTENT",
    "productive_action_status": "SUCCESS"
  },
  "OPPORTUNITIES": {
    "opportunities_evaluated": 90,
    "targets_selected": 419,
    "tier_a_targets": 0,
    "tier_b_targets": 67,
    "tier_c_targets": 352
  },
  "ACTIONS": {
    "actions_attempted": 67,
    "actions_generated_locally": -285,
    "actions_sent_externally": 0,
    "publications_confirmed": 0,
    "action_failures": 0,
    "blocked_actions": 352
  },
  "CHANNEL TELEMETRY": {
    "channels_evaluated": 9,
    "channels_with_targets": 9,
    "channels_with_actions": 0,
    "channels_with_publications": 0,
    "channels_blocked": 0,
    "channel_diversity_score": 0.0,
    "per_channel": {
      "GITHUB": {
        "opportunities_evaluated": 10,
        "targets_selected": 187,
        "actions_attempted": 187,
        "actions_generated_locally": 67,
        "actions_sent_externally": 0,
        "publications_confirmed": 0,
        "failures": 0,
        "blocked": 120
      },
      "REDDIT": {
        "opportunities_evaluated": 10,
        "targets_selected": 29,
        "actions_attempted": 29,
        "actions_generated_locally": 0,
        "actions_sent_externally": 0,
        "publications_confirmed": 0,
        "failures": 0,
        "blocked": 29
      },
      "QUANTCONNECT": {
        "opportunities_evaluated": 10,
        "targets_selected": 29,
        "actions_attempted": 29,
        "actions_generated_locally": 0,
        "actions_sent_externally": 0,
        "publications_confirmed": 0,
        "failures": 0,
        "blocked": 29
      },
      "SEO": {
        "opportunities_evaluated": 10,
        "targets_selected": 29,
        "actions_attempted": 29,
        "actions_generated_locally": 0,
        "actions_sent_externally": 0,
        "publications_confirmed": 0,
        "failures": 0,
        "blocked": 29
      },
      "TECHNICAL_COMMUNITIES": {
        "opportunities_evaluated": 10,
        "targets_selected": 29,
        "actions_attempted": 29,
        "actions_generated_locally": 0,
        "actions_sent_externally": 0,
        "publications_confirmed": 0,
        "failures": 0,
        "blocked": 29
      },
      "DEVELOPER_FORUMS": {
        "opportunities_evaluated": 10,
        "targets_selected": 29,
        "actions_attempted": 29,
        "actions_generated_locally": 0,
        "actions_sent_externally": 0,
        "publications_confirmed": 0,
        "failures": 0,
        "blocked": 29
      },
      "B2B_DIRECTORIES": {
        "opportunities_evaluated": 10,
        "targets_selected": 29,
        "actions_attempted": 29,
        "actions_generated_locally": 0,
        "actions_sent_externally": 0,
        "publications_confirmed": 0,
        "failures": 0,
        "blocked": 29
      },
      "MARKETPLACES": {
        "opportunities_evaluated": 10,
        "targets_selected": 29,
        "actions_attempted": 29,
        "actions_generated_locally": 0,
        "actions_sent_externally": 0,
        "publications_confirmed": 0,
        "failures": 0,
        "blocked": 29
      },
      "CONTENT_DISCOVERY": {
        "opportunities_evaluated": 10,
        "targets_selected": 29,
        "actions_attempted": 29,
        "actions_generated_locally": 0,
        "actions_sent_externally": 0,
        "publications_confirmed": 0,
        "failures": 0,
        "blocked": 29
      }
    }
  },
  "REAL FUNNEL": {
    "human_replies": 0,
    "real_landing_visits": 0,
    "real_quiz_starts": 0,
    "real_emails": 0,
    "real_checkouts": 0,
    "real_payments": 0,
    "real_revenue_usd": 0,
    "real_audits": 0,
    "real_certificates": 0,
    "real_customer_emails": 0
  },
  "INTEGRITY": {
    "telemetry_inconsistencies_detected": 0,
    "telemetry_inconsistencies_corrected": 1,
    "synthetic_events": 0,
    "owner_internal_events": 0,
    "historical_events": 231
  },
  "OUTREACH": {
    "opportunities_evaluated": 90,
    "tier_a_targets": 0,
    "tier_b_targets": 67,
    "tier_c_targets": 352,
    "action_attempts": 67,
    "actions_successful": 0,
    "publications_created": 0,
    "blocked_actions": 352
  },
  "CHANNELS": {
    "channels_evaluated": 9,
    "channels_with_targets": 9,
    "channels_with_actions": 0,
    "channels_with_publications": 0,
    "channels_blocked": 0,
    "channel_diversity_score": 0.0
  },
  "RISK": {
    "duplicate_blocks": 252,
    "cooldown_blocks": 0,
    "relevance_blocks": 21,
    "promotion_risk_blocks": 0,
    "exposure_budget_blocks": 0
  },
  "ENGAGEMENT": {
    "human_replies": 0,
    "real_landing_visits": 0,
    "real_quiz_starts": 0,
    "real_emails": 0,
    "real_checkouts": 0
  },
  "REVENUE": {
    "real_payments": 0,
    "real_revenue_usd": 0,
    "revenue_usd": 0
  },
  "DELIVERY": {
    "real_audits": 0,
    "real_certificates": 0,
    "real_emails_delivered": 0
  },
  "HISTORICAL / INTERNAL": {
    "historical_audits": 231,
    "historical_certificates": 231,
    "historical_internal_emails": 231,
    "historical_test_payments": 1
  },
  "ANTI-IDLE": {
    "productive_cycles": 578,
    "idle_cycles": 0,
    "idle_cycle": false,
    "fallback_actions": 1
  },
  "DELTA": {
    "opportunities_evaluated_delta": 90,
    "targets_selected_delta": 419,
    "actions_sent_externally_delta": 0,
    "real_landing_visits_delta": 0,
    "real_revenue_delta": 0.0
  },
  "NEXT_ACTION": "PUBLISH_TECHNICAL_CONTENT",
  "STATUSES": {
    "TELEMETRY_INTEGRITY": "PASS",
    "EXTERNAL_ACTION_PROOF": "PASS",
    "TIER_ACCOUNTING": "PASS",
    "CHANNEL_ACCOUNTING": "PASS",
    "ENGINE_EXECUTION": "PASS",
    "ADAPTIVE_FILTER": "PASS",
    "NO_IDLE": "PASS",
    "NO_REPEAT": "PASS",
    "EXPOSURE_BUDGET": "PASS",
    "MULTICHANNEL_ACTIVITY": "PASS",
    "MULTICHANNEL_ROTATION": "PASS",
    "REAL_HUMAN_INTEREST": "PENDING",
    "REAL_REVENUE": "PENDING",
    "FINAL_VERDICT": "READY_FOR_24H_LOOP"
  }
}
Sleeping 15 minutes (900s)...

[2026-09-03T00:30:13.890176+00:00] Executed Cycle #579 (cyc_dc6b88d7)
{
  "timestamp": "2026-09-03T00:30:13.890176+00:00",
  "cycle_id": "cyc_dc6b88d7",
  "OPERATING_MODE": "DISCOVERY_AND_DRAFT_ONLY",
  "EXTERNAL_PUBLICATION_ATTEMPTED": false,
  "OUTREACH_SAFETY": {
    "operating_mode": "DISCOVERY_AND_DRAFT_ONLY",
    "allow_external_publication": false,
    "external_publication_allowed": false,
    "external_publication_attempted": false,
    "block_reason": "EXTERNAL_PUBLICATION_REQUIRES_EXPLICIT_APPROVAL"
  },
  "PROSPECT_PIPELINE": {
    "prospects_discovered": 419,
    "prospects_eligible": 67,
    "blocked_self_target": 29,
    "blocked_duplicate": 252,
    "pending_source_verification": 0,
    "template_or_synthetic": 10,
    "internal_or_self": 29,
    "local_drafts_created": 67,
    "valid_human_approvable_drafts": 5,
    "invalidated_drafts_historical": 295,
    "github_live_search_enabled": true,
    "github_api_requests_made_current_cycle": 1,
    "github_api_results_received_current_cycle": 30,
    "github_http_200_responses_current_cycle": 1,
    "github_external_sources_verified_current_cycle": 10,
    "github_drafts_created_current_cycle": 67,
    "github_api_error_current_cycle": null,
    "github_api_rate_limit_status_current_cycle": {
      "remaining": 29,
      "limit": 30,
      "reset": "1788395474",
      "http_status": 200
    },
    "github_self_targets_blocked": 11,
    "github_duplicates_blocked": 0,
    "github_low_relevance_blocked": 21,
    "human_approval_required": true,
    "external_publications": 0,
    "external_publication_attempted": false
  },
  "SESSION": {
    "session_id": "sess_20260826_000957_11e9b0",
    "session_start_utc": "2026-08-26T00:09:57.414562+00:00",
    "elapsed_hours": 192.3379
  },
  "RUNTIME": {
    "cycles": 579,
    "successful_cycles": 579,
    "failed_cycles": 0,
    "idle_cycles": 0
  },
  "CYCLE": {
    "cycle_id": "cyc_dc6b88d7",
    "timestamp": "2026-09-03T00:30:13.890176+00:00",
    "productive_action": "PUBLISH_TECHNICAL_CONTENT",
    "productive_action_status": "SUCCESS"
  },
  "OPPORTUNITIES": {
    "opportunities_evaluated": 90,
    "targets_selected": 419,
    "tier_a_targets": 0,
    "tier_b_targets": 67,
    "tier_c_targets": 352
  },
  "ACTIONS": {
    "actions_attempted": 67,
    "actions_generated_locally": -285,
    "actions_sent_externally": 0,
    "publications_confirmed": 0,
    "action_failures": 0,
    "blocked_actions": 352
  },
  "CHANNEL TELEMETRY": {
    "channels_evaluated": 9,
    "channels_with_targets": 9,
    "channels_with_actions": 0,
    "channels_with_publications": 0,
    "channels_blocked": 0,
    "channel_diversity_score": 0.0,
    "per_channel": {
      "GITHUB": {
        "opportunities_evaluated": 10,
        "targets_selected": 187,
        "actions_attempted": 187,
        "actions_generated_locally": 67,
        "actions_sent_externally": 0,
        "publications_confirmed": 0,
        "failures": 0,
        "blocked": 120
      },
      "REDDIT": {
        "opportunities_evaluated": 10,
        "targets_selected": 29,
        "actions_attempted": 29,
        "actions_generated_locally": 0,
        "actions_sent_externally": 0,
        "publications_confirmed": 0,
        "failures": 0,
        "blocked": 29
      },
      "QUANTCONNECT": {
        "opportunities_evaluated": 10,
        "targets_selected": 29,
        "actions_attempted": 29,
        "actions_generated_locally": 0,
        "actions_sent_externally": 0,
        "publications_confirmed": 0,
        "failures": 0,
        "blocked": 29
      },
      "SEO": {
        "opportunities_evaluated": 10,
        "targets_selected": 29,
        "actions_attempted": 29,
        "actions_generated_locally": 0,
        "actions_sent_externally": 0,
        "publications_confirmed": 0,
        "failures": 0,
        "blocked": 29
      },
      "TECHNICAL_COMMUNITIES": {
        "opportunities_evaluated": 10,
        "targets_selected": 29,
        "actions_attempted": 29,
        "actions_generated_locally": 0,
        "actions_sent_externally": 0,
        "publications_confirmed": 0,
        "failures": 0,
        "blocked": 29
      },
      "DEVELOPER_FORUMS": {
        "opportunities_evaluated": 10,
        "targets_selected": 29,
        "actions_attempted": 29,
        "actions_generated_locally": 0,
        "actions_sent_externally": 0,
        "publications_confirmed": 0,
        "failures": 0,
        "blocked": 29
      },
      "B2B_DIRECTORIES": {
        "opportunities_evaluated": 10,
        "targets_selected": 29,
        "actions_attempted": 29,
        "actions_generated_locally": 0,
        "actions_sent_externally": 0,
        "publications_confirmed": 0,
        "failures": 0,
        "blocked": 29
      },
      "MARKETPLACES": {
        "opportunities_evaluated": 10,
        "targets_selected": 29,
        "actions_attempted": 29,
        "actions_generated_locally": 0,
        "actions_sent_externally": 0,
        "publications_confirmed": 0,
        "failures": 0,
        "blocked": 29
      },
      "CONTENT_DISCOVERY": {
        "opportunities_evaluated": 10,
        "targets_selected": 29,
        "actions_attempted": 29,
        "actions_generated_locally": 0,
        "actions_sent_externally": 0,
        "publications_confirmed": 0,
        "failures": 0,
        "blocked": 29
      }
    }
  },
  "REAL FUNNEL": {
    "human_replies": 0,
    "real_landing_visits": 0,
    "real_quiz_starts": 0,
    "real_emails": 0,
    "real_checkouts": 0,
    "real_payments": 0,
    "real_revenue_usd": 0,
    "real_audits": 0,
    "real_certificates": 0,
    "real_customer_emails": 0
  },
  "INTEGRITY": {
    "telemetry_inconsistencies_detected": 0,
    "telemetry_inconsistencies_corrected": 1,
    "synthetic_events": 0,
    "owner_internal_events": 0,
    "historical_events": 231
  },
  "OUTREACH": {
    "opportunities_evaluated": 90,
    "tier_a_targets": 0,
    "tier_b_targets": 67,
    "tier_c_targets": 352,
    "action_attempts": 67,
    "actions_successful": 0,
    "publications_created": 0,
    "blocked_actions": 352
  },
  "CHANNELS": {
    "channels_evaluated": 9,
    "channels_with_targets": 9,
    "channels_with_actions": 0,
    "channels_with_publications": 0,
    "channels_blocked": 0,
    "channel_diversity_score": 0.0
  },
  "RISK": {
    "duplicate_blocks": 252,
    "cooldown_blocks": 0,
    "relevance_blocks": 21,
    "promotion_risk_blocks": 0,
    "exposure_budget_blocks": 0
  },
  "ENGAGEMENT": {
    "human_replies": 0,
    "real_landing_visits": 0,
    "real_quiz_starts": 0,
    "real_emails": 0,
    "real_checkouts": 0
  },
  "REVENUE": {
    "real_payments": 0,
    "real_revenue_usd": 0,
    "revenue_usd": 0
  },
  "DELIVERY": {
    "real_audits": 0,
    "real_certificates": 0,
    "real_emails_delivered": 0
  },
  "HISTORICAL / INTERNAL": {
    "historical_audits": 231,
    "historical_certificates": 231,
    "historical_internal_emails": 231,
    "historical_test_payments": 1
  },
  "ANTI-IDLE": {
    "productive_cycles": 579,
    "idle_cycles": 0,
    "idle_cycle": false,
    "fallback_actions": 1
  },
  "DELTA": {
    "opportunities_evaluated_delta": 90,
    "targets_selected_delta": 419,
    "actions_sent_externally_delta": 0,
    "real_landing_visits_delta": 0,
    "real_revenue_delta": 0.0
  },
  "NEXT_ACTION": "PUBLISH_TECHNICAL_CONTENT",
  "STATUSES": {
    "TELEMETRY_INTEGRITY": "PASS",
    "EXTERNAL_ACTION_PROOF": "PASS",
    "TIER_ACCOUNTING": "PASS",
    "CHANNEL_ACCOUNTING": "PASS",
    "ENGINE_EXECUTION": "PASS",
    "ADAPTIVE_FILTER": "PASS",
    "NO_IDLE": "PASS",
    "NO_REPEAT": "PASS",
    "EXPOSURE_BUDGET": "PASS",
    "MULTICHANNEL_ACTIVITY": "PASS",
    "MULTICHANNEL_ROTATION": "PASS",
    "REAL_HUMAN_INTEREST": "PENDING",
    "REAL_REVENUE": "PENDING",
    "FINAL_VERDICT": "READY_FOR_24H_LOOP"
  }
}
Sleeping 15 minutes (900s)...

[2026-09-03T00:45:16.572496+00:00] Executed Cycle #580 (cyc_5e2c5f45)
{
  "timestamp": "2026-09-03T00:45:16.572496+00:00",
  "cycle_id": "cyc_5e2c5f45",
  "OPERATING_MODE": "DISCOVERY_AND_DRAFT_ONLY",
  "EXTERNAL_PUBLICATION_ATTEMPTED": false,
  "OUTREACH_SAFETY": {
    "operating_mode": "DISCOVERY_AND_DRAFT_ONLY",
    "allow_external_publication": false,
    "external_publication_allowed": false,
    "external_publication_attempted": false,
    "block_reason": "EXTERNAL_PUBLICATION_REQUIRES_EXPLICIT_APPROVAL"
  },
  "PROSPECT_PIPELINE": {
    "prospects_discovered": 420,
    "prospects_eligible": 67,
    "blocked_self_target": 29,
    "blocked_duplicate": 252,
    "pending_source_verification": 0,
    "template_or_synthetic": 10,
    "internal_or_self": 29,
    "local_drafts_created": 67,
    "valid_human_approvable_drafts": 5,
    "invalidated_drafts_historical": 295,
    "github_live_search_enabled": true,
    "github_api_requests_made_current_cycle": 1,
    "github_api_results_received_current_cycle": 30,
    "github_http_200_responses_current_cycle": 1,
    "github_external_sources_verified_current_cycle": 10,
    "github_drafts_created_current_cycle": 67,
    "github_api_error_current_cycle": null,
    "github_api_rate_limit_status_current_cycle": {
      "remaining": 29,
      "limit": 30,
      "reset": "1788396376",
      "http_status": 200
    },
    "github_self_targets_blocked": 11,
    "github_duplicates_blocked": 0,
    "github_low_relevance_blocked": 21,
    "human_approval_required": true,
    "external_publications": 0,
    "external_publication_attempted": false
  },
  "SESSION": {
    "session_id": "sess_20260826_000957_11e9b0",
    "session_start_utc": "2026-08-26T00:09:57.414562+00:00",
    "elapsed_hours": 192.5887
  },
  "RUNTIME": {
    "cycles": 580,
    "successful_cycles": 580,
    "failed_cycles": 0,
    "idle_cycles": 0
  },
  "CYCLE": {
    "cycle_id": "cyc_5e2c5f45",
    "timestamp": "2026-09-03T00:45:16.572496+00:00",
    "productive_action": "PUBLISH_TECHNICAL_CONTENT",
    "productive_action_status": "SUCCESS"
  },
  "OPPORTUNITIES": {
    "opportunities_evaluated": 90,
    "targets_selected": 420,
    "tier_a_targets": 0,
    "tier_b_targets": 67,
    "tier_c_targets": 353
  },
  "ACTIONS": {
    "actions_attempted": 67,
    "actions_generated_locally": -286,
    "actions_sent_externally": 0,
    "publications_confirmed": 0,
    "action_failures": 0,
    "blocked_actions": 353
  },
  "CHANNEL TELEMETRY": {
    "channels_evaluated": 9,
    "channels_with_targets": 9,
    "channels_with_actions": 0,
    "channels_with_publications": 0,
    "channels_blocked": 0,
    "channel_diversity_score": 0.0,
    "per_channel": {
      "GITHUB": {
        "opportunities_evaluated": 10,
        "targets_selected": 188,
        "actions_attempted": 188,
        "actions_generated_locally": 67,
        "actions_sent_externally": 0,
        "publications_confirmed": 0,
        "failures": 0,
        "blocked": 121
      },
      "REDDIT": {
        "opportunities_evaluated": 10,
        "targets_selected": 29,
        "actions_attempted": 29,
        "actions_generated_locally": 0,
        "actions_sent_externally": 0,
        "publications_confirmed": 0,
        "failures": 0,
        "blocked": 29
      },
      "QUANTCONNECT": {
        "opportunities_evaluated": 10,
        "targets_selected": 29,
        "actions_attempted": 29,
        "actions_generated_locally": 0,
        "actions_sent_externally": 0,
        "publications_confirmed": 0,
        "failures": 0,
        "blocked": 29
      },
      "SEO": {
        "opportunities_evaluated": 10,
        "targets_selected": 29,
        "actions_attempted": 29,
        "actions_generated_locally": 0,
        "actions_sent_externally": 0,
        "publications_confirmed": 0,
        "failures": 0,
        "blocked": 29
      },
      "TECHNICAL_COMMUNITIES": {
        "opportunities_evaluated": 10,
        "targets_selected": 29,
        "actions_attempted": 29,
        "actions_generated_locally": 0,
        "actions_sent_externally": 0,
        "publications_confirmed": 0,
        "failures": 0,
        "blocked": 29
      },
      "DEVELOPER_FORUMS": {
        "opportunities_evaluated": 10,
        "targets_selected": 29,
        "actions_attempted": 29,
        "actions_generated_locally": 0,
        "actions_sent_externally": 0,
        "publications_confirmed": 0,
        "failures": 0,
        "blocked": 29
      },
      "B2B_DIRECTORIES": {
        "opportunities_evaluated": 10,
        "targets_selected": 29,
        "actions_attempted": 29,
        "actions_generated_locally": 0,
        "actions_sent_externally": 0,
        "publications_confirmed": 0,
        "failures": 0,
        "blocked": 29
      },
      "MARKETPLACES": {
        "opportunities_evaluated": 10,
        "targets_selected": 29,
        "actions_attempted": 29,
        "actions_generated_locally": 0,
        "actions_sent_externally": 0,
        "publications_confirmed": 0,
        "failures": 0,
        "blocked": 29
      },
      "CONTENT_DISCOVERY": {
        "opportunities_evaluated": 10,
        "targets_selected": 29,
        "actions_attempted": 29,
        "actions_generated_locally": 0,
        "actions_sent_externally": 0,
        "publications_confirmed": 0,
        "failures": 0,
        "blocked": 29
      }
    }
  },
  "REAL FUNNEL": {
    "human_replies": 0,
    "real_landing_visits": 0,
    "real_quiz_starts": 0,
    "real_emails": 0,
    "real_checkouts": 0,
    "real_payments": 0,
    "real_revenue_usd": 0,
    "real_audits": 0,
    "real_certificates": 0,
    "real_customer_emails": 0
  },
  "INTEGRITY": {
    "telemetry_inconsistencies_detected": 0,
    "telemetry_inconsistencies_corrected": 1,
    "synthetic_events": 0,
    "owner_internal_events": 0,
    "historical_events": 231
  },
  "OUTREACH": {
    "opportunities_evaluated": 90,
    "tier_a_targets": 0,
    "tier_b_targets": 67,
    "tier_c_targets": 353,
    "action_attempts": 67,
    "actions_successful": 0,
    "publications_created": 0,
    "blocked_actions": 353
  },
  "CHANNELS": {
    "channels_evaluated": 9,
    "channels_with_targets": 9,
    "channels_with_actions": 0,
    "channels_with_publications": 0,
    "channels_blocked": 0,
    "channel_diversity_score": 0.0
  },
  "RISK": {
    "duplicate_blocks": 252,
    "cooldown_blocks": 0,
    "relevance_blocks": 21,
    "promotion_risk_blocks": 0,
    "exposure_budget_blocks": 0
  },
  "ENGAGEMENT": {
    "human_replies": 0,
    "real_landing_visits": 0,
    "real_quiz_starts": 0,
    "real_emails": 0,
    "real_checkouts": 0
  },
  "REVENUE": {
    "real_payments": 0,
    "real_revenue_usd": 0,
    "revenue_usd": 0
  },
  "DELIVERY": {
    "real_audits": 0,
    "real_certificates": 0,
    "real_emails_delivered": 0
  },
  "HISTORICAL / INTERNAL": {
    "historical_audits": 231,
    "historical_certificates": 231,
    "historical_internal_emails": 231,
    "historical_test_payments": 1
  },
  "ANTI-IDLE": {
    "productive_cycles": 580,
    "idle_cycles": 0,
    "idle_cycle": false,
    "fallback_actions": 1
  },
  "DELTA": {
    "opportunities_evaluated_delta": 90,
    "targets_selected_delta": 420,
    "actions_sent_externally_delta": 0,
    "real_landing_visits_delta": 0,
    "real_revenue_delta": 0.0
  },
  "NEXT_ACTION": "PUBLISH_TECHNICAL_CONTENT",
  "STATUSES": {
    "TELEMETRY_INTEGRITY": "PASS",
    "EXTERNAL_ACTION_PROOF": "PASS",
    "TIER_ACCOUNTING": "PASS",
    "CHANNEL_ACCOUNTING": "PASS",
    "ENGINE_EXECUTION": "PASS",
    "ADAPTIVE_FILTER": "PASS",
    "NO_IDLE": "PASS",
    "NO_REPEAT": "PASS",
    "EXPOSURE_BUDGET": "PASS",
    "MULTICHANNEL_ACTIVITY": "PASS",
    "MULTICHANNEL_ROTATION": "PASS",
    "REAL_HUMAN_INTEREST": "PENDING",
    "REAL_REVENUE": "PENDING",
    "FINAL_VERDICT": "READY_FOR_24H_LOOP"
  }
}
Sleeping 15 minutes (900s)...

[2026-09-03T01:00:18.630479+00:00] Executed Cycle #581 (cyc_1cf73eac)
{
  "timestamp": "2026-09-03T01:00:18.630479+00:00",
  "cycle_id": "cyc_1cf73eac",
  "OPERATING_MODE": "DISCOVERY_AND_DRAFT_ONLY",
  "EXTERNAL_PUBLICATION_ATTEMPTED": false,
  "OUTREACH_SAFETY": {
    "operating_mode": "DISCOVERY_AND_DRAFT_ONLY",
    "allow_external_publication": false,
    "external_publication_allowed": false,
    "external_publication_attempted": false,
    "block_reason": "EXTERNAL_PUBLICATION_REQUIRES_EXPLICIT_APPROVAL"
  },
  "PROSPECT_PIPELINE": {
    "prospects_discovered": 420,
    "prospects_eligible": 67,
    "blocked_self_target": 29,
    "blocked_duplicate": 252,
    "pending_source_verification": 0,
    "template_or_synthetic": 10,
    "internal_or_self": 29,
    "local_drafts_created": 67,
    "valid_human_approvable_drafts": 5,
    "invalidated_drafts_historical": 295,
    "github_live_search_enabled": true,
    "github_api_requests_made_current_cycle": 1,
    "github_api_results_received_current_cycle": 5,
    "github_http_200_responses_current_cycle": 1,
    "github_external_sources_verified_current_cycle": 4,
    "github_drafts_created_current_cycle": 67,
    "github_api_error_current_cycle": null,
    "github_api_rate_limit_status_current_cycle": {
      "remaining": 29,
      "limit": 30,
      "reset": "1788397278",
      "http_status": 200
    },
    "github_self_targets_blocked": 11,
    "github_duplicates_blocked": 0,
    "github_low_relevance_blocked": 21,
    "human_approval_required": true,
    "external_publications": 0,
    "external_publication_attempted": false
  },
  "SESSION": {
    "session_id": "sess_20260826_000957_11e9b0",
    "session_start_utc": "2026-08-26T00:09:57.414562+00:00",
    "elapsed_hours": 192.8392
  },
  "RUNTIME": {
    "cycles": 581,
    "successful_cycles": 581,
    "failed_cycles": 0,
    "idle_cycles": 0
  },
  "CYCLE": {
    "cycle_id": "cyc_1cf73eac",
    "timestamp": "2026-09-03T01:00:18.630479+00:00",
    "productive_action": "PUBLISH_TECHNICAL_CONTENT",
    "productive_action_status": "SUCCESS"
  },
  "OPPORTUNITIES": {
    "opportunities_evaluated": 90,
    "targets_selected": 420,
    "tier_a_targets": 0,
    "tier_b_targets": 67,
    "tier_c_targets": 353
  },
  "ACTIONS": {
    "actions_attempted": 67,
    "actions_generated_locally": -286,
    "actions_sent_externally": 0,
    "publications_confirmed": 0,
    "action_failures": 0,
    "blocked_actions": 353
  },
  "CHANNEL TELEMETRY": {
    "channels_evaluated": 9,
    "channels_with_targets": 9,
    "channels_with_actions": 0,
    "channels_with_publications": 0,
    "channels_blocked": 0,
    "channel_diversity_score": 0.0,
    "per_channel": {
      "GITHUB": {
        "opportunities_evaluated": 10,
        "targets_selected": 188,
        "actions_attempted": 188,
        "actions_generated_locally": 67,
        "actions_sent_externally": 0,
        "publications_confirmed": 0,
        "failures": 0,
        "blocked": 121
      },
      "REDDIT": {
        "opportunities_evaluated": 10,
        "targets_selected": 29,
        "actions_attempted": 29,
        "actions_generated_locally": 0,
        "actions_sent_externally": 0,
        "publications_confirmed": 0,
        "failures": 0,
        "blocked": 29
      },
      "QUANTCONNECT": {
        "opportunities_evaluated": 10,
        "targets_selected": 29,
        "actions_attempted": 29,
        "actions_generated_locally": 0,
        "actions_sent_externally": 0,
        "publications_confirmed": 0,
        "failures": 0,
        "blocked": 29
      },
      "SEO": {
        "opportunities_evaluated": 10,
        "targets_selected": 29,
        "actions_attempted": 29,
        "actions_generated_locally": 0,
        "actions_sent_externally": 0,
        "publications_confirmed": 0,
        "failures": 0,
        "blocked": 29
      },
      "TECHNICAL_COMMUNITIES": {
        "opportunities_evaluated": 10,
        "targets_selected": 29,
        "actions_attempted": 29,
        "actions_generated_locally": 0,
        "actions_sent_externally": 0,
        "publications_confirmed": 0,
        "failures": 0,
        "blocked": 29
      },
      "DEVELOPER_FORUMS": {
        "opportunities_evaluated": 10,
        "targets_selected": 29,
        "actions_attempted": 29,
        "actions_generated_locally": 0,
        "actions_sent_externally": 0,
        "publications_confirmed": 0,
        "failures": 0,
        "blocked": 29
      },
      "B2B_DIRECTORIES": {
        "opportunities_evaluated": 10,
        "targets_selected": 29,
        "actions_attempted": 29,
        "actions_generated_locally": 0,
        "actions_sent_externally": 0,
        "publications_confirmed": 0,
        "failures": 0,
        "blocked": 29
      },
      "MARKETPLACES": {
        "opportunities_evaluated": 10,
        "targets_selected": 29,
        "actions_attempted": 29,
        "actions_generated_locally": 0,
        "actions_sent_externally": 0,
        "publications_confirmed": 0,
        "failures": 0,
        "blocked": 29
      },
      "CONTENT_DISCOVERY": {
        "opportunities_evaluated": 10,
        "targets_selected": 29,
        "actions_attempted": 29,
        "actions_generated_locally": 0,
        "actions_sent_externally": 0,
        "publications_confirmed": 0,
        "failures": 0,
        "blocked": 29
      }
    }
  },
  "REAL FUNNEL": {
    "human_replies": 0,
    "real_landing_visits": 0,
    "real_quiz_starts": 0,
    "real_emails": 0,
    "real_checkouts": 0,
    "real_payments": 0,
    "real_revenue_usd": 0,
    "real_audits": 0,
    "real_certificates": 0,
    "real_customer_emails": 0
  },
  "INTEGRITY": {
    "telemetry_inconsistencies_detected": 0,
    "telemetry_inconsistencies_corrected": 1,
    "synthetic_events": 0,
    "owner_internal_events": 0,
    "historical_events": 231
  },
  "OUTREACH": {
    "opportunities_evaluated": 90,
    "tier_a_targets": 0,
    "tier_b_targets": 67,
    "tier_c_targets": 353,
    "action_attempts": 67,
    "actions_successful": 0,
    "publications_created": 0,
    "blocked_actions": 353
  },
  "CHANNELS": {
    "channels_evaluated": 9,
    "channels_with_targets": 9,
    "channels_with_actions": 0,
    "channels_with_publications": 0,
    "channels_blocked": 0,
    "channel_diversity_score": 0.0
  },
  "RISK": {
    "duplicate_blocks": 252,
    "cooldown_blocks": 0,
    "relevance_blocks": 21,
    "promotion_risk_blocks": 0,
    "exposure_budget_blocks": 0
  },
  "ENGAGEMENT": {
    "human_replies": 0,
    "real_landing_visits": 0,
    "real_quiz_starts": 0,
    "real_emails": 0,
    "real_checkouts": 0
  },
  "REVENUE": {
    "real_payments": 0,
    "real_revenue_usd": 0,
    "revenue_usd": 0
  },
  "DELIVERY": {
    "real_audits": 0,
    "real_certificates": 0,
    "real_emails_delivered": 0
  },
  "HISTORICAL / INTERNAL": {
    "historical_audits": 231,
    "historical_certificates": 231,
    "historical_internal_emails": 231,
    "historical_test_payments": 1
  },
  "ANTI-IDLE": {
    "productive_cycles": 581,
    "idle_cycles": 0,
    "idle_cycle": false,
    "fallback_actions": 1
  },
  "DELTA": {
    "opportunities_evaluated_delta": 90,
    "targets_selected_delta": 420,
    "actions_sent_externally_delta": 0,
    "real_landing_visits_delta": 0,
    "real_revenue_delta": 0.0
  },
  "NEXT_ACTION": "PUBLISH_TECHNICAL_CONTENT",
  "STATUSES": {
    "TELEMETRY_INTEGRITY": "PASS",
    "EXTERNAL_ACTION_PROOF": "PASS",
    "TIER_ACCOUNTING": "PASS",
    "CHANNEL_ACCOUNTING": "PASS",
    "ENGINE_EXECUTION": "PASS",
    "ADAPTIVE_FILTER": "PASS",
    "NO_IDLE": "PASS",
    "NO_REPEAT": "PASS",
    "EXPOSURE_BUDGET": "PASS",
    "MULTICHANNEL_ACTIVITY": "PASS",
    "MULTICHANNEL_ROTATION": "PASS",
    "REAL_HUMAN_INTEREST": "PENDING",
    "REAL_REVENUE": "PENDING",
    "FINAL_VERDICT": "READY_FOR_24H_LOOP"
  }
}
Sleeping 15 minutes (900s)...

[2026-09-03T01:15:20.184061+00:00] Executed Cycle #582 (cyc_37eb9c0c)
{
  "timestamp": "2026-09-03T01:15:20.184061+00:00",
  "cycle_id": "cyc_37eb9c0c",
  "OPERATING_MODE": "DISCOVERY_AND_DRAFT_ONLY",
  "EXTERNAL_PUBLICATION_ATTEMPTED": false,
  "OUTREACH_SAFETY": {
    "operating_mode": "DISCOVERY_AND_DRAFT_ONLY",
    "allow_external_publication": false,
    "external_publication_allowed": false,
    "external_publication_attempted": false,
    "block_reason": "EXTERNAL_PUBLICATION_REQUIRES_EXPLICIT_APPROVAL"
  },
  "PROSPECT_PIPELINE": {
    "prospects_discovered": 420,
    "prospects_eligible": 67,
    "blocked_self_target": 29,
    "blocked_duplicate": 252,
    "pending_source_verification": 0,
    "template_or_synthetic": 10,
    "internal_or_self": 29,
    "local_drafts_created": 67,
    "valid_human_approvable_drafts": 5,
    "invalidated_drafts_historical": 295,
    "github_live_search_enabled": true,
    "github_api_requests_made_current_cycle": 1,
    "github_api_results_received_current_cycle": 30,
    "github_http_200_responses_current_cycle": 1,
    "github_external_sources_verified_current_cycle": 10,
    "github_drafts_created_current_cycle": 67,
    "github_api_error_current_cycle": null,
    "github_api_rate_limit_status_current_cycle": {
      "remaining": 29,
      "limit": 30,
      "reset": "1788398180",
      "http_status": 200
    },
    "github_self_targets_blocked": 12,
    "github_duplicates_blocked": 0,
    "github_low_relevance_blocked": 21,
    "human_approval_required": true,
    "external_publications": 0,
    "external_publication_attempted": false
  },
  "SESSION": {
    "session_id": "sess_20260826_000957_11e9b0",
    "session_start_utc": "2026-08-26T00:09:57.414562+00:00",
    "elapsed_hours": 193.0897
  },
  "RUNTIME": {
    "cycles": 582,
    "successful_cycles": 582,
    "failed_cycles": 0,
    "idle_cycles": 0
  },
  "CYCLE": {
    "cycle_id": "cyc_37eb9c0c",
    "timestamp": "2026-09-03T01:15:20.184061+00:00",
    "productive_action": "PUBLISH_TECHNICAL_CONTENT",
    "productive_action_status": "SUCCESS"
  },
  "OPPORTUNITIES": {
    "opportunities_evaluated": 90,
    "targets_selected": 420,
    "tier_a_targets": 0,
    "tier_b_targets": 67,
    "tier_c_targets": 353
  },
  "ACTIONS": {
    "actions_attempted": 67,
    "actions_generated_locally": -286,
    "actions_sent_externally": 0,
    "publications_confirmed": 0,
    "action_failures": 0,
    "blocked_actions": 353
  },
  "CHANNEL TELEMETRY": {
    "channels_evaluated": 9,
    "channels_with_targets": 9,
    "channels_with_actions": 0,
    "channels_with_publications": 0,
    "channels_blocked": 0,
    "channel_diversity_score": 0.0,
    "per_channel": {
      "GITHUB": {
        "opportunities_evaluated": 10,
        "targets_selected": 188,
        "actions_attempted": 188,
        "actions_generated_locally": 67,
        "actions_sent_externally": 0,
        "publications_confirmed": 0,
        "failures": 0,
        "blocked": 121
      },
      "REDDIT": {
        "opportunities_evaluated": 10,
        "targets_selected": 29,
        "actions_attempted": 29,
        "actions_generated_locally": 0,
        "actions_sent_externally": 0,
        "publications_confirmed": 0,
        "failures": 0,
        "blocked": 29
      },
      "QUANTCONNECT": {
        "opportunities_evaluated": 10,
        "targets_selected": 29,
        "actions_attempted": 29,
        "actions_generated_locally": 0,
        "actions_sent_externally": 0,
        "publications_confirmed": 0,
        "failures": 0,
        "blocked": 29
      },
      "SEO": {
        "opportunities_evaluated": 10,
        "targets_selected": 29,
        "actions_attempted": 29,
        "actions_generated_locally": 0,
        "actions_sent_externally": 0,
        "publications_confirmed": 0,
        "failures": 0,
        "blocked": 29
      },
      "TECHNICAL_COMMUNITIES": {
        "opportunities_evaluated": 10,
        "targets_selected": 29,
        "actions_attempted": 29,
        "actions_generated_locally": 0,
        "actions_sent_externally": 0,
        "publications_confirmed": 0,
        "failures": 0,
        "blocked": 29
      },
      "DEVELOPER_FORUMS": {
        "opportunities_evaluated": 10,
        "targets_selected": 29,
        "actions_attempted": 29,
        "actions_generated_locally": 0,
        "actions_sent_externally": 0,
        "publications_confirmed": 0,
        "failures": 0,
        "blocked": 29
      },
      "B2B_DIRECTORIES": {
        "opportunities_evaluated": 10,
        "targets_selected": 29,
        "actions_attempted": 29,
        "actions_generated_locally": 0,
        "actions_sent_externally": 0,
        "publications_confirmed": 0,
        "failures": 0,
        "blocked": 29
      },
      "MARKETPLACES": {
        "opportunities_evaluated": 10,
        "targets_selected": 29,
        "actions_attempted": 29,
        "actions_generated_locally": 0,
        "actions_sent_externally": 0,
        "publications_confirmed": 0,
        "failures": 0,
        "blocked": 29
      },
      "CONTENT_DISCOVERY": {
        "opportunities_evaluated": 10,
        "targets_selected": 29,
        "actions_attempted": 29,
        "actions_generated_locally": 0,
        "actions_sent_externally": 0,
        "publications_confirmed": 0,
        "failures": 0,
        "blocked": 29
      }
    }
  },
  "REAL FUNNEL": {
    "human_replies": 0,
    "real_landing_visits": 0,
    "real_quiz_starts": 0,
    "real_emails": 0,
    "real_checkouts": 0,
    "real_payments": 0,
    "real_revenue_usd": 0,
    "real_audits": 0,
    "real_certificates": 0,
    "real_customer_emails": 0
  },
  "INTEGRITY": {
    "telemetry_inconsistencies_detected": 0,
    "telemetry_inconsistencies_corrected": 1,
    "synthetic_events": 0,
    "owner_internal_events": 0,
    "historical_events": 231
  },
  "OUTREACH": {
    "opportunities_evaluated": 90,
    "tier_a_targets": 0,
    "tier_b_targets": 67,
    "tier_c_targets": 353,
    "action_attempts": 67,
    "actions_successful": 0,
    "publications_created": 0,
    "blocked_actions": 353
  },
  "CHANNELS": {
    "channels_evaluated": 9,
    "channels_with_targets": 9,
    "channels_with_actions": 0,
    "channels_with_publications": 0,
    "channels_blocked": 0,
    "channel_diversity_score": 0.0
  },
  "RISK": {
    "duplicate_blocks": 252,
    "cooldown_blocks": 0,
    "relevance_blocks": 21,
    "promotion_risk_blocks": 0,
    "exposure_budget_blocks": 0
  },
  "ENGAGEMENT": {
    "human_replies": 0,
    "real_landing_visits": 0,
    "real_quiz_starts": 0,
    "real_emails": 0,
    "real_checkouts": 0
  },
  "REVENUE": {
    "real_payments": 0,
    "real_revenue_usd": 0,
    "revenue_usd": 0
  },
  "DELIVERY": {
    "real_audits": 0,
    "real_certificates": 0,
    "real_emails_delivered": 0
  },
  "HISTORICAL / INTERNAL": {
    "historical_audits": 231,
    "historical_certificates": 231,
    "historical_internal_emails": 231,
    "historical_test_payments": 1
  },
  "ANTI-IDLE": {
    "productive_cycles": 582,
    "idle_cycles": 0,
    "idle_cycle": false,
    "fallback_actions": 1
  },
  "DELTA": {
    "opportunities_evaluated_delta": 90,
    "targets_selected_delta": 420,
    "actions_sent_externally_delta": 0,
    "real_landing_visits_delta": 0,
    "real_revenue_delta": 0.0
  },
  "NEXT_ACTION": "PUBLISH_TECHNICAL_CONTENT",
  "STATUSES": {
    "TELEMETRY_INTEGRITY": "PASS",
    "EXTERNAL_ACTION_PROOF": "PASS",
    "TIER_ACCOUNTING": "PASS",
    "CHANNEL_ACCOUNTING": "PASS",
    "ENGINE_EXECUTION": "PASS",
    "ADAPTIVE_FILTER": "PASS",
    "NO_IDLE": "PASS",
    "NO_REPEAT": "PASS",
    "EXPOSURE_BUDGET": "PASS",
    "MULTICHANNEL_ACTIVITY": "PASS",
    "MULTICHANNEL_ROTATION": "PASS",
    "REAL_HUMAN_INTEREST": "PENDING",
    "REAL_REVENUE": "PENDING",
    "FINAL_VERDICT": "READY_FOR_24H_LOOP"
  }
}
Sleeping 15 minutes (900s)...

[2026-09-03T01:30:21.950822+00:00] Executed Cycle #583 (cyc_bd72c531)
{
  "timestamp": "2026-09-03T01:30:21.950822+00:00",
  "cycle_id": "cyc_bd72c531",
  "OPERATING_MODE": "DISCOVERY_AND_DRAFT_ONLY",
  "EXTERNAL_PUBLICATION_ATTEMPTED": false,
  "OUTREACH_SAFETY": {
    "operating_mode": "DISCOVERY_AND_DRAFT_ONLY",
    "allow_external_publication": false,
    "external_publication_allowed": false,
    "external_publication_attempted": false,
    "block_reason": "EXTERNAL_PUBLICATION_REQUIRES_EXPLICIT_APPROVAL"
  },
  "PROSPECT_PIPELINE": {
    "prospects_discovered": 420,
    "prospects_eligible": 67,
    "blocked_self_target": 29,
    "blocked_duplicate": 252,
    "pending_source_verification": 0,
    "template_or_synthetic": 10,
    "internal_or_self": 29,
    "local_drafts_created": 67,
    "valid_human_approvable_drafts": 5,
    "invalidated_drafts_historical": 295,
    "github_live_search_enabled": true,
    "github_api_requests_made_current_cycle": 1,
    "github_api_results_received_current_cycle": 30,
    "github_http_200_responses_current_cycle": 1,
    "github_external_sources_verified_current_cycle": 10,
    "github_drafts_created_current_cycle": 67,
    "github_api_error_current_cycle": null,
    "github_api_rate_limit_status_current_cycle": {
      "remaining": 29,
      "limit": 30,
      "reset": "1788399082",
      "http_status": 200
    },
    "github_self_targets_blocked": 12,
    "github_duplicates_blocked": 0,
    "github_low_relevance_blocked": 21,
    "human_approval_required": true,
    "external_publications": 0,
    "external_publication_attempted": false
  },
  "SESSION": {
    "session_id": "sess_20260826_000957_11e9b0",
    "session_start_utc": "2026-08-26T00:09:57.414562+00:00",
    "elapsed_hours": 193.3401
  },
  "RUNTIME": {
    "cycles": 583,
    "successful_cycles": 583,
    "failed_cycles": 0,
    "idle_cycles": 0
  },
  "CYCLE": {
    "cycle_id": "cyc_bd72c531",
    "timestamp": "2026-09-03T01:30:21.950822+00:00",
    "productive_action": "PUBLISH_TECHNICAL_CONTENT",
    "productive_action_status": "SUCCESS"
  },
  "OPPORTUNITIES": {
    "opportunities_evaluated": 90,
    "targets_selected": 420,
    "tier_a_targets": 0,
    "tier_b_targets": 67,
    "tier_c_targets": 353
  },
  "ACTIONS": {
    "actions_attempted": 67,
    "actions_generated_locally": -286,
    "actions_sent_externally": 0,
    "publications_confirmed": 0,
    "action_failures": 0,
    "blocked_actions": 353
  },
  "CHANNEL TELEMETRY": {
    "channels_evaluated": 9,
    "channels_with_targets": 9,
    "channels_with_actions": 0,
    "channels_with_publications": 0,
    "channels_blocked": 0,
    "channel_diversity_score": 0.0,
    "per_channel": {
      "GITHUB": {
        "opportunities_evaluated": 10,
        "targets_selected": 188,
        "actions_attempted": 188,
        "actions_generated_locally": 67,
        "actions_sent_externally": 0,
        "publications_confirmed": 0,
        "failures": 0,
        "blocked": 121
      },
      "REDDIT": {
        "opportunities_evaluated": 10,
        "targets_selected": 29,
        "actions_attempted": 29,
        "actions_generated_locally": 0,
        "actions_sent_externally": 0,
        "publications_confirmed": 0,
        "failures": 0,
        "blocked": 29
      },
      "QUANTCONNECT": {
        "opportunities_evaluated": 10,
        "targets_selected": 29,
        "actions_attempted": 29,
        "actions_generated_locally": 0,
        "actions_sent_externally": 0,
        "publications_confirmed": 0,
        "failures": 0,
        "blocked": 29
      },
      "SEO": {
        "opportunities_evaluated": 10,
        "targets_selected": 29,
        "actions_attempted": 29,
        "actions_generated_locally": 0,
        "actions_sent_externally": 0,
        "publications_confirmed": 0,
        "failures": 0,
        "blocked": 29
      },
      "TECHNICAL_COMMUNITIES": {
        "opportunities_evaluated": 10,
        "targets_selected": 29,
        "actions_attempted": 29,
        "actions_generated_locally": 0,
        "actions_sent_externally": 0,
        "publications_confirmed": 0,
        "failures": 0,
        "blocked": 29
      },
      "DEVELOPER_FORUMS": {
        "opportunities_evaluated": 10,
        "targets_selected": 29,
        "actions_attempted": 29,
        "actions_generated_locally": 0,
        "actions_sent_externally": 0,
        "publications_confirmed": 0,
        "failures": 0,
        "blocked": 29
      },
      "B2B_DIRECTORIES": {
        "opportunities_evaluated": 10,
        "targets_selected": 29,
        "actions_attempted": 29,
        "actions_generated_locally": 0,
        "actions_sent_externally": 0,
        "publications_confirmed": 0,
        "failures": 0,
        "blocked": 29
      },
      "MARKETPLACES": {
        "opportunities_evaluated": 10,
        "targets_selected": 29,
        "actions_attempted": 29,
        "actions_generated_locally": 0,
        "actions_sent_externally": 0,
        "publications_confirmed": 0,
        "failures": 0,
        "blocked": 29
      },
      "CONTENT_DISCOVERY": {
        "opportunities_evaluated": 10,
        "targets_selected": 29,
        "actions_attempted": 29,
        "actions_generated_locally": 0,
        "actions_sent_externally": 0,
        "publications_confirmed": 0,
        "failures": 0,
        "blocked": 29
      }
    }
  },
  "REAL FUNNEL": {
    "human_replies": 0,
    "real_landing_visits": 0,
    "real_quiz_starts": 0,
    "real_emails": 0,
    "real_checkouts": 0,
    "real_payments": 0,
    "real_revenue_usd": 0,
    "real_audits": 0,
    "real_certificates": 0,
    "real_customer_emails": 0
  },
  "INTEGRITY": {
    "telemetry_inconsistencies_detected": 0,
    "telemetry_inconsistencies_corrected": 1,
    "synthetic_events": 0,
    "owner_internal_events": 0,
    "historical_events": 231
  },
  "OUTREACH": {
    "opportunities_evaluated": 90,
    "tier_a_targets": 0,
    "tier_b_targets": 67,
    "tier_c_targets": 353,
    "action_attempts": 67,
    "actions_successful": 0,
    "publications_created": 0,
    "blocked_actions": 353
  },
  "CHANNELS": {
    "channels_evaluated": 9,
    "channels_with_targets": 9,
    "channels_with_actions": 0,
    "channels_with_publications": 0,
    "channels_blocked": 0,
    "channel_diversity_score": 0.0
  },
  "RISK": {
    "duplicate_blocks": 252,
    "cooldown_blocks": 0,
    "relevance_blocks": 21,
    "promotion_risk_blocks": 0,
    "exposure_budget_blocks": 0
  },
  "ENGAGEMENT": {
    "human_replies": 0,
    "real_landing_visits": 0,
    "real_quiz_starts": 0,
    "real_emails": 0,
    "real_checkouts": 0
  },
  "REVENUE": {
    "real_payments": 0,
    "real_revenue_usd": 0,
    "revenue_usd": 0
  },
  "DELIVERY": {
    "real_audits": 0,
    "real_certificates": 0,
    "real_emails_delivered": 0
  },
  "HISTORICAL / INTERNAL": {
    "historical_audits": 231,
    "historical_certificates": 231,
    "historical_internal_emails": 231,
    "historical_test_payments": 1
  },
  "ANTI-IDLE": {
    "productive_cycles": 583,
    "idle_cycles": 0,
    "idle_cycle": false,
    "fallback_actions": 1
  },
  "DELTA": {
    "opportunities_evaluated_delta": 90,
    "targets_selected_delta": 420,
    "actions_sent_externally_delta": 0,
    "real_landing_visits_delta": 0,
    "real_revenue_delta": 0.0
  },
  "NEXT_ACTION": "PUBLISH_TECHNICAL_CONTENT",
  "STATUSES": {
    "TELEMETRY_INTEGRITY": "PASS",
    "EXTERNAL_ACTION_PROOF": "PASS",
    "TIER_ACCOUNTING": "PASS",
    "CHANNEL_ACCOUNTING": "PASS",
    "ENGINE_EXECUTION": "PASS",
    "ADAPTIVE_FILTER": "PASS",
    "NO_IDLE": "PASS",
    "NO_REPEAT": "PASS",
    "EXPOSURE_BUDGET": "PASS",
    "MULTICHANNEL_ACTIVITY": "PASS",
    "MULTICHANNEL_ROTATION": "PASS",
    "REAL_HUMAN_INTEREST": "PENDING",
    "REAL_REVENUE": "PENDING",
    "FINAL_VERDICT": "READY_FOR_24H_LOOP"
  }
}
Sleeping 15 minutes (900s)...

[2026-09-03T01:45:24.141697+00:00] Executed Cycle #584 (cyc_ad96bce9)
{
  "timestamp": "2026-09-03T01:45:24.141697+00:00",
  "cycle_id": "cyc_ad96bce9",
  "OPERATING_MODE": "DISCOVERY_AND_DRAFT_ONLY",
  "EXTERNAL_PUBLICATION_ATTEMPTED": false,
  "OUTREACH_SAFETY": {
    "operating_mode": "DISCOVERY_AND_DRAFT_ONLY",
    "allow_external_publication": false,
    "external_publication_allowed": false,
    "external_publication_attempted": false,
    "block_reason": "EXTERNAL_PUBLICATION_REQUIRES_EXPLICIT_APPROVAL"
  },
  "PROSPECT_PIPELINE": {
    "prospects_discovered": 420,
    "prospects_eligible": 67,
    "blocked_self_target": 29,
    "blocked_duplicate": 252,
    "pending_source_verification": 0,
    "template_or_synthetic": 10,
    "internal_or_self": 29,
    "local_drafts_created": 67,
    "valid_human_approvable_drafts": 5,
    "invalidated_drafts_historical": 295,
    "github_live_search_enabled": true,
    "github_api_requests_made_current_cycle": 1,
    "github_api_results_received_current_cycle": 30,
    "github_http_200_responses_current_cycle": 1,
    "github_external_sources_verified_current_cycle": 10,
    "github_drafts_created_current_cycle": 67,
    "github_api_error_current_cycle": null,
    "github_api_rate_limit_status_current_cycle": {
      "remaining": 29,
      "limit": 30,
      "reset": "1788399984",
      "http_status": 200
    },
    "github_self_targets_blocked": 12,
    "github_duplicates_blocked": 0,
    "github_low_relevance_blocked": 21,
    "human_approval_required": true,
    "external_publications": 0,
    "external_publication_attempted": false
  },
  "SESSION": {
    "session_id": "sess_20260826_000957_11e9b0",
    "session_start_utc": "2026-08-26T00:09:57.414562+00:00",
    "elapsed_hours": 193.5908
  },
  "RUNTIME": {
    "cycles": 584,
    "successful_cycles": 584,
    "failed_cycles": 0,
    "idle_cycles": 0
  },
  "CYCLE": {
    "cycle_id": "cyc_ad96bce9",
    "timestamp": "2026-09-03T01:45:24.141697+00:00",
    "productive_action": "PUBLISH_TECHNICAL_CONTENT",
    "productive_action_status": "SUCCESS"
  },
  "OPPORTUNITIES": {
    "opportunities_evaluated": 90,
    "targets_selected": 420,
    "tier_a_targets": 0,
    "tier_b_targets": 67,
    "tier_c_targets": 353
  },
  "ACTIONS": {
    "actions_attempted": 67,
    "actions_generated_locally": -286,
    "actions_sent_externally": 0,
    "publications_confirmed": 0,
    "action_failures": 0,
    "blocked_actions": 353
  },
  "CHANNEL TELEMETRY": {
    "channels_evaluated": 9,
    "channels_with_targets": 9,
    "channels_with_actions": 0,
    "channels_with_publications": 0,
    "channels_blocked": 0,
    "channel_diversity_score": 0.0,
    "per_channel": {
      "GITHUB": {
        "opportunities_evaluated": 10,
        "targets_selected": 188,
        "actions_attempted": 188,
        "actions_generated_locally": 67,
        "actions_sent_externally": 0,
        "publications_confirmed": 0,
        "failures": 0,
        "blocked": 121
      },
      "REDDIT": {
        "opportunities_evaluated": 10,
        "targets_selected": 29,
        "actions_attempted": 29,
        "actions_generated_locally": 0,
        "actions_sent_externally": 0,
        "publications_confirmed": 0,
        "failures": 0,
        "blocked": 29
      },
      "QUANTCONNECT": {
        "opportunities_evaluated": 10,
        "targets_selected": 29,
        "actions_attempted": 29,
        "actions_generated_locally": 0,
        "actions_sent_externally": 0,
        "publications_confirmed": 0,
        "failures": 0,
        "blocked": 29
      },
      "SEO": {
        "opportunities_evaluated": 10,
        "targets_selected": 29,
        "actions_attempted": 29,
        "actions_generated_locally": 0,
        "actions_sent_externally": 0,
        "publications_confirmed": 0,
        "failures": 0,
        "blocked": 29
      },
      "TECHNICAL_COMMUNITIES": {
        "opportunities_evaluated": 10,
        "targets_selected": 29,
        "actions_attempted": 29,
        "actions_generated_locally": 0,
        "actions_sent_externally": 0,
        "publications_confirmed": 0,
        "failures": 0,
        "blocked": 29
      },
      "DEVELOPER_FORUMS": {
        "opportunities_evaluated": 10,
        "targets_selected": 29,
        "actions_attempted": 29,
        "actions_generated_locally": 0,
        "actions_sent_externally": 0,
        "publications_confirmed": 0,
        "failures": 0,
        "blocked": 29
      },
      "B2B_DIRECTORIES": {
        "opportunities_evaluated": 10,
        "targets_selected": 29,
        "actions_attempted": 29,
        "actions_generated_locally": 0,
        "actions_sent_externally": 0,
        "publications_confirmed": 0,
        "failures": 0,
        "blocked": 29
      },
      "MARKETPLACES": {
        "opportunities_evaluated": 10,
        "targets_selected": 29,
        "actions_attempted": 29,
        "actions_generated_locally": 0,
        "actions_sent_externally": 0,
        "publications_confirmed": 0,
        "failures": 0,
        "blocked": 29
      },
      "CONTENT_DISCOVERY": {
        "opportunities_evaluated": 10,
        "targets_selected": 29,
        "actions_attempted": 29,
        "actions_generated_locally": 0,
        "actions_sent_externally": 0,
        "publications_confirmed": 0,
        "failures": 0,
        "blocked": 29
      }
    }
  },
  "REAL FUNNEL": {
    "human_replies": 0,
    "real_landing_visits": 0,
    "real_quiz_starts": 0,
    "real_emails": 0,
    "real_checkouts": 0,
    "real_payments": 0,
    "real_revenue_usd": 0,
    "real_audits": 0,
    "real_certificates": 0,
    "real_customer_emails": 0
  },
  "INTEGRITY": {
    "telemetry_inconsistencies_detected": 0,
    "telemetry_inconsistencies_corrected": 1,
    "synthetic_events": 0,
    "owner_internal_events": 0,
    "historical_events": 231
  },
  "OUTREACH": {
    "opportunities_evaluated": 90,
    "tier_a_targets": 0,
    "tier_b_targets": 67,
    "tier_c_targets": 353,
    "action_attempts": 67,
    "actions_successful": 0,
    "publications_created": 0,
    "blocked_actions": 353
  },
  "CHANNELS": {
    "channels_evaluated": 9,
    "channels_with_targets": 9,
    "channels_with_actions": 0,
    "channels_with_publications": 0,
    "channels_blocked": 0,
    "channel_diversity_score": 0.0
  },
  "RISK": {
    "duplicate_blocks": 252,
    "cooldown_blocks": 0,
    "relevance_blocks": 21,
    "promotion_risk_blocks": 0,
    "exposure_budget_blocks": 0
  },
  "ENGAGEMENT": {
    "human_replies": 0,
    "real_landing_visits": 0,
    "real_quiz_starts": 0,
    "real_emails": 0,
    "real_checkouts": 0
  },
  "REVENUE": {
    "real_payments": 0,
    "real_revenue_usd": 0,
    "revenue_usd": 0
  },
  "DELIVERY": {
    "real_audits": 0,
    "real_certificates": 0,
    "real_emails_delivered": 0
  },
  "HISTORICAL / INTERNAL": {
    "historical_audits": 231,
    "historical_certificates": 231,
    "historical_internal_emails": 231,
    "historical_test_payments": 1
  },
  "ANTI-IDLE": {
    "productive_cycles": 584,
    "idle_cycles": 0,
    "idle_cycle": false,
    "fallback_actions": 1
  },
  "DELTA": {
    "opportunities_evaluated_delta": 90,
    "targets_selected_delta": 420,
    "actions_sent_externally_delta": 0,
    "real_landing_visits_delta": 0,
    "real_revenue_delta": 0.0
  },
  "NEXT_ACTION": "PUBLISH_TECHNICAL_CONTENT",
  "STATUSES": {
    "TELEMETRY_INTEGRITY": "PASS",
    "EXTERNAL_ACTION_PROOF": "PASS",
    "TIER_ACCOUNTING": "PASS",
    "CHANNEL_ACCOUNTING": "PASS",
    "ENGINE_EXECUTION": "PASS",
    "ADAPTIVE_FILTER": "PASS",
    "NO_IDLE": "PASS",
    "NO_REPEAT": "PASS",
    "EXPOSURE_BUDGET": "PASS",
    "MULTICHANNEL_ACTIVITY": "PASS",
    "MULTICHANNEL_ROTATION": "PASS",
    "REAL_HUMAN_INTEREST": "PENDING",
    "REAL_REVENUE": "PENDING",
    "FINAL_VERDICT": "READY_FOR_24H_LOOP"
  }
}
Sleeping 15 minutes (900s)...

[2026-09-03T02:00:25.883559+00:00] Executed Cycle #585 (cyc_2489cce3)
{
  "timestamp": "2026-09-03T02:00:25.883559+00:00",
  "cycle_id": "cyc_2489cce3",
  "OPERATING_MODE": "DISCOVERY_AND_DRAFT_ONLY",
  "EXTERNAL_PUBLICATION_ATTEMPTED": false,
  "OUTREACH_SAFETY": {
    "operating_mode": "DISCOVERY_AND_DRAFT_ONLY",
    "allow_external_publication": false,
    "external_publication_allowed": false,
    "external_publication_attempted": false,
    "block_reason": "EXTERNAL_PUBLICATION_REQUIRES_EXPLICIT_APPROVAL"
  },
  "PROSPECT_PIPELINE": {
    "prospects_discovered": 420,
    "prospects_eligible": 67,
    "blocked_self_target": 29,
    "blocked_duplicate": 252,
    "pending_source_verification": 0,
    "template_or_synthetic": 10,
    "internal_or_self": 29,
    "local_drafts_created": 67,
    "valid_human_approvable_drafts": 5,
    "invalidated_drafts_historical": 295,
    "github_live_search_enabled": true,
    "github_api_requests_made_current_cycle": 1,
    "github_api_results_received_current_cycle": 30,
    "github_http_200_responses_current_cycle": 1,
    "github_external_sources_verified_current_cycle": 10,
    "github_drafts_created_current_cycle": 67,
    "github_api_error_current_cycle": null,
    "github_api_rate_limit_status_current_cycle": {
      "remaining": 29,
      "limit": 30,
      "reset": "1788400886",
      "http_status": 200
    },
    "github_self_targets_blocked": 13,
    "github_duplicates_blocked": 0,
    "github_low_relevance_blocked": 21,
    "human_approval_required": true,
    "external_publications": 0,
    "external_publication_attempted": false
  },
  "SESSION": {
    "session_id": "sess_20260826_000957_11e9b0",
    "session_start_utc": "2026-08-26T00:09:57.414562+00:00",
    "elapsed_hours": 193.8412
  },
  "RUNTIME": {
    "cycles": 585,
    "successful_cycles": 585,
    "failed_cycles": 0,
    "idle_cycles": 0
  },
  "CYCLE": {
    "cycle_id": "cyc_2489cce3",
    "timestamp": "2026-09-03T02:00:25.883559+00:00",
    "productive_action": "PUBLISH_TECHNICAL_CONTENT",
    "productive_action_status": "SUCCESS"
  },
  "OPPORTUNITIES": {
    "opportunities_evaluated": 90,
    "targets_selected": 420,
    "tier_a_targets": 0,
    "tier_b_targets": 67,
    "tier_c_targets": 353
  },
  "ACTIONS": {
    "actions_attempted": 67,
    "actions_generated_locally": -286,
    "actions_sent_externally": 0,
    "publications_confirmed": 0,
    "action_failures": 0,
    "blocked_actions": 353
  },
  "CHANNEL TELEMETRY": {
    "channels_evaluated": 9,
    "channels_with_targets": 9,
    "channels_with_actions": 0,
    "channels_with_publications": 0,
    "channels_blocked": 0,
    "channel_diversity_score": 0.0,
    "per_channel": {
      "GITHUB": {
        "opportunities_evaluated": 10,
        "targets_selected": 188,
        "actions_attempted": 188,
        "actions_generated_locally": 67,
        "actions_sent_externally": 0,
        "publications_confirmed": 0,
        "failures": 0,
        "blocked": 121
      },
      "REDDIT": {
        "opportunities_evaluated": 10,
        "targets_selected": 29,
        "actions_attempted": 29,
        "actions_generated_locally": 0,
        "actions_sent_externally": 0,
        "publications_confirmed": 0,
        "failures": 0,
        "blocked": 29
      },
      "QUANTCONNECT": {
        "opportunities_evaluated": 10,
        "targets_selected": 29,
        "actions_attempted": 29,
        "actions_generated_locally": 0,
        "actions_sent_externally": 0,
        "publications_confirmed": 0,
        "failures": 0,
        "blocked": 29
      },
      "SEO": {
        "opportunities_evaluated": 10,
        "targets_selected": 29,
        "actions_attempted": 29,
        "actions_generated_locally": 0,
        "actions_sent_externally": 0,
        "publications_confirmed": 0,
        "failures": 0,
        "blocked": 29
      },
      "TECHNICAL_COMMUNITIES": {
        "opportunities_evaluated": 10,
        "targets_selected": 29,
        "actions_attempted": 29,
        "actions_generated_locally": 0,
        "actions_sent_externally": 0,
        "publications_confirmed": 0,
        "failures": 0,
        "blocked": 29
      },
      "DEVELOPER_FORUMS": {
        "opportunities_evaluated": 10,
        "targets_selected": 29,
        "actions_attempted": 29,
        "actions_generated_locally": 0,
        "actions_sent_externally": 0,
        "publications_confirmed": 0,
        "failures": 0,
        "blocked": 29
      },
      "B2B_DIRECTORIES": {
        "opportunities_evaluated": 10,
        "targets_selected": 29,
        "actions_attempted": 29,
        "actions_generated_locally": 0,
        "actions_sent_externally": 0,
        "publications_confirmed": 0,
        "failures": 0,
        "blocked": 29
      },
      "MARKETPLACES": {
        "opportunities_evaluated": 10,
        "targets_selected": 29,
        "actions_attempted": 29,
        "actions_generated_locally": 0,
        "actions_sent_externally": 0,
        "publications_confirmed": 0,
        "failures": 0,
        "blocked": 29
      },
      "CONTENT_DISCOVERY": {
        "opportunities_evaluated": 10,
        "targets_selected": 29,
        "actions_attempted": 29,
        "actions_generated_locally": 0,
        "actions_sent_externally": 0,
        "publications_confirmed": 0,
        "failures": 0,
        "blocked": 29
      }
    }
  },
  "REAL FUNNEL": {
    "human_replies": 0,
    "real_landing_visits": 0,
    "real_quiz_starts": 0,
    "real_emails": 0,
    "real_checkouts": 0,
    "real_payments": 0,
    "real_revenue_usd": 0,
    "real_audits": 0,
    "real_certificates": 0,
    "real_customer_emails": 0
  },
  "INTEGRITY": {
    "telemetry_inconsistencies_detected": 0,
    "telemetry_inconsistencies_corrected": 1,
    "synthetic_events": 0,
    "owner_internal_events": 0,
    "historical_events": 231
  },
  "OUTREACH": {
    "opportunities_evaluated": 90,
    "tier_a_targets": 0,
    "tier_b_targets": 67,
    "tier_c_targets": 353,
    "action_attempts": 67,
    "actions_successful": 0,
    "publications_created": 0,
    "blocked_actions": 353
  },
  "CHANNELS": {
    "channels_evaluated": 9,
    "channels_with_targets": 9,
    "channels_with_actions": 0,
    "channels_with_publications": 0,
    "channels_blocked": 0,
    "channel_diversity_score": 0.0
  },
  "RISK": {
    "duplicate_blocks": 252,
    "cooldown_blocks": 0,
    "relevance_blocks": 21,
    "promotion_risk_blocks": 0,
    "exposure_budget_blocks": 0
  },
  "ENGAGEMENT": {
    "human_replies": 0,
    "real_landing_visits": 0,
    "real_quiz_starts": 0,
    "real_emails": 0,
    "real_checkouts": 0
  },
  "REVENUE": {
    "real_payments": 0,
    "real_revenue_usd": 0,
    "revenue_usd": 0
  },
  "DELIVERY": {
    "real_audits": 0,
    "real_certificates": 0,
    "real_emails_delivered": 0
  },
  "HISTORICAL / INTERNAL": {
    "historical_audits": 231,
    "historical_certificates": 231,
    "historical_internal_emails": 231,
    "historical_test_payments": 1
  },
  "ANTI-IDLE": {
    "productive_cycles": 585,
    "idle_cycles": 0,
    "idle_cycle": false,
    "fallback_actions": 1
  },
  "DELTA": {
    "opportunities_evaluated_delta": 90,
    "targets_selected_delta": 420,
    "actions_sent_externally_delta": 0,
    "real_landing_visits_delta": 0,
    "real_revenue_delta": 0.0
  },
  "NEXT_ACTION": "PUBLISH_TECHNICAL_CONTENT",
  "STATUSES": {
    "TELEMETRY_INTEGRITY": "PASS",
    "EXTERNAL_ACTION_PROOF": "PASS",
    "TIER_ACCOUNTING": "PASS",
    "CHANNEL_ACCOUNTING": "PASS",
    "ENGINE_EXECUTION": "PASS",
    "ADAPTIVE_FILTER": "PASS",
    "NO_IDLE": "PASS",
    "NO_REPEAT": "PASS",
    "EXPOSURE_BUDGET": "PASS",
    "MULTICHANNEL_ACTIVITY": "PASS",
    "MULTICHANNEL_ROTATION": "PASS",
    "REAL_HUMAN_INTEREST": "PENDING",
    "REAL_REVENUE": "PENDING",
    "FINAL_VERDICT": "READY_FOR_24H_LOOP"
  }
}
Sleeping 15 minutes (900s)...

[2026-09-03T02:15:27.949243+00:00] Executed Cycle #586 (cyc_266e3728)
{
  "timestamp": "2026-09-03T02:15:27.949243+00:00",
  "cycle_id": "cyc_266e3728",
  "OPERATING_MODE": "DISCOVERY_AND_DRAFT_ONLY",
  "EXTERNAL_PUBLICATION_ATTEMPTED": false,
  "OUTREACH_SAFETY": {
    "operating_mode": "DISCOVERY_AND_DRAFT_ONLY",
    "allow_external_publication": false,
    "external_publication_allowed": false,
    "external_publication_attempted": false,
    "block_reason": "EXTERNAL_PUBLICATION_REQUIRES_EXPLICIT_APPROVAL"
  },
  "PROSPECT_PIPELINE": {
    "prospects_discovered": 420,
    "prospects_eligible": 67,
    "blocked_self_target": 29,
    "blocked_duplicate": 252,
    "pending_source_verification": 0,
    "template_or_synthetic": 10,
    "internal_or_self": 29,
    "local_drafts_created": 67,
    "valid_human_approvable_drafts": 5,
    "invalidated_drafts_historical": 295,
    "github_live_search_enabled": true,
    "github_api_requests_made_current_cycle": 1,
    "github_api_results_received_current_cycle": 30,
    "github_http_200_responses_current_cycle": 1,
    "github_external_sources_verified_current_cycle": 10,
    "github_drafts_created_current_cycle": 67,
    "github_api_error_current_cycle": null,
    "github_api_rate_limit_status_current_cycle": {
      "remaining": 29,
      "limit": 30,
      "reset": "1788401788",
      "http_status": 200
    },
    "github_self_targets_blocked": 13,
    "github_duplicates_blocked": 0,
    "github_low_relevance_blocked": 21,
    "human_approval_required": true,
    "external_publications": 0,
    "external_publication_attempted": false
  },
  "SESSION": {
    "session_id": "sess_20260826_000957_11e9b0",
    "session_start_utc": "2026-08-26T00:09:57.414562+00:00",
    "elapsed_hours": 194.0918
  },
  "RUNTIME": {
    "cycles": 586,
    "successful_cycles": 586,
    "failed_cycles": 0,
    "idle_cycles": 0
  },
  "CYCLE": {
    "cycle_id": "cyc_266e3728",
    "timestamp": "2026-09-03T02:15:27.949243+00:00",
    "productive_action": "PUBLISH_TECHNICAL_CONTENT",
    "productive_action_status": "SUCCESS"
  },
  "OPPORTUNITIES": {
    "opportunities_evaluated": 90,
    "targets_selected": 420,
    "tier_a_targets": 0,
    "tier_b_targets": 67,
    "tier_c_targets": 353
  },
  "ACTIONS": {
    "actions_attempted": 67,
    "actions_generated_locally": -286,
    "actions_sent_externally": 0,
    "publications_confirmed": 0,
    "action_failures": 0,
    "blocked_actions": 353
  },
  "CHANNEL TELEMETRY": {
    "channels_evaluated": 9,
    "channels_with_targets": 9,
    "channels_with_actions": 0,
    "channels_with_publications": 0,
    "channels_blocked": 0,
    "channel_diversity_score": 0.0,
    "per_channel": {
      "GITHUB": {
        "opportunities_evaluated": 10,
        "targets_selected": 188,
        "actions_attempted": 188,
        "actions_generated_locally": 67,
        "actions_sent_externally": 0,
        "publications_confirmed": 0,
        "failures": 0,
        "blocked": 121
      },
      "REDDIT": {
        "opportunities_evaluated": 10,
        "targets_selected": 29,
        "actions_attempted": 29,
        "actions_generated_locally": 0,
        "actions_sent_externally": 0,
        "publications_confirmed": 0,
        "failures": 0,
        "blocked": 29
      },
      "QUANTCONNECT": {
        "opportunities_evaluated": 10,
        "targets_selected": 29,
        "actions_attempted": 29,
        "actions_generated_locally": 0,
        "actions_sent_externally": 0,
        "publications_confirmed": 0,
        "failures": 0,
        "blocked": 29
      },
      "SEO": {
        "opportunities_evaluated": 10,
        "targets_selected": 29,
        "actions_attempted": 29,
        "actions_generated_locally": 0,
        "actions_sent_externally": 0,
        "publications_confirmed": 0,
        "failures": 0,
        "blocked": 29
      },
      "TECHNICAL_COMMUNITIES": {
        "opportunities_evaluated": 10,
        "targets_selected": 29,
        "actions_attempted": 29,
        "actions_generated_locally": 0,
        "actions_sent_externally": 0,
        "publications_confirmed": 0,
        "failures": 0,
        "blocked": 29
      },
      "DEVELOPER_FORUMS": {
        "opportunities_evaluated": 10,
        "targets_selected": 29,
        "actions_attempted": 29,
        "actions_generated_locally": 0,
        "actions_sent_externally": 0,
        "publications_confirmed": 0,
        "failures": 0,
        "blocked": 29
      },
      "B2B_DIRECTORIES": {
        "opportunities_evaluated": 10,
        "targets_selected": 29,
        "actions_attempted": 29,
        "actions_generated_locally": 0,
        "actions_sent_externally": 0,
        "publications_confirmed": 0,
        "failures": 0,
        "blocked": 29
      },
      "MARKETPLACES": {
        "opportunities_evaluated": 10,
        "targets_selected": 29,
        "actions_attempted": 29,
        "actions_generated_locally": 0,
        "actions_sent_externally": 0,
        "publications_confirmed": 0,
        "failures": 0,
        "blocked": 29
      },
      "CONTENT_DISCOVERY": {
        "opportunities_evaluated": 10,
        "targets_selected": 29,
        "actions_attempted": 29,
        "actions_generated_locally": 0,
        "actions_sent_externally": 0,
        "publications_confirmed": 0,
        "failures": 0,
        "blocked": 29
      }
    }
  },
  "REAL FUNNEL": {
    "human_replies": 0,
    "real_landing_visits": 0,
    "real_quiz_starts": 0,
    "real_emails": 0,
    "real_checkouts": 0,
    "real_payments": 0,
    "real_revenue_usd": 0,
    "real_audits": 0,
    "real_certificates": 0,
    "real_customer_emails": 0
  },
  "INTEGRITY": {
    "telemetry_inconsistencies_detected": 0,
    "telemetry_inconsistencies_corrected": 1,
    "synthetic_events": 0,
    "owner_internal_events": 0,
    "historical_events": 231
  },
  "OUTREACH": {
    "opportunities_evaluated": 90,
    "tier_a_targets": 0,
    "tier_b_targets": 67,
    "tier_c_targets": 353,
    "action_attempts": 67,
    "actions_successful": 0,
    "publications_created": 0,
    "blocked_actions": 353
  },
  "CHANNELS": {
    "channels_evaluated": 9,
    "channels_with_targets": 9,
    "channels_with_actions": 0,
    "channels_with_publications": 0,
    "channels_blocked": 0,
    "channel_diversity_score": 0.0
  },
  "RISK": {
    "duplicate_blocks": 252,
    "cooldown_blocks": 0,
    "relevance_blocks": 21,
    "promotion_risk_blocks": 0,
    "exposure_budget_blocks": 0
  },
  "ENGAGEMENT": {
    "human_replies": 0,
    "real_landing_visits": 0,
    "real_quiz_starts": 0,
    "real_emails": 0,
    "real_checkouts": 0
  },
  "REVENUE": {
    "real_payments": 0,
    "real_revenue_usd": 0,
    "revenue_usd": 0
  },
  "DELIVERY": {
    "real_audits": 0,
    "real_certificates": 0,
    "real_emails_delivered": 0
  },
  "HISTORICAL / INTERNAL": {
    "historical_audits": 231,
    "historical_certificates": 231,
    "historical_internal_emails": 231,
    "historical_test_payments": 1
  },
  "ANTI-IDLE": {
    "productive_cycles": 586,
    "idle_cycles": 0,
    "idle_cycle": false,
    "fallback_actions": 1
  },
  "DELTA": {
    "opportunities_evaluated_delta": 90,
    "targets_selected_delta": 420,
    "actions_sent_externally_delta": 0,
    "real_landing_visits_delta": 0,
    "real_revenue_delta": 0.0
  },
  "NEXT_ACTION": "PUBLISH_TECHNICAL_CONTENT",
  "STATUSES": {
    "TELEMETRY_INTEGRITY": "PASS",
    "EXTERNAL_ACTION_PROOF": "PASS",
    "TIER_ACCOUNTING": "PASS",
    "CHANNEL_ACCOUNTING": "PASS",
    "ENGINE_EXECUTION": "PASS",
    "ADAPTIVE_FILTER": "PASS",
    "NO_IDLE": "PASS",
    "NO_REPEAT": "PASS",
    "EXPOSURE_BUDGET": "PASS",
    "MULTICHANNEL_ACTIVITY": "PASS",
    "MULTICHANNEL_ROTATION": "PASS",
    "REAL_HUMAN_INTEREST": "PENDING",
    "REAL_REVENUE": "PENDING",
    "FINAL_VERDICT": "READY_FOR_24H_LOOP"
  }
}
Sleeping 15 minutes (900s)...

[2026-09-03T02:30:29.965305+00:00] Executed Cycle #587 (cyc_2aa378aa)
{
  "timestamp": "2026-09-03T02:30:29.965305+00:00",
  "cycle_id": "cyc_2aa378aa",
  "OPERATING_MODE": "DISCOVERY_AND_DRAFT_ONLY",
  "EXTERNAL_PUBLICATION_ATTEMPTED": false,
  "OUTREACH_SAFETY": {
    "operating_mode": "DISCOVERY_AND_DRAFT_ONLY",
    "allow_external_publication": false,
    "external_publication_allowed": false,
    "external_publication_attempted": false,
    "block_reason": "EXTERNAL_PUBLICATION_REQUIRES_EXPLICIT_APPROVAL"
  },
  "PROSPECT_PIPELINE": {
    "prospects_discovered": 420,
    "prospects_eligible": 67,
    "blocked_self_target": 29,
    "blocked_duplicate": 252,
    "pending_source_verification": 0,
    "template_or_synthetic": 10,
    "internal_or_self": 29,
    "local_drafts_created": 67,
    "valid_human_approvable_drafts": 5,
    "invalidated_drafts_historical": 295,
    "github_live_search_enabled": true,
    "github_api_requests_made_current_cycle": 1,
    "github_api_results_received_current_cycle": 5,
    "github_http_200_responses_current_cycle": 1,
    "github_external_sources_verified_current_cycle": 4,
    "github_drafts_created_current_cycle": 67,
    "github_api_error_current_cycle": null,
    "github_api_rate_limit_status_current_cycle": {
      "remaining": 29,
      "limit": 30,
      "reset": "1788402690",
      "http_status": 200
    },
    "github_self_targets_blocked": 13,
    "github_duplicates_blocked": 0,
    "github_low_relevance_blocked": 21,
    "human_approval_required": true,
    "external_publications": 0,
    "external_publication_attempted": false
  },
  "SESSION": {
    "session_id": "sess_20260826_000957_11e9b0",
    "session_start_utc": "2026-08-26T00:09:57.414562+00:00",
    "elapsed_hours": 194.3424
  },
  "RUNTIME": {
    "cycles": 587,
    "successful_cycles": 587,
    "failed_cycles": 0,
    "idle_cycles": 0
  },
  "CYCLE": {
    "cycle_id": "cyc_2aa378aa",
    "timestamp": "2026-09-03T02:30:29.965305+00:00",
    "productive_action": "PUBLISH_TECHNICAL_CONTENT",
    "productive_action_status": "SUCCESS"
  },
  "OPPORTUNITIES": {
    "opportunities_evaluated": 90,
    "targets_selected": 420,
    "tier_a_targets": 0,
    "tier_b_targets": 67,
    "tier_c_targets": 353
  },
  "ACTIONS": {
    "actions_attempted": 67,
    "actions_generated_locally": -286,
    "actions_sent_externally": 0,
    "publications_confirmed": 0,
    "action_failures": 0,
    "blocked_actions": 353
  },
  "CHANNEL TELEMETRY": {
    "channels_evaluated": 9,
    "channels_with_targets": 9,
    "channels_with_actions": 0,
    "channels_with_publications": 0,
    "channels_blocked": 0,
    "channel_diversity_score": 0.0,
    "per_channel": {
      "GITHUB": {
        "opportunities_evaluated": 10,
        "targets_selected": 188,
        "actions_attempted": 188,
        "actions_generated_locally": 67,
        "actions_sent_externally": 0,
        "publications_confirmed": 0,
        "failures": 0,
        "blocked": 121
      },
      "REDDIT": {
        "opportunities_evaluated": 10,
        "targets_selected": 29,
        "actions_attempted": 29,
        "actions_generated_locally": 0,
        "actions_sent_externally": 0,
        "publications_confirmed": 0,
        "failures": 0,
        "blocked": 29
      },
      "QUANTCONNECT": {
        "opportunities_evaluated": 10,
        "targets_selected": 29,
        "actions_attempted": 29,
        "actions_generated_locally": 0,
        "actions_sent_externally": 0,
        "publications_confirmed": 0,
        "failures": 0,
        "blocked": 29
      },
      "SEO": {
        "opportunities_evaluated": 10,
        "targets_selected": 29,
        "actions_attempted": 29,
        "actions_generated_locally": 0,
        "actions_sent_externally": 0,
        "publications_confirmed": 0,
        "failures": 0,
        "blocked": 29
      },
      "TECHNICAL_COMMUNITIES": {
        "opportunities_evaluated": 10,
        "targets_selected": 29,
        "actions_attempted": 29,
        "actions_generated_locally": 0,
        "actions_sent_externally": 0,
        "publications_confirmed": 0,
        "failures": 0,
        "blocked": 29
      },
      "DEVELOPER_FORUMS": {
        "opportunities_evaluated": 10,
        "targets_selected": 29,
        "actions_attempted": 29,
        "actions_generated_locally": 0,
        "actions_sent_externally": 0,
        "publications_confirmed": 0,
        "failures": 0,
        "blocked": 29
      },
      "B2B_DIRECTORIES": {
        "opportunities_evaluated": 10,
        "targets_selected": 29,
        "actions_attempted": 29,
        "actions_generated_locally": 0,
        "actions_sent_externally": 0,
        "publications_confirmed": 0,
        "failures": 0,
        "blocked": 29
      },
      "MARKETPLACES": {
        "opportunities_evaluated": 10,
        "targets_selected": 29,
        "actions_attempted": 29,
        "actions_generated_locally": 0,
        "actions_sent_externally": 0,
        "publications_confirmed": 0,
        "failures": 0,
        "blocked": 29
      },
      "CONTENT_DISCOVERY": {
        "opportunities_evaluated": 10,
        "targets_selected": 29,
        "actions_attempted": 29,
        "actions_generated_locally": 0,
        "actions_sent_externally": 0,
        "publications_confirmed": 0,
        "failures": 0,
        "blocked": 29
      }
    }
  },
  "REAL FUNNEL": {
    "human_replies": 0,
    "real_landing_visits": 0,
    "real_quiz_starts": 0,
    "real_emails": 0,
    "real_checkouts": 0,
    "real_payments": 0,
    "real_revenue_usd": 0,
    "real_audits": 0,
    "real_certificates": 0,
    "real_customer_emails": 0
  },
  "INTEGRITY": {
    "telemetry_inconsistencies_detected": 0,
    "telemetry_inconsistencies_corrected": 1,
    "synthetic_events": 0,
    "owner_internal_events": 0,
    "historical_events": 231
  },
  "OUTREACH": {
    "opportunities_evaluated": 90,
    "tier_a_targets": 0,
    "tier_b_targets": 67,
    "tier_c_targets": 353,
    "action_attempts": 67,
    "actions_successful": 0,
    "publications_created": 0,
    "blocked_actions": 353
  },
  "CHANNELS": {
    "channels_evaluated": 9,
    "channels_with_targets": 9,
    "channels_with_actions": 0,
    "channels_with_publications": 0,
    "channels_blocked": 0,
    "channel_diversity_score": 0.0
  },
  "RISK": {
    "duplicate_blocks": 252,
    "cooldown_blocks": 0,
    "relevance_blocks": 21,
    "promotion_risk_blocks": 0,
    "exposure_budget_blocks": 0
  },
  "ENGAGEMENT": {
    "human_replies": 0,
    "real_landing_visits": 0,
    "real_quiz_starts": 0,
    "real_emails": 0,
    "real_checkouts": 0
  },
  "REVENUE": {
    "real_payments": 0,
    "real_revenue_usd": 0,
    "revenue_usd": 0
  },
  "DELIVERY": {
    "real_audits": 0,
    "real_certificates": 0,
    "real_emails_delivered": 0
  },
  "HISTORICAL / INTERNAL": {
    "historical_audits": 231,
    "historical_certificates": 231,
    "historical_internal_emails": 231,
    "historical_test_payments": 1
  },
  "ANTI-IDLE": {
    "productive_cycles": 587,
    "idle_cycles": 0,
    "idle_cycle": false,
    "fallback_actions": 1
  },
  "DELTA": {
    "opportunities_evaluated_delta": 90,
    "targets_selected_delta": 420,
    "actions_sent_externally_delta": 0,
    "real_landing_visits_delta": 0,
    "real_revenue_delta": 0.0
  },
  "NEXT_ACTION": "PUBLISH_TECHNICAL_CONTENT",
  "STATUSES": {
    "TELEMETRY_INTEGRITY": "PASS",
    "EXTERNAL_ACTION_PROOF": "PASS",
    "TIER_ACCOUNTING": "PASS",
    "CHANNEL_ACCOUNTING": "PASS",
    "ENGINE_EXECUTION": "PASS",
    "ADAPTIVE_FILTER": "PASS",
    "NO_IDLE": "PASS",
    "NO_REPEAT": "PASS",
    "EXPOSURE_BUDGET": "PASS",
    "MULTICHANNEL_ACTIVITY": "PASS",
    "MULTICHANNEL_ROTATION": "PASS",
    "REAL_HUMAN_INTEREST": "PENDING",
    "REAL_REVENUE": "PENDING",
    "FINAL_VERDICT": "READY_FOR_24H_LOOP"
  }
}
Sleeping 15 minutes (900s)...

[2026-09-03T02:45:31.249046+00:00] Executed Cycle #588 (cyc_f4f86238)
{
  "timestamp": "2026-09-03T02:45:31.249046+00:00",
  "cycle_id": "cyc_f4f86238",
  "OPERATING_MODE": "DISCOVERY_AND_DRAFT_ONLY",
  "EXTERNAL_PUBLICATION_ATTEMPTED": false,
  "OUTREACH_SAFETY": {
    "operating_mode": "DISCOVERY_AND_DRAFT_ONLY",
    "allow_external_publication": false,
    "external_publication_allowed": false,
    "external_publication_attempted": false,
    "block_reason": "EXTERNAL_PUBLICATION_REQUIRES_EXPLICIT_APPROVAL"
  },
  "PROSPECT_PIPELINE": {
    "prospects_discovered": 420,
    "prospects_eligible": 67,
    "blocked_self_target": 29,
    "blocked_duplicate": 252,
    "pending_source_verification": 0,
    "template_or_synthetic": 10,
    "internal_or_self": 29,
    "local_drafts_created": 67,
    "valid_human_approvable_drafts": 5,
    "invalidated_drafts_historical": 295,
    "github_live_search_enabled": true,
    "github_api_requests_made_current_cycle": 1,
    "github_api_results_received_current_cycle": 30,
    "github_http_200_responses_current_cycle": 1,
    "github_external_sources_verified_current_cycle": 10,
    "github_drafts_created_current_cycle": 67,
    "github_api_error_current_cycle": null,
    "github_api_rate_limit_status_current_cycle": {
      "remaining": 29,
      "limit": 30,
      "reset": "1788403591",
      "http_status": 200
    },
    "github_self_targets_blocked": 14,
    "github_duplicates_blocked": 0,
    "github_low_relevance_blocked": 21,
    "human_approval_required": true,
    "external_publications": 0,
    "external_publication_attempted": false
  },
  "SESSION": {
    "session_id": "sess_20260826_000957_11e9b0",
    "session_start_utc": "2026-08-26T00:09:57.414562+00:00",
    "elapsed_hours": 194.5927
  },
  "RUNTIME": {
    "cycles": 588,
    "successful_cycles": 588,
    "failed_cycles": 0,
    "idle_cycles": 0
  },
  "CYCLE": {
    "cycle_id": "cyc_f4f86238",
    "timestamp": "2026-09-03T02:45:31.249046+00:00",
    "productive_action": "PUBLISH_TECHNICAL_CONTENT",
    "productive_action_status": "SUCCESS"
  },
  "OPPORTUNITIES": {
    "opportunities_evaluated": 90,
    "targets_selected": 420,
    "tier_a_targets": 0,
    "tier_b_targets": 67,
    "tier_c_targets": 353
  },
  "ACTIONS": {
    "actions_attempted": 67,
    "actions_generated_locally": -286,
    "actions_sent_externally": 0,
    "publications_confirmed": 0,
    "action_failures": 0,
    "blocked_actions": 353
  },
  "CHANNEL TELEMETRY": {
    "channels_evaluated": 9,
    "channels_with_targets": 9,
    "channels_with_actions": 0,
    "channels_with_publications": 0,
    "channels_blocked": 0,
    "channel_diversity_score": 0.0,
    "per_channel": {
      "GITHUB": {
        "opportunities_evaluated": 10,
        "targets_selected": 188,
        "actions_attempted": 188,
        "actions_generated_locally": 67,
        "actions_sent_externally": 0,
        "publications_confirmed": 0,
        "failures": 0,
        "blocked": 121
      },
      "REDDIT": {
        "opportunities_evaluated": 10,
        "targets_selected": 29,
        "actions_attempted": 29,
        "actions_generated_locally": 0,
        "actions_sent_externally": 0,
        "publications_confirmed": 0,
        "failures": 0,
        "blocked": 29
      },
      "QUANTCONNECT": {
        "opportunities_evaluated": 10,
        "targets_selected": 29,
        "actions_attempted": 29,
        "actions_generated_locally": 0,
        "actions_sent_externally": 0,
        "publications_confirmed": 0,
        "failures": 0,
        "blocked": 29
      },
      "SEO": {
        "opportunities_evaluated": 10,
        "targets_selected": 29,
        "actions_attempted": 29,
        "actions_generated_locally": 0,
        "actions_sent_externally": 0,
        "publications_confirmed": 0,
        "failures": 0,
        "blocked": 29
      },
      "TECHNICAL_COMMUNITIES": {
        "opportunities_evaluated": 10,
        "targets_selected": 29,
        "actions_attempted": 29,
        "actions_generated_locally": 0,
        "actions_sent_externally": 0,
        "publications_confirmed": 0,
        "failures": 0,
        "blocked": 29
      },
      "DEVELOPER_FORUMS": {
        "opportunities_evaluated": 10,
        "targets_selected": 29,
        "actions_attempted": 29,
        "actions_generated_locally": 0,
        "actions_sent_externally": 0,
        "publications_confirmed": 0,
        "failures": 0,
        "blocked": 29
      },
      "B2B_DIRECTORIES": {
        "opportunities_evaluated": 10,
        "targets_selected": 29,
        "actions_attempted": 29,
        "actions_generated_locally": 0,
        "actions_sent_externally": 0,
        "publications_confirmed": 0,
        "failures": 0,
        "blocked": 29
      },
      "MARKETPLACES": {
        "opportunities_evaluated": 10,
        "targets_selected": 29,
        "actions_attempted": 29,
        "actions_generated_locally": 0,
        "actions_sent_externally": 0,
        "publications_confirmed": 0,
        "failures": 0,
        "blocked": 29
      },
      "CONTENT_DISCOVERY": {
        "opportunities_evaluated": 10,
        "targets_selected": 29,
        "actions_attempted": 29,
        "actions_generated_locally": 0,
        "actions_sent_externally": 0,
        "publications_confirmed": 0,
        "failures": 0,
        "blocked": 29
      }
    }
  },
  "REAL FUNNEL": {
    "human_replies": 0,
    "real_landing_visits": 0,
    "real_quiz_starts": 0,
    "real_emails": 0,
    "real_checkouts": 0,
    "real_payments": 0,
    "real_revenue_usd": 0,
    "real_audits": 0,
    "real_certificates": 0,
    "real_customer_emails": 0
  },
  "INTEGRITY": {
    "telemetry_inconsistencies_detected": 0,
    "telemetry_inconsistencies_corrected": 1,
    "synthetic_events": 0,
    "owner_internal_events": 0,
    "historical_events": 231
  },
  "OUTREACH": {
    "opportunities_evaluated": 90,
    "tier_a_targets": 0,
    "tier_b_targets": 67,
    "tier_c_targets": 353,
    "action_attempts": 67,
    "actions_successful": 0,
    "publications_created": 0,
    "blocked_actions": 353
  },
  "CHANNELS": {
    "channels_evaluated": 9,
    "channels_with_targets": 9,
    "channels_with_actions": 0,
    "channels_with_publications": 0,
    "channels_blocked": 0,
    "channel_diversity_score": 0.0
  },
  "RISK": {
    "duplicate_blocks": 252,
    "cooldown_blocks": 0,
    "relevance_blocks": 21,
    "promotion_risk_blocks": 0,
    "exposure_budget_blocks": 0
  },
  "ENGAGEMENT": {
    "human_replies": 0,
    "real_landing_visits": 0,
    "real_quiz_starts": 0,
    "real_emails": 0,
    "real_checkouts": 0
  },
  "REVENUE": {
    "real_payments": 0,
    "real_revenue_usd": 0,
    "revenue_usd": 0
  },
  "DELIVERY": {
    "real_audits": 0,
    "real_certificates": 0,
    "real_emails_delivered": 0
  },
  "HISTORICAL / INTERNAL": {
    "historical_audits": 231,
    "historical_certificates": 231,
    "historical_internal_emails": 231,
    "historical_test_payments": 1
  },
  "ANTI-IDLE": {
    "productive_cycles": 588,
    "idle_cycles": 0,
    "idle_cycle": false,
    "fallback_actions": 1
  },
  "DELTA": {
    "opportunities_evaluated_delta": 90,
    "targets_selected_delta": 420,
    "actions_sent_externally_delta": 0,
    "real_landing_visits_delta": 0,
    "real_revenue_delta": 0.0
  },
  "NEXT_ACTION": "PUBLISH_TECHNICAL_CONTENT",
  "STATUSES": {
    "TELEMETRY_INTEGRITY": "PASS",
    "EXTERNAL_ACTION_PROOF": "PASS",
    "TIER_ACCOUNTING": "PASS",
    "CHANNEL_ACCOUNTING": "PASS",
    "ENGINE_EXECUTION": "PASS",
    "ADAPTIVE_FILTER": "PASS",
    "NO_IDLE": "PASS",
    "NO_REPEAT": "PASS",
    "EXPOSURE_BUDGET": "PASS",
    "MULTICHANNEL_ACTIVITY": "PASS",
    "MULTICHANNEL_ROTATION": "PASS",
    "REAL_HUMAN_INTEREST": "PENDING",
    "REAL_REVENUE": "PENDING",
    "FINAL_VERDICT": "READY_FOR_24H_LOOP"
  }
}
Sleeping 15 minutes (900s)...

[2026-09-03T03:00:33.032588+00:00] Executed Cycle #589 (cyc_9470058d)
{
  "timestamp": "2026-09-03T03:00:33.032588+00:00",
  "cycle_id": "cyc_9470058d",
  "OPERATING_MODE": "DISCOVERY_AND_DRAFT_ONLY",
  "EXTERNAL_PUBLICATION_ATTEMPTED": false,
  "OUTREACH_SAFETY": {
    "operating_mode": "DISCOVERY_AND_DRAFT_ONLY",
    "allow_external_publication": false,
    "external_publication_allowed": false,
    "external_publication_attempted": false,
    "block_reason": "EXTERNAL_PUBLICATION_REQUIRES_EXPLICIT_APPROVAL"
  },
  "PROSPECT_PIPELINE": {
    "prospects_discovered": 420,
    "prospects_eligible": 67,
    "blocked_self_target": 29,
    "blocked_duplicate": 252,
    "pending_source_verification": 0,
    "template_or_synthetic": 10,
    "internal_or_self": 29,
    "local_drafts_created": 67,
    "valid_human_approvable_drafts": 5,
    "invalidated_drafts_historical": 295,
    "github_live_search_enabled": true,
    "github_api_requests_made_current_cycle": 1,
    "github_api_results_received_current_cycle": 30,
    "github_http_200_responses_current_cycle": 1,
    "github_external_sources_verified_current_cycle": 10,
    "github_drafts_created_current_cycle": 67,
    "github_api_error_current_cycle": null,
    "github_api_rate_limit_status_current_cycle": {
      "remaining": 29,
      "limit": 30,
      "reset": "1788404493",
      "http_status": 200
    },
    "github_self_targets_blocked": 14,
    "github_duplicates_blocked": 0,
    "github_low_relevance_blocked": 21,
    "human_approval_required": true,
    "external_publications": 0,
    "external_publication_attempted": false
  },
  "SESSION": {
    "session_id": "sess_20260826_000957_11e9b0",
    "session_start_utc": "2026-08-26T00:09:57.414562+00:00",
    "elapsed_hours": 194.8432
  },
  "RUNTIME": {
    "cycles": 589,
    "successful_cycles": 589,
    "failed_cycles": 0,
    "idle_cycles": 0
  },
  "CYCLE": {
    "cycle_id": "cyc_9470058d",
    "timestamp": "2026-09-03T03:00:33.032588+00:00",
    "productive_action": "PUBLISH_TECHNICAL_CONTENT",
    "productive_action_status": "SUCCESS"
  },
  "OPPORTUNITIES": {
    "opportunities_evaluated": 90,
    "targets_selected": 420,
    "tier_a_targets": 0,
    "tier_b_targets": 67,
    "tier_c_targets": 353
  },
  "ACTIONS": {
    "actions_attempted": 67,
    "actions_generated_locally": -286,
    "actions_sent_externally": 0,
    "publications_confirmed": 0,
    "action_failures": 0,
    "blocked_actions": 353
  },
  "CHANNEL TELEMETRY": {
    "channels_evaluated": 9,
    "channels_with_targets": 9,
    "channels_with_actions": 0,
    "channels_with_publications": 0,
    "channels_blocked": 0,
    "channel_diversity_score": 0.0,
    "per_channel": {
      "GITHUB": {
        "opportunities_evaluated": 10,
        "targets_selected": 188,
        "actions_attempted": 188,
        "actions_generated_locally": 67,
        "actions_sent_externally": 0,
        "publications_confirmed": 0,
        "failures": 0,
        "blocked": 121
      },
      "REDDIT": {
        "opportunities_evaluated": 10,
        "targets_selected": 29,
        "actions_attempted": 29,
        "actions_generated_locally": 0,
        "actions_sent_externally": 0,
        "publications_confirmed": 0,
        "failures": 0,
        "blocked": 29
      },
      "QUANTCONNECT": {
        "opportunities_evaluated": 10,
        "targets_selected": 29,
        "actions_attempted": 29,
        "actions_generated_locally": 0,
        "actions_sent_externally": 0,
        "publications_confirmed": 0,
        "failures": 0,
        "blocked": 29
      },
      "SEO": {
        "opportunities_evaluated": 10,
        "targets_selected": 29,
        "actions_attempted": 29,
        "actions_generated_locally": 0,
        "actions_sent_externally": 0,
        "publications_confirmed": 0,
        "failures": 0,
        "blocked": 29
      },
      "TECHNICAL_COMMUNITIES": {
        "opportunities_evaluated": 10,
        "targets_selected": 29,
        "actions_attempted": 29,
        "actions_generated_locally": 0,
        "actions_sent_externally": 0,
        "publications_confirmed": 0,
        "failures": 0,
        "blocked": 29
      },
      "DEVELOPER_FORUMS": {
        "opportunities_evaluated": 10,
        "targets_selected": 29,
        "actions_attempted": 29,
        "actions_generated_locally": 0,
        "actions_sent_externally": 0,
        "publications_confirmed": 0,
        "failures": 0,
        "blocked": 29
      },
      "B2B_DIRECTORIES": {
        "opportunities_evaluated": 10,
        "targets_selected": 29,
        "actions_attempted": 29,
        "actions_generated_locally": 0,
        "actions_sent_externally": 0,
        "publications_confirmed": 0,
        "failures": 0,
        "blocked": 29
      },
      "MARKETPLACES": {
        "opportunities_evaluated": 10,
        "targets_selected": 29,
        "actions_attempted": 29,
        "actions_generated_locally": 0,
        "actions_sent_externally": 0,
        "publications_confirmed": 0,
        "failures": 0,
        "blocked": 29
      },
      "CONTENT_DISCOVERY": {
        "opportunities_evaluated": 10,
        "targets_selected": 29,
        "actions_attempted": 29,
        "actions_generated_locally": 0,
        "actions_sent_externally": 0,
        "publications_confirmed": 0,
        "failures": 0,
        "blocked": 29
      }
    }
  },
  "REAL FUNNEL": {
    "human_replies": 0,
    "real_landing_visits": 0,
    "real_quiz_starts": 0,
    "real_emails": 0,
    "real_checkouts": 0,
    "real_payments": 0,
    "real_revenue_usd": 0,
    "real_audits": 0,
    "real_certificates": 0,
    "real_customer_emails": 0
  },
  "INTEGRITY": {
    "telemetry_inconsistencies_detected": 0,
    "telemetry_inconsistencies_corrected": 1,
    "synthetic_events": 0,
    "owner_internal_events": 0,
    "historical_events": 231
  },
  "OUTREACH": {
    "opportunities_evaluated": 90,
    "tier_a_targets": 0,
    "tier_b_targets": 67,
    "tier_c_targets": 353,
    "action_attempts": 67,
    "actions_successful": 0,
    "publications_created": 0,
    "blocked_actions": 353
  },
  "CHANNELS": {
    "channels_evaluated": 9,
    "channels_with_targets": 9,
    "channels_with_actions": 0,
    "channels_with_publications": 0,
    "channels_blocked": 0,
    "channel_diversity_score": 0.0
  },
  "RISK": {
    "duplicate_blocks": 252,
    "cooldown_blocks": 0,
    "relevance_blocks": 21,
    "promotion_risk_blocks": 0,
    "exposure_budget_blocks": 0
  },
  "ENGAGEMENT": {
    "human_replies": 0,
    "real_landing_visits": 0,
    "real_quiz_starts": 0,
    "real_emails": 0,
    "real_checkouts": 0
  },
  "REVENUE": {
    "real_payments": 0,
    "real_revenue_usd": 0,
    "revenue_usd": 0
  },
  "DELIVERY": {
    "real_audits": 0,
    "real_certificates": 0,
    "real_emails_delivered": 0
  },
  "HISTORICAL / INTERNAL": {
    "historical_audits": 231,
    "historical_certificates": 231,
    "historical_internal_emails": 231,
    "historical_test_payments": 1
  },
  "ANTI-IDLE": {
    "productive_cycles": 589,
    "idle_cycles": 0,
    "idle_cycle": false,
    "fallback_actions": 1
  },
  "DELTA": {
    "opportunities_evaluated_delta": 90,
    "targets_selected_delta": 420,
    "actions_sent_externally_delta": 0,
    "real_landing_visits_delta": 0,
    "real_revenue_delta": 0.0
  },
  "NEXT_ACTION": "PUBLISH_TECHNICAL_CONTENT",
  "STATUSES": {
    "TELEMETRY_INTEGRITY": "PASS",
    "EXTERNAL_ACTION_PROOF": "PASS",
    "TIER_ACCOUNTING": "PASS",
    "CHANNEL_ACCOUNTING": "PASS",
    "ENGINE_EXECUTION": "PASS",
    "ADAPTIVE_FILTER": "PASS",
    "NO_IDLE": "PASS",
    "NO_REPEAT": "PASS",
    "EXPOSURE_BUDGET": "PASS",
    "MULTICHANNEL_ACTIVITY": "PASS",
    "MULTICHANNEL_ROTATION": "PASS",
    "REAL_HUMAN_INTEREST": "PENDING",
    "REAL_REVENUE": "PENDING",
    "FINAL_VERDICT": "READY_FOR_24H_LOOP"
  }
}
Sleeping 15 minutes (900s)...

[2026-09-03T03:15:35.559561+00:00] Executed Cycle #590 (cyc_84b25692)
{
  "timestamp": "2026-09-03T03:15:35.559561+00:00",
  "cycle_id": "cyc_84b25692",
  "OPERATING_MODE": "DISCOVERY_AND_DRAFT_ONLY",
  "EXTERNAL_PUBLICATION_ATTEMPTED": false,
  "OUTREACH_SAFETY": {
    "operating_mode": "DISCOVERY_AND_DRAFT_ONLY",
    "allow_external_publication": false,
    "external_publication_allowed": false,
    "external_publication_attempted": false,
    "block_reason": "EXTERNAL_PUBLICATION_REQUIRES_EXPLICIT_APPROVAL"
  },
  "PROSPECT_PIPELINE": {
    "prospects_discovered": 420,
    "prospects_eligible": 67,
    "blocked_self_target": 29,
    "blocked_duplicate": 252,
    "pending_source_verification": 0,
    "template_or_synthetic": 10,
    "internal_or_self": 29,
    "local_drafts_created": 67,
    "valid_human_approvable_drafts": 5,
    "invalidated_drafts_historical": 295,
    "github_live_search_enabled": true,
    "github_api_requests_made_current_cycle": 1,
    "github_api_results_received_current_cycle": 30,
    "github_http_200_responses_current_cycle": 1,
    "github_external_sources_verified_current_cycle": 10,
    "github_drafts_created_current_cycle": 67,
    "github_api_error_current_cycle": null,
    "github_api_rate_limit_status_current_cycle": {
      "remaining": 29,
      "limit": 30,
      "reset": "1788405395",
      "http_status": 200
    },
    "github_self_targets_blocked": 14,
    "github_duplicates_blocked": 0,
    "github_low_relevance_blocked": 21,
    "human_approval_required": true,
    "external_publications": 0,
    "external_publication_attempted": false
  },
  "SESSION": {
    "session_id": "sess_20260826_000957_11e9b0",
    "session_start_utc": "2026-08-26T00:09:57.414562+00:00",
    "elapsed_hours": 195.0939
  },
  "RUNTIME": {
    "cycles": 590,
    "successful_cycles": 590,
    "failed_cycles": 0,
    "idle_cycles": 0
  },
  "CYCLE": {
    "cycle_id": "cyc_84b25692",
    "timestamp": "2026-09-03T03:15:35.559561+00:00",
    "productive_action": "PUBLISH_TECHNICAL_CONTENT",
    "productive_action_status": "SUCCESS"
  },
  "OPPORTUNITIES": {
    "opportunities_evaluated": 90,
    "targets_selected": 420,
    "tier_a_targets": 0,
    "tier_b_targets": 67,
    "tier_c_targets": 353
  },
  "ACTIONS": {
    "actions_attempted": 67,
    "actions_generated_locally": -286,
    "actions_sent_externally": 0,
    "publications_confirmed": 0,
    "action_failures": 0,
    "blocked_actions": 353
  },
  "CHANNEL TELEMETRY": {
    "channels_evaluated": 9,
    "channels_with_targets": 9,
    "channels_with_actions": 0,
    "channels_with_publications": 0,
    "channels_blocked": 0,
    "channel_diversity_score": 0.0,
    "per_channel": {
      "GITHUB": {
        "opportunities_evaluated": 10,
        "targets_selected": 188,
        "actions_attempted": 188,
        "actions_generated_locally": 67,
        "actions_sent_externally": 0,
        "publications_confirmed": 0,
        "failures": 0,
        "blocked": 121
      },
      "REDDIT": {
        "opportunities_evaluated": 10,
        "targets_selected": 29,
        "actions_attempted": 29,
        "actions_generated_locally": 0,
        "actions_sent_externally": 0,
        "publications_confirmed": 0,
        "failures": 0,
        "blocked": 29
      },
      "QUANTCONNECT": {
        "opportunities_evaluated": 10,
        "targets_selected": 29,
        "actions_attempted": 29,
        "actions_generated_locally": 0,
        "actions_sent_externally": 0,
        "publications_confirmed": 0,
        "failures": 0,
        "blocked": 29
      },
      "SEO": {
        "opportunities_evaluated": 10,
        "targets_selected": 29,
        "actions_attempted": 29,
        "actions_generated_locally": 0,
        "actions_sent_externally": 0,
        "publications_confirmed": 0,
        "failures": 0,
        "blocked": 29
      },
      "TECHNICAL_COMMUNITIES": {
        "opportunities_evaluated": 10,
        "targets_selected": 29,
        "actions_attempted": 29,
        "actions_generated_locally": 0,
        "actions_sent_externally": 0,
        "publications_confirmed": 0,
        "failures": 0,
        "blocked": 29
      },
      "DEVELOPER_FORUMS": {
        "opportunities_evaluated": 10,
        "targets_selected": 29,
        "actions_attempted": 29,
        "actions_generated_locally": 0,
        "actions_sent_externally": 0,
        "publications_confirmed": 0,
        "failures": 0,
        "blocked": 29
      },
      "B2B_DIRECTORIES": {
        "opportunities_evaluated": 10,
        "targets_selected": 29,
        "actions_attempted": 29,
        "actions_generated_locally": 0,
        "actions_sent_externally": 0,
        "publications_confirmed": 0,
        "failures": 0,
        "blocked": 29
      },
      "MARKETPLACES": {
        "opportunities_evaluated": 10,
        "targets_selected": 29,
        "actions_attempted": 29,
        "actions_generated_locally": 0,
        "actions_sent_externally": 0,
        "publications_confirmed": 0,
        "failures": 0,
        "blocked": 29
      },
      "CONTENT_DISCOVERY": {
        "opportunities_evaluated": 10,
        "targets_selected": 29,
        "actions_attempted": 29,
        "actions_generated_locally": 0,
        "actions_sent_externally": 0,
        "publications_confirmed": 0,
        "failures": 0,
        "blocked": 29
      }
    }
  },
  "REAL FUNNEL": {
    "human_replies": 0,
    "real_landing_visits": 0,
    "real_quiz_starts": 0,
    "real_emails": 0,
    "real_checkouts": 0,
    "real_payments": 0,
    "real_revenue_usd": 0,
    "real_audits": 0,
    "real_certificates": 0,
    "real_customer_emails": 0
  },
  "INTEGRITY": {
    "telemetry_inconsistencies_detected": 0,
    "telemetry_inconsistencies_corrected": 1,
    "synthetic_events": 0,
    "owner_internal_events": 0,
    "historical_events": 231
  },
  "OUTREACH": {
    "opportunities_evaluated": 90,
    "tier_a_targets": 0,
    "tier_b_targets": 67,
    "tier_c_targets": 353,
    "action_attempts": 67,
    "actions_successful": 0,
    "publications_created": 0,
    "blocked_actions": 353
  },
  "CHANNELS": {
    "channels_evaluated": 9,
    "channels_with_targets": 9,
    "channels_with_actions": 0,
    "channels_with_publications": 0,
    "channels_blocked": 0,
    "channel_diversity_score": 0.0
  },
  "RISK": {
    "duplicate_blocks": 252,
    "cooldown_blocks": 0,
    "relevance_blocks": 21,
    "promotion_risk_blocks": 0,
    "exposure_budget_blocks": 0
  },
  "ENGAGEMENT": {
    "human_replies": 0,
    "real_landing_visits": 0,
    "real_quiz_starts": 0,
    "real_emails": 0,
    "real_checkouts": 0
  },
  "REVENUE": {
    "real_payments": 0,
    "real_revenue_usd": 0,
    "revenue_usd": 0
  },
  "DELIVERY": {
    "real_audits": 0,
    "real_certificates": 0,
    "real_emails_delivered": 0
  },
  "HISTORICAL / INTERNAL": {
    "historical_audits": 231,
    "historical_certificates": 231,
    "historical_internal_emails": 231,
    "historical_test_payments": 1
  },
  "ANTI-IDLE": {
    "productive_cycles": 590,
    "idle_cycles": 0,
    "idle_cycle": false,
    "fallback_actions": 1
  },
  "DELTA": {
    "opportunities_evaluated_delta": 90,
    "targets_selected_delta": 420,
    "actions_sent_externally_delta": 0,
    "real_landing_visits_delta": 0,
    "real_revenue_delta": 0.0
  },
  "NEXT_ACTION": "PUBLISH_TECHNICAL_CONTENT",
  "STATUSES": {
    "TELEMETRY_INTEGRITY": "PASS",
    "EXTERNAL_ACTION_PROOF": "PASS",
    "TIER_ACCOUNTING": "PASS",
    "CHANNEL_ACCOUNTING": "PASS",
    "ENGINE_EXECUTION": "PASS",
    "ADAPTIVE_FILTER": "PASS",
    "NO_IDLE": "PASS",
    "NO_REPEAT": "PASS",
    "EXPOSURE_BUDGET": "PASS",
    "MULTICHANNEL_ACTIVITY": "PASS",
    "MULTICHANNEL_ROTATION": "PASS",
    "REAL_HUMAN_INTEREST": "PENDING",
    "REAL_REVENUE": "PENDING",
    "FINAL_VERDICT": "READY_FOR_24H_LOOP"
  }
}
Sleeping 15 minutes (900s)...

[2026-09-03T03:30:37.517541+00:00] Executed Cycle #591 (cyc_0896028d)
{
  "timestamp": "2026-09-03T03:30:37.517541+00:00",
  "cycle_id": "cyc_0896028d",
  "OPERATING_MODE": "DISCOVERY_AND_DRAFT_ONLY",
  "EXTERNAL_PUBLICATION_ATTEMPTED": false,
  "OUTREACH_SAFETY": {
    "operating_mode": "DISCOVERY_AND_DRAFT_ONLY",
    "allow_external_publication": false,
    "external_publication_allowed": false,
    "external_publication_attempted": false,
    "block_reason": "EXTERNAL_PUBLICATION_REQUIRES_EXPLICIT_APPROVAL"
  },
  "PROSPECT_PIPELINE": {
    "prospects_discovered": 420,
    "prospects_eligible": 67,
    "blocked_self_target": 29,
    "blocked_duplicate": 252,
    "pending_source_verification": 0,
    "template_or_synthetic": 10,
    "internal_or_self": 29,
    "local_drafts_created": 67,
    "valid_human_approvable_drafts": 5,
    "invalidated_drafts_historical": 295,
    "github_live_search_enabled": true,
    "github_api_requests_made_current_cycle": 1,
    "github_api_results_received_current_cycle": 30,
    "github_http_200_responses_current_cycle": 1,
    "github_external_sources_verified_current_cycle": 10,
    "github_drafts_created_current_cycle": 67,
    "github_api_error_current_cycle": null,
    "github_api_rate_limit_status_current_cycle": {
      "remaining": 29,
      "limit": 30,
      "reset": "1788406297",
      "http_status": 200
    },
    "github_self_targets_blocked": 15,
    "github_duplicates_blocked": 0,
    "github_low_relevance_blocked": 21,
    "human_approval_required": true,
    "external_publications": 0,
    "external_publication_attempted": false
  },
  "SESSION": {
    "session_id": "sess_20260826_000957_11e9b0",
    "session_start_utc": "2026-08-26T00:09:57.414562+00:00",
    "elapsed_hours": 195.3445
  },
  "RUNTIME": {
    "cycles": 591,
    "successful_cycles": 591,
    "failed_cycles": 0,
    "idle_cycles": 0
  },
  "CYCLE": {
    "cycle_id": "cyc_0896028d",
    "timestamp": "2026-09-03T03:30:37.517541+00:00",
    "productive_action": "PUBLISH_TECHNICAL_CONTENT",
    "productive_action_status": "SUCCESS"
  },
  "OPPORTUNITIES": {
    "opportunities_evaluated": 90,
    "targets_selected": 420,
    "tier_a_targets": 0,
    "tier_b_targets": 67,
    "tier_c_targets": 353
  },
  "ACTIONS": {
    "actions_attempted": 67,
    "actions_generated_locally": -286,
    "actions_sent_externally": 0,
    "publications_confirmed": 0,
    "action_failures": 0,
    "blocked_actions": 353
  },
  "CHANNEL TELEMETRY": {
    "channels_evaluated": 9,
    "channels_with_targets": 9,
    "channels_with_actions": 0,
    "channels_with_publications": 0,
    "channels_blocked": 0,
    "channel_diversity_score": 0.0,
    "per_channel": {
      "GITHUB": {
        "opportunities_evaluated": 10,
        "targets_selected": 188,
        "actions_attempted": 188,
        "actions_generated_locally": 67,
        "actions_sent_externally": 0,
        "publications_confirmed": 0,
        "failures": 0,
        "blocked": 121
      },
      "REDDIT": {
        "opportunities_evaluated": 10,
        "targets_selected": 29,
        "actions_attempted": 29,
        "actions_generated_locally": 0,
        "actions_sent_externally": 0,
        "publications_confirmed": 0,
        "failures": 0,
        "blocked": 29
      },
      "QUANTCONNECT": {
        "opportunities_evaluated": 10,
        "targets_selected": 29,
        "actions_attempted": 29,
        "actions_generated_locally": 0,
        "actions_sent_externally": 0,
        "publications_confirmed": 0,
        "failures": 0,
        "blocked": 29
      },
      "SEO": {
        "opportunities_evaluated": 10,
        "targets_selected": 29,
        "actions_attempted": 29,
        "actions_generated_locally": 0,
        "actions_sent_externally": 0,
        "publications_confirmed": 0,
        "failures": 0,
        "blocked": 29
      },
      "TECHNICAL_COMMUNITIES": {
        "opportunities_evaluated": 10,
        "targets_selected": 29,
        "actions_attempted": 29,
        "actions_generated_locally": 0,
        "actions_sent_externally": 0,
        "publications_confirmed": 0,
        "failures": 0,
        "blocked": 29
      },
      "DEVELOPER_FORUMS": {
        "opportunities_evaluated": 10,
        "targets_selected": 29,
        "actions_attempted": 29,
        "actions_generated_locally": 0,
        "actions_sent_externally": 0,
        "publications_confirmed": 0,
        "failures": 0,
        "blocked": 29
      },
      "B2B_DIRECTORIES": {
        "opportunities_evaluated": 10,
        "targets_selected": 29,
        "actions_attempted": 29,
        "actions_generated_locally": 0,
        "actions_sent_externally": 0,
        "publications_confirmed": 0,
        "failures": 0,
        "blocked": 29
      },
      "MARKETPLACES": {
        "opportunities_evaluated": 10,
        "targets_selected": 29,
        "actions_attempted": 29,
        "actions_generated_locally": 0,
        "actions_sent_externally": 0,
        "publications_confirmed": 0,
        "failures": 0,
        "blocked": 29
      },
      "CONTENT_DISCOVERY": {
        "opportunities_evaluated": 10,
        "targets_selected": 29,
        "actions_attempted": 29,
        "actions_generated_locally": 0,
        "actions_sent_externally": 0,
        "publications_confirmed": 0,
        "failures": 0,
        "blocked": 29
      }
    }
  },
  "REAL FUNNEL": {
    "human_replies": 0,
    "real_landing_visits": 0,
    "real_quiz_starts": 0,
    "real_emails": 0,
    "real_checkouts": 0,
    "real_payments": 0,
    "real_revenue_usd": 0,
    "real_audits": 0,
    "real_certificates": 0,
    "real_customer_emails": 0
  },
  "INTEGRITY": {
    "telemetry_inconsistencies_detected": 0,
    "telemetry_inconsistencies_corrected": 1,
    "synthetic_events": 0,
    "owner_internal_events": 0,
    "historical_events": 231
  },
  "OUTREACH": {
    "opportunities_evaluated": 90,
    "tier_a_targets": 0,
    "tier_b_targets": 67,
    "tier_c_targets": 353,
    "action_attempts": 67,
    "actions_successful": 0,
    "publications_created": 0,
    "blocked_actions": 353
  },
  "CHANNELS": {
    "channels_evaluated": 9,
    "channels_with_targets": 9,
    "channels_with_actions": 0,
    "channels_with_publications": 0,
    "channels_blocked": 0,
    "channel_diversity_score": 0.0
  },
  "RISK": {
    "duplicate_blocks": 252,
    "cooldown_blocks": 0,
    "relevance_blocks": 21,
    "promotion_risk_blocks": 0,
    "exposure_budget_blocks": 0
  },
  "ENGAGEMENT": {
    "human_replies": 0,
    "real_landing_visits": 0,
    "real_quiz_starts": 0,
    "real_emails": 0,
    "real_checkouts": 0
  },
  "REVENUE": {
    "real_payments": 0,
    "real_revenue_usd": 0,
    "revenue_usd": 0
  },
  "DELIVERY": {
    "real_audits": 0,
    "real_certificates": 0,
    "real_emails_delivered": 0
  },
  "HISTORICAL / INTERNAL": {
    "historical_audits": 231,
    "historical_certificates": 231,
    "historical_internal_emails": 231,
    "historical_test_payments": 1
  },
  "ANTI-IDLE": {
    "productive_cycles": 591,
    "idle_cycles": 0,
    "idle_cycle": false,
    "fallback_actions": 1
  },
  "DELTA": {
    "opportunities_evaluated_delta": 90,
    "targets_selected_delta": 420,
    "actions_sent_externally_delta": 0,
    "real_landing_visits_delta": 0,
    "real_revenue_delta": 0.0
  },
  "NEXT_ACTION": "PUBLISH_TECHNICAL_CONTENT",
  "STATUSES": {
    "TELEMETRY_INTEGRITY": "PASS",
    "EXTERNAL_ACTION_PROOF": "PASS",
    "TIER_ACCOUNTING": "PASS",
    "CHANNEL_ACCOUNTING": "PASS",
    "ENGINE_EXECUTION": "PASS",
    "ADAPTIVE_FILTER": "PASS",
    "NO_IDLE": "PASS",
    "NO_REPEAT": "PASS",
    "EXPOSURE_BUDGET": "PASS",
    "MULTICHANNEL_ACTIVITY": "PASS",
    "MULTICHANNEL_ROTATION": "PASS",
    "REAL_HUMAN_INTEREST": "PENDING",
    "REAL_REVENUE": "PENDING",
    "FINAL_VERDICT": "READY_FOR_24H_LOOP"
  }
}
Sleeping 15 minutes (900s)...

[2026-09-03T03:45:39.425024+00:00] Executed Cycle #592 (cyc_a19fc29d)
{
  "timestamp": "2026-09-03T03:45:39.425024+00:00",
  "cycle_id": "cyc_a19fc29d",
  "OPERATING_MODE": "DISCOVERY_AND_DRAFT_ONLY",
  "EXTERNAL_PUBLICATION_ATTEMPTED": false,
  "OUTREACH_SAFETY": {
    "operating_mode": "DISCOVERY_AND_DRAFT_ONLY",
    "allow_external_publication": false,
    "external_publication_allowed": false,
    "external_publication_attempted": false,
    "block_reason": "EXTERNAL_PUBLICATION_REQUIRES_EXPLICIT_APPROVAL"
  },
  "PROSPECT_PIPELINE": {
    "prospects_discovered": 420,
    "prospects_eligible": 67,
    "blocked_self_target": 29,
    "blocked_duplicate": 252,
    "pending_source_verification": 0,
    "template_or_synthetic": 10,
    "internal_or_self": 29,
    "local_drafts_created": 67,
    "valid_human_approvable_drafts": 5,
    "invalidated_drafts_historical": 295,
    "github_live_search_enabled": true,
    "github_api_requests_made_current_cycle": 1,
    "github_api_results_received_current_cycle": 30,
    "github_http_200_responses_current_cycle": 1,
    "github_external_sources_verified_current_cycle": 10,
    "github_drafts_created_current_cycle": 67,
    "github_api_error_current_cycle": null,
    "github_api_rate_limit_status_current_cycle": {
      "remaining": 29,
      "limit": 30,
      "reset": "1788407199",
      "http_status": 200
    },
    "github_self_targets_blocked": 15,
    "github_duplicates_blocked": 0,
    "github_low_relevance_blocked": 21,
    "human_approval_required": true,
    "external_publications": 0,
    "external_publication_attempted": false
  },
  "SESSION": {
    "session_id": "sess_20260826_000957_11e9b0",
    "session_start_utc": "2026-08-26T00:09:57.414562+00:00",
    "elapsed_hours": 195.595
  },
  "RUNTIME": {
    "cycles": 592,
    "successful_cycles": 592,
    "failed_cycles": 0,
    "idle_cycles": 0
  },
  "CYCLE": {
    "cycle_id": "cyc_a19fc29d",
    "timestamp": "2026-09-03T03:45:39.425024+00:00",
    "productive_action": "PUBLISH_TECHNICAL_CONTENT",
    "productive_action_status": "SUCCESS"
  },
  "OPPORTUNITIES": {
    "opportunities_evaluated": 90,
    "targets_selected": 420,
    "tier_a_targets": 0,
    "tier_b_targets": 67,
    "tier_c_targets": 353
  },
  "ACTIONS": {
    "actions_attempted": 67,
    "actions_generated_locally": -286,
    "actions_sent_externally": 0,
    "publications_confirmed": 0,
    "action_failures": 0,
    "blocked_actions": 353
  },
  "CHANNEL TELEMETRY": {
    "channels_evaluated": 9,
    "channels_with_targets": 9,
    "channels_with_actions": 0,
    "channels_with_publications": 0,
    "channels_blocked": 0,
    "channel_diversity_score": 0.0,
    "per_channel": {
      "GITHUB": {
        "opportunities_evaluated": 10,
        "targets_selected": 188,
        "actions_attempted": 188,
        "actions_generated_locally": 67,
        "actions_sent_externally": 0,
        "publications_confirmed": 0,
        "failures": 0,
        "blocked": 121
      },
      "REDDIT": {
        "opportunities_evaluated": 10,
        "targets_selected": 29,
        "actions_attempted": 29,
        "actions_generated_locally": 0,
        "actions_sent_externally": 0,
        "publications_confirmed": 0,
        "failures": 0,
        "blocked": 29
      },
      "QUANTCONNECT": {
        "opportunities_evaluated": 10,
        "targets_selected": 29,
        "actions_attempted": 29,
        "actions_generated_locally": 0,
        "actions_sent_externally": 0,
        "publications_confirmed": 0,
        "failures": 0,
        "blocked": 29
      },
      "SEO": {
        "opportunities_evaluated": 10,
        "targets_selected": 29,
        "actions_attempted": 29,
        "actions_generated_locally": 0,
        "actions_sent_externally": 0,
        "publications_confirmed": 0,
        "failures": 0,
        "blocked": 29
      },
      "TECHNICAL_COMMUNITIES": {
        "opportunities_evaluated": 10,
        "targets_selected": 29,
        "actions_attempted": 29,
        "actions_generated_locally": 0,
        "actions_sent_externally": 0,
        "publications_confirmed": 0,
        "failures": 0,
        "blocked": 29
      },
      "DEVELOPER_FORUMS": {
        "opportunities_evaluated": 10,
        "targets_selected": 29,
        "actions_attempted": 29,
        "actions_generated_locally": 0,
        "actions_sent_externally": 0,
        "publications_confirmed": 0,
        "failures": 0,
        "blocked": 29
      },
      "B2B_DIRECTORIES": {
        "opportunities_evaluated": 10,
        "targets_selected": 29,
        "actions_attempted": 29,
        "actions_generated_locally": 0,
        "actions_sent_externally": 0,
        "publications_confirmed": 0,
        "failures": 0,
        "blocked": 29
      },
      "MARKETPLACES": {
        "opportunities_evaluated": 10,
        "targets_selected": 29,
        "actions_attempted": 29,
        "actions_generated_locally": 0,
        "actions_sent_externally": 0,
        "publications_confirmed": 0,
        "failures": 0,
        "blocked": 29
      },
      "CONTENT_DISCOVERY": {
        "opportunities_evaluated": 10,
        "targets_selected": 29,
        "actions_attempted": 29,
        "actions_generated_locally": 0,
        "actions_sent_externally": 0,
        "publications_confirmed": 0,
        "failures": 0,
        "blocked": 29
      }
    }
  },
  "REAL FUNNEL": {
    "human_replies": 0,
    "real_landing_visits": 0,
    "real_quiz_starts": 0,
    "real_emails": 0,
    "real_checkouts": 0,
    "real_payments": 0,
    "real_revenue_usd": 0,
    "real_audits": 0,
    "real_certificates": 0,
    "real_customer_emails": 0
  },
  "INTEGRITY": {
    "telemetry_inconsistencies_detected": 0,
    "telemetry_inconsistencies_corrected": 1,
    "synthetic_events": 0,
    "owner_internal_events": 0,
    "historical_events": 231
  },
  "OUTREACH": {
    "opportunities_evaluated": 90,
    "tier_a_targets": 0,
    "tier_b_targets": 67,
    "tier_c_targets": 353,
    "action_attempts": 67,
    "actions_successful": 0,
    "publications_created": 0,
    "blocked_actions": 353
  },
  "CHANNELS": {
    "channels_evaluated": 9,
    "channels_with_targets": 9,
    "channels_with_actions": 0,
    "channels_with_publications": 0,
    "channels_blocked": 0,
    "channel_diversity_score": 0.0
  },
  "RISK": {
    "duplicate_blocks": 252,
    "cooldown_blocks": 0,
    "relevance_blocks": 21,
    "promotion_risk_blocks": 0,
    "exposure_budget_blocks": 0
  },
  "ENGAGEMENT": {
    "human_replies": 0,
    "real_landing_visits": 0,
    "real_quiz_starts": 0,
    "real_emails": 0,
    "real_checkouts": 0
  },
  "REVENUE": {
    "real_payments": 0,
    "real_revenue_usd": 0,
    "revenue_usd": 0
  },
  "DELIVERY": {
    "real_audits": 0,
    "real_certificates": 0,
    "real_emails_delivered": 0
  },
  "HISTORICAL / INTERNAL": {
    "historical_audits": 231,
    "historical_certificates": 231,
    "historical_internal_emails": 231,
    "historical_test_payments": 1
  },
  "ANTI-IDLE": {
    "productive_cycles": 592,
    "idle_cycles": 0,
    "idle_cycle": false,
    "fallback_actions": 1
  },
  "DELTA": {
    "opportunities_evaluated_delta": 90,
    "targets_selected_delta": 420,
    "actions_sent_externally_delta": 0,
    "real_landing_visits_delta": 0,
    "real_revenue_delta": 0.0
  },
  "NEXT_ACTION": "PUBLISH_TECHNICAL_CONTENT",
  "STATUSES": {
    "TELEMETRY_INTEGRITY": "PASS",
    "EXTERNAL_ACTION_PROOF": "PASS",
    "TIER_ACCOUNTING": "PASS",
    "CHANNEL_ACCOUNTING": "PASS",
    "ENGINE_EXECUTION": "PASS",
    "ADAPTIVE_FILTER": "PASS",
    "NO_IDLE": "PASS",
    "NO_REPEAT": "PASS",
    "EXPOSURE_BUDGET": "PASS",
    "MULTICHANNEL_ACTIVITY": "PASS",
    "MULTICHANNEL_ROTATION": "PASS",
    "REAL_HUMAN_INTEREST": "PENDING",
    "REAL_REVENUE": "PENDING",
    "FINAL_VERDICT": "READY_FOR_24H_LOOP"
  }
}
Sleeping 15 minutes (900s)...

[2026-09-03T04:00:41.374678+00:00] Executed Cycle #593 (cyc_285565a7)
{
  "timestamp": "2026-09-03T04:00:41.374678+00:00",
  "cycle_id": "cyc_285565a7",
  "OPERATING_MODE": "DISCOVERY_AND_DRAFT_ONLY",
  "EXTERNAL_PUBLICATION_ATTEMPTED": false,
  "OUTREACH_SAFETY": {
    "operating_mode": "DISCOVERY_AND_DRAFT_ONLY",
    "allow_external_publication": false,
    "external_publication_allowed": false,
    "external_publication_attempted": false,
    "block_reason": "EXTERNAL_PUBLICATION_REQUIRES_EXPLICIT_APPROVAL"
  },
  "PROSPECT_PIPELINE": {
    "prospects_discovered": 420,
    "prospects_eligible": 67,
    "blocked_self_target": 29,
    "blocked_duplicate": 252,
    "pending_source_verification": 0,
    "template_or_synthetic": 10,
    "internal_or_self": 29,
    "local_drafts_created": 67,
    "valid_human_approvable_drafts": 5,
    "invalidated_drafts_historical": 295,
    "github_live_search_enabled": true,
    "github_api_requests_made_current_cycle": 1,
    "github_api_results_received_current_cycle": 5,
    "github_http_200_responses_current_cycle": 1,
    "github_external_sources_verified_current_cycle": 4,
    "github_drafts_created_current_cycle": 67,
    "github_api_error_current_cycle": null,
    "github_api_rate_limit_status_current_cycle": {
      "remaining": 29,
      "limit": 30,
      "reset": "1788408101",
      "http_status": 200
    },
    "github_self_targets_blocked": 15,
    "github_duplicates_blocked": 0,
    "github_low_relevance_blocked": 21,
    "human_approval_required": true,
    "external_publications": 0,
    "external_publication_attempted": false
  },
  "SESSION": {
    "session_id": "sess_20260826_000957_11e9b0",
    "session_start_utc": "2026-08-26T00:09:57.414562+00:00",
    "elapsed_hours": 195.8455
  },
  "RUNTIME": {
    "cycles": 593,
    "successful_cycles": 593,
    "failed_cycles": 0,
    "idle_cycles": 0
  },
  "CYCLE": {
    "cycle_id": "cyc_285565a7",
    "timestamp": "2026-09-03T04:00:41.374678+00:00",
    "productive_action": "PUBLISH_TECHNICAL_CONTENT",
    "productive_action_status": "SUCCESS"
  },
  "OPPORTUNITIES": {
    "opportunities_evaluated": 90,
    "targets_selected": 420,
    "tier_a_targets": 0,
    "tier_b_targets": 67,
    "tier_c_targets": 353
  },
  "ACTIONS": {
    "actions_attempted": 67,
    "actions_generated_locally": -286,
    "actions_sent_externally": 0,
    "publications_confirmed": 0,
    "action_failures": 0,
    "blocked_actions": 353
  },
  "CHANNEL TELEMETRY": {
    "channels_evaluated": 9,
    "channels_with_targets": 9,
    "channels_with_actions": 0,
    "channels_with_publications": 0,
    "channels_blocked": 0,
    "channel_diversity_score": 0.0,
    "per_channel": {
      "GITHUB": {
        "opportunities_evaluated": 10,
        "targets_selected": 188,
        "actions_attempted": 188,
        "actions_generated_locally": 67,
        "actions_sent_externally": 0,
        "publications_confirmed": 0,
        "failures": 0,
        "blocked": 121
      },
      "REDDIT": {
        "opportunities_evaluated": 10,
        "targets_selected": 29,
        "actions_attempted": 29,
        "actions_generated_locally": 0,
        "actions_sent_externally": 0,
        "publications_confirmed": 0,
        "failures": 0,
        "blocked": 29
      },
      "QUANTCONNECT": {
        "opportunities_evaluated": 10,
        "targets_selected": 29,
        "actions_attempted": 29,
        "actions_generated_locally": 0,
        "actions_sent_externally": 0,
        "publications_confirmed": 0,
        "failures": 0,
        "blocked": 29
      },
      "SEO": {
        "opportunities_evaluated": 10,
        "targets_selected": 29,
        "actions_attempted": 29,
        "actions_generated_locally": 0,
        "actions_sent_externally": 0,
        "publications_confirmed": 0,
        "failures": 0,
        "blocked": 29
      },
      "TECHNICAL_COMMUNITIES": {
        "opportunities_evaluated": 10,
        "targets_selected": 29,
        "actions_attempted": 29,
        "actions_generated_locally": 0,
        "actions_sent_externally": 0,
        "publications_confirmed": 0,
        "failures": 0,
        "blocked": 29
      },
      "DEVELOPER_FORUMS": {
        "opportunities_evaluated": 10,
        "targets_selected": 29,
        "actions_attempted": 29,
        "actions_generated_locally": 0,
        "actions_sent_externally": 0,
        "publications_confirmed": 0,
        "failures": 0,
        "blocked": 29
      },
      "B2B_DIRECTORIES": {
        "opportunities_evaluated": 10,
        "targets_selected": 29,
        "actions_attempted": 29,
        "actions_generated_locally": 0,
        "actions_sent_externally": 0,
        "publications_confirmed": 0,
        "failures": 0,
        "blocked": 29
      },
      "MARKETPLACES": {
        "opportunities_evaluated": 10,
        "targets_selected": 29,
        "actions_attempted": 29,
        "actions_generated_locally": 0,
        "actions_sent_externally": 0,
        "publications_confirmed": 0,
        "failures": 0,
        "blocked": 29
      },
      "CONTENT_DISCOVERY": {
        "opportunities_evaluated": 10,
        "targets_selected": 29,
        "actions_attempted": 29,
        "actions_generated_locally": 0,
        "actions_sent_externally": 0,
        "publications_confirmed": 0,
        "failures": 0,
        "blocked": 29
      }
    }
  },
  "REAL FUNNEL": {
    "human_replies": 0,
    "real_landing_visits": 0,
    "real_quiz_starts": 0,
    "real_emails": 0,
    "real_checkouts": 0,
    "real_payments": 0,
    "real_revenue_usd": 0,
    "real_audits": 0,
    "real_certificates": 0,
    "real_customer_emails": 0
  },
  "INTEGRITY": {
    "telemetry_inconsistencies_detected": 0,
    "telemetry_inconsistencies_corrected": 1,
    "synthetic_events": 0,
    "owner_internal_events": 0,
    "historical_events": 231
  },
  "OUTREACH": {
    "opportunities_evaluated": 90,
    "tier_a_targets": 0,
    "tier_b_targets": 67,
    "tier_c_targets": 353,
    "action_attempts": 67,
    "actions_successful": 0,
    "publications_created": 0,
    "blocked_actions": 353
  },
  "CHANNELS": {
    "channels_evaluated": 9,
    "channels_with_targets": 9,
    "channels_with_actions": 0,
    "channels_with_publications": 0,
    "channels_blocked": 0,
    "channel_diversity_score": 0.0
  },
  "RISK": {
    "duplicate_blocks": 252,
    "cooldown_blocks": 0,
    "relevance_blocks": 21,
    "promotion_risk_blocks": 0,
    "exposure_budget_blocks": 0
  },
  "ENGAGEMENT": {
    "human_replies": 0,
    "real_landing_visits": 0,
    "real_quiz_starts": 0,
    "real_emails": 0,
    "real_checkouts": 0
  },
  "REVENUE": {
    "real_payments": 0,
    "real_revenue_usd": 0,
    "revenue_usd": 0
  },
  "DELIVERY": {
    "real_audits": 0,
    "real_certificates": 0,
    "real_emails_delivered": 0
  },
  "HISTORICAL / INTERNAL": {
    "historical_audits": 231,
    "historical_certificates": 231,
    "historical_internal_emails": 231,
    "historical_test_payments": 1
  },
  "ANTI-IDLE": {
    "productive_cycles": 593,
    "idle_cycles": 0,
    "idle_cycle": false,
    "fallback_actions": 1
  },
  "DELTA": {
    "opportunities_evaluated_delta": 90,
    "targets_selected_delta": 420,
    "actions_sent_externally_delta": 0,
    "real_landing_visits_delta": 0,
    "real_revenue_delta": 0.0
  },
  "NEXT_ACTION": "PUBLISH_TECHNICAL_CONTENT",
  "STATUSES": {
    "TELEMETRY_INTEGRITY": "PASS",
    "EXTERNAL_ACTION_PROOF": "PASS",
    "TIER_ACCOUNTING": "PASS",
    "CHANNEL_ACCOUNTING": "PASS",
    "ENGINE_EXECUTION": "PASS",
    "ADAPTIVE_FILTER": "PASS",
    "NO_IDLE": "PASS",
    "NO_REPEAT": "PASS",
    "EXPOSURE_BUDGET": "PASS",
    "MULTICHANNEL_ACTIVITY": "PASS",
    "MULTICHANNEL_ROTATION": "PASS",
    "REAL_HUMAN_INTEREST": "PENDING",
    "REAL_REVENUE": "PENDING",
    "FINAL_VERDICT": "READY_FOR_24H_LOOP"
  }
}
Sleeping 15 minutes (900s)...

[2026-09-03T04:15:42.666634+00:00] Executed Cycle #594 (cyc_85c23e1d)
{
  "timestamp": "2026-09-03T04:15:42.666634+00:00",
  "cycle_id": "cyc_85c23e1d",
  "OPERATING_MODE": "DISCOVERY_AND_DRAFT_ONLY",
  "EXTERNAL_PUBLICATION_ATTEMPTED": false,
  "OUTREACH_SAFETY": {
    "operating_mode": "DISCOVERY_AND_DRAFT_ONLY",
    "allow_external_publication": false,
    "external_publication_allowed": false,
    "external_publication_attempted": false,
    "block_reason": "EXTERNAL_PUBLICATION_REQUIRES_EXPLICIT_APPROVAL"
  },
  "PROSPECT_PIPELINE": {
    "prospects_discovered": 420,
    "prospects_eligible": 67,
    "blocked_self_target": 29,
    "blocked_duplicate": 252,
    "pending_source_verification": 0,
    "template_or_synthetic": 10,
    "internal_or_self": 29,
    "local_drafts_created": 67,
    "valid_human_approvable_drafts": 5,
    "invalidated_drafts_historical": 295,
    "github_live_search_enabled": true,
    "github_api_requests_made_current_cycle": 1,
    "github_api_results_received_current_cycle": 30,
    "github_http_200_responses_current_cycle": 1,
    "github_external_sources_verified_current_cycle": 10,
    "github_drafts_created_current_cycle": 67,
    "github_api_error_current_cycle": null,
    "github_api_rate_limit_status_current_cycle": {
      "remaining": 29,
      "limit": 30,
      "reset": "1788409002",
      "http_status": 200
    },
    "github_self_targets_blocked": 16,
    "github_duplicates_blocked": 0,
    "github_low_relevance_blocked": 21,
    "human_approval_required": true,
    "external_publications": 0,
    "external_publication_attempted": false
  },
  "SESSION": {
    "session_id": "sess_20260826_000957_11e9b0",
    "session_start_utc": "2026-08-26T00:09:57.414562+00:00",
    "elapsed_hours": 196.0959
  },
  "RUNTIME": {
    "cycles": 594,
    "successful_cycles": 594,
    "failed_cycles": 0,
    "idle_cycles": 0
  },
  "CYCLE": {
    "cycle_id": "cyc_85c23e1d",
    "timestamp": "2026-09-03T04:15:42.666634+00:00",
    "productive_action": "PUBLISH_TECHNICAL_CONTENT",
    "productive_action_status": "SUCCESS"
  },
  "OPPORTUNITIES": {
    "opportunities_evaluated": 90,
    "targets_selected": 420,
    "tier_a_targets": 0,
    "tier_b_targets": 67,
    "tier_c_targets": 353
  },
  "ACTIONS": {
    "actions_attempted": 67,
    "actions_generated_locally": -286,
    "actions_sent_externally": 0,
    "publications_confirmed": 0,
    "action_failures": 0,
    "blocked_actions": 353
  },
  "CHANNEL TELEMETRY": {
    "channels_evaluated": 9,
    "channels_with_targets": 9,
    "channels_with_actions": 0,
    "channels_with_publications": 0,
    "channels_blocked": 0,
    "channel_diversity_score": 0.0,
    "per_channel": {
      "GITHUB": {
        "opportunities_evaluated": 10,
        "targets_selected": 188,
        "actions_attempted": 188,
        "actions_generated_locally": 67,
        "actions_sent_externally": 0,
        "publications_confirmed": 0,
        "failures": 0,
        "blocked": 121
      },
      "REDDIT": {
        "opportunities_evaluated": 10,
        "targets_selected": 29,
        "actions_attempted": 29,
        "actions_generated_locally": 0,
        "actions_sent_externally": 0,
        "publications_confirmed": 0,
        "failures": 0,
        "blocked": 29
      },
      "QUANTCONNECT": {
        "opportunities_evaluated": 10,
        "targets_selected": 29,
        "actions_attempted": 29,
        "actions_generated_locally": 0,
        "actions_sent_externally": 0,
        "publications_confirmed": 0,
        "failures": 0,
        "blocked": 29
      },
      "SEO": {
        "opportunities_evaluated": 10,
        "targets_selected": 29,
        "actions_attempted": 29,
        "actions_generated_locally": 0,
        "actions_sent_externally": 0,
        "publications_confirmed": 0,
        "failures": 0,
        "blocked": 29
      },
      "TECHNICAL_COMMUNITIES": {
        "opportunities_evaluated": 10,
        "targets_selected": 29,
        "actions_attempted": 29,
        "actions_generated_locally": 0,
        "actions_sent_externally": 0,
        "publications_confirmed": 0,
        "failures": 0,
        "blocked": 29
      },
      "DEVELOPER_FORUMS": {
        "opportunities_evaluated": 10,
        "targets_selected": 29,
        "actions_attempted": 29,
        "actions_generated_locally": 0,
        "actions_sent_externally": 0,
        "publications_confirmed": 0,
        "failures": 0,
        "blocked": 29
      },
      "B2B_DIRECTORIES": {
        "opportunities_evaluated": 10,
        "targets_selected": 29,
        "actions_attempted": 29,
        "actions_generated_locally": 0,
        "actions_sent_externally": 0,
        "publications_confirmed": 0,
        "failures": 0,
        "blocked": 29
      },
      "MARKETPLACES": {
        "opportunities_evaluated": 10,
        "targets_selected": 29,
        "actions_attempted": 29,
        "actions_generated_locally": 0,
        "actions_sent_externally": 0,
        "publications_confirmed": 0,
        "failures": 0,
        "blocked": 29
      },
      "CONTENT_DISCOVERY": {
        "opportunities_evaluated": 10,
        "targets_selected": 29,
        "actions_attempted": 29,
        "actions_generated_locally": 0,
        "actions_sent_externally": 0,
        "publications_confirmed": 0,
        "failures": 0,
        "blocked": 29
      }
    }
  },
  "REAL FUNNEL": {
    "human_replies": 0,
    "real_landing_visits": 0,
    "real_quiz_starts": 0,
    "real_emails": 0,
    "real_checkouts": 0,
    "real_payments": 0,
    "real_revenue_usd": 0,
    "real_audits": 0,
    "real_certificates": 0,
    "real_customer_emails": 0
  },
  "INTEGRITY": {
    "telemetry_inconsistencies_detected": 0,
    "telemetry_inconsistencies_corrected": 1,
    "synthetic_events": 0,
    "owner_internal_events": 0,
    "historical_events": 231
  },
  "OUTREACH": {
    "opportunities_evaluated": 90,
    "tier_a_targets": 0,
    "tier_b_targets": 67,
    "tier_c_targets": 353,
    "action_attempts": 67,
    "actions_successful": 0,
    "publications_created": 0,
    "blocked_actions": 353
  },
  "CHANNELS": {
    "channels_evaluated": 9,
    "channels_with_targets": 9,
    "channels_with_actions": 0,
    "channels_with_publications": 0,
    "channels_blocked": 0,
    "channel_diversity_score": 0.0
  },
  "RISK": {
    "duplicate_blocks": 252,
    "cooldown_blocks": 0,
    "relevance_blocks": 21,
    "promotion_risk_blocks": 0,
    "exposure_budget_blocks": 0
  },
  "ENGAGEMENT": {
    "human_replies": 0,
    "real_landing_visits": 0,
    "real_quiz_starts": 0,
    "real_emails": 0,
    "real_checkouts": 0
  },
  "REVENUE": {
    "real_payments": 0,
    "real_revenue_usd": 0,
    "revenue_usd": 0
  },
  "DELIVERY": {
    "real_audits": 0,
    "real_certificates": 0,
    "real_emails_delivered": 0
  },
  "HISTORICAL / INTERNAL": {
    "historical_audits": 231,
    "historical_certificates": 231,
    "historical_internal_emails": 231,
    "historical_test_payments": 1
  },
  "ANTI-IDLE": {
    "productive_cycles": 594,
    "idle_cycles": 0,
    "idle_cycle": false,
    "fallback_actions": 1
  },
  "DELTA": {
    "opportunities_evaluated_delta": 90,
    "targets_selected_delta": 420,
    "actions_sent_externally_delta": 0,
    "real_landing_visits_delta": 0,
    "real_revenue_delta": 0.0
  },
  "NEXT_ACTION": "PUBLISH_TECHNICAL_CONTENT",
  "STATUSES": {
    "TELEMETRY_INTEGRITY": "PASS",
    "EXTERNAL_ACTION_PROOF": "PASS",
    "TIER_ACCOUNTING": "PASS",
    "CHANNEL_ACCOUNTING": "PASS",
    "ENGINE_EXECUTION": "PASS",
    "ADAPTIVE_FILTER": "PASS",
    "NO_IDLE": "PASS",
    "NO_REPEAT": "PASS",
    "EXPOSURE_BUDGET": "PASS",
    "MULTICHANNEL_ACTIVITY": "PASS",
    "MULTICHANNEL_ROTATION": "PASS",
    "REAL_HUMAN_INTEREST": "PENDING",
    "REAL_REVENUE": "PENDING",
    "FINAL_VERDICT": "READY_FOR_24H_LOOP"
  }
}
Sleeping 15 minutes (900s)...

[2026-09-03T04:30:44.467783+00:00] Executed Cycle #595 (cyc_c903d2da)
{
  "timestamp": "2026-09-03T04:30:44.467783+00:00",
  "cycle_id": "cyc_c903d2da",
  "OPERATING_MODE": "DISCOVERY_AND_DRAFT_ONLY",
  "EXTERNAL_PUBLICATION_ATTEMPTED": false,
  "OUTREACH_SAFETY": {
    "operating_mode": "DISCOVERY_AND_DRAFT_ONLY",
    "allow_external_publication": false,
    "external_publication_allowed": false,
    "external_publication_attempted": false,
    "block_reason": "EXTERNAL_PUBLICATION_REQUIRES_EXPLICIT_APPROVAL"
  },
  "PROSPECT_PIPELINE": {
    "prospects_discovered": 420,
    "prospects_eligible": 67,
    "blocked_self_target": 29,
    "blocked_duplicate": 252,
    "pending_source_verification": 0,
    "template_or_synthetic": 10,
    "internal_or_self": 29,
    "local_drafts_created": 67,
    "valid_human_approvable_drafts": 5,
    "invalidated_drafts_historical": 295,
    "github_live_search_enabled": true,
    "github_api_requests_made_current_cycle": 1,
    "github_api_results_received_current_cycle": 30,
    "github_http_200_responses_current_cycle": 1,
    "github_external_sources_verified_current_cycle": 10,
    "github_drafts_created_current_cycle": 67,
    "github_api_error_current_cycle": null,
    "github_api_rate_limit_status_current_cycle": {
      "remaining": 29,
      "limit": 30,
      "reset": "1788409904",
      "http_status": 200
    },
    "github_self_targets_blocked": 16,
    "github_duplicates_blocked": 0,
    "github_low_relevance_blocked": 21,
    "human_approval_required": true,
    "external_publications": 0,
    "external_publication_attempted": false
  },
  "SESSION": {
    "session_id": "sess_20260826_000957_11e9b0",
    "session_start_utc": "2026-08-26T00:09:57.414562+00:00",
    "elapsed_hours": 196.3464
  },
  "RUNTIME": {
    "cycles": 595,
    "successful_cycles": 595,
    "failed_cycles": 0,
    "idle_cycles": 0
  },
  "CYCLE": {
    "cycle_id": "cyc_c903d2da",
    "timestamp": "2026-09-03T04:30:44.467783+00:00",
    "productive_action": "PUBLISH_TECHNICAL_CONTENT",
    "productive_action_status": "SUCCESS"
  },
  "OPPORTUNITIES": {
    "opportunities_evaluated": 90,
    "targets_selected": 420,
    "tier_a_targets": 0,
    "tier_b_targets": 67,
    "tier_c_targets": 353
  },
  "ACTIONS": {
    "actions_attempted": 67,
    "actions_generated_locally": -286,
    "actions_sent_externally": 0,
    "publications_confirmed": 0,
    "action_failures": 0,
    "blocked_actions": 353
  },
  "CHANNEL TELEMETRY": {
    "channels_evaluated": 9,
    "channels_with_targets": 9,
    "channels_with_actions": 0,
    "channels_with_publications": 0,
    "channels_blocked": 0,
    "channel_diversity_score": 0.0,
    "per_channel": {
      "GITHUB": {
        "opportunities_evaluated": 10,
        "targets_selected": 188,
        "actions_attempted": 188,
        "actions_generated_locally": 67,
        "actions_sent_externally": 0,
        "publications_confirmed": 0,
        "failures": 0,
        "blocked": 121
      },
      "REDDIT": {
        "opportunities_evaluated": 10,
        "targets_selected": 29,
        "actions_attempted": 29,
        "actions_generated_locally": 0,
        "actions_sent_externally": 0,
        "publications_confirmed": 0,
        "failures": 0,
        "blocked": 29
      },
      "QUANTCONNECT": {
        "opportunities_evaluated": 10,
        "targets_selected": 29,
        "actions_attempted": 29,
        "actions_generated_locally": 0,
        "actions_sent_externally": 0,
        "publications_confirmed": 0,
        "failures": 0,
        "blocked": 29
      },
      "SEO": {
        "opportunities_evaluated": 10,
        "targets_selected": 29,
        "actions_attempted": 29,
        "actions_generated_locally": 0,
        "actions_sent_externally": 0,
        "publications_confirmed": 0,
        "failures": 0,
        "blocked": 29
      },
      "TECHNICAL_COMMUNITIES": {
        "opportunities_evaluated": 10,
        "targets_selected": 29,
        "actions_attempted": 29,
        "actions_generated_locally": 0,
        "actions_sent_externally": 0,
        "publications_confirmed": 0,
        "failures": 0,
        "blocked": 29
      },
      "DEVELOPER_FORUMS": {
        "opportunities_evaluated": 10,
        "targets_selected": 29,
        "actions_attempted": 29,
        "actions_generated_locally": 0,
        "actions_sent_externally": 0,
        "publications_confirmed": 0,
        "failures": 0,
        "blocked": 29
      },
      "B2B_DIRECTORIES": {
        "opportunities_evaluated": 10,
        "targets_selected": 29,
        "actions_attempted": 29,
        "actions_generated_locally": 0,
        "actions_sent_externally": 0,
        "publications_confirmed": 0,
        "failures": 0,
        "blocked": 29
      },
      "MARKETPLACES": {
        "opportunities_evaluated": 10,
        "targets_selected": 29,
        "actions_attempted": 29,
        "actions_generated_locally": 0,
        "actions_sent_externally": 0,
        "publications_confirmed": 0,
        "failures": 0,
        "blocked": 29
      },
      "CONTENT_DISCOVERY": {
        "opportunities_evaluated": 10,
        "targets_selected": 29,
        "actions_attempted": 29,
        "actions_generated_locally": 0,
        "actions_sent_externally": 0,
        "publications_confirmed": 0,
        "failures": 0,
        "blocked": 29
      }
    }
  },
  "REAL FUNNEL": {
    "human_replies": 0,
    "real_landing_visits": 0,
    "real_quiz_starts": 0,
    "real_emails": 0,
    "real_checkouts": 0,
    "real_payments": 0,
    "real_revenue_usd": 0,
    "real_audits": 0,
    "real_certificates": 0,
    "real_customer_emails": 0
  },
  "INTEGRITY": {
    "telemetry_inconsistencies_detected": 0,
    "telemetry_inconsistencies_corrected": 1,
    "synthetic_events": 0,
    "owner_internal_events": 0,
    "historical_events": 231
  },
  "OUTREACH": {
    "opportunities_evaluated": 90,
    "tier_a_targets": 0,
    "tier_b_targets": 67,
    "tier_c_targets": 353,
    "action_attempts": 67,
    "actions_successful": 0,
    "publications_created": 0,
    "blocked_actions": 353
  },
  "CHANNELS": {
    "channels_evaluated": 9,
    "channels_with_targets": 9,
    "channels_with_actions": 0,
    "channels_with_publications": 0,
    "channels_blocked": 0,
    "channel_diversity_score": 0.0
  },
  "RISK": {
    "duplicate_blocks": 252,
    "cooldown_blocks": 0,
    "relevance_blocks": 21,
    "promotion_risk_blocks": 0,
    "exposure_budget_blocks": 0
  },
  "ENGAGEMENT": {
    "human_replies": 0,
    "real_landing_visits": 0,
    "real_quiz_starts": 0,
    "real_emails": 0,
    "real_checkouts": 0
  },
  "REVENUE": {
    "real_payments": 0,
    "real_revenue_usd": 0,
    "revenue_usd": 0
  },
  "DELIVERY": {
    "real_audits": 0,
    "real_certificates": 0,
    "real_emails_delivered": 0
  },
  "HISTORICAL / INTERNAL": {
    "historical_audits": 231,
    "historical_certificates": 231,
    "historical_internal_emails": 231,
    "historical_test_payments": 1
  },
  "ANTI-IDLE": {
    "productive_cycles": 595,
    "idle_cycles": 0,
    "idle_cycle": false,
    "fallback_actions": 1
  },
  "DELTA": {
    "opportunities_evaluated_delta": 90,
    "targets_selected_delta": 420,
    "actions_sent_externally_delta": 0,
    "real_landing_visits_delta": 0,
    "real_revenue_delta": 0.0
  },
  "NEXT_ACTION": "PUBLISH_TECHNICAL_CONTENT",
  "STATUSES": {
    "TELEMETRY_INTEGRITY": "PASS",
    "EXTERNAL_ACTION_PROOF": "PASS",
    "TIER_ACCOUNTING": "PASS",
    "CHANNEL_ACCOUNTING": "PASS",
    "ENGINE_EXECUTION": "PASS",
    "ADAPTIVE_FILTER": "PASS",
    "NO_IDLE": "PASS",
    "NO_REPEAT": "PASS",
    "EXPOSURE_BUDGET": "PASS",
    "MULTICHANNEL_ACTIVITY": "PASS",
    "MULTICHANNEL_ROTATION": "PASS",
    "REAL_HUMAN_INTEREST": "PENDING",
    "REAL_REVENUE": "PENDING",
    "FINAL_VERDICT": "READY_FOR_24H_LOOP"
  }
}
Sleeping 15 minutes (900s)...

[2026-09-03T04:45:46.320444+00:00] Executed Cycle #596 (cyc_0a4213a9)
{
  "timestamp": "2026-09-03T04:45:46.320444+00:00",
  "cycle_id": "cyc_0a4213a9",
  "OPERATING_MODE": "DISCOVERY_AND_DRAFT_ONLY",
  "EXTERNAL_PUBLICATION_ATTEMPTED": false,
  "OUTREACH_SAFETY": {
    "operating_mode": "DISCOVERY_AND_DRAFT_ONLY",
    "allow_external_publication": false,
    "external_publication_allowed": false,
    "external_publication_attempted": false,
    "block_reason": "EXTERNAL_PUBLICATION_REQUIRES_EXPLICIT_APPROVAL"
  },
  "PROSPECT_PIPELINE": {
    "prospects_discovered": 420,
    "prospects_eligible": 67,
    "blocked_self_target": 29,
    "blocked_duplicate": 252,
    "pending_source_verification": 0,
    "template_or_synthetic": 10,
    "internal_or_self": 29,
    "local_drafts_created": 67,
    "valid_human_approvable_drafts": 5,
    "invalidated_drafts_historical": 295,
    "github_live_search_enabled": true,
    "github_api_requests_made_current_cycle": 1,
    "github_api_results_received_current_cycle": 30,
    "github_http_200_responses_current_cycle": 1,
    "github_external_sources_verified_current_cycle": 10,
    "github_drafts_created_current_cycle": 67,
    "github_api_error_current_cycle": null,
    "github_api_rate_limit_status_current_cycle": {
      "remaining": 29,
      "limit": 30,
      "reset": "1788410806",
      "http_status": 200
    },
    "github_self_targets_blocked": 16,
    "github_duplicates_blocked": 0,
    "github_low_relevance_blocked": 21,
    "human_approval_required": true,
    "external_publications": 0,
    "external_publication_attempted": false
  },
  "SESSION": {
    "session_id": "sess_20260826_000957_11e9b0",
    "session_start_utc": "2026-08-26T00:09:57.414562+00:00",
    "elapsed_hours": 196.5969
  },
  "RUNTIME": {
    "cycles": 596,
    "successful_cycles": 596,
    "failed_cycles": 0,
    "idle_cycles": 0
  },
  "CYCLE": {
    "cycle_id": "cyc_0a4213a9",
    "timestamp": "2026-09-03T04:45:46.320444+00:00",
    "productive_action": "PUBLISH_TECHNICAL_CONTENT",
    "productive_action_status": "SUCCESS"
  },
  "OPPORTUNITIES": {
    "opportunities_evaluated": 90,
    "targets_selected": 420,
    "tier_a_targets": 0,
    "tier_b_targets": 67,
    "tier_c_targets": 353
  },
  "ACTIONS": {
    "actions_attempted": 67,
    "actions_generated_locally": -286,
    "actions_sent_externally": 0,
    "publications_confirmed": 0,
    "action_failures": 0,
    "blocked_actions": 353
  },
  "CHANNEL TELEMETRY": {
    "channels_evaluated": 9,
    "channels_with_targets": 9,
    "channels_with_actions": 0,
    "channels_with_publications": 0,
    "channels_blocked": 0,
    "channel_diversity_score": 0.0,
    "per_channel": {
      "GITHUB": {
        "opportunities_evaluated": 10,
        "targets_selected": 188,
        "actions_attempted": 188,
        "actions_generated_locally": 67,
        "actions_sent_externally": 0,
        "publications_confirmed": 0,
        "failures": 0,
        "blocked": 121
      },
      "REDDIT": {
        "opportunities_evaluated": 10,
        "targets_selected": 29,
        "actions_attempted": 29,
        "actions_generated_locally": 0,
        "actions_sent_externally": 0,
        "publications_confirmed": 0,
        "failures": 0,
        "blocked": 29
      },
      "QUANTCONNECT": {
        "opportunities_evaluated": 10,
        "targets_selected": 29,
        "actions_attempted": 29,
        "actions_generated_locally": 0,
        "actions_sent_externally": 0,
        "publications_confirmed": 0,
        "failures": 0,
        "blocked": 29
      },
      "SEO": {
        "opportunities_evaluated": 10,
        "targets_selected": 29,
        "actions_attempted": 29,
        "actions_generated_locally": 0,
        "actions_sent_externally": 0,
        "publications_confirmed": 0,
        "failures": 0,
        "blocked": 29
      },
      "TECHNICAL_COMMUNITIES": {
        "opportunities_evaluated": 10,
        "targets_selected": 29,
        "actions_attempted": 29,
        "actions_generated_locally": 0,
        "actions_sent_externally": 0,
        "publications_confirmed": 0,
        "failures": 0,
        "blocked": 29
      },
      "DEVELOPER_FORUMS": {
        "opportunities_evaluated": 10,
        "targets_selected": 29,
        "actions_attempted": 29,
        "actions_generated_locally": 0,
        "actions_sent_externally": 0,
        "publications_confirmed": 0,
        "failures": 0,
        "blocked": 29
      },
      "B2B_DIRECTORIES": {
        "opportunities_evaluated": 10,
        "targets_selected": 29,
        "actions_attempted": 29,
        "actions_generated_locally": 0,
        "actions_sent_externally": 0,
        "publications_confirmed": 0,
        "failures": 0,
        "blocked": 29
      },
      "MARKETPLACES": {
        "opportunities_evaluated": 10,
        "targets_selected": 29,
        "actions_attempted": 29,
        "actions_generated_locally": 0,
        "actions_sent_externally": 0,
        "publications_confirmed": 0,
        "failures": 0,
        "blocked": 29
      },
      "CONTENT_DISCOVERY": {
        "opportunities_evaluated": 10,
        "targets_selected": 29,
        "actions_attempted": 29,
        "actions_generated_locally": 0,
        "actions_sent_externally": 0,
        "publications_confirmed": 0,
        "failures": 0,
        "blocked": 29
      }
    }
  },
  "REAL FUNNEL": {
    "human_replies": 0,
    "real_landing_visits": 0,
    "real_quiz_starts": 0,
    "real_emails": 0,
    "real_checkouts": 0,
    "real_payments": 0,
    "real_revenue_usd": 0,
    "real_audits": 0,
    "real_certificates": 0,
    "real_customer_emails": 0
  },
  "INTEGRITY": {
    "telemetry_inconsistencies_detected": 0,
    "telemetry_inconsistencies_corrected": 1,
    "synthetic_events": 0,
    "owner_internal_events": 0,
    "historical_events": 231
  },
  "OUTREACH": {
    "opportunities_evaluated": 90,
    "tier_a_targets": 0,
    "tier_b_targets": 67,
    "tier_c_targets": 353,
    "action_attempts": 67,
    "actions_successful": 0,
    "publications_created": 0,
    "blocked_actions": 353
  },
  "CHANNELS": {
    "channels_evaluated": 9,
    "channels_with_targets": 9,
    "channels_with_actions": 0,
    "channels_with_publications": 0,
    "channels_blocked": 0,
    "channel_diversity_score": 0.0
  },
  "RISK": {
    "duplicate_blocks": 252,
    "cooldown_blocks": 0,
    "relevance_blocks": 21,
    "promotion_risk_blocks": 0,
    "exposure_budget_blocks": 0
  },
  "ENGAGEMENT": {
    "human_replies": 0,
    "real_landing_visits": 0,
    "real_quiz_starts": 0,
    "real_emails": 0,
    "real_checkouts": 0
  },
  "REVENUE": {
    "real_payments": 0,
    "real_revenue_usd": 0,
    "revenue_usd": 0
  },
  "DELIVERY": {
    "real_audits": 0,
    "real_certificates": 0,
    "real_emails_delivered": 0
  },
  "HISTORICAL / INTERNAL": {
    "historical_audits": 231,
    "historical_certificates": 231,
    "historical_internal_emails": 231,
    "historical_test_payments": 1
  },
  "ANTI-IDLE": {
    "productive_cycles": 596,
    "idle_cycles": 0,
    "idle_cycle": false,
    "fallback_actions": 1
  },
  "DELTA": {
    "opportunities_evaluated_delta": 90,
    "targets_selected_delta": 420,
    "actions_sent_externally_delta": 0,
    "real_landing_visits_delta": 0,
    "real_revenue_delta": 0.0
  },
  "NEXT_ACTION": "PUBLISH_TECHNICAL_CONTENT",
  "STATUSES": {
    "TELEMETRY_INTEGRITY": "PASS",
    "EXTERNAL_ACTION_PROOF": "PASS",
    "TIER_ACCOUNTING": "PASS",
    "CHANNEL_ACCOUNTING": "PASS",
    "ENGINE_EXECUTION": "PASS",
    "ADAPTIVE_FILTER": "PASS",
    "NO_IDLE": "PASS",
    "NO_REPEAT": "PASS",
    "EXPOSURE_BUDGET": "PASS",
    "MULTICHANNEL_ACTIVITY": "PASS",
    "MULTICHANNEL_ROTATION": "PASS",
    "REAL_HUMAN_INTEREST": "PENDING",
    "REAL_REVENUE": "PENDING",
    "FINAL_VERDICT": "READY_FOR_24H_LOOP"
  }
}
Sleeping 15 minutes (900s)...

[2026-09-03T05:00:48.146696+00:00] Executed Cycle #597 (cyc_89498ba7)
{
  "timestamp": "2026-09-03T05:00:48.146696+00:00",
  "cycle_id": "cyc_89498ba7",
  "OPERATING_MODE": "DISCOVERY_AND_DRAFT_ONLY",
  "EXTERNAL_PUBLICATION_ATTEMPTED": false,
  "OUTREACH_SAFETY": {
    "operating_mode": "DISCOVERY_AND_DRAFT_ONLY",
    "allow_external_publication": false,
    "external_publication_allowed": false,
    "external_publication_attempted": false,
    "block_reason": "EXTERNAL_PUBLICATION_REQUIRES_EXPLICIT_APPROVAL"
  },
  "PROSPECT_PIPELINE": {
    "prospects_discovered": 420,
    "prospects_eligible": 67,
    "blocked_self_target": 29,
    "blocked_duplicate": 252,
    "pending_source_verification": 0,
    "template_or_synthetic": 10,
    "internal_or_self": 29,
    "local_drafts_created": 67,
    "valid_human_approvable_drafts": 5,
    "invalidated_drafts_historical": 295,
    "github_live_search_enabled": true,
    "github_api_requests_made_current_cycle": 1,
    "github_api_results_received_current_cycle": 30,
    "github_http_200_responses_current_cycle": 1,
    "github_external_sources_verified_current_cycle": 10,
    "github_drafts_created_current_cycle": 67,
    "github_api_error_current_cycle": null,
    "github_api_rate_limit_status_current_cycle": {
      "remaining": 29,
      "limit": 30,
      "reset": "1788411708",
      "http_status": 200
    },
    "github_self_targets_blocked": 17,
    "github_duplicates_blocked": 0,
    "github_low_relevance_blocked": 21,
    "human_approval_required": true,
    "external_publications": 0,
    "external_publication_attempted": false
  },
  "SESSION": {
    "session_id": "sess_20260826_000957_11e9b0",
    "session_start_utc": "2026-08-26T00:09:57.414562+00:00",
    "elapsed_hours": 196.8474
  },
  "RUNTIME": {
    "cycles": 597,
    "successful_cycles": 597,
    "failed_cycles": 0,
    "idle_cycles": 0
  },
  "CYCLE": {
    "cycle_id": "cyc_89498ba7",
    "timestamp": "2026-09-03T05:00:48.146696+00:00",
    "productive_action": "PUBLISH_TECHNICAL_CONTENT",
    "productive_action_status": "SUCCESS"
  },
  "OPPORTUNITIES": {
    "opportunities_evaluated": 90,
    "targets_selected": 420,
    "tier_a_targets": 0,
    "tier_b_targets": 67,
    "tier_c_targets": 353
  },
  "ACTIONS": {
    "actions_attempted": 67,
    "actions_generated_locally": -286,
    "actions_sent_externally": 0,
    "publications_confirmed": 0,
    "action_failures": 0,
    "blocked_actions": 353
  },
  "CHANNEL TELEMETRY": {
    "channels_evaluated": 9,
    "channels_with_targets": 9,
    "channels_with_actions": 0,
    "channels_with_publications": 0,
    "channels_blocked": 0,
    "channel_diversity_score": 0.0,
    "per_channel": {
      "GITHUB": {
        "opportunities_evaluated": 10,
        "targets_selected": 188,
        "actions_attempted": 188,
        "actions_generated_locally": 67,
        "actions_sent_externally": 0,
        "publications_confirmed": 0,
        "failures": 0,
        "blocked": 121
      },
      "REDDIT": {
        "opportunities_evaluated": 10,
        "targets_selected": 29,
        "actions_attempted": 29,
        "actions_generated_locally": 0,
        "actions_sent_externally": 0,
        "publications_confirmed": 0,
        "failures": 0,
        "blocked": 29
      },
      "QUANTCONNECT": {
        "opportunities_evaluated": 10,
        "targets_selected": 29,
        "actions_attempted": 29,
        "actions_generated_locally": 0,
        "actions_sent_externally": 0,
        "publications_confirmed": 0,
        "failures": 0,
        "blocked": 29
      },
      "SEO": {
        "opportunities_evaluated": 10,
        "targets_selected": 29,
        "actions_attempted": 29,
        "actions_generated_locally": 0,
        "actions_sent_externally": 0,
        "publications_confirmed": 0,
        "failures": 0,
        "blocked": 29
      },
      "TECHNICAL_COMMUNITIES": {
        "opportunities_evaluated": 10,
        "targets_selected": 29,
        "actions_attempted": 29,
        "actions_generated_locally": 0,
        "actions_sent_externally": 0,
        "publications_confirmed": 0,
        "failures": 0,
        "blocked": 29
      },
      "DEVELOPER_FORUMS": {
        "opportunities_evaluated": 10,
        "targets_selected": 29,
        "actions_attempted": 29,
        "actions_generated_locally": 0,
        "actions_sent_externally": 0,
        "publications_confirmed": 0,
        "failures": 0,
        "blocked": 29
      },
      "B2B_DIRECTORIES": {
        "opportunities_evaluated": 10,
        "targets_selected": 29,
        "actions_attempted": 29,
        "actions_generated_locally": 0,
        "actions_sent_externally": 0,
        "publications_confirmed": 0,
        "failures": 0,
        "blocked": 29
      },
      "MARKETPLACES": {
        "opportunities_evaluated": 10,
        "targets_selected": 29,
        "actions_attempted": 29,
        "actions_generated_locally": 0,
        "actions_sent_externally": 0,
        "publications_confirmed": 0,
        "failures": 0,
        "blocked": 29
      },
      "CONTENT_DISCOVERY": {
        "opportunities_evaluated": 10,
        "targets_selected": 29,
        "actions_attempted": 29,
        "actions_generated_locally": 0,
        "actions_sent_externally": 0,
        "publications_confirmed": 0,
        "failures": 0,
        "blocked": 29
      }
    }
  },
  "REAL FUNNEL": {
    "human_replies": 0,
    "real_landing_visits": 0,
    "real_quiz_starts": 0,
    "real_emails": 0,
    "real_checkouts": 0,
    "real_payments": 0,
    "real_revenue_usd": 0,
    "real_audits": 0,
    "real_certificates": 0,
    "real_customer_emails": 0
  },
  "INTEGRITY": {
    "telemetry_inconsistencies_detected": 0,
    "telemetry_inconsistencies_corrected": 1,
    "synthetic_events": 0,
    "owner_internal_events": 0,
    "historical_events": 231
  },
  "OUTREACH": {
    "opportunities_evaluated": 90,
    "tier_a_targets": 0,
    "tier_b_targets": 67,
    "tier_c_targets": 353,
    "action_attempts": 67,
    "actions_successful": 0,
    "publications_created": 0,
    "blocked_actions": 353
  },
  "CHANNELS": {
    "channels_evaluated": 9,
    "channels_with_targets": 9,
    "channels_with_actions": 0,
    "channels_with_publications": 0,
    "channels_blocked": 0,
    "channel_diversity_score": 0.0
  },
  "RISK": {
    "duplicate_blocks": 252,
    "cooldown_blocks": 0,
    "relevance_blocks": 21,
    "promotion_risk_blocks": 0,
    "exposure_budget_blocks": 0
  },
  "ENGAGEMENT": {
    "human_replies": 0,
    "real_landing_visits": 0,
    "real_quiz_starts": 0,
    "real_emails": 0,
    "real_checkouts": 0
  },
  "REVENUE": {
    "real_payments": 0,
    "real_revenue_usd": 0,
    "revenue_usd": 0
  },
  "DELIVERY": {
    "real_audits": 0,
    "real_certificates": 0,
    "real_emails_delivered": 0
  },
  "HISTORICAL / INTERNAL": {
    "historical_audits": 231,
    "historical_certificates": 231,
    "historical_internal_emails": 231,
    "historical_test_payments": 1
  },
  "ANTI-IDLE": {
    "productive_cycles": 597,
    "idle_cycles": 0,
    "idle_cycle": false,
    "fallback_actions": 1
  },
  "DELTA": {
    "opportunities_evaluated_delta": 90,
    "targets_selected_delta": 420,
    "actions_sent_externally_delta": 0,
    "real_landing_visits_delta": 0,
    "real_revenue_delta": 0.0
  },
  "NEXT_ACTION": "PUBLISH_TECHNICAL_CONTENT",
  "STATUSES": {
    "TELEMETRY_INTEGRITY": "PASS",
    "EXTERNAL_ACTION_PROOF": "PASS",
    "TIER_ACCOUNTING": "PASS",
    "CHANNEL_ACCOUNTING": "PASS",
    "ENGINE_EXECUTION": "PASS",
    "ADAPTIVE_FILTER": "PASS",
    "NO_IDLE": "PASS",
    "NO_REPEAT": "PASS",
    "EXPOSURE_BUDGET": "PASS",
    "MULTICHANNEL_ACTIVITY": "PASS",
    "MULTICHANNEL_ROTATION": "PASS",
    "REAL_HUMAN_INTEREST": "PENDING",
    "REAL_REVENUE": "PENDING",
    "FINAL_VERDICT": "READY_FOR_24H_LOOP"
  }
}
Sleeping 15 minutes (900s)...

[2026-09-03T05:15:49.953185+00:00] Executed Cycle #598 (cyc_a956562b)
{
  "timestamp": "2026-09-03T05:15:49.953185+00:00",
  "cycle_id": "cyc_a956562b",
  "OPERATING_MODE": "DISCOVERY_AND_DRAFT_ONLY",
  "EXTERNAL_PUBLICATION_ATTEMPTED": false,
  "OUTREACH_SAFETY": {
    "operating_mode": "DISCOVERY_AND_DRAFT_ONLY",
    "allow_external_publication": false,
    "external_publication_allowed": false,
    "external_publication_attempted": false,
    "block_reason": "EXTERNAL_PUBLICATION_REQUIRES_EXPLICIT_APPROVAL"
  },
  "PROSPECT_PIPELINE": {
    "prospects_discovered": 420,
    "prospects_eligible": 67,
    "blocked_self_target": 29,
    "blocked_duplicate": 252,
    "pending_source_verification": 0,
    "template_or_synthetic": 10,
    "internal_or_self": 29,
    "local_drafts_created": 67,
    "valid_human_approvable_drafts": 5,
    "invalidated_drafts_historical": 295,
    "github_live_search_enabled": true,
    "github_api_requests_made_current_cycle": 1,
    "github_api_results_received_current_cycle": 30,
    "github_http_200_responses_current_cycle": 1,
    "github_external_sources_verified_current_cycle": 10,
    "github_drafts_created_current_cycle": 67,
    "github_api_error_current_cycle": null,
    "github_api_rate_limit_status_current_cycle": {
      "remaining": 29,
      "limit": 30,
      "reset": "1788412610",
      "http_status": 200
    },
    "github_self_targets_blocked": 17,
    "github_duplicates_blocked": 0,
    "github_low_relevance_blocked": 21,
    "human_approval_required": true,
    "external_publications": 0,
    "external_publication_attempted": false
  },
  "SESSION": {
    "session_id": "sess_20260826_000957_11e9b0",
    "session_start_utc": "2026-08-26T00:09:57.414562+00:00",
    "elapsed_hours": 197.0979
  },
  "RUNTIME": {
    "cycles": 598,
    "successful_cycles": 598,
    "failed_cycles": 0,
    "idle_cycles": 0
  },
  "CYCLE": {
    "cycle_id": "cyc_a956562b",
    "timestamp": "2026-09-03T05:15:49.953185+00:00",
    "productive_action": "PUBLISH_TECHNICAL_CONTENT",
    "productive_action_status": "SUCCESS"
  },
  "OPPORTUNITIES": {
    "opportunities_evaluated": 90,
    "targets_selected": 420,
    "tier_a_targets": 0,
    "tier_b_targets": 67,
    "tier_c_targets": 353
  },
  "ACTIONS": {
    "actions_attempted": 67,
    "actions_generated_locally": -286,
    "actions_sent_externally": 0,
    "publications_confirmed": 0,
    "action_failures": 0,
    "blocked_actions": 353
  },
  "CHANNEL TELEMETRY": {
    "channels_evaluated": 9,
    "channels_with_targets": 9,
    "channels_with_actions": 0,
    "channels_with_publications": 0,
    "channels_blocked": 0,
    "channel_diversity_score": 0.0,
    "per_channel": {
      "GITHUB": {
        "opportunities_evaluated": 10,
        "targets_selected": 188,
        "actions_attempted": 188,
        "actions_generated_locally": 67,
        "actions_sent_externally": 0,
        "publications_confirmed": 0,
        "failures": 0,
        "blocked": 121
      },
      "REDDIT": {
        "opportunities_evaluated": 10,
        "targets_selected": 29,
        "actions_attempted": 29,
        "actions_generated_locally": 0,
        "actions_sent_externally": 0,
        "publications_confirmed": 0,
        "failures": 0,
        "blocked": 29
      },
      "QUANTCONNECT": {
        "opportunities_evaluated": 10,
        "targets_selected": 29,
        "actions_attempted": 29,
        "actions_generated_locally": 0,
        "actions_sent_externally": 0,
        "publications_confirmed": 0,
        "failures": 0,
        "blocked": 29
      },
      "SEO": {
        "opportunities_evaluated": 10,
        "targets_selected": 29,
        "actions_attempted": 29,
        "actions_generated_locally": 0,
        "actions_sent_externally": 0,
        "publications_confirmed": 0,
        "failures": 0,
        "blocked": 29
      },
      "TECHNICAL_COMMUNITIES": {
        "opportunities_evaluated": 10,
        "targets_selected": 29,
        "actions_attempted": 29,
        "actions_generated_locally": 0,
        "actions_sent_externally": 0,
        "publications_confirmed": 0,
        "failures": 0,
        "blocked": 29
      },
      "DEVELOPER_FORUMS": {
        "opportunities_evaluated": 10,
        "targets_selected": 29,
        "actions_attempted": 29,
        "actions_generated_locally": 0,
        "actions_sent_externally": 0,
        "publications_confirmed": 0,
        "failures": 0,
        "blocked": 29
      },
      "B2B_DIRECTORIES": {
        "opportunities_evaluated": 10,
        "targets_selected": 29,
        "actions_attempted": 29,
        "actions_generated_locally": 0,
        "actions_sent_externally": 0,
        "publications_confirmed": 0,
        "failures": 0,
        "blocked": 29
      },
      "MARKETPLACES": {
        "opportunities_evaluated": 10,
        "targets_selected": 29,
        "actions_attempted": 29,
        "actions_generated_locally": 0,
        "actions_sent_externally": 0,
        "publications_confirmed": 0,
        "failures": 0,
        "blocked": 29
      },
      "CONTENT_DISCOVERY": {
        "opportunities_evaluated": 10,
        "targets_selected": 29,
        "actions_attempted": 29,
        "actions_generated_locally": 0,
        "actions_sent_externally": 0,
        "publications_confirmed": 0,
        "failures": 0,
        "blocked": 29
      }
    }
  },
  "REAL FUNNEL": {
    "human_replies": 0,
    "real_landing_visits": 0,
    "real_quiz_starts": 0,
    "real_emails": 0,
    "real_checkouts": 0,
    "real_payments": 0,
    "real_revenue_usd": 0,
    "real_audits": 0,
    "real_certificates": 0,
    "real_customer_emails": 0
  },
  "INTEGRITY": {
    "telemetry_inconsistencies_detected": 0,
    "telemetry_inconsistencies_corrected": 1,
    "synthetic_events": 0,
    "owner_internal_events": 0,
    "historical_events": 231
  },
  "OUTREACH": {
    "opportunities_evaluated": 90,
    "tier_a_targets": 0,
    "tier_b_targets": 67,
    "tier_c_targets": 353,
    "action_attempts": 67,
    "actions_successful": 0,
    "publications_created": 0,
    "blocked_actions": 353
  },
  "CHANNELS": {
    "channels_evaluated": 9,
    "channels_with_targets": 9,
    "channels_with_actions": 0,
    "channels_with_publications": 0,
    "channels_blocked": 0,
    "channel_diversity_score": 0.0
  },
  "RISK": {
    "duplicate_blocks": 252,
    "cooldown_blocks": 0,
    "relevance_blocks": 21,
    "promotion_risk_blocks": 0,
    "exposure_budget_blocks": 0
  },
  "ENGAGEMENT": {
    "human_replies": 0,
    "real_landing_visits": 0,
    "real_quiz_starts": 0,
    "real_emails": 0,
    "real_checkouts": 0
  },
  "REVENUE": {
    "real_payments": 0,
    "real_revenue_usd": 0,
    "revenue_usd": 0
  },
  "DELIVERY": {
    "real_audits": 0,
    "real_certificates": 0,
    "real_emails_delivered": 0
  },
  "HISTORICAL / INTERNAL": {
    "historical_audits": 231,
    "historical_certificates": 231,
    "historical_internal_emails": 231,
    "historical_test_payments": 1
  },
  "ANTI-IDLE": {
    "productive_cycles": 598,
    "idle_cycles": 0,
    "idle_cycle": false,
    "fallback_actions": 1
  },
  "DELTA": {
    "opportunities_evaluated_delta": 90,
    "targets_selected_delta": 420,
    "actions_sent_externally_delta": 0,
    "real_landing_visits_delta": 0,
    "real_revenue_delta": 0.0
  },
  "NEXT_ACTION": "PUBLISH_TECHNICAL_CONTENT",
  "STATUSES": {
    "TELEMETRY_INTEGRITY": "PASS",
    "EXTERNAL_ACTION_PROOF": "PASS",
    "TIER_ACCOUNTING": "PASS",
    "CHANNEL_ACCOUNTING": "PASS",
    "ENGINE_EXECUTION": "PASS",
    "ADAPTIVE_FILTER": "PASS",
    "NO_IDLE": "PASS",
    "NO_REPEAT": "PASS",
    "EXPOSURE_BUDGET": "PASS",
    "MULTICHANNEL_ACTIVITY": "PASS",
    "MULTICHANNEL_ROTATION": "PASS",
    "REAL_HUMAN_INTEREST": "PENDING",
    "REAL_REVENUE": "PENDING",
    "FINAL_VERDICT": "READY_FOR_24H_LOOP"
  }
}
Sleeping 15 minutes (900s)...

[2026-09-03T05:30:51.793039+00:00] Executed Cycle #599 (cyc_eb92b847)
{
  "timestamp": "2026-09-03T05:30:51.793039+00:00",
  "cycle_id": "cyc_eb92b847",
  "OPERATING_MODE": "DISCOVERY_AND_DRAFT_ONLY",
  "EXTERNAL_PUBLICATION_ATTEMPTED": false,
  "OUTREACH_SAFETY": {
    "operating_mode": "DISCOVERY_AND_DRAFT_ONLY",
    "allow_external_publication": false,
    "external_publication_allowed": false,
    "external_publication_attempted": false,
    "block_reason": "EXTERNAL_PUBLICATION_REQUIRES_EXPLICIT_APPROVAL"
  },
  "PROSPECT_PIPELINE": {
    "prospects_discovered": 420,
    "prospects_eligible": 67,
    "blocked_self_target": 29,
    "blocked_duplicate": 252,
    "pending_source_verification": 0,
    "template_or_synthetic": 10,
    "internal_or_self": 29,
    "local_drafts_created": 67,
    "valid_human_approvable_drafts": 5,
    "invalidated_drafts_historical": 295,
    "github_live_search_enabled": true,
    "github_api_requests_made_current_cycle": 1,
    "github_api_results_received_current_cycle": 5,
    "github_http_200_responses_current_cycle": 1,
    "github_external_sources_verified_current_cycle": 4,
    "github_drafts_created_current_cycle": 67,
    "github_api_error_current_cycle": null,
    "github_api_rate_limit_status_current_cycle": {
      "remaining": 29,
      "limit": 30,
      "reset": "1788413512",
      "http_status": 200
    },
    "github_self_targets_blocked": 17,
    "github_duplicates_blocked": 0,
    "github_low_relevance_blocked": 21,
    "human_approval_required": true,
    "external_publications": 0,
    "external_publication_attempted": false
  },
  "SESSION": {
    "session_id": "sess_20260826_000957_11e9b0",
    "session_start_utc": "2026-08-26T00:09:57.414562+00:00",
    "elapsed_hours": 197.3484
  },
  "RUNTIME": {
    "cycles": 599,
    "successful_cycles": 599,
    "failed_cycles": 0,
    "idle_cycles": 0
  },
  "CYCLE": {
    "cycle_id": "cyc_eb92b847",
    "timestamp": "2026-09-03T05:30:51.793039+00:00",
    "productive_action": "PUBLISH_TECHNICAL_CONTENT",
    "productive_action_status": "SUCCESS"
  },
  "OPPORTUNITIES": {
    "opportunities_evaluated": 90,
    "targets_selected": 420,
    "tier_a_targets": 0,
    "tier_b_targets": 67,
    "tier_c_targets": 353
  },
  "ACTIONS": {
    "actions_attempted": 67,
    "actions_generated_locally": -286,
    "actions_sent_externally": 0,
    "publications_confirmed": 0,
    "action_failures": 0,
    "blocked_actions": 353
  },
  "CHANNEL TELEMETRY": {
    "channels_evaluated": 9,
    "channels_with_targets": 9,
    "channels_with_actions": 0,
    "channels_with_publications": 0,
    "channels_blocked": 0,
    "channel_diversity_score": 0.0,
    "per_channel": {
      "GITHUB": {
        "opportunities_evaluated": 10,
        "targets_selected": 188,
        "actions_attempted": 188,
        "actions_generated_locally": 67,
        "actions_sent_externally": 0,
        "publications_confirmed": 0,
        "failures": 0,
        "blocked": 121
      },
      "REDDIT": {
        "opportunities_evaluated": 10,
        "targets_selected": 29,
        "actions_attempted": 29,
        "actions_generated_locally": 0,
        "actions_sent_externally": 0,
        "publications_confirmed": 0,
        "failures": 0,
        "blocked": 29
      },
      "QUANTCONNECT": {
        "opportunities_evaluated": 10,
        "targets_selected": 29,
        "actions_attempted": 29,
        "actions_generated_locally": 0,
        "actions_sent_externally": 0,
        "publications_confirmed": 0,
        "failures": 0,
        "blocked": 29
      },
      "SEO": {
        "opportunities_evaluated": 10,
        "targets_selected": 29,
        "actions_attempted": 29,
        "actions_generated_locally": 0,
        "actions_sent_externally": 0,
        "publications_confirmed": 0,
        "failures": 0,
        "blocked": 29
      },
      "TECHNICAL_COMMUNITIES": {
        "opportunities_evaluated": 10,
        "targets_selected": 29,
        "actions_attempted": 29,
        "actions_generated_locally": 0,
        "actions_sent_externally": 0,
        "publications_confirmed": 0,
        "failures": 0,
        "blocked": 29
      },
      "DEVELOPER_FORUMS": {
        "opportunities_evaluated": 10,
        "targets_selected": 29,
        "actions_attempted": 29,
        "actions_generated_locally": 0,
        "actions_sent_externally": 0,
        "publications_confirmed": 0,
        "failures": 0,
        "blocked": 29
      },
      "B2B_DIRECTORIES": {
        "opportunities_evaluated": 10,
        "targets_selected": 29,
        "actions_attempted": 29,
        "actions_generated_locally": 0,
        "actions_sent_externally": 0,
        "publications_confirmed": 0,
        "failures": 0,
        "blocked": 29
      },
      "MARKETPLACES": {
        "opportunities_evaluated": 10,
        "targets_selected": 29,
        "actions_attempted": 29,
        "actions_generated_locally": 0,
        "actions_sent_externally": 0,
        "publications_confirmed": 0,
        "failures": 0,
        "blocked": 29
      },
      "CONTENT_DISCOVERY": {
        "opportunities_evaluated": 10,
        "targets_selected": 29,
        "actions_attempted": 29,
        "actions_generated_locally": 0,
        "actions_sent_externally": 0,
        "publications_confirmed": 0,
        "failures": 0,
        "blocked": 29
      }
    }
  },
  "REAL FUNNEL": {
    "human_replies": 0,
    "real_landing_visits": 0,
    "real_quiz_starts": 0,
    "real_emails": 0,
    "real_checkouts": 0,
    "real_payments": 0,
    "real_revenue_usd": 0,
    "real_audits": 0,
    "real_certificates": 0,
    "real_customer_emails": 0
  },
  "INTEGRITY": {
    "telemetry_inconsistencies_detected": 0,
    "telemetry_inconsistencies_corrected": 1,
    "synthetic_events": 0,
    "owner_internal_events": 0,
    "historical_events": 231
  },
  "OUTREACH": {
    "opportunities_evaluated": 90,
    "tier_a_targets": 0,
    "tier_b_targets": 67,
    "tier_c_targets": 353,
    "action_attempts": 67,
    "actions_successful": 0,
    "publications_created": 0,
    "blocked_actions": 353
  },
  "CHANNELS": {
    "channels_evaluated": 9,
    "channels_with_targets": 9,
    "channels_with_actions": 0,
    "channels_with_publications": 0,
    "channels_blocked": 0,
    "channel_diversity_score": 0.0
  },
  "RISK": {
    "duplicate_blocks": 252,
    "cooldown_blocks": 0,
    "relevance_blocks": 21,
    "promotion_risk_blocks": 0,
    "exposure_budget_blocks": 0
  },
  "ENGAGEMENT": {
    "human_replies": 0,
    "real_landing_visits": 0,
    "real_quiz_starts": 0,
    "real_emails": 0,
    "real_checkouts": 0
  },
  "REVENUE": {
    "real_payments": 0,
    "real_revenue_usd": 0,
    "revenue_usd": 0
  },
  "DELIVERY": {
    "real_audits": 0,
    "real_certificates": 0,
    "real_emails_delivered": 0
  },
  "HISTORICAL / INTERNAL": {
    "historical_audits": 231,
    "historical_certificates": 231,
    "historical_internal_emails": 231,
    "historical_test_payments": 1
  },
  "ANTI-IDLE": {
    "productive_cycles": 599,
    "idle_cycles": 0,
    "idle_cycle": false,
    "fallback_actions": 1
  },
  "DELTA": {
    "opportunities_evaluated_delta": 90,
    "targets_selected_delta": 420,
    "actions_sent_externally_delta": 0,
    "real_landing_visits_delta": 0,
    "real_revenue_delta": 0.0
  },
  "NEXT_ACTION": "PUBLISH_TECHNICAL_CONTENT",
  "STATUSES": {
    "TELEMETRY_INTEGRITY": "PASS",
    "EXTERNAL_ACTION_PROOF": "PASS",
    "TIER_ACCOUNTING": "PASS",
    "CHANNEL_ACCOUNTING": "PASS",
    "ENGINE_EXECUTION": "PASS",
    "ADAPTIVE_FILTER": "PASS",
    "NO_IDLE": "PASS",
    "NO_REPEAT": "PASS",
    "EXPOSURE_BUDGET": "PASS",
    "MULTICHANNEL_ACTIVITY": "PASS",
    "MULTICHANNEL_ROTATION": "PASS",
    "REAL_HUMAN_INTEREST": "PENDING",
    "REAL_REVENUE": "PENDING",
    "FINAL_VERDICT": "READY_FOR_24H_LOOP"
  }
}
Sleeping 15 minutes (900s)...

[2026-09-03T05:45:53.160693+00:00] Executed Cycle #600 (cyc_44a75231)
{
  "timestamp": "2026-09-03T05:45:53.160693+00:00",
  "cycle_id": "cyc_44a75231",
  "OPERATING_MODE": "DISCOVERY_AND_DRAFT_ONLY",
  "EXTERNAL_PUBLICATION_ATTEMPTED": false,
  "OUTREACH_SAFETY": {
    "operating_mode": "DISCOVERY_AND_DRAFT_ONLY",
    "allow_external_publication": false,
    "external_publication_allowed": false,
    "external_publication_attempted": false,
    "block_reason": "EXTERNAL_PUBLICATION_REQUIRES_EXPLICIT_APPROVAL"
  },
  "PROSPECT_PIPELINE": {
    "prospects_discovered": 420,
    "prospects_eligible": 67,
    "blocked_self_target": 29,
    "blocked_duplicate": 252,
    "pending_source_verification": 0,
    "template_or_synthetic": 10,
    "internal_or_self": 29,
    "local_drafts_created": 67,
    "valid_human_approvable_drafts": 5,
    "invalidated_drafts_historical": 295,
    "github_live_search_enabled": true,
    "github_api_requests_made_current_cycle": 1,
    "github_api_results_received_current_cycle": 30,
    "github_http_200_responses_current_cycle": 1,
    "github_external_sources_verified_current_cycle": 10,
    "github_drafts_created_current_cycle": 67,
    "github_api_error_current_cycle": null,
    "github_api_rate_limit_status_current_cycle": {
      "remaining": 29,
      "limit": 30,
      "reset": "1788414413",
      "http_status": 200
    },
    "github_self_targets_blocked": 18,
    "github_duplicates_blocked": 0,
    "github_low_relevance_blocked": 21,
    "human_approval_required": true,
    "external_publications": 0,
    "external_publication_attempted": false
  },
  "SESSION": {
    "session_id": "sess_20260826_000957_11e9b0",
    "session_start_utc": "2026-08-26T00:09:57.414562+00:00",
    "elapsed_hours": 197.5988
  },
  "RUNTIME": {
    "cycles": 600,
    "successful_cycles": 600,
    "failed_cycles": 0,
    "idle_cycles": 0
  },
  "CYCLE": {
    "cycle_id": "cyc_44a75231",
    "timestamp": "2026-09-03T05:45:53.160693+00:00",
    "productive_action": "PUBLISH_TECHNICAL_CONTENT",
    "productive_action_status": "SUCCESS"
  },
  "OPPORTUNITIES": {
    "opportunities_evaluated": 90,
    "targets_selected": 420,
    "tier_a_targets": 0,
    "tier_b_targets": 67,
    "tier_c_targets": 353
  },
  "ACTIONS": {
    "actions_attempted": 67,
    "actions_generated_locally": -286,
    "actions_sent_externally": 0,
    "publications_confirmed": 0,
    "action_failures": 0,
    "blocked_actions": 353
  },
  "CHANNEL TELEMETRY": {
    "channels_evaluated": 9,
    "channels_with_targets": 9,
    "channels_with_actions": 0,
    "channels_with_publications": 0,
    "channels_blocked": 0,
    "channel_diversity_score": 0.0,
    "per_channel": {
      "GITHUB": {
        "opportunities_evaluated": 10,
        "targets_selected": 188,
        "actions_attempted": 188,
        "actions_generated_locally": 67,
        "actions_sent_externally": 0,
        "publications_confirmed": 0,
        "failures": 0,
        "blocked": 121
      },
      "REDDIT": {
        "opportunities_evaluated": 10,
        "targets_selected": 29,
        "actions_attempted": 29,
        "actions_generated_locally": 0,
        "actions_sent_externally": 0,
        "publications_confirmed": 0,
        "failures": 0,
        "blocked": 29
      },
      "QUANTCONNECT": {
        "opportunities_evaluated": 10,
        "targets_selected": 29,
        "actions_attempted": 29,
        "actions_generated_locally": 0,
        "actions_sent_externally": 0,
        "publications_confirmed": 0,
        "failures": 0,
        "blocked": 29
      },
      "SEO": {
        "opportunities_evaluated": 10,
        "targets_selected": 29,
        "actions_attempted": 29,
        "actions_generated_locally": 0,
        "actions_sent_externally": 0,
        "publications_confirmed": 0,
        "failures": 0,
        "blocked": 29
      },
      "TECHNICAL_COMMUNITIES": {
        "opportunities_evaluated": 10,
        "targets_selected": 29,
        "actions_attempted": 29,
        "actions_generated_locally": 0,
        "actions_sent_externally": 0,
        "publications_confirmed": 0,
        "failures": 0,
        "blocked": 29
      },
      "DEVELOPER_FORUMS": {
        "opportunities_evaluated": 10,
        "targets_selected": 29,
        "actions_attempted": 29,
        "actions_generated_locally": 0,
        "actions_sent_externally": 0,
        "publications_confirmed": 0,
        "failures": 0,
        "blocked": 29
      },
      "B2B_DIRECTORIES": {
        "opportunities_evaluated": 10,
        "targets_selected": 29,
        "actions_attempted": 29,
        "actions_generated_locally": 0,
        "actions_sent_externally": 0,
        "publications_confirmed": 0,
        "failures": 0,
        "blocked": 29
      },
      "MARKETPLACES": {
        "opportunities_evaluated": 10,
        "targets_selected": 29,
        "actions_attempted": 29,
        "actions_generated_locally": 0,
        "actions_sent_externally": 0,
        "publications_confirmed": 0,
        "failures": 0,
        "blocked": 29
      },
      "CONTENT_DISCOVERY": {
        "opportunities_evaluated": 10,
        "targets_selected": 29,
        "actions_attempted": 29,
        "actions_generated_locally": 0,
        "actions_sent_externally": 0,
        "publications_confirmed": 0,
        "failures": 0,
        "blocked": 29
      }
    }
  },
  "REAL FUNNEL": {
    "human_replies": 0,
    "real_landing_visits": 0,
    "real_quiz_starts": 0,
    "real_emails": 0,
    "real_checkouts": 0,
    "real_payments": 0,
    "real_revenue_usd": 0,
    "real_audits": 0,
    "real_certificates": 0,
    "real_customer_emails": 0
  },
  "INTEGRITY": {
    "telemetry_inconsistencies_detected": 0,
    "telemetry_inconsistencies_corrected": 1,
    "synthetic_events": 0,
    "owner_internal_events": 0,
    "historical_events": 231
  },
  "OUTREACH": {
    "opportunities_evaluated": 90,
    "tier_a_targets": 0,
    "tier_b_targets": 67,
    "tier_c_targets": 353,
    "action_attempts": 67,
    "actions_successful": 0,
    "publications_created": 0,
    "blocked_actions": 353
  },
  "CHANNELS": {
    "channels_evaluated": 9,
    "channels_with_targets": 9,
    "channels_with_actions": 0,
    "channels_with_publications": 0,
    "channels_blocked": 0,
    "channel_diversity_score": 0.0
  },
  "RISK": {
    "duplicate_blocks": 252,
    "cooldown_blocks": 0,
    "relevance_blocks": 21,
    "promotion_risk_blocks": 0,
    "exposure_budget_blocks": 0
  },
  "ENGAGEMENT": {
    "human_replies": 0,
    "real_landing_visits": 0,
    "real_quiz_starts": 0,
    "real_emails": 0,
    "real_checkouts": 0
  },
  "REVENUE": {
    "real_payments": 0,
    "real_revenue_usd": 0,
    "revenue_usd": 0
  },
  "DELIVERY": {
    "real_audits": 0,
    "real_certificates": 0,
    "real_emails_delivered": 0
  },
  "HISTORICAL / INTERNAL": {
    "historical_audits": 231,
    "historical_certificates": 231,
    "historical_internal_emails": 231,
    "historical_test_payments": 1
  },
  "ANTI-IDLE": {
    "productive_cycles": 600,
    "idle_cycles": 0,
    "idle_cycle": false,
    "fallback_actions": 1
  },
  "DELTA": {
    "opportunities_evaluated_delta": 90,
    "targets_selected_delta": 420,
    "actions_sent_externally_delta": 0,
    "real_landing_visits_delta": 0,
    "real_revenue_delta": 0.0
  },
  "NEXT_ACTION": "PUBLISH_TECHNICAL_CONTENT",
  "STATUSES": {
    "TELEMETRY_INTEGRITY": "PASS",
    "EXTERNAL_ACTION_PROOF": "PASS",
    "TIER_ACCOUNTING": "PASS",
    "CHANNEL_ACCOUNTING": "PASS",
    "ENGINE_EXECUTION": "PASS",
    "ADAPTIVE_FILTER": "PASS",
    "NO_IDLE": "PASS",
    "NO_REPEAT": "PASS",
    "EXPOSURE_BUDGET": "PASS",
    "MULTICHANNEL_ACTIVITY": "PASS",
    "MULTICHANNEL_ROTATION": "PASS",
    "REAL_HUMAN_INTEREST": "PENDING",
    "REAL_REVENUE": "PENDING",
    "FINAL_VERDICT": "READY_FOR_24H_LOOP"
  }
}
Sleeping 15 minutes (900s)...

[2026-09-03T06:00:55.537804+00:00] Executed Cycle #601 (cyc_e4588d2d)
{
  "timestamp": "2026-09-03T06:00:55.537804+00:00",
  "cycle_id": "cyc_e4588d2d",
  "OPERATING_MODE": "DISCOVERY_AND_DRAFT_ONLY",
  "EXTERNAL_PUBLICATION_ATTEMPTED": false,
  "OUTREACH_SAFETY": {
    "operating_mode": "DISCOVERY_AND_DRAFT_ONLY",
    "allow_external_publication": false,
    "external_publication_allowed": false,
    "external_publication_attempted": false,
    "block_reason": "EXTERNAL_PUBLICATION_REQUIRES_EXPLICIT_APPROVAL"
  },
  "PROSPECT_PIPELINE": {
    "prospects_discovered": 420,
    "prospects_eligible": 67,
    "blocked_self_target": 29,
    "blocked_duplicate": 252,
    "pending_source_verification": 0,
    "template_or_synthetic": 10,
    "internal_or_self": 29,
    "local_drafts_created": 67,
    "valid_human_approvable_drafts": 5,
    "invalidated_drafts_historical": 295,
    "github_live_search_enabled": true,
    "github_api_requests_made_current_cycle": 1,
    "github_api_results_received_current_cycle": 30,
    "github_http_200_responses_current_cycle": 1,
    "github_external_sources_verified_current_cycle": 10,
    "github_drafts_created_current_cycle": 67,
    "github_api_error_current_cycle": null,
    "github_api_rate_limit_status_current_cycle": {
      "remaining": 29,
      "limit": 30,
      "reset": "1788415315",
      "http_status": 200
    },
    "github_self_targets_blocked": 18,
    "github_duplicates_blocked": 0,
    "github_low_relevance_blocked": 21,
    "human_approval_required": true,
    "external_publications": 0,
    "external_publication_attempted": false
  },
  "SESSION": {
    "session_id": "sess_20260826_000957_11e9b0",
    "session_start_utc": "2026-08-26T00:09:57.414562+00:00",
    "elapsed_hours": 197.8495
  },
  "RUNTIME": {
    "cycles": 601,
    "successful_cycles": 601,
    "failed_cycles": 0,
    "idle_cycles": 0
  },
  "CYCLE": {
    "cycle_id": "cyc_e4588d2d",
    "timestamp": "2026-09-03T06:00:55.537804+00:00",
    "productive_action": "PUBLISH_TECHNICAL_CONTENT",
    "productive_action_status": "SUCCESS"
  },
  "OPPORTUNITIES": {
    "opportunities_evaluated": 90,
    "targets_selected": 420,
    "tier_a_targets": 0,
    "tier_b_targets": 67,
    "tier_c_targets": 353
  },
  "ACTIONS": {
    "actions_attempted": 67,
    "actions_generated_locally": -286,
    "actions_sent_externally": 0,
    "publications_confirmed": 0,
    "action_failures": 0,
    "blocked_actions": 353
  },
  "CHANNEL TELEMETRY": {
    "channels_evaluated": 9,
    "channels_with_targets": 9,
    "channels_with_actions": 0,
    "channels_with_publications": 0,
    "channels_blocked": 0,
    "channel_diversity_score": 0.0,
    "per_channel": {
      "GITHUB": {
        "opportunities_evaluated": 10,
        "targets_selected": 188,
        "actions_attempted": 188,
        "actions_generated_locally": 67,
        "actions_sent_externally": 0,
        "publications_confirmed": 0,
        "failures": 0,
        "blocked": 121
      },
      "REDDIT": {
        "opportunities_evaluated": 10,
        "targets_selected": 29,
        "actions_attempted": 29,
        "actions_generated_locally": 0,
        "actions_sent_externally": 0,
        "publications_confirmed": 0,
        "failures": 0,
        "blocked": 29
      },
      "QUANTCONNECT": {
        "opportunities_evaluated": 10,
        "targets_selected": 29,
        "actions_attempted": 29,
        "actions_generated_locally": 0,
        "actions_sent_externally": 0,
        "publications_confirmed": 0,
        "failures": 0,
        "blocked": 29
      },
      "SEO": {
        "opportunities_evaluated": 10,
        "targets_selected": 29,
        "actions_attempted": 29,
        "actions_generated_locally": 0,
        "actions_sent_externally": 0,
        "publications_confirmed": 0,
        "failures": 0,
        "blocked": 29
      },
      "TECHNICAL_COMMUNITIES": {
        "opportunities_evaluated": 10,
        "targets_selected": 29,
        "actions_attempted": 29,
        "actions_generated_locally": 0,
        "actions_sent_externally": 0,
        "publications_confirmed": 0,
        "failures": 0,
        "blocked": 29
      },
      "DEVELOPER_FORUMS": {
        "opportunities_evaluated": 10,
        "targets_selected": 29,
        "actions_attempted": 29,
        "actions_generated_locally": 0,
        "actions_sent_externally": 0,
        "publications_confirmed": 0,
        "failures": 0,
        "blocked": 29
      },
      "B2B_DIRECTORIES": {
        "opportunities_evaluated": 10,
        "targets_selected": 29,
        "actions_attempted": 29,
        "actions_generated_locally": 0,
        "actions_sent_externally": 0,
        "publications_confirmed": 0,
        "failures": 0,
        "blocked": 29
      },
      "MARKETPLACES": {
        "opportunities_evaluated": 10,
        "targets_selected": 29,
        "actions_attempted": 29,
        "actions_generated_locally": 0,
        "actions_sent_externally": 0,
        "publications_confirmed": 0,
        "failures": 0,
        "blocked": 29
      },
      "CONTENT_DISCOVERY": {
        "opportunities_evaluated": 10,
        "targets_selected": 29,
        "actions_attempted": 29,
        "actions_generated_locally": 0,
        "actions_sent_externally": 0,
        "publications_confirmed": 0,
        "failures": 0,
        "blocked": 29
      }
    }
  },
  "REAL FUNNEL": {
    "human_replies": 0,
    "real_landing_visits": 0,
    "real_quiz_starts": 0,
    "real_emails": 0,
    "real_checkouts": 0,
    "real_payments": 0,
    "real_revenue_usd": 0,
    "real_audits": 0,
    "real_certificates": 0,
    "real_customer_emails": 0
  },
  "INTEGRITY": {
    "telemetry_inconsistencies_detected": 0,
    "telemetry_inconsistencies_corrected": 1,
    "synthetic_events": 0,
    "owner_internal_events": 0,
    "historical_events": 231
  },
  "OUTREACH": {
    "opportunities_evaluated": 90,
    "tier_a_targets": 0,
    "tier_b_targets": 67,
    "tier_c_targets": 353,
    "action_attempts": 67,
    "actions_successful": 0,
    "publications_created": 0,
    "blocked_actions": 353
  },
  "CHANNELS": {
    "channels_evaluated": 9,
    "channels_with_targets": 9,
    "channels_with_actions": 0,
    "channels_with_publications": 0,
    "channels_blocked": 0,
    "channel_diversity_score": 0.0
  },
  "RISK": {
    "duplicate_blocks": 252,
    "cooldown_blocks": 0,
    "relevance_blocks": 21,
    "promotion_risk_blocks": 0,
    "exposure_budget_blocks": 0
  },
  "ENGAGEMENT": {
    "human_replies": 0,
    "real_landing_visits": 0,
    "real_quiz_starts": 0,
    "real_emails": 0,
    "real_checkouts": 0
  },
  "REVENUE": {
    "real_payments": 0,
    "real_revenue_usd": 0,
    "revenue_usd": 0
  },
  "DELIVERY": {
    "real_audits": 0,
    "real_certificates": 0,
    "real_emails_delivered": 0
  },
  "HISTORICAL / INTERNAL": {
    "historical_audits": 231,
    "historical_certificates": 231,
    "historical_internal_emails": 231,
    "historical_test_payments": 1
  },
  "ANTI-IDLE": {
    "productive_cycles": 601,
    "idle_cycles": 0,
    "idle_cycle": false,
    "fallback_actions": 1
  },
  "DELTA": {
    "opportunities_evaluated_delta": 90,
    "targets_selected_delta": 420,
    "actions_sent_externally_delta": 0,
    "real_landing_visits_delta": 0,
    "real_revenue_delta": 0.0
  },
  "NEXT_ACTION": "PUBLISH_TECHNICAL_CONTENT",
  "STATUSES": {
    "TELEMETRY_INTEGRITY": "PASS",
    "EXTERNAL_ACTION_PROOF": "PASS",
    "TIER_ACCOUNTING": "PASS",
    "CHANNEL_ACCOUNTING": "PASS",
    "ENGINE_EXECUTION": "PASS",
    "ADAPTIVE_FILTER": "PASS",
    "NO_IDLE": "PASS",
    "NO_REPEAT": "PASS",
    "EXPOSURE_BUDGET": "PASS",
    "MULTICHANNEL_ACTIVITY": "PASS",
    "MULTICHANNEL_ROTATION": "PASS",
    "REAL_HUMAN_INTEREST": "PENDING",
    "REAL_REVENUE": "PENDING",
    "FINAL_VERDICT": "READY_FOR_24H_LOOP"
  }
}
Sleeping 15 minutes (900s)...

[2026-09-03T06:15:57.778078+00:00] Executed Cycle #602 (cyc_bf8cfa66)
{
  "timestamp": "2026-09-03T06:15:57.778078+00:00",
  "cycle_id": "cyc_bf8cfa66",
  "OPERATING_MODE": "DISCOVERY_AND_DRAFT_ONLY",
  "EXTERNAL_PUBLICATION_ATTEMPTED": false,
  "OUTREACH_SAFETY": {
    "operating_mode": "DISCOVERY_AND_DRAFT_ONLY",
    "allow_external_publication": false,
    "external_publication_allowed": false,
    "external_publication_attempted": false,
    "block_reason": "EXTERNAL_PUBLICATION_REQUIRES_EXPLICIT_APPROVAL"
  },
  "PROSPECT_PIPELINE": {
    "prospects_discovered": 420,
    "prospects_eligible": 67,
    "blocked_self_target": 29,
    "blocked_duplicate": 252,
    "pending_source_verification": 0,
    "template_or_synthetic": 10,
    "internal_or_self": 29,
    "local_drafts_created": 67,
    "valid_human_approvable_drafts": 5,
    "invalidated_drafts_historical": 295,
    "github_live_search_enabled": true,
    "github_api_requests_made_current_cycle": 1,
    "github_api_results_received_current_cycle": 30,
    "github_http_200_responses_current_cycle": 1,
    "github_external_sources_verified_current_cycle": 10,
    "github_drafts_created_current_cycle": 67,
    "github_api_error_current_cycle": null,
    "github_api_rate_limit_status_current_cycle": {
      "remaining": 29,
      "limit": 30,
      "reset": "1788416218",
      "http_status": 200
    },
    "github_self_targets_blocked": 18,
    "github_duplicates_blocked": 0,
    "github_low_relevance_blocked": 21,
    "human_approval_required": true,
    "external_publications": 0,
    "external_publication_attempted": false
  },
  "SESSION": {
    "session_id": "sess_20260826_000957_11e9b0",
    "session_start_utc": "2026-08-26T00:09:57.414562+00:00",
    "elapsed_hours": 198.1001
  },
  "RUNTIME": {
    "cycles": 602,
    "successful_cycles": 602,
    "failed_cycles": 0,
    "idle_cycles": 0
  },
  "CYCLE": {
    "cycle_id": "cyc_bf8cfa66",
    "timestamp": "2026-09-03T06:15:57.778078+00:00",
    "productive_action": "PUBLISH_TECHNICAL_CONTENT",
    "productive_action_status": "SUCCESS"
  },
  "OPPORTUNITIES": {
    "opportunities_evaluated": 90,
    "targets_selected": 420,
    "tier_a_targets": 0,
    "tier_b_targets": 67,
    "tier_c_targets": 353
  },
  "ACTIONS": {
    "actions_attempted": 67,
    "actions_generated_locally": -286,
    "actions_sent_externally": 0,
    "publications_confirmed": 0,
    "action_failures": 0,
    "blocked_actions": 353
  },
  "CHANNEL TELEMETRY": {
    "channels_evaluated": 9,
    "channels_with_targets": 9,
    "channels_with_actions": 0,
    "channels_with_publications": 0,
    "channels_blocked": 0,
    "channel_diversity_score": 0.0,
    "per_channel": {
      "GITHUB": {
        "opportunities_evaluated": 10,
        "targets_selected": 188,
        "actions_attempted": 188,
        "actions_generated_locally": 67,
        "actions_sent_externally": 0,
        "publications_confirmed": 0,
        "failures": 0,
        "blocked": 121
      },
      "REDDIT": {
        "opportunities_evaluated": 10,
        "targets_selected": 29,
        "actions_attempted": 29,
        "actions_generated_locally": 0,
        "actions_sent_externally": 0,
        "publications_confirmed": 0,
        "failures": 0,
        "blocked": 29
      },
      "QUANTCONNECT": {
        "opportunities_evaluated": 10,
        "targets_selected": 29,
        "actions_attempted": 29,
        "actions_generated_locally": 0,
        "actions_sent_externally": 0,
        "publications_confirmed": 0,
        "failures": 0,
        "blocked": 29
      },
      "SEO": {
        "opportunities_evaluated": 10,
        "targets_selected": 29,
        "actions_attempted": 29,
        "actions_generated_locally": 0,
        "actions_sent_externally": 0,
        "publications_confirmed": 0,
        "failures": 0,
        "blocked": 29
      },
      "TECHNICAL_COMMUNITIES": {
        "opportunities_evaluated": 10,
        "targets_selected": 29,
        "actions_attempted": 29,
        "actions_generated_locally": 0,
        "actions_sent_externally": 0,
        "publications_confirmed": 0,
        "failures": 0,
        "blocked": 29
      },
      "DEVELOPER_FORUMS": {
        "opportunities_evaluated": 10,
        "targets_selected": 29,
        "actions_attempted": 29,
        "actions_generated_locally": 0,
        "actions_sent_externally": 0,
        "publications_confirmed": 0,
        "failures": 0,
        "blocked": 29
      },
      "B2B_DIRECTORIES": {
        "opportunities_evaluated": 10,
        "targets_selected": 29,
        "actions_attempted": 29,
        "actions_generated_locally": 0,
        "actions_sent_externally": 0,
        "publications_confirmed": 0,
        "failures": 0,
        "blocked": 29
      },
      "MARKETPLACES": {
        "opportunities_evaluated": 10,
        "targets_selected": 29,
        "actions_attempted": 29,
        "actions_generated_locally": 0,
        "actions_sent_externally": 0,
        "publications_confirmed": 0,
        "failures": 0,
        "blocked": 29
      },
      "CONTENT_DISCOVERY": {
        "opportunities_evaluated": 10,
        "targets_selected": 29,
        "actions_attempted": 29,
        "actions_generated_locally": 0,
        "actions_sent_externally": 0,
        "publications_confirmed": 0,
        "failures": 0,
        "blocked": 29
      }
    }
  },
  "REAL FUNNEL": {
    "human_replies": 0,
    "real_landing_visits": 0,
    "real_quiz_starts": 0,
    "real_emails": 0,
    "real_checkouts": 0,
    "real_payments": 0,
    "real_revenue_usd": 0,
    "real_audits": 0,
    "real_certificates": 0,
    "real_customer_emails": 0
  },
  "INTEGRITY": {
    "telemetry_inconsistencies_detected": 0,
    "telemetry_inconsistencies_corrected": 1,
    "synthetic_events": 0,
    "owner_internal_events": 0,
    "historical_events": 231
  },
  "OUTREACH": {
    "opportunities_evaluated": 90,
    "tier_a_targets": 0,
    "tier_b_targets": 67,
    "tier_c_targets": 353,
    "action_attempts": 67,
    "actions_successful": 0,
    "publications_created": 0,
    "blocked_actions": 353
  },
  "CHANNELS": {
    "channels_evaluated": 9,
    "channels_with_targets": 9,
    "channels_with_actions": 0,
    "channels_with_publications": 0,
    "channels_blocked": 0,
    "channel_diversity_score": 0.0
  },
  "RISK": {
    "duplicate_blocks": 252,
    "cooldown_blocks": 0,
    "relevance_blocks": 21,
    "promotion_risk_blocks": 0,
    "exposure_budget_blocks": 0
  },
  "ENGAGEMENT": {
    "human_replies": 0,
    "real_landing_visits": 0,
    "real_quiz_starts": 0,
    "real_emails": 0,
    "real_checkouts": 0
  },
  "REVENUE": {
    "real_payments": 0,
    "real_revenue_usd": 0,
    "revenue_usd": 0
  },
  "DELIVERY": {
    "real_audits": 0,
    "real_certificates": 0,
    "real_emails_delivered": 0
  },
  "HISTORICAL / INTERNAL": {
    "historical_audits": 231,
    "historical_certificates": 231,
    "historical_internal_emails": 231,
    "historical_test_payments": 1
  },
  "ANTI-IDLE": {
    "productive_cycles": 602,
    "idle_cycles": 0,
    "idle_cycle": false,
    "fallback_actions": 1
  },
  "DELTA": {
    "opportunities_evaluated_delta": 90,
    "targets_selected_delta": 420,
    "actions_sent_externally_delta": 0,
    "real_landing_visits_delta": 0,
    "real_revenue_delta": 0.0
  },
  "NEXT_ACTION": "PUBLISH_TECHNICAL_CONTENT",
  "STATUSES": {
    "TELEMETRY_INTEGRITY": "PASS",
    "EXTERNAL_ACTION_PROOF": "PASS",
    "TIER_ACCOUNTING": "PASS",
    "CHANNEL_ACCOUNTING": "PASS",
    "ENGINE_EXECUTION": "PASS",
    "ADAPTIVE_FILTER": "PASS",
    "NO_IDLE": "PASS",
    "NO_REPEAT": "PASS",
    "EXPOSURE_BUDGET": "PASS",
    "MULTICHANNEL_ACTIVITY": "PASS",
    "MULTICHANNEL_ROTATION": "PASS",
    "REAL_HUMAN_INTEREST": "PENDING",
    "REAL_REVENUE": "PENDING",
    "FINAL_VERDICT": "READY_FOR_24H_LOOP"
  }
}
Sleeping 15 minutes (900s)...

[2026-09-03T06:30:59.721294+00:00] Executed Cycle #603 (cyc_66a33a62)
{
  "timestamp": "2026-09-03T06:30:59.721294+00:00",
  "cycle_id": "cyc_66a33a62",
  "OPERATING_MODE": "DISCOVERY_AND_DRAFT_ONLY",
  "EXTERNAL_PUBLICATION_ATTEMPTED": false,
  "OUTREACH_SAFETY": {
    "operating_mode": "DISCOVERY_AND_DRAFT_ONLY",
    "allow_external_publication": false,
    "external_publication_allowed": false,
    "external_publication_attempted": false,
    "block_reason": "EXTERNAL_PUBLICATION_REQUIRES_EXPLICIT_APPROVAL"
  },
  "PROSPECT_PIPELINE": {
    "prospects_discovered": 420,
    "prospects_eligible": 67,
    "blocked_self_target": 29,
    "blocked_duplicate": 252,
    "pending_source_verification": 0,
    "template_or_synthetic": 10,
    "internal_or_self": 29,
    "local_drafts_created": 67,
    "valid_human_approvable_drafts": 5,
    "invalidated_drafts_historical": 295,
    "github_live_search_enabled": true,
    "github_api_requests_made_current_cycle": 1,
    "github_api_results_received_current_cycle": 30,
    "github_http_200_responses_current_cycle": 1,
    "github_external_sources_verified_current_cycle": 10,
    "github_drafts_created_current_cycle": 67,
    "github_api_error_current_cycle": null,
    "github_api_rate_limit_status_current_cycle": {
      "remaining": 29,
      "limit": 30,
      "reset": "1788417120",
      "http_status": 200
    },
    "github_self_targets_blocked": 19,
    "github_duplicates_blocked": 0,
    "github_low_relevance_blocked": 21,
    "human_approval_required": true,
    "external_publications": 0,
    "external_publication_attempted": false
  },
  "SESSION": {
    "session_id": "sess_20260826_000957_11e9b0",
    "session_start_utc": "2026-08-26T00:09:57.414562+00:00",
    "elapsed_hours": 198.3506
  },
  "RUNTIME": {
    "cycles": 603,
    "successful_cycles": 603,
    "failed_cycles": 0,
    "idle_cycles": 0
  },
  "CYCLE": {
    "cycle_id": "cyc_66a33a62",
    "timestamp": "2026-09-03T06:30:59.721294+00:00",
    "productive_action": "PUBLISH_TECHNICAL_CONTENT",
    "productive_action_status": "SUCCESS"
  },
  "OPPORTUNITIES": {
    "opportunities_evaluated": 90,
    "targets_selected": 420,
    "tier_a_targets": 0,
    "tier_b_targets": 67,
    "tier_c_targets": 353
  },
  "ACTIONS": {
    "actions_attempted": 67,
    "actions_generated_locally": -286,
    "actions_sent_externally": 0,
    "publications_confirmed": 0,
    "action_failures": 0,
    "blocked_actions": 353
  },
  "CHANNEL TELEMETRY": {
    "channels_evaluated": 9,
    "channels_with_targets": 9,
    "channels_with_actions": 0,
    "channels_with_publications": 0,
    "channels_blocked": 0,
    "channel_diversity_score": 0.0,
    "per_channel": {
      "GITHUB": {
        "opportunities_evaluated": 10,
        "targets_selected": 188,
        "actions_attempted": 188,
        "actions_generated_locally": 67,
        "actions_sent_externally": 0,
        "publications_confirmed": 0,
        "failures": 0,
        "blocked": 121
      },
      "REDDIT": {
        "opportunities_evaluated": 10,
        "targets_selected": 29,
        "actions_attempted": 29,
        "actions_generated_locally": 0,
        "actions_sent_externally": 0,
        "publications_confirmed": 0,
        "failures": 0,
        "blocked": 29
      },
      "QUANTCONNECT": {
        "opportunities_evaluated": 10,
        "targets_selected": 29,
        "actions_attempted": 29,
        "actions_generated_locally": 0,
        "actions_sent_externally": 0,
        "publications_confirmed": 0,
        "failures": 0,
        "blocked": 29
      },
      "SEO": {
        "opportunities_evaluated": 10,
        "targets_selected": 29,
        "actions_attempted": 29,
        "actions_generated_locally": 0,
        "actions_sent_externally": 0,
        "publications_confirmed": 0,
        "failures": 0,
        "blocked": 29
      },
      "TECHNICAL_COMMUNITIES": {
        "opportunities_evaluated": 10,
        "targets_selected": 29,
        "actions_attempted": 29,
        "actions_generated_locally": 0,
        "actions_sent_externally": 0,
        "publications_confirmed": 0,
        "failures": 0,
        "blocked": 29
      },
      "DEVELOPER_FORUMS": {
        "opportunities_evaluated": 10,
        "targets_selected": 29,
        "actions_attempted": 29,
        "actions_generated_locally": 0,
        "actions_sent_externally": 0,
        "publications_confirmed": 0,
        "failures": 0,
        "blocked": 29
      },
      "B2B_DIRECTORIES": {
        "opportunities_evaluated": 10,
        "targets_selected": 29,
        "actions_attempted": 29,
        "actions_generated_locally": 0,
        "actions_sent_externally": 0,
        "publications_confirmed": 0,
        "failures": 0,
        "blocked": 29
      },
      "MARKETPLACES": {
        "opportunities_evaluated": 10,
        "targets_selected": 29,
        "actions_attempted": 29,
        "actions_generated_locally": 0,
        "actions_sent_externally": 0,
        "publications_confirmed": 0,
        "failures": 0,
        "blocked": 29
      },
      "CONTENT_DISCOVERY": {
        "opportunities_evaluated": 10,
        "targets_selected": 29,
        "actions_attempted": 29,
        "actions_generated_locally": 0,
        "actions_sent_externally": 0,
        "publications_confirmed": 0,
        "failures": 0,
        "blocked": 29
      }
    }
  },
  "REAL FUNNEL": {
    "human_replies": 0,
    "real_landing_visits": 0,
    "real_quiz_starts": 0,
    "real_emails": 0,
    "real_checkouts": 0,
    "real_payments": 0,
    "real_revenue_usd": 0,
    "real_audits": 0,
    "real_certificates": 0,
    "real_customer_emails": 0
  },
  "INTEGRITY": {
    "telemetry_inconsistencies_detected": 0,
    "telemetry_inconsistencies_corrected": 1,
    "synthetic_events": 0,
    "owner_internal_events": 0,
    "historical_events": 231
  },
  "OUTREACH": {
    "opportunities_evaluated": 90,
    "tier_a_targets": 0,
    "tier_b_targets": 67,
    "tier_c_targets": 353,
    "action_attempts": 67,
    "actions_successful": 0,
    "publications_created": 0,
    "blocked_actions": 353
  },
  "CHANNELS": {
    "channels_evaluated": 9,
    "channels_with_targets": 9,
    "channels_with_actions": 0,
    "channels_with_publications": 0,
    "channels_blocked": 0,
    "channel_diversity_score": 0.0
  },
  "RISK": {
    "duplicate_blocks": 252,
    "cooldown_blocks": 0,
    "relevance_blocks": 21,
    "promotion_risk_blocks": 0,
    "exposure_budget_blocks": 0
  },
  "ENGAGEMENT": {
    "human_replies": 0,
    "real_landing_visits": 0,
    "real_quiz_starts": 0,
    "real_emails": 0,
    "real_checkouts": 0
  },
  "REVENUE": {
    "real_payments": 0,
    "real_revenue_usd": 0,
    "revenue_usd": 0
  },
  "DELIVERY": {
    "real_audits": 0,
    "real_certificates": 0,
    "real_emails_delivered": 0
  },
  "HISTORICAL / INTERNAL": {
    "historical_audits": 231,
    "historical_certificates": 231,
    "historical_internal_emails": 231,
    "historical_test_payments": 1
  },
  "ANTI-IDLE": {
    "productive_cycles": 603,
    "idle_cycles": 0,
    "idle_cycle": false,
    "fallback_actions": 1
  },
  "DELTA": {
    "opportunities_evaluated_delta": 90,
    "targets_selected_delta": 420,
    "actions_sent_externally_delta": 0,
    "real_landing_visits_delta": 0,
    "real_revenue_delta": 0.0
  },
  "NEXT_ACTION": "PUBLISH_TECHNICAL_CONTENT",
  "STATUSES": {
    "TELEMETRY_INTEGRITY": "PASS",
    "EXTERNAL_ACTION_PROOF": "PASS",
    "TIER_ACCOUNTING": "PASS",
    "CHANNEL_ACCOUNTING": "PASS",
    "ENGINE_EXECUTION": "PASS",
    "ADAPTIVE_FILTER": "PASS",
    "NO_IDLE": "PASS",
    "NO_REPEAT": "PASS",
    "EXPOSURE_BUDGET": "PASS",
    "MULTICHANNEL_ACTIVITY": "PASS",
    "MULTICHANNEL_ROTATION": "PASS",
    "REAL_HUMAN_INTEREST": "PENDING",
    "REAL_REVENUE": "PENDING",
    "FINAL_VERDICT": "READY_FOR_24H_LOOP"
  }
}
Sleeping 15 minutes (900s)...

[2026-09-03T06:46:01.513442+00:00] Executed Cycle #604 (cyc_641187c6)
{
  "timestamp": "2026-09-03T06:46:01.513442+00:00",
  "cycle_id": "cyc_641187c6",
  "OPERATING_MODE": "DISCOVERY_AND_DRAFT_ONLY",
  "EXTERNAL_PUBLICATION_ATTEMPTED": false,
  "OUTREACH_SAFETY": {
    "operating_mode": "DISCOVERY_AND_DRAFT_ONLY",
    "allow_external_publication": false,
    "external_publication_allowed": false,
    "external_publication_attempted": false,
    "block_reason": "EXTERNAL_PUBLICATION_REQUIRES_EXPLICIT_APPROVAL"
  },
  "PROSPECT_PIPELINE": {
    "prospects_discovered": 421,
    "prospects_eligible": 67,
    "blocked_self_target": 29,
    "blocked_duplicate": 252,
    "pending_source_verification": 0,
    "template_or_synthetic": 10,
    "internal_or_self": 29,
    "local_drafts_created": 67,
    "valid_human_approvable_drafts": 5,
    "invalidated_drafts_historical": 295,
    "github_live_search_enabled": true,
    "github_api_requests_made_current_cycle": 1,
    "github_api_results_received_current_cycle": 30,
    "github_http_200_responses_current_cycle": 1,
    "github_external_sources_verified_current_cycle": 10,
    "github_drafts_created_current_cycle": 67,
    "github_api_error_current_cycle": null,
    "github_api_rate_limit_status_current_cycle": {
      "remaining": 29,
      "limit": 30,
      "reset": "1788418021",
      "http_status": 200
    },
    "github_self_targets_blocked": 19,
    "github_duplicates_blocked": 0,
    "github_low_relevance_blocked": 21,
    "human_approval_required": true,
    "external_publications": 0,
    "external_publication_attempted": false
  },
  "SESSION": {
    "session_id": "sess_20260826_000957_11e9b0",
    "session_start_utc": "2026-08-26T00:09:57.414562+00:00",
    "elapsed_hours": 198.6011
  },
  "RUNTIME": {
    "cycles": 604,
    "successful_cycles": 604,
    "failed_cycles": 0,
    "idle_cycles": 0
  },
  "CYCLE": {
    "cycle_id": "cyc_641187c6",
    "timestamp": "2026-09-03T06:46:01.513442+00:00",
    "productive_action": "PUBLISH_TECHNICAL_CONTENT",
    "productive_action_status": "SUCCESS"
  },
  "OPPORTUNITIES": {
    "opportunities_evaluated": 90,
    "targets_selected": 421,
    "tier_a_targets": 0,
    "tier_b_targets": 67,
    "tier_c_targets": 354
  },
  "ACTIONS": {
    "actions_attempted": 67,
    "actions_generated_locally": -287,
    "actions_sent_externally": 0,
    "publications_confirmed": 0,
    "action_failures": 0,
    "blocked_actions": 354
  },
  "CHANNEL TELEMETRY": {
    "channels_evaluated": 9,
    "channels_with_targets": 9,
    "channels_with_actions": 0,
    "channels_with_publications": 0,
    "channels_blocked": 0,
    "channel_diversity_score": 0.0,
    "per_channel": {
      "GITHUB": {
        "opportunities_evaluated": 10,
        "targets_selected": 189,
        "actions_attempted": 189,
        "actions_generated_locally": 67,
        "actions_sent_externally": 0,
        "publications_confirmed": 0,
        "failures": 0,
        "blocked": 122
      },
      "REDDIT": {
        "opportunities_evaluated": 10,
        "targets_selected": 29,
        "actions_attempted": 29,
        "actions_generated_locally": 0,
        "actions_sent_externally": 0,
        "publications_confirmed": 0,
        "failures": 0,
        "blocked": 29
      },
      "QUANTCONNECT": {
        "opportunities_evaluated": 10,
        "targets_selected": 29,
        "actions_attempted": 29,
        "actions_generated_locally": 0,
        "actions_sent_externally": 0,
        "publications_confirmed": 0,
        "failures": 0,
        "blocked": 29
      },
      "SEO": {
        "opportunities_evaluated": 10,
        "targets_selected": 29,
        "actions_attempted": 29,
        "actions_generated_locally": 0,
        "actions_sent_externally": 0,
        "publications_confirmed": 0,
        "failures": 0,
        "blocked": 29
      },
      "TECHNICAL_COMMUNITIES": {
        "opportunities_evaluated": 10,
        "targets_selected": 29,
        "actions_attempted": 29,
        "actions_generated_locally": 0,
        "actions_sent_externally": 0,
        "publications_confirmed": 0,
        "failures": 0,
        "blocked": 29
      },
      "DEVELOPER_FORUMS": {
        "opportunities_evaluated": 10,
        "targets_selected": 29,
        "actions_attempted": 29,
        "actions_generated_locally": 0,
        "actions_sent_externally": 0,
        "publications_confirmed": 0,
        "failures": 0,
        "blocked": 29
      },
      "B2B_DIRECTORIES": {
        "opportunities_evaluated": 10,
        "targets_selected": 29,
        "actions_attempted": 29,
        "actions_generated_locally": 0,
        "actions_sent_externally": 0,
        "publications_confirmed": 0,
        "failures": 0,
        "blocked": 29
      },
      "MARKETPLACES": {
        "opportunities_evaluated": 10,
        "targets_selected": 29,
        "actions_attempted": 29,
        "actions_generated_locally": 0,
        "actions_sent_externally": 0,
        "publications_confirmed": 0,
        "failures": 0,
        "blocked": 29
      },
      "CONTENT_DISCOVERY": {
        "opportunities_evaluated": 10,
        "targets_selected": 29,
        "actions_attempted": 29,
        "actions_generated_locally": 0,
        "actions_sent_externally": 0,
        "publications_confirmed": 0,
        "failures": 0,
        "blocked": 29
      }
    }
  },
  "REAL FUNNEL": {
    "human_replies": 0,
    "real_landing_visits": 0,
    "real_quiz_starts": 0,
    "real_emails": 0,
    "real_checkouts": 0,
    "real_payments": 0,
    "real_revenue_usd": 0,
    "real_audits": 0,
    "real_certificates": 0,
    "real_customer_emails": 0
  },
  "INTEGRITY": {
    "telemetry_inconsistencies_detected": 0,
    "telemetry_inconsistencies_corrected": 1,
    "synthetic_events": 0,
    "owner_internal_events": 0,
    "historical_events": 231
  },
  "OUTREACH": {
    "opportunities_evaluated": 90,
    "tier_a_targets": 0,
    "tier_b_targets": 67,
    "tier_c_targets": 354,
    "action_attempts": 67,
    "actions_successful": 0,
    "publications_created": 0,
    "blocked_actions": 354
  },
  "CHANNELS": {
    "channels_evaluated": 9,
    "channels_with_targets": 9,
    "channels_with_actions": 0,
    "channels_with_publications": 0,
    "channels_blocked": 0,
    "channel_diversity_score": 0.0
  },
  "RISK": {
    "duplicate_blocks": 252,
    "cooldown_blocks": 0,
    "relevance_blocks": 21,
    "promotion_risk_blocks": 0,
    "exposure_budget_blocks": 0
  },
  "ENGAGEMENT": {
    "human_replies": 0,
    "real_landing_visits": 0,
    "real_quiz_starts": 0,
    "real_emails": 0,
    "real_checkouts": 0
  },
  "REVENUE": {
    "real_payments": 0,
    "real_revenue_usd": 0,
    "revenue_usd": 0
  },
  "DELIVERY": {
    "real_audits": 0,
    "real_certificates": 0,
    "real_emails_delivered": 0
  },
  "HISTORICAL / INTERNAL": {
    "historical_audits": 231,
    "historical_certificates": 231,
    "historical_internal_emails": 231,
    "historical_test_payments": 1
  },
  "ANTI-IDLE": {
    "productive_cycles": 604,
    "idle_cycles": 0,
    "idle_cycle": false,
    "fallback_actions": 1
  },
  "DELTA": {
    "opportunities_evaluated_delta": 90,
    "targets_selected_delta": 421,
    "actions_sent_externally_delta": 0,
    "real_landing_visits_delta": 0,
    "real_revenue_delta": 0.0
  },
  "NEXT_ACTION": "PUBLISH_TECHNICAL_CONTENT",
  "STATUSES": {
    "TELEMETRY_INTEGRITY": "PASS",
    "EXTERNAL_ACTION_PROOF": "PASS",
    "TIER_ACCOUNTING": "PASS",
    "CHANNEL_ACCOUNTING": "PASS",
    "ENGINE_EXECUTION": "PASS",
    "ADAPTIVE_FILTER": "PASS",
    "NO_IDLE": "PASS",
    "NO_REPEAT": "PASS",
    "EXPOSURE_BUDGET": "PASS",
    "MULTICHANNEL_ACTIVITY": "PASS",
    "MULTICHANNEL_ROTATION": "PASS",
    "REAL_HUMAN_INTEREST": "PENDING",
    "REAL_REVENUE": "PENDING",
    "FINAL_VERDICT": "READY_FOR_24H_LOOP"
  }
}
Sleeping 15 minutes (900s)...

[2026-09-03T07:01:03.565553+00:00] Executed Cycle #605 (cyc_6f9cbd78)
{
  "timestamp": "2026-09-03T07:01:03.565553+00:00",
  "cycle_id": "cyc_6f9cbd78",
  "OPERATING_MODE": "DISCOVERY_AND_DRAFT_ONLY",
  "EXTERNAL_PUBLICATION_ATTEMPTED": false,
  "OUTREACH_SAFETY": {
    "operating_mode": "DISCOVERY_AND_DRAFT_ONLY",
    "allow_external_publication": false,
    "external_publication_allowed": false,
    "external_publication_attempted": false,
    "block_reason": "EXTERNAL_PUBLICATION_REQUIRES_EXPLICIT_APPROVAL"
  },
  "PROSPECT_PIPELINE": {
    "prospects_discovered": 421,
    "prospects_eligible": 67,
    "blocked_self_target": 29,
    "blocked_duplicate": 252,
    "pending_source_verification": 0,
    "template_or_synthetic": 10,
    "internal_or_self": 29,
    "local_drafts_created": 67,
    "valid_human_approvable_drafts": 5,
    "invalidated_drafts_historical": 295,
    "github_live_search_enabled": true,
    "github_api_requests_made_current_cycle": 1,
    "github_api_results_received_current_cycle": 5,
    "github_http_200_responses_current_cycle": 1,
    "github_external_sources_verified_current_cycle": 4,
    "github_drafts_created_current_cycle": 67,
    "github_api_error_current_cycle": null,
    "github_api_rate_limit_status_current_cycle": {
      "remaining": 29,
      "limit": 30,
      "reset": "1788418924",
      "http_status": 200
    },
    "github_self_targets_blocked": 19,
    "github_duplicates_blocked": 0,
    "github_low_relevance_blocked": 21,
    "human_approval_required": true,
    "external_publications": 0,
    "external_publication_attempted": false
  },
  "SESSION": {
    "session_id": "sess_20260826_000957_11e9b0",
    "session_start_utc": "2026-08-26T00:09:57.414562+00:00",
    "elapsed_hours": 198.8517
  },
  "RUNTIME": {
    "cycles": 605,
    "successful_cycles": 605,
    "failed_cycles": 0,
    "idle_cycles": 0
  },
  "CYCLE": {
    "cycle_id": "cyc_6f9cbd78",
    "timestamp": "2026-09-03T07:01:03.565553+00:00",
    "productive_action": "PUBLISH_TECHNICAL_CONTENT",
    "productive_action_status": "SUCCESS"
  },
  "OPPORTUNITIES": {
    "opportunities_evaluated": 90,
    "targets_selected": 421,
    "tier_a_targets": 0,
    "tier_b_targets": 67,
    "tier_c_targets": 354
  },
  "ACTIONS": {
    "actions_attempted": 67,
    "actions_generated_locally": -287,
    "actions_sent_externally": 0,
    "publications_confirmed": 0,
    "action_failures": 0,
    "blocked_actions": 354
  },
  "CHANNEL TELEMETRY": {
    "channels_evaluated": 9,
    "channels_with_targets": 9,
    "channels_with_actions": 0,
    "channels_with_publications": 0,
    "channels_blocked": 0,
    "channel_diversity_score": 0.0,
    "per_channel": {
      "GITHUB": {
        "opportunities_evaluated": 10,
        "targets_selected": 189,
        "actions_attempted": 189,
        "actions_generated_locally": 67,
        "actions_sent_externally": 0,
        "publications_confirmed": 0,
        "failures": 0,
        "blocked": 122
      },
      "REDDIT": {
        "opportunities_evaluated": 10,
        "targets_selected": 29,
        "actions_attempted": 29,
        "actions_generated_locally": 0,
        "actions_sent_externally": 0,
        "publications_confirmed": 0,
        "failures": 0,
        "blocked": 29
      },
      "QUANTCONNECT": {
        "opportunities_evaluated": 10,
        "targets_selected": 29,
        "actions_attempted": 29,
        "actions_generated_locally": 0,
        "actions_sent_externally": 0,
        "publications_confirmed": 0,
        "failures": 0,
        "blocked": 29
      },
      "SEO": {
        "opportunities_evaluated": 10,
        "targets_selected": 29,
        "actions_attempted": 29,
        "actions_generated_locally": 0,
        "actions_sent_externally": 0,
        "publications_confirmed": 0,
        "failures": 0,
        "blocked": 29
      },
      "TECHNICAL_COMMUNITIES": {
        "opportunities_evaluated": 10,
        "targets_selected": 29,
        "actions_attempted": 29,
        "actions_generated_locally": 0,
        "actions_sent_externally": 0,
        "publications_confirmed": 0,
        "failures": 0,
        "blocked": 29
      },
      "DEVELOPER_FORUMS": {
        "opportunities_evaluated": 10,
        "targets_selected": 29,
        "actions_attempted": 29,
        "actions_generated_locally": 0,
        "actions_sent_externally": 0,
        "publications_confirmed": 0,
        "failures": 0,
        "blocked": 29
      },
      "B2B_DIRECTORIES": {
        "opportunities_evaluated": 10,
        "targets_selected": 29,
        "actions_attempted": 29,
        "actions_generated_locally": 0,
        "actions_sent_externally": 0,
        "publications_confirmed": 0,
        "failures": 0,
        "blocked": 29
      },
      "MARKETPLACES": {
        "opportunities_evaluated": 10,
        "targets_selected": 29,
        "actions_attempted": 29,
        "actions_generated_locally": 0,
        "actions_sent_externally": 0,
        "publications_confirmed": 0,
        "failures": 0,
        "blocked": 29
      },
      "CONTENT_DISCOVERY": {
        "opportunities_evaluated": 10,
        "targets_selected": 29,
        "actions_attempted": 29,
        "actions_generated_locally": 0,
        "actions_sent_externally": 0,
        "publications_confirmed": 0,
        "failures": 0,
        "blocked": 29
      }
    }
  },
  "REAL FUNNEL": {
    "human_replies": 0,
    "real_landing_visits": 0,
    "real_quiz_starts": 0,
    "real_emails": 0,
    "real_checkouts": 0,
    "real_payments": 0,
    "real_revenue_usd": 0,
    "real_audits": 0,
    "real_certificates": 0,
    "real_customer_emails": 0
  },
  "INTEGRITY": {
    "telemetry_inconsistencies_detected": 0,
    "telemetry_inconsistencies_corrected": 1,
    "synthetic_events": 0,
    "owner_internal_events": 0,
    "historical_events": 231
  },
  "OUTREACH": {
    "opportunities_evaluated": 90,
    "tier_a_targets": 0,
    "tier_b_targets": 67,
    "tier_c_targets": 354,
    "action_attempts": 67,
    "actions_successful": 0,
    "publications_created": 0,
    "blocked_actions": 354
  },
  "CHANNELS": {
    "channels_evaluated": 9,
    "channels_with_targets": 9,
    "channels_with_actions": 0,
    "channels_with_publications": 0,
    "channels_blocked": 0,
    "channel_diversity_score": 0.0
  },
  "RISK": {
    "duplicate_blocks": 252,
    "cooldown_blocks": 0,
    "relevance_blocks": 21,
    "promotion_risk_blocks": 0,
    "exposure_budget_blocks": 0
  },
  "ENGAGEMENT": {
    "human_replies": 0,
    "real_landing_visits": 0,
    "real_quiz_starts": 0,
    "real_emails": 0,
    "real_checkouts": 0
  },
  "REVENUE": {
    "real_payments": 0,
    "real_revenue_usd": 0,
    "revenue_usd": 0
  },
  "DELIVERY": {
    "real_audits": 0,
    "real_certificates": 0,
    "real_emails_delivered": 0
  },
  "HISTORICAL / INTERNAL": {
    "historical_audits": 231,
    "historical_certificates": 231,
    "historical_internal_emails": 231,
    "historical_test_payments": 1
  },
  "ANTI-IDLE": {
    "productive_cycles": 605,
    "idle_cycles": 0,
    "idle_cycle": false,
    "fallback_actions": 1
  },
  "DELTA": {
    "opportunities_evaluated_delta": 90,
    "targets_selected_delta": 421,
    "actions_sent_externally_delta": 0,
    "real_landing_visits_delta": 0,
    "real_revenue_delta": 0.0
  },
  "NEXT_ACTION": "PUBLISH_TECHNICAL_CONTENT",
  "STATUSES": {
    "TELEMETRY_INTEGRITY": "PASS",
    "EXTERNAL_ACTION_PROOF": "PASS",
    "TIER_ACCOUNTING": "PASS",
    "CHANNEL_ACCOUNTING": "PASS",
    "ENGINE_EXECUTION": "PASS",
    "ADAPTIVE_FILTER": "PASS",
    "NO_IDLE": "PASS",
    "NO_REPEAT": "PASS",
    "EXPOSURE_BUDGET": "PASS",
    "MULTICHANNEL_ACTIVITY": "PASS",
    "MULTICHANNEL_ROTATION": "PASS",
    "REAL_HUMAN_INTEREST": "PENDING",
    "REAL_REVENUE": "PENDING",
    "FINAL_VERDICT": "READY_FOR_24H_LOOP"
  }
}
Sleeping 15 minutes (900s)...

[2026-09-03T07:16:05.264133+00:00] Executed Cycle #606 (cyc_28fe8e1a)
{
  "timestamp": "2026-09-03T07:16:05.264133+00:00",
  "cycle_id": "cyc_28fe8e1a",
  "OPERATING_MODE": "DISCOVERY_AND_DRAFT_ONLY",
  "EXTERNAL_PUBLICATION_ATTEMPTED": false,
  "OUTREACH_SAFETY": {
    "operating_mode": "DISCOVERY_AND_DRAFT_ONLY",
    "allow_external_publication": false,
    "external_publication_allowed": false,
    "external_publication_attempted": false,
    "block_reason": "EXTERNAL_PUBLICATION_REQUIRES_EXPLICIT_APPROVAL"
  },
  "PROSPECT_PIPELINE": {
    "prospects_discovered": 421,
    "prospects_eligible": 67,
    "blocked_self_target": 29,
    "blocked_duplicate": 252,
    "pending_source_verification": 0,
    "template_or_synthetic": 10,
    "internal_or_self": 29,
    "local_drafts_created": 67,
    "valid_human_approvable_drafts": 5,
    "invalidated_drafts_historical": 295,
    "github_live_search_enabled": true,
    "github_api_requests_made_current_cycle": 1,
    "github_api_results_received_current_cycle": 30,
    "github_http_200_responses_current_cycle": 1,
    "github_external_sources_verified_current_cycle": 10,
    "github_drafts_created_current_cycle": 67,
    "github_api_error_current_cycle": null,
    "github_api_rate_limit_status_current_cycle": {
      "remaining": 29,
      "limit": 30,
      "reset": "1788419825",
      "http_status": 200
    },
    "github_self_targets_blocked": 20,
    "github_duplicates_blocked": 0,
    "github_low_relevance_blocked": 21,
    "human_approval_required": true,
    "external_publications": 0,
    "external_publication_attempted": false
  },
  "SESSION": {
    "session_id": "sess_20260826_000957_11e9b0",
    "session_start_utc": "2026-08-26T00:09:57.414562+00:00",
    "elapsed_hours": 199.1022
  },
  "RUNTIME": {
    "cycles": 606,
    "successful_cycles": 606,
    "failed_cycles": 0,
    "idle_cycles": 0
  },
  "CYCLE": {
    "cycle_id": "cyc_28fe8e1a",
    "timestamp": "2026-09-03T07:16:05.264133+00:00",
    "productive_action": "PUBLISH_TECHNICAL_CONTENT",
    "productive_action_status": "SUCCESS"
  },
  "OPPORTUNITIES": {
    "opportunities_evaluated": 90,
    "targets_selected": 421,
    "tier_a_targets": 0,
    "tier_b_targets": 67,
    "tier_c_targets": 354
  },
  "ACTIONS": {
    "actions_attempted": 67,
    "actions_generated_locally": -287,
    "actions_sent_externally": 0,
    "publications_confirmed": 0,
    "action_failures": 0,
    "blocked_actions": 354
  },
  "CHANNEL TELEMETRY": {
    "channels_evaluated": 9,
    "channels_with_targets": 9,
    "channels_with_actions": 0,
    "channels_with_publications": 0,
    "channels_blocked": 0,
    "channel_diversity_score": 0.0,
    "per_channel": {
      "GITHUB": {
        "opportunities_evaluated": 10,
        "targets_selected": 189,
        "actions_attempted": 189,
        "actions_generated_locally": 67,
        "actions_sent_externally": 0,
        "publications_confirmed": 0,
        "failures": 0,
        "blocked": 122
      },
      "REDDIT": {
        "opportunities_evaluated": 10,
        "targets_selected": 29,
        "actions_attempted": 29,
        "actions_generated_locally": 0,
        "actions_sent_externally": 0,
        "publications_confirmed": 0,
        "failures": 0,
        "blocked": 29
      },
      "QUANTCONNECT": {
        "opportunities_evaluated": 10,
        "targets_selected": 29,
        "actions_attempted": 29,
        "actions_generated_locally": 0,
        "actions_sent_externally": 0,
        "publications_confirmed": 0,
        "failures": 0,
        "blocked": 29
      },
      "SEO": {
        "opportunities_evaluated": 10,
        "targets_selected": 29,
        "actions_attempted": 29,
        "actions_generated_locally": 0,
        "actions_sent_externally": 0,
        "publications_confirmed": 0,
        "failures": 0,
        "blocked": 29
      },
      "TECHNICAL_COMMUNITIES": {
        "opportunities_evaluated": 10,
        "targets_selected": 29,
        "actions_attempted": 29,
        "actions_generated_locally": 0,
        "actions_sent_externally": 0,
        "publications_confirmed": 0,
        "failures": 0,
        "blocked": 29
      },
      "DEVELOPER_FORUMS": {
        "opportunities_evaluated": 10,
        "targets_selected": 29,
        "actions_attempted": 29,
        "actions_generated_locally": 0,
        "actions_sent_externally": 0,
        "publications_confirmed": 0,
        "failures": 0,
        "blocked": 29
      },
      "B2B_DIRECTORIES": {
        "opportunities_evaluated": 10,
        "targets_selected": 29,
        "actions_attempted": 29,
        "actions_generated_locally": 0,
        "actions_sent_externally": 0,
        "publications_confirmed": 0,
        "failures": 0,
        "blocked": 29
      },
      "MARKETPLACES": {
        "opportunities_evaluated": 10,
        "targets_selected": 29,
        "actions_attempted": 29,
        "actions_generated_locally": 0,
        "actions_sent_externally": 0,
        "publications_confirmed": 0,
        "failures": 0,
        "blocked": 29
      },
      "CONTENT_DISCOVERY": {
        "opportunities_evaluated": 10,
        "targets_selected": 29,
        "actions_attempted": 29,
        "actions_generated_locally": 0,
        "actions_sent_externally": 0,
        "publications_confirmed": 0,
        "failures": 0,
        "blocked": 29
      }
    }
  },
  "REAL FUNNEL": {
    "human_replies": 0,
    "real_landing_visits": 0,
    "real_quiz_starts": 0,
    "real_emails": 0,
    "real_checkouts": 0,
    "real_payments": 0,
    "real_revenue_usd": 0,
    "real_audits": 0,
    "real_certificates": 0,
    "real_customer_emails": 0
  },
  "INTEGRITY": {
    "telemetry_inconsistencies_detected": 0,
    "telemetry_inconsistencies_corrected": 1,
    "synthetic_events": 0,
    "owner_internal_events": 0,
    "historical_events": 231
  },
  "OUTREACH": {
    "opportunities_evaluated": 90,
    "tier_a_targets": 0,
    "tier_b_targets": 67,
    "tier_c_targets": 354,
    "action_attempts": 67,
    "actions_successful": 0,
    "publications_created": 0,
    "blocked_actions": 354
  },
  "CHANNELS": {
    "channels_evaluated": 9,
    "channels_with_targets": 9,
    "channels_with_actions": 0,
    "channels_with_publications": 0,
    "channels_blocked": 0,
    "channel_diversity_score": 0.0
  },
  "RISK": {
    "duplicate_blocks": 252,
    "cooldown_blocks": 0,
    "relevance_blocks": 21,
    "promotion_risk_blocks": 0,
    "exposure_budget_blocks": 0
  },
  "ENGAGEMENT": {
    "human_replies": 0,
    "real_landing_visits": 0,
    "real_quiz_starts": 0,
    "real_emails": 0,
    "real_checkouts": 0
  },
  "REVENUE": {
    "real_payments": 0,
    "real_revenue_usd": 0,
    "revenue_usd": 0
  },
  "DELIVERY": {
    "real_audits": 0,
    "real_certificates": 0,
    "real_emails_delivered": 0
  },
  "HISTORICAL / INTERNAL": {
    "historical_audits": 231,
    "historical_certificates": 231,
    "historical_internal_emails": 231,
    "historical_test_payments": 1
  },
  "ANTI-IDLE": {
    "productive_cycles": 606,
    "idle_cycles": 0,
    "idle_cycle": false,
    "fallback_actions": 1
  },
  "DELTA": {
    "opportunities_evaluated_delta": 90,
    "targets_selected_delta": 421,
    "actions_sent_externally_delta": 0,
    "real_landing_visits_delta": 0,
    "real_revenue_delta": 0.0
  },
  "NEXT_ACTION": "PUBLISH_TECHNICAL_CONTENT",
  "STATUSES": {
    "TELEMETRY_INTEGRITY": "PASS",
    "EXTERNAL_ACTION_PROOF": "PASS",
    "TIER_ACCOUNTING": "PASS",
    "CHANNEL_ACCOUNTING": "PASS",
    "ENGINE_EXECUTION": "PASS",
    "ADAPTIVE_FILTER": "PASS",
    "NO_IDLE": "PASS",
    "NO_REPEAT": "PASS",
    "EXPOSURE_BUDGET": "PASS",
    "MULTICHANNEL_ACTIVITY": "PASS",
    "MULTICHANNEL_ROTATION": "PASS",
    "REAL_HUMAN_INTEREST": "PENDING",
    "REAL_REVENUE": "PENDING",
    "FINAL_VERDICT": "READY_FOR_24H_LOOP"
  }
}
Sleeping 15 minutes (900s)...

[2026-09-03T07:31:07.157708+00:00] Executed Cycle #607 (cyc_be95c959)
{
  "timestamp": "2026-09-03T07:31:07.157708+00:00",
  "cycle_id": "cyc_be95c959",
  "OPERATING_MODE": "DISCOVERY_AND_DRAFT_ONLY",
  "EXTERNAL_PUBLICATION_ATTEMPTED": false,
  "OUTREACH_SAFETY": {
    "operating_mode": "DISCOVERY_AND_DRAFT_ONLY",
    "allow_external_publication": false,
    "external_publication_allowed": false,
    "external_publication_attempted": false,
    "block_reason": "EXTERNAL_PUBLICATION_REQUIRES_EXPLICIT_APPROVAL"
  },
  "PROSPECT_PIPELINE": {
    "prospects_discovered": 421,
    "prospects_eligible": 67,
    "blocked_self_target": 29,
    "blocked_duplicate": 252,
    "pending_source_verification": 0,
    "template_or_synthetic": 10,
    "internal_or_self": 29,
    "local_drafts_created": 67,
    "valid_human_approvable_drafts": 5,
    "invalidated_drafts_historical": 295,
    "github_live_search_enabled": true,
    "github_api_requests_made_current_cycle": 1,
    "github_api_results_received_current_cycle": 30,
    "github_http_200_responses_current_cycle": 1,
    "github_external_sources_verified_current_cycle": 10,
    "github_drafts_created_current_cycle": 67,
    "github_api_error_current_cycle": null,
    "github_api_rate_limit_status_current_cycle": {
      "remaining": 29,
      "limit": 30,
      "reset": "1788420727",
      "http_status": 200
    },
    "github_self_targets_blocked": 20,
    "github_duplicates_blocked": 0,
    "github_low_relevance_blocked": 21,
    "human_approval_required": true,
    "external_publications": 0,
    "external_publication_attempted": false
  },
  "SESSION": {
    "session_id": "sess_20260826_000957_11e9b0",
    "session_start_utc": "2026-08-26T00:09:57.414562+00:00",
    "elapsed_hours": 199.3527
  },
  "RUNTIME": {
    "cycles": 607,
    "successful_cycles": 607,
    "failed_cycles": 0,
    "idle_cycles": 0
  },
  "CYCLE": {
    "cycle_id": "cyc_be95c959",
    "timestamp": "2026-09-03T07:31:07.157708+00:00",
    "productive_action": "PUBLISH_TECHNICAL_CONTENT",
    "productive_action_status": "SUCCESS"
  },
  "OPPORTUNITIES": {
    "opportunities_evaluated": 90,
    "targets_selected": 421,
    "tier_a_targets": 0,
    "tier_b_targets": 67,
    "tier_c_targets": 354
  },
  "ACTIONS": {
    "actions_attempted": 67,
    "actions_generated_locally": -287,
    "actions_sent_externally": 0,
    "publications_confirmed": 0,
    "action_failures": 0,
    "blocked_actions": 354
  },
  "CHANNEL TELEMETRY": {
    "channels_evaluated": 9,
    "channels_with_targets": 9,
    "channels_with_actions": 0,
    "channels_with_publications": 0,
    "channels_blocked": 0,
    "channel_diversity_score": 0.0,
    "per_channel": {
      "GITHUB": {
        "opportunities_evaluated": 10,
        "targets_selected": 189,
        "actions_attempted": 189,
        "actions_generated_locally": 67,
        "actions_sent_externally": 0,
        "publications_confirmed": 0,
        "failures": 0,
        "blocked": 122
      },
      "REDDIT": {
        "opportunities_evaluated": 10,
        "targets_selected": 29,
        "actions_attempted": 29,
        "actions_generated_locally": 0,
        "actions_sent_externally": 0,
        "publications_confirmed": 0,
        "failures": 0,
        "blocked": 29
      },
      "QUANTCONNECT": {
        "opportunities_evaluated": 10,
        "targets_selected": 29,
        "actions_attempted": 29,
        "actions_generated_locally": 0,
        "actions_sent_externally": 0,
        "publications_confirmed": 0,
        "failures": 0,
        "blocked": 29
      },
      "SEO": {
        "opportunities_evaluated": 10,
        "targets_selected": 29,
        "actions_attempted": 29,
        "actions_generated_locally": 0,
        "actions_sent_externally": 0,
        "publications_confirmed": 0,
        "failures": 0,
        "blocked": 29
      },
      "TECHNICAL_COMMUNITIES": {
        "opportunities_evaluated": 10,
        "targets_selected": 29,
        "actions_attempted": 29,
        "actions_generated_locally": 0,
        "actions_sent_externally": 0,
        "publications_confirmed": 0,
        "failures": 0,
        "blocked": 29
      },
      "DEVELOPER_FORUMS": {
        "opportunities_evaluated": 10,
        "targets_selected": 29,
        "actions_attempted": 29,
        "actions_generated_locally": 0,
        "actions_sent_externally": 0,
        "publications_confirmed": 0,
        "failures": 0,
        "blocked": 29
      },
      "B2B_DIRECTORIES": {
        "opportunities_evaluated": 10,
        "targets_selected": 29,
        "actions_attempted": 29,
        "actions_generated_locally": 0,
        "actions_sent_externally": 0,
        "publications_confirmed": 0,
        "failures": 0,
        "blocked": 29
      },
      "MARKETPLACES": {
        "opportunities_evaluated": 10,
        "targets_selected": 29,
        "actions_attempted": 29,
        "actions_generated_locally": 0,
        "actions_sent_externally": 0,
        "publications_confirmed": 0,
        "failures": 0,
        "blocked": 29
      },
      "CONTENT_DISCOVERY": {
        "opportunities_evaluated": 10,
        "targets_selected": 29,
        "actions_attempted": 29,
        "actions_generated_locally": 0,
        "actions_sent_externally": 0,
        "publications_confirmed": 0,
        "failures": 0,
        "blocked": 29
      }
    }
  },
  "REAL FUNNEL": {
    "human_replies": 0,
    "real_landing_visits": 0,
    "real_quiz_starts": 0,
    "real_emails": 0,
    "real_checkouts": 0,
    "real_payments": 0,
    "real_revenue_usd": 0,
    "real_audits": 0,
    "real_certificates": 0,
    "real_customer_emails": 0
  },
  "INTEGRITY": {
    "telemetry_inconsistencies_detected": 0,
    "telemetry_inconsistencies_corrected": 1,
    "synthetic_events": 0,
    "owner_internal_events": 0,
    "historical_events": 231
  },
  "OUTREACH": {
    "opportunities_evaluated": 90,
    "tier_a_targets": 0,
    "tier_b_targets": 67,
    "tier_c_targets": 354,
    "action_attempts": 67,
    "actions_successful": 0,
    "publications_created": 0,
    "blocked_actions": 354
  },
  "CHANNELS": {
    "channels_evaluated": 9,
    "channels_with_targets": 9,
    "channels_with_actions": 0,
    "channels_with_publications": 0,
    "channels_blocked": 0,
    "channel_diversity_score": 0.0
  },
  "RISK": {
    "duplicate_blocks": 252,
    "cooldown_blocks": 0,
    "relevance_blocks": 21,
    "promotion_risk_blocks": 0,
    "exposure_budget_blocks": 0
  },
  "ENGAGEMENT": {
    "human_replies": 0,
    "real_landing_visits": 0,
    "real_quiz_starts": 0,
    "real_emails": 0,
    "real_checkouts": 0
  },
  "REVENUE": {
    "real_payments": 0,
    "real_revenue_usd": 0,
    "revenue_usd": 0
  },
  "DELIVERY": {
    "real_audits": 0,
    "real_certificates": 0,
    "real_emails_delivered": 0
  },
  "HISTORICAL / INTERNAL": {
    "historical_audits": 231,
    "historical_certificates": 231,
    "historical_internal_emails": 231,
    "historical_test_payments": 1
  },
  "ANTI-IDLE": {
    "productive_cycles": 607,
    "idle_cycles": 0,
    "idle_cycle": false,
    "fallback_actions": 1
  },
  "DELTA": {
    "opportunities_evaluated_delta": 90,
    "targets_selected_delta": 421,
    "actions_sent_externally_delta": 0,
    "real_landing_visits_delta": 0,
    "real_revenue_delta": 0.0
  },
  "NEXT_ACTION": "PUBLISH_TECHNICAL_CONTENT",
  "STATUSES": {
    "TELEMETRY_INTEGRITY": "PASS",
    "EXTERNAL_ACTION_PROOF": "PASS",
    "TIER_ACCOUNTING": "PASS",
    "CHANNEL_ACCOUNTING": "PASS",
    "ENGINE_EXECUTION": "PASS",
    "ADAPTIVE_FILTER": "PASS",
    "NO_IDLE": "PASS",
    "NO_REPEAT": "PASS",
    "EXPOSURE_BUDGET": "PASS",
    "MULTICHANNEL_ACTIVITY": "PASS",
    "MULTICHANNEL_ROTATION": "PASS",
    "REAL_HUMAN_INTEREST": "PENDING",
    "REAL_REVENUE": "PENDING",
    "FINAL_VERDICT": "READY_FOR_24H_LOOP"
  }
}
Sleeping 15 minutes (900s)...

[2026-09-03T07:46:09.336503+00:00] Executed Cycle #608 (cyc_bdfb9bcc)
{
  "timestamp": "2026-09-03T07:46:09.336503+00:00",
  "cycle_id": "cyc_bdfb9bcc",
  "OPERATING_MODE": "DISCOVERY_AND_DRAFT_ONLY",
  "EXTERNAL_PUBLICATION_ATTEMPTED": false,
  "OUTREACH_SAFETY": {
    "operating_mode": "DISCOVERY_AND_DRAFT_ONLY",
    "allow_external_publication": false,
    "external_publication_allowed": false,
    "external_publication_attempted": false,
    "block_reason": "EXTERNAL_PUBLICATION_REQUIRES_EXPLICIT_APPROVAL"
  },
  "PROSPECT_PIPELINE": {
    "prospects_discovered": 421,
    "prospects_eligible": 67,
    "blocked_self_target": 29,
    "blocked_duplicate": 252,
    "pending_source_verification": 0,
    "template_or_synthetic": 10,
    "internal_or_self": 29,
    "local_drafts_created": 67,
    "valid_human_approvable_drafts": 5,
    "invalidated_drafts_historical": 295,
    "github_live_search_enabled": true,
    "github_api_requests_made_current_cycle": 1,
    "github_api_results_received_current_cycle": 30,
    "github_http_200_responses_current_cycle": 1,
    "github_external_sources_verified_current_cycle": 10,
    "github_drafts_created_current_cycle": 67,
    "github_api_error_current_cycle": null,
    "github_api_rate_limit_status_current_cycle": {
      "remaining": 29,
      "limit": 30,
      "reset": "1788421629",
      "http_status": 200
    },
    "github_self_targets_blocked": 20,
    "github_duplicates_blocked": 0,
    "github_low_relevance_blocked": 21,
    "human_approval_required": true,
    "external_publications": 0,
    "external_publication_attempted": false
  },
  "SESSION": {
    "session_id": "sess_20260826_000957_11e9b0",
    "session_start_utc": "2026-08-26T00:09:57.414562+00:00",
    "elapsed_hours": 199.6033
  },
  "RUNTIME": {
    "cycles": 608,
    "successful_cycles": 608,
    "failed_cycles": 0,
    "idle_cycles": 0
  },
  "CYCLE": {
    "cycle_id": "cyc_bdfb9bcc",
    "timestamp": "2026-09-03T07:46:09.336503+00:00",
    "productive_action": "PUBLISH_TECHNICAL_CONTENT",
    "productive_action_status": "SUCCESS"
  },
  "OPPORTUNITIES": {
    "opportunities_evaluated": 90,
    "targets_selected": 421,
    "tier_a_targets": 0,
    "tier_b_targets": 67,
    "tier_c_targets": 354
  },
  "ACTIONS": {
    "actions_attempted": 67,
    "actions_generated_locally": -287,
    "actions_sent_externally": 0,
    "publications_confirmed": 0,
    "action_failures": 0,
    "blocked_actions": 354
  },
  "CHANNEL TELEMETRY": {
    "channels_evaluated": 9,
    "channels_with_targets": 9,
    "channels_with_actions": 0,
    "channels_with_publications": 0,
    "channels_blocked": 0,
    "channel_diversity_score": 0.0,
    "per_channel": {
      "GITHUB": {
        "opportunities_evaluated": 10,
        "targets_selected": 189,
        "actions_attempted": 189,
        "actions_generated_locally": 67,
        "actions_sent_externally": 0,
        "publications_confirmed": 0,
        "failures": 0,
        "blocked": 122
      },
      "REDDIT": {
        "opportunities_evaluated": 10,
        "targets_selected": 29,
        "actions_attempted": 29,
        "actions_generated_locally": 0,
        "actions_sent_externally": 0,
        "publications_confirmed": 0,
        "failures": 0,
        "blocked": 29
      },
      "QUANTCONNECT": {
        "opportunities_evaluated": 10,
        "targets_selected": 29,
        "actions_attempted": 29,
        "actions_generated_locally": 0,
        "actions_sent_externally": 0,
        "publications_confirmed": 0,
        "failures": 0,
        "blocked": 29
      },
      "SEO": {
        "opportunities_evaluated": 10,
        "targets_selected": 29,
        "actions_attempted": 29,
        "actions_generated_locally": 0,
        "actions_sent_externally": 0,
        "publications_confirmed": 0,
        "failures": 0,
        "blocked": 29
      },
      "TECHNICAL_COMMUNITIES": {
        "opportunities_evaluated": 10,
        "targets_selected": 29,
        "actions_attempted": 29,
        "actions_generated_locally": 0,
        "actions_sent_externally": 0,
        "publications_confirmed": 0,
        "failures": 0,
        "blocked": 29
      },
      "DEVELOPER_FORUMS": {
        "opportunities_evaluated": 10,
        "targets_selected": 29,
        "actions_attempted": 29,
        "actions_generated_locally": 0,
        "actions_sent_externally": 0,
        "publications_confirmed": 0,
        "failures": 0,
        "blocked": 29
      },
      "B2B_DIRECTORIES": {
        "opportunities_evaluated": 10,
        "targets_selected": 29,
        "actions_attempted": 29,
        "actions_generated_locally": 0,
        "actions_sent_externally": 0,
        "publications_confirmed": 0,
        "failures": 0,
        "blocked": 29
      },
      "MARKETPLACES": {
        "opportunities_evaluated": 10,
        "targets_selected": 29,
        "actions_attempted": 29,
        "actions_generated_locally": 0,
        "actions_sent_externally": 0,
        "publications_confirmed": 0,
        "failures": 0,
        "blocked": 29
      },
      "CONTENT_DISCOVERY": {
        "opportunities_evaluated": 10,
        "targets_selected": 29,
        "actions_attempted": 29,
        "actions_generated_locally": 0,
        "actions_sent_externally": 0,
        "publications_confirmed": 0,
        "failures": 0,
        "blocked": 29
      }
    }
  },
  "REAL FUNNEL": {
    "human_replies": 0,
    "real_landing_visits": 0,
    "real_quiz_starts": 0,
    "real_emails": 0,
    "real_checkouts": 0,
    "real_payments": 0,
    "real_revenue_usd": 0,
    "real_audits": 0,
    "real_certificates": 0,
    "real_customer_emails": 0
  },
  "INTEGRITY": {
    "telemetry_inconsistencies_detected": 0,
    "telemetry_inconsistencies_corrected": 1,
    "synthetic_events": 0,
    "owner_internal_events": 0,
    "historical_events": 231
  },
  "OUTREACH": {
    "opportunities_evaluated": 90,
    "tier_a_targets": 0,
    "tier_b_targets": 67,
    "tier_c_targets": 354,
    "action_attempts": 67,
    "actions_successful": 0,
    "publications_created": 0,
    "blocked_actions": 354
  },
  "CHANNELS": {
    "channels_evaluated": 9,
    "channels_with_targets": 9,
    "channels_with_actions": 0,
    "channels_with_publications": 0,
    "channels_blocked": 0,
    "channel_diversity_score": 0.0
  },
  "RISK": {
    "duplicate_blocks": 252,
    "cooldown_blocks": 0,
    "relevance_blocks": 21,
    "promotion_risk_blocks": 0,
    "exposure_budget_blocks": 0
  },
  "ENGAGEMENT": {
    "human_replies": 0,
    "real_landing_visits": 0,
    "real_quiz_starts": 0,
    "real_emails": 0,
    "real_checkouts": 0
  },
  "REVENUE": {
    "real_payments": 0,
    "real_revenue_usd": 0,
    "revenue_usd": 0
  },
  "DELIVERY": {
    "real_audits": 0,
    "real_certificates": 0,
    "real_emails_delivered": 0
  },
  "HISTORICAL / INTERNAL": {
    "historical_audits": 231,
    "historical_certificates": 231,
    "historical_internal_emails": 231,
    "historical_test_payments": 1
  },
  "ANTI-IDLE": {
    "productive_cycles": 608,
    "idle_cycles": 0,
    "idle_cycle": false,
    "fallback_actions": 1
  },
  "DELTA": {
    "opportunities_evaluated_delta": 90,
    "targets_selected_delta": 421,
    "actions_sent_externally_delta": 0,
    "real_landing_visits_delta": 0,
    "real_revenue_delta": 0.0
  },
  "NEXT_ACTION": "PUBLISH_TECHNICAL_CONTENT",
  "STATUSES": {
    "TELEMETRY_INTEGRITY": "PASS",
    "EXTERNAL_ACTION_PROOF": "PASS",
    "TIER_ACCOUNTING": "PASS",
    "CHANNEL_ACCOUNTING": "PASS",
    "ENGINE_EXECUTION": "PASS",
    "ADAPTIVE_FILTER": "PASS",
    "NO_IDLE": "PASS",
    "NO_REPEAT": "PASS",
    "EXPOSURE_BUDGET": "PASS",
    "MULTICHANNEL_ACTIVITY": "PASS",
    "MULTICHANNEL_ROTATION": "PASS",
    "REAL_HUMAN_INTEREST": "PENDING",
    "REAL_REVENUE": "PENDING",
    "FINAL_VERDICT": "READY_FOR_24H_LOOP"
  }
}
Sleeping 15 minutes (900s)...

[2026-09-03T08:01:11.306247+00:00] Executed Cycle #609 (cyc_aa0143c1)
{
  "timestamp": "2026-09-03T08:01:11.306247+00:00",
  "cycle_id": "cyc_aa0143c1",
  "OPERATING_MODE": "DISCOVERY_AND_DRAFT_ONLY",
  "EXTERNAL_PUBLICATION_ATTEMPTED": false,
  "OUTREACH_SAFETY": {
    "operating_mode": "DISCOVERY_AND_DRAFT_ONLY",
    "allow_external_publication": false,
    "external_publication_allowed": false,
    "external_publication_attempted": false,
    "block_reason": "EXTERNAL_PUBLICATION_REQUIRES_EXPLICIT_APPROVAL"
  },
  "PROSPECT_PIPELINE": {
    "prospects_discovered": 421,
    "prospects_eligible": 67,
    "blocked_self_target": 29,
    "blocked_duplicate": 252,
    "pending_source_verification": 0,
    "template_or_synthetic": 10,
    "internal_or_self": 29,
    "local_drafts_created": 67,
    "valid_human_approvable_drafts": 5,
    "invalidated_drafts_historical": 295,
    "github_live_search_enabled": true,
    "github_api_requests_made_current_cycle": 1,
    "github_api_results_received_current_cycle": 30,
    "github_http_200_responses_current_cycle": 1,
    "github_external_sources_verified_current_cycle": 10,
    "github_drafts_created_current_cycle": 67,
    "github_api_error_current_cycle": null,
    "github_api_rate_limit_status_current_cycle": {
      "remaining": 29,
      "limit": 30,
      "reset": "1788422531",
      "http_status": 200
    },
    "github_self_targets_blocked": 21,
    "github_duplicates_blocked": 0,
    "github_low_relevance_blocked": 21,
    "human_approval_required": true,
    "external_publications": 0,
    "external_publication_attempted": false
  },
  "SESSION": {
    "session_id": "sess_20260826_000957_11e9b0",
    "session_start_utc": "2026-08-26T00:09:57.414562+00:00",
    "elapsed_hours": 199.8539
  },
  "RUNTIME": {
    "cycles": 609,
    "successful_cycles": 609,
    "failed_cycles": 0,
    "idle_cycles": 0
  },
  "CYCLE": {
    "cycle_id": "cyc_aa0143c1",
    "timestamp": "2026-09-03T08:01:11.306247+00:00",
    "productive_action": "PUBLISH_TECHNICAL_CONTENT",
    "productive_action_status": "SUCCESS"
  },
  "OPPORTUNITIES": {
    "opportunities_evaluated": 90,
    "targets_selected": 421,
    "tier_a_targets": 0,
    "tier_b_targets": 67,
    "tier_c_targets": 354
  },
  "ACTIONS": {
    "actions_attempted": 67,
    "actions_generated_locally": -287,
    "actions_sent_externally": 0,
    "publications_confirmed": 0,
    "action_failures": 0,
    "blocked_actions": 354
  },
  "CHANNEL TELEMETRY": {
    "channels_evaluated": 9,
    "channels_with_targets": 9,
    "channels_with_actions": 0,
    "channels_with_publications": 0,
    "channels_blocked": 0,
    "channel_diversity_score": 0.0,
    "per_channel": {
      "GITHUB": {
        "opportunities_evaluated": 10,
        "targets_selected": 189,
        "actions_attempted": 189,
        "actions_generated_locally": 67,
        "actions_sent_externally": 0,
        "publications_confirmed": 0,
        "failures": 0,
        "blocked": 122
      },
      "REDDIT": {
        "opportunities_evaluated": 10,
        "targets_selected": 29,
        "actions_attempted": 29,
        "actions_generated_locally": 0,
        "actions_sent_externally": 0,
        "publications_confirmed": 0,
        "failures": 0,
        "blocked": 29
      },
      "QUANTCONNECT": {
        "opportunities_evaluated": 10,
        "targets_selected": 29,
        "actions_attempted": 29,
        "actions_generated_locally": 0,
        "actions_sent_externally": 0,
        "publications_confirmed": 0,
        "failures": 0,
        "blocked": 29
      },
      "SEO": {
        "opportunities_evaluated": 10,
        "targets_selected": 29,
        "actions_attempted": 29,
        "actions_generated_locally": 0,
        "actions_sent_externally": 0,
        "publications_confirmed": 0,
        "failures": 0,
        "blocked": 29
      },
      "TECHNICAL_COMMUNITIES": {
        "opportunities_evaluated": 10,
        "targets_selected": 29,
        "actions_attempted": 29,
        "actions_generated_locally": 0,
        "actions_sent_externally": 0,
        "publications_confirmed": 0,
        "failures": 0,
        "blocked": 29
      },
      "DEVELOPER_FORUMS": {
        "opportunities_evaluated": 10,
        "targets_selected": 29,
        "actions_attempted": 29,
        "actions_generated_locally": 0,
        "actions_sent_externally": 0,
        "publications_confirmed": 0,
        "failures": 0,
        "blocked": 29
      },
      "B2B_DIRECTORIES": {
        "opportunities_evaluated": 10,
        "targets_selected": 29,
        "actions_attempted": 29,
        "actions_generated_locally": 0,
        "actions_sent_externally": 0,
        "publications_confirmed": 0,
        "failures": 0,
        "blocked": 29
      },
      "MARKETPLACES": {
        "opportunities_evaluated": 10,
        "targets_selected": 29,
        "actions_attempted": 29,
        "actions_generated_locally": 0,
        "actions_sent_externally": 0,
        "publications_confirmed": 0,
        "failures": 0,
        "blocked": 29
      },
      "CONTENT_DISCOVERY": {
        "opportunities_evaluated": 10,
        "targets_selected": 29,
        "actions_attempted": 29,
        "actions_generated_locally": 0,
        "actions_sent_externally": 0,
        "publications_confirmed": 0,
        "failures": 0,
        "blocked": 29
      }
    }
  },
  "REAL FUNNEL": {
    "human_replies": 0,
    "real_landing_visits": 0,
    "real_quiz_starts": 0,
    "real_emails": 0,
    "real_checkouts": 0,
    "real_payments": 0,
    "real_revenue_usd": 0,
    "real_audits": 0,
    "real_certificates": 0,
    "real_customer_emails": 0
  },
  "INTEGRITY": {
    "telemetry_inconsistencies_detected": 0,
    "telemetry_inconsistencies_corrected": 1,
    "synthetic_events": 0,
    "owner_internal_events": 0,
    "historical_events": 231
  },
  "OUTREACH": {
    "opportunities_evaluated": 90,
    "tier_a_targets": 0,
    "tier_b_targets": 67,
    "tier_c_targets": 354,
    "action_attempts": 67,
    "actions_successful": 0,
    "publications_created": 0,
    "blocked_actions": 354
  },
  "CHANNELS": {
    "channels_evaluated": 9,
    "channels_with_targets": 9,
    "channels_with_actions": 0,
    "channels_with_publications": 0,
    "channels_blocked": 0,
    "channel_diversity_score": 0.0
  },
  "RISK": {
    "duplicate_blocks": 252,
    "cooldown_blocks": 0,
    "relevance_blocks": 21,
    "promotion_risk_blocks": 0,
    "exposure_budget_blocks": 0
  },
  "ENGAGEMENT": {
    "human_replies": 0,
    "real_landing_visits": 0,
    "real_quiz_starts": 0,
    "real_emails": 0,
    "real_checkouts": 0
  },
  "REVENUE": {
    "real_payments": 0,
    "real_revenue_usd": 0,
    "revenue_usd": 0
  },
  "DELIVERY": {
    "real_audits": 0,
    "real_certificates": 0,
    "real_emails_delivered": 0
  },
  "HISTORICAL / INTERNAL": {
    "historical_audits": 231,
    "historical_certificates": 231,
    "historical_internal_emails": 231,
    "historical_test_payments": 1
  },
  "ANTI-IDLE": {
    "productive_cycles": 609,
    "idle_cycles": 0,
    "idle_cycle": false,
    "fallback_actions": 1
  },
  "DELTA": {
    "opportunities_evaluated_delta": 90,
    "targets_selected_delta": 421,
    "actions_sent_externally_delta": 0,
    "real_landing_visits_delta": 0,
    "real_revenue_delta": 0.0
  },
  "NEXT_ACTION": "PUBLISH_TECHNICAL_CONTENT",
  "STATUSES": {
    "TELEMETRY_INTEGRITY": "PASS",
    "EXTERNAL_ACTION_PROOF": "PASS",
    "TIER_ACCOUNTING": "PASS",
    "CHANNEL_ACCOUNTING": "PASS",
    "ENGINE_EXECUTION": "PASS",
    "ADAPTIVE_FILTER": "PASS",
    "NO_IDLE": "PASS",
    "NO_REPEAT": "PASS",
    "EXPOSURE_BUDGET": "PASS",
    "MULTICHANNEL_ACTIVITY": "PASS",
    "MULTICHANNEL_ROTATION": "PASS",
    "REAL_HUMAN_INTEREST": "PENDING",
    "REAL_REVENUE": "PENDING",
    "FINAL_VERDICT": "READY_FOR_24H_LOOP"
  }
}
Sleeping 15 minutes (900s)...

[2026-09-03T08:16:13.403066+00:00] Executed Cycle #610 (cyc_871a3a9a)
{
  "timestamp": "2026-09-03T08:16:13.403066+00:00",
  "cycle_id": "cyc_871a3a9a",
  "OPERATING_MODE": "DISCOVERY_AND_DRAFT_ONLY",
  "EXTERNAL_PUBLICATION_ATTEMPTED": false,
  "OUTREACH_SAFETY": {
    "operating_mode": "DISCOVERY_AND_DRAFT_ONLY",
    "allow_external_publication": false,
    "external_publication_allowed": false,
    "external_publication_attempted": false,
    "block_reason": "EXTERNAL_PUBLICATION_REQUIRES_EXPLICIT_APPROVAL"
  },
  "PROSPECT_PIPELINE": {
    "prospects_discovered": 421,
    "prospects_eligible": 67,
    "blocked_self_target": 29,
    "blocked_duplicate": 252,
    "pending_source_verification": 0,
    "template_or_synthetic": 10,
    "internal_or_self": 29,
    "local_drafts_created": 67,
    "valid_human_approvable_drafts": 5,
    "invalidated_drafts_historical": 295,
    "github_live_search_enabled": true,
    "github_api_requests_made_current_cycle": 1,
    "github_api_results_received_current_cycle": 30,
    "github_http_200_responses_current_cycle": 1,
    "github_external_sources_verified_current_cycle": 10,
    "github_drafts_created_current_cycle": 67,
    "github_api_error_current_cycle": null,
    "github_api_rate_limit_status_current_cycle": {
      "remaining": 29,
      "limit": 30,
      "reset": "1788423433",
      "http_status": 200
    },
    "github_self_targets_blocked": 21,
    "github_duplicates_blocked": 0,
    "github_low_relevance_blocked": 21,
    "human_approval_required": true,
    "external_publications": 0,
    "external_publication_attempted": false
  },
  "SESSION": {
    "session_id": "sess_20260826_000957_11e9b0",
    "session_start_utc": "2026-08-26T00:09:57.414562+00:00",
    "elapsed_hours": 200.1044
  },
  "RUNTIME": {
    "cycles": 610,
    "successful_cycles": 610,
    "failed_cycles": 0,
    "idle_cycles": 0
  },
  "CYCLE": {
    "cycle_id": "cyc_871a3a9a",
    "timestamp": "2026-09-03T08:16:13.403066+00:00",
    "productive_action": "PUBLISH_TECHNICAL_CONTENT",
    "productive_action_status": "SUCCESS"
  },
  "OPPORTUNITIES": {
    "opportunities_evaluated": 90,
    "targets_selected": 421,
    "tier_a_targets": 0,
    "tier_b_targets": 67,
    "tier_c_targets": 354
  },
  "ACTIONS": {
    "actions_attempted": 67,
    "actions_generated_locally": -287,
    "actions_sent_externally": 0,
    "publications_confirmed": 0,
    "action_failures": 0,
    "blocked_actions": 354
  },
  "CHANNEL TELEMETRY": {
    "channels_evaluated": 9,
    "channels_with_targets": 9,
    "channels_with_actions": 0,
    "channels_with_publications": 0,
    "channels_blocked": 0,
    "channel_diversity_score": 0.0,
    "per_channel": {
      "GITHUB": {
        "opportunities_evaluated": 10,
        "targets_selected": 189,
        "actions_attempted": 189,
        "actions_generated_locally": 67,
        "actions_sent_externally": 0,
        "publications_confirmed": 0,
        "failures": 0,
        "blocked": 122
      },
      "REDDIT": {
        "opportunities_evaluated": 10,
        "targets_selected": 29,
        "actions_attempted": 29,
        "actions_generated_locally": 0,
        "actions_sent_externally": 0,
        "publications_confirmed": 0,
        "failures": 0,
        "blocked": 29
      },
      "QUANTCONNECT": {
        "opportunities_evaluated": 10,
        "targets_selected": 29,
        "actions_attempted": 29,
        "actions_generated_locally": 0,
        "actions_sent_externally": 0,
        "publications_confirmed": 0,
        "failures": 0,
        "blocked": 29
      },
      "SEO": {
        "opportunities_evaluated": 10,
        "targets_selected": 29,
        "actions_attempted": 29,
        "actions_generated_locally": 0,
        "actions_sent_externally": 0,
        "publications_confirmed": 0,
        "failures": 0,
        "blocked": 29
      },
      "TECHNICAL_COMMUNITIES": {
        "opportunities_evaluated": 10,
        "targets_selected": 29,
        "actions_attempted": 29,
        "actions_generated_locally": 0,
        "actions_sent_externally": 0,
        "publications_confirmed": 0,
        "failures": 0,
        "blocked": 29
      },
      "DEVELOPER_FORUMS": {
        "opportunities_evaluated": 10,
        "targets_selected": 29,
        "actions_attempted": 29,
        "actions_generated_locally": 0,
        "actions_sent_externally": 0,
        "publications_confirmed": 0,
        "failures": 0,
        "blocked": 29
      },
      "B2B_DIRECTORIES": {
        "opportunities_evaluated": 10,
        "targets_selected": 29,
        "actions_attempted": 29,
        "actions_generated_locally": 0,
        "actions_sent_externally": 0,
        "publications_confirmed": 0,
        "failures": 0,
        "blocked": 29
      },
      "MARKETPLACES": {
        "opportunities_evaluated": 10,
        "targets_selected": 29,
        "actions_attempted": 29,
        "actions_generated_locally": 0,
        "actions_sent_externally": 0,
        "publications_confirmed": 0,
        "failures": 0,
        "blocked": 29
      },
      "CONTENT_DISCOVERY": {
        "opportunities_evaluated": 10,
        "targets_selected": 29,
        "actions_attempted": 29,
        "actions_generated_locally": 0,
        "actions_sent_externally": 0,
        "publications_confirmed": 0,
        "failures": 0,
        "blocked": 29
      }
    }
  },
  "REAL FUNNEL": {
    "human_replies": 0,
    "real_landing_visits": 0,
    "real_quiz_starts": 0,
    "real_emails": 0,
    "real_checkouts": 0,
    "real_payments": 0,
    "real_revenue_usd": 0,
    "real_audits": 0,
    "real_certificates": 0,
    "real_customer_emails": 0
  },
  "INTEGRITY": {
    "telemetry_inconsistencies_detected": 0,
    "telemetry_inconsistencies_corrected": 1,
    "synthetic_events": 0,
    "owner_internal_events": 0,
    "historical_events": 231
  },
  "OUTREACH": {
    "opportunities_evaluated": 90,
    "tier_a_targets": 0,
    "tier_b_targets": 67,
    "tier_c_targets": 354,
    "action_attempts": 67,
    "actions_successful": 0,
    "publications_created": 0,
    "blocked_actions": 354
  },
  "CHANNELS": {
    "channels_evaluated": 9,
    "channels_with_targets": 9,
    "channels_with_actions": 0,
    "channels_with_publications": 0,
    "channels_blocked": 0,
    "channel_diversity_score": 0.0
  },
  "RISK": {
    "duplicate_blocks": 252,
    "cooldown_blocks": 0,
    "relevance_blocks": 21,
    "promotion_risk_blocks": 0,
    "exposure_budget_blocks": 0
  },
  "ENGAGEMENT": {
    "human_replies": 0,
    "real_landing_visits": 0,
    "real_quiz_starts": 0,
    "real_emails": 0,
    "real_checkouts": 0
  },
  "REVENUE": {
    "real_payments": 0,
    "real_revenue_usd": 0,
    "revenue_usd": 0
  },
  "DELIVERY": {
    "real_audits": 0,
    "real_certificates": 0,
    "real_emails_delivered": 0
  },
  "HISTORICAL / INTERNAL": {
    "historical_audits": 231,
    "historical_certificates": 231,
    "historical_internal_emails": 231,
    "historical_test_payments": 1
  },
  "ANTI-IDLE": {
    "productive_cycles": 610,
    "idle_cycles": 0,
    "idle_cycle": false,
    "fallback_actions": 1
  },
  "DELTA": {
    "opportunities_evaluated_delta": 90,
    "targets_selected_delta": 421,
    "actions_sent_externally_delta": 0,
    "real_landing_visits_delta": 0,
    "real_revenue_delta": 0.0
  },
  "NEXT_ACTION": "PUBLISH_TECHNICAL_CONTENT",
  "STATUSES": {
    "TELEMETRY_INTEGRITY": "PASS",
    "EXTERNAL_ACTION_PROOF": "PASS",
    "TIER_ACCOUNTING": "PASS",
    "CHANNEL_ACCOUNTING": "PASS",
    "ENGINE_EXECUTION": "PASS",
    "ADAPTIVE_FILTER": "PASS",
    "NO_IDLE": "PASS",
    "NO_REPEAT": "PASS",
    "EXPOSURE_BUDGET": "PASS",
    "MULTICHANNEL_ACTIVITY": "PASS",
    "MULTICHANNEL_ROTATION": "PASS",
    "REAL_HUMAN_INTEREST": "PENDING",
    "REAL_REVENUE": "PENDING",
    "FINAL_VERDICT": "READY_FOR_24H_LOOP"
  }
}
Sleeping 15 minutes (900s)...

[2026-09-03T08:31:15.275119+00:00] Executed Cycle #611 (cyc_9ebe135f)
{
  "timestamp": "2026-09-03T08:31:15.275119+00:00",
  "cycle_id": "cyc_9ebe135f",
  "OPERATING_MODE": "DISCOVERY_AND_DRAFT_ONLY",
  "EXTERNAL_PUBLICATION_ATTEMPTED": false,
  "OUTREACH_SAFETY": {
    "operating_mode": "DISCOVERY_AND_DRAFT_ONLY",
    "allow_external_publication": false,
    "external_publication_allowed": false,
    "external_publication_attempted": false,
    "block_reason": "EXTERNAL_PUBLICATION_REQUIRES_EXPLICIT_APPROVAL"
  },
  "PROSPECT_PIPELINE": {
    "prospects_discovered": 421,
    "prospects_eligible": 67,
    "blocked_self_target": 29,
    "blocked_duplicate": 252,
    "pending_source_verification": 0,
    "template_or_synthetic": 10,
    "internal_or_self": 29,
    "local_drafts_created": 67,
    "valid_human_approvable_drafts": 5,
    "invalidated_drafts_historical": 295,
    "github_live_search_enabled": true,
    "github_api_requests_made_current_cycle": 1,
    "github_api_results_received_current_cycle": 5,
    "github_http_200_responses_current_cycle": 1,
    "github_external_sources_verified_current_cycle": 4,
    "github_drafts_created_current_cycle": 67,
    "github_api_error_current_cycle": null,
    "github_api_rate_limit_status_current_cycle": {
      "remaining": 29,
      "limit": 30,
      "reset": "1788424335",
      "http_status": 200
    },
    "github_self_targets_blocked": 21,
    "github_duplicates_blocked": 0,
    "github_low_relevance_blocked": 21,
    "human_approval_required": true,
    "external_publications": 0,
    "external_publication_attempted": false
  },
  "SESSION": {
    "session_id": "sess_20260826_000957_11e9b0",
    "session_start_utc": "2026-08-26T00:09:57.414562+00:00",
    "elapsed_hours": 200.355
  },
  "RUNTIME": {
    "cycles": 611,
    "successful_cycles": 611,
    "failed_cycles": 0,
    "idle_cycles": 0
  },
  "CYCLE": {
    "cycle_id": "cyc_9ebe135f",
    "timestamp": "2026-09-03T08:31:15.275119+00:00",
    "productive_action": "PUBLISH_TECHNICAL_CONTENT",
    "productive_action_status": "SUCCESS"
  },
  "OPPORTUNITIES": {
    "opportunities_evaluated": 90,
    "targets_selected": 421,
    "tier_a_targets": 0,
    "tier_b_targets": 67,
    "tier_c_targets": 354
  },
  "ACTIONS": {
    "actions_attempted": 67,
    "actions_generated_locally": -287,
    "actions_sent_externally": 0,
    "publications_confirmed": 0,
    "action_failures": 0,
    "blocked_actions": 354
  },
  "CHANNEL TELEMETRY": {
    "channels_evaluated": 9,
    "channels_with_targets": 9,
    "channels_with_actions": 0,
    "channels_with_publications": 0,
    "channels_blocked": 0,
    "channel_diversity_score": 0.0,
    "per_channel": {
      "GITHUB": {
        "opportunities_evaluated": 10,
        "targets_selected": 189,
        "actions_attempted": 189,
        "actions_generated_locally": 67,
        "actions_sent_externally": 0,
        "publications_confirmed": 0,
        "failures": 0,
        "blocked": 122
      },
      "REDDIT": {
        "opportunities_evaluated": 10,
        "targets_selected": 29,
        "actions_attempted": 29,
        "actions_generated_locally": 0,
        "actions_sent_externally": 0,
        "publications_confirmed": 0,
        "failures": 0,
        "blocked": 29
      },
      "QUANTCONNECT": {
        "opportunities_evaluated": 10,
        "targets_selected": 29,
        "actions_attempted": 29,
        "actions_generated_locally": 0,
        "actions_sent_externally": 0,
        "publications_confirmed": 0,
        "failures": 0,
        "blocked": 29
      },
      "SEO": {
        "opportunities_evaluated": 10,
        "targets_selected": 29,
        "actions_attempted": 29,
        "actions_generated_locally": 0,
        "actions_sent_externally": 0,
        "publications_confirmed": 0,
        "failures": 0,
        "blocked": 29
      },
      "TECHNICAL_COMMUNITIES": {
        "opportunities_evaluated": 10,
        "targets_selected": 29,
        "actions_attempted": 29,
        "actions_generated_locally": 0,
        "actions_sent_externally": 0,
        "publications_confirmed": 0,
        "failures": 0,
        "blocked": 29
      },
      "DEVELOPER_FORUMS": {
        "opportunities_evaluated": 10,
        "targets_selected": 29,
        "actions_attempted": 29,
        "actions_generated_locally": 0,
        "actions_sent_externally": 0,
        "publications_confirmed": 0,
        "failures": 0,
        "blocked": 29
      },
      "B2B_DIRECTORIES": {
        "opportunities_evaluated": 10,
        "targets_selected": 29,
        "actions_attempted": 29,
        "actions_generated_locally": 0,
        "actions_sent_externally": 0,
        "publications_confirmed": 0,
        "failures": 0,
        "blocked": 29
      },
      "MARKETPLACES": {
        "opportunities_evaluated": 10,
        "targets_selected": 29,
        "actions_attempted": 29,
        "actions_generated_locally": 0,
        "actions_sent_externally": 0,
        "publications_confirmed": 0,
        "failures": 0,
        "blocked": 29
      },
      "CONTENT_DISCOVERY": {
        "opportunities_evaluated": 10,
        "targets_selected": 29,
        "actions_attempted": 29,
        "actions_generated_locally": 0,
        "actions_sent_externally": 0,
        "publications_confirmed": 0,
        "failures": 0,
        "blocked": 29
      }
    }
  },
  "REAL FUNNEL": {
    "human_replies": 0,
    "real_landing_visits": 0,
    "real_quiz_starts": 0,
    "real_emails": 0,
    "real_checkouts": 0,
    "real_payments": 0,
    "real_revenue_usd": 0,
    "real_audits": 0,
    "real_certificates": 0,
    "real_customer_emails": 0
  },
  "INTEGRITY": {
    "telemetry_inconsistencies_detected": 0,
    "telemetry_inconsistencies_corrected": 1,
    "synthetic_events": 0,
    "owner_internal_events": 0,
    "historical_events": 231
  },
  "OUTREACH": {
    "opportunities_evaluated": 90,
    "tier_a_targets": 0,
    "tier_b_targets": 67,
    "tier_c_targets": 354,
    "action_attempts": 67,
    "actions_successful": 0,
    "publications_created": 0,
    "blocked_actions": 354
  },
  "CHANNELS": {
    "channels_evaluated": 9,
    "channels_with_targets": 9,
    "channels_with_actions": 0,
    "channels_with_publications": 0,
    "channels_blocked": 0,
    "channel_diversity_score": 0.0
  },
  "RISK": {
    "duplicate_blocks": 252,
    "cooldown_blocks": 0,
    "relevance_blocks": 21,
    "promotion_risk_blocks": 0,
    "exposure_budget_blocks": 0
  },
  "ENGAGEMENT": {
    "human_replies": 0,
    "real_landing_visits": 0,
    "real_quiz_starts": 0,
    "real_emails": 0,
    "real_checkouts": 0
  },
  "REVENUE": {
    "real_payments": 0,
    "real_revenue_usd": 0,
    "revenue_usd": 0
  },
  "DELIVERY": {
    "real_audits": 0,
    "real_certificates": 0,
    "real_emails_delivered": 0
  },
  "HISTORICAL / INTERNAL": {
    "historical_audits": 231,
    "historical_certificates": 231,
    "historical_internal_emails": 231,
    "historical_test_payments": 1
  },
  "ANTI-IDLE": {
    "productive_cycles": 611,
    "idle_cycles": 0,
    "idle_cycle": false,
    "fallback_actions": 1
  },
  "DELTA": {
    "opportunities_evaluated_delta": 90,
    "targets_selected_delta": 421,
    "actions_sent_externally_delta": 0,
    "real_landing_visits_delta": 0,
    "real_revenue_delta": 0.0
  },
  "NEXT_ACTION": "PUBLISH_TECHNICAL_CONTENT",
  "STATUSES": {
    "TELEMETRY_INTEGRITY": "PASS",
    "EXTERNAL_ACTION_PROOF": "PASS",
    "TIER_ACCOUNTING": "PASS",
    "CHANNEL_ACCOUNTING": "PASS",
    "ENGINE_EXECUTION": "PASS",
    "ADAPTIVE_FILTER": "PASS",
    "NO_IDLE": "PASS",
    "NO_REPEAT": "PASS",
    "EXPOSURE_BUDGET": "PASS",
    "MULTICHANNEL_ACTIVITY": "PASS",
    "MULTICHANNEL_ROTATION": "PASS",
    "REAL_HUMAN_INTEREST": "PENDING",
    "REAL_REVENUE": "PENDING",
    "FINAL_VERDICT": "READY_FOR_24H_LOOP"
  }
}
Sleeping 15 minutes (900s)...

[2026-09-03T08:46:16.905385+00:00] Executed Cycle #612 (cyc_0f996f02)
{
  "timestamp": "2026-09-03T08:46:16.905385+00:00",
  "cycle_id": "cyc_0f996f02",
  "OPERATING_MODE": "DISCOVERY_AND_DRAFT_ONLY",
  "EXTERNAL_PUBLICATION_ATTEMPTED": false,
  "OUTREACH_SAFETY": {
    "operating_mode": "DISCOVERY_AND_DRAFT_ONLY",
    "allow_external_publication": false,
    "external_publication_allowed": false,
    "external_publication_attempted": false,
    "block_reason": "EXTERNAL_PUBLICATION_REQUIRES_EXPLICIT_APPROVAL"
  },
  "PROSPECT_PIPELINE": {
    "prospects_discovered": 421,
    "prospects_eligible": 67,
    "blocked_self_target": 29,
    "blocked_duplicate": 252,
    "pending_source_verification": 0,
    "template_or_synthetic": 10,
    "internal_or_self": 29,
    "local_drafts_created": 67,
    "valid_human_approvable_drafts": 5,
    "invalidated_drafts_historical": 295,
    "github_live_search_enabled": true,
    "github_api_requests_made_current_cycle": 1,
    "github_api_results_received_current_cycle": 30,
    "github_http_200_responses_current_cycle": 1,
    "github_external_sources_verified_current_cycle": 10,
    "github_drafts_created_current_cycle": 67,
    "github_api_error_current_cycle": null,
    "github_api_rate_limit_status_current_cycle": {
      "remaining": 29,
      "limit": 30,
      "reset": "1788425237",
      "http_status": 200
    },
    "github_self_targets_blocked": 22,
    "github_duplicates_blocked": 0,
    "github_low_relevance_blocked": 21,
    "human_approval_required": true,
    "external_publications": 0,
    "external_publication_attempted": false
  },
  "SESSION": {
    "session_id": "sess_20260826_000957_11e9b0",
    "session_start_utc": "2026-08-26T00:09:57.414562+00:00",
    "elapsed_hours": 200.6054
  },
  "RUNTIME": {
    "cycles": 612,
    "successful_cycles": 612,
    "failed_cycles": 0,
    "idle_cycles": 0
  },
  "CYCLE": {
    "cycle_id": "cyc_0f996f02",
    "timestamp": "2026-09-03T08:46:16.905385+00:00",
    "productive_action": "PUBLISH_TECHNICAL_CONTENT",
    "productive_action_status": "SUCCESS"
  },
  "OPPORTUNITIES": {
    "opportunities_evaluated": 90,
    "targets_selected": 421,
    "tier_a_targets": 0,
    "tier_b_targets": 67,
    "tier_c_targets": 354
  },
  "ACTIONS": {
    "actions_attempted": 67,
    "actions_generated_locally": -287,
    "actions_sent_externally": 0,
    "publications_confirmed": 0,
    "action_failures": 0,
    "blocked_actions": 354
  },
  "CHANNEL TELEMETRY": {
    "channels_evaluated": 9,
    "channels_with_targets": 9,
    "channels_with_actions": 0,
    "channels_with_publications": 0,
    "channels_blocked": 0,
    "channel_diversity_score": 0.0,
    "per_channel": {
      "GITHUB": {
        "opportunities_evaluated": 10,
        "targets_selected": 189,
        "actions_attempted": 189,
        "actions_generated_locally": 67,
        "actions_sent_externally": 0,
        "publications_confirmed": 0,
        "failures": 0,
        "blocked": 122
      },
      "REDDIT": {
        "opportunities_evaluated": 10,
        "targets_selected": 29,
        "actions_attempted": 29,
        "actions_generated_locally": 0,
        "actions_sent_externally": 0,
        "publications_confirmed": 0,
        "failures": 0,
        "blocked": 29
      },
      "QUANTCONNECT": {
        "opportunities_evaluated": 10,
        "targets_selected": 29,
        "actions_attempted": 29,
        "actions_generated_locally": 0,
        "actions_sent_externally": 0,
        "publications_confirmed": 0,
        "failures": 0,
        "blocked": 29
      },
      "SEO": {
        "opportunities_evaluated": 10,
        "targets_selected": 29,
        "actions_attempted": 29,
        "actions_generated_locally": 0,
        "actions_sent_externally": 0,
        "publications_confirmed": 0,
        "failures": 0,
        "blocked": 29
      },
      "TECHNICAL_COMMUNITIES": {
        "opportunities_evaluated": 10,
        "targets_selected": 29,
        "actions_attempted": 29,
        "actions_generated_locally": 0,
        "actions_sent_externally": 0,
        "publications_confirmed": 0,
        "failures": 0,
        "blocked": 29
      },
      "DEVELOPER_FORUMS": {
        "opportunities_evaluated": 10,
        "targets_selected": 29,
        "actions_attempted": 29,
        "actions_generated_locally": 0,
        "actions_sent_externally": 0,
        "publications_confirmed": 0,
        "failures": 0,
        "blocked": 29
      },
      "B2B_DIRECTORIES": {
        "opportunities_evaluated": 10,
        "targets_selected": 29,
        "actions_attempted": 29,
        "actions_generated_locally": 0,
        "actions_sent_externally": 0,
        "publications_confirmed": 0,
        "failures": 0,
        "blocked": 29
      },
      "MARKETPLACES": {
        "opportunities_evaluated": 10,
        "targets_selected": 29,
        "actions_attempted": 29,
        "actions_generated_locally": 0,
        "actions_sent_externally": 0,
        "publications_confirmed": 0,
        "failures": 0,
        "blocked": 29
      },
      "CONTENT_DISCOVERY": {
        "opportunities_evaluated": 10,
        "targets_selected": 29,
        "actions_attempted": 29,
        "actions_generated_locally": 0,
        "actions_sent_externally": 0,
        "publications_confirmed": 0,
        "failures": 0,
        "blocked": 29
      }
    }
  },
  "REAL FUNNEL": {
    "human_replies": 0,
    "real_landing_visits": 0,
    "real_quiz_starts": 0,
    "real_emails": 0,
    "real_checkouts": 0,
    "real_payments": 0,
    "real_revenue_usd": 0,
    "real_audits": 0,
    "real_certificates": 0,
    "real_customer_emails": 0
  },
  "INTEGRITY": {
    "telemetry_inconsistencies_detected": 0,
    "telemetry_inconsistencies_corrected": 1,
    "synthetic_events": 0,
    "owner_internal_events": 0,
    "historical_events": 231
  },
  "OUTREACH": {
    "opportunities_evaluated": 90,
    "tier_a_targets": 0,
    "tier_b_targets": 67,
    "tier_c_targets": 354,
    "action_attempts": 67,
    "actions_successful": 0,
    "publications_created": 0,
    "blocked_actions": 354
  },
  "CHANNELS": {
    "channels_evaluated": 9,
    "channels_with_targets": 9,
    "channels_with_actions": 0,
    "channels_with_publications": 0,
    "channels_blocked": 0,
    "channel_diversity_score": 0.0
  },
  "RISK": {
    "duplicate_blocks": 252,
    "cooldown_blocks": 0,
    "relevance_blocks": 21,
    "promotion_risk_blocks": 0,
    "exposure_budget_blocks": 0
  },
  "ENGAGEMENT": {
    "human_replies": 0,
    "real_landing_visits": 0,
    "real_quiz_starts": 0,
    "real_emails": 0,
    "real_checkouts": 0
  },
  "REVENUE": {
    "real_payments": 0,
    "real_revenue_usd": 0,
    "revenue_usd": 0
  },
  "DELIVERY": {
    "real_audits": 0,
    "real_certificates": 0,
    "real_emails_delivered": 0
  },
  "HISTORICAL / INTERNAL": {
    "historical_audits": 231,
    "historical_certificates": 231,
    "historical_internal_emails": 231,
    "historical_test_payments": 1
  },
  "ANTI-IDLE": {
    "productive_cycles": 612,
    "idle_cycles": 0,
    "idle_cycle": false,
    "fallback_actions": 1
  },
  "DELTA": {
    "opportunities_evaluated_delta": 90,
    "targets_selected_delta": 421,
    "actions_sent_externally_delta": 0,
    "real_landing_visits_delta": 0,
    "real_revenue_delta": 0.0
  },
  "NEXT_ACTION": "PUBLISH_TECHNICAL_CONTENT",
  "STATUSES": {
    "TELEMETRY_INTEGRITY": "PASS",
    "EXTERNAL_ACTION_PROOF": "PASS",
    "TIER_ACCOUNTING": "PASS",
    "CHANNEL_ACCOUNTING": "PASS",
    "ENGINE_EXECUTION": "PASS",
    "ADAPTIVE_FILTER": "PASS",
    "NO_IDLE": "PASS",
    "NO_REPEAT": "PASS",
    "EXPOSURE_BUDGET": "PASS",
    "MULTICHANNEL_ACTIVITY": "PASS",
    "MULTICHANNEL_ROTATION": "PASS",
    "REAL_HUMAN_INTEREST": "PENDING",
    "REAL_REVENUE": "PENDING",
    "FINAL_VERDICT": "READY_FOR_24H_LOOP"
  }
}
Sleeping 15 minutes (900s)...

[2026-09-03T09:01:18.768044+00:00] Executed Cycle #613 (cyc_7d2d6de7)
{
  "timestamp": "2026-09-03T09:01:18.768044+00:00",
  "cycle_id": "cyc_7d2d6de7",
  "OPERATING_MODE": "DISCOVERY_AND_DRAFT_ONLY",
  "EXTERNAL_PUBLICATION_ATTEMPTED": false,
  "OUTREACH_SAFETY": {
    "operating_mode": "DISCOVERY_AND_DRAFT_ONLY",
    "allow_external_publication": false,
    "external_publication_allowed": false,
    "external_publication_attempted": false,
    "block_reason": "EXTERNAL_PUBLICATION_REQUIRES_EXPLICIT_APPROVAL"
  },
  "PROSPECT_PIPELINE": {
    "prospects_discovered": 421,
    "prospects_eligible": 67,
    "blocked_self_target": 29,
    "blocked_duplicate": 252,
    "pending_source_verification": 0,
    "template_or_synthetic": 10,
    "internal_or_self": 29,
    "local_drafts_created": 67,
    "valid_human_approvable_drafts": 5,
    "invalidated_drafts_historical": 295,
    "github_live_search_enabled": true,
    "github_api_requests_made_current_cycle": 1,
    "github_api_results_received_current_cycle": 30,
    "github_http_200_responses_current_cycle": 1,
    "github_external_sources_verified_current_cycle": 10,
    "github_drafts_created_current_cycle": 67,
    "github_api_error_current_cycle": null,
    "github_api_rate_limit_status_current_cycle": {
      "remaining": 29,
      "limit": 30,
      "reset": "1788426139",
      "http_status": 200
    },
    "github_self_targets_blocked": 22,
    "github_duplicates_blocked": 0,
    "github_low_relevance_blocked": 21,
    "human_approval_required": true,
    "external_publications": 0,
    "external_publication_attempted": false
  },
  "SESSION": {
    "session_id": "sess_20260826_000957_11e9b0",
    "session_start_utc": "2026-08-26T00:09:57.414562+00:00",
    "elapsed_hours": 200.8559
  },
  "RUNTIME": {
    "cycles": 613,
    "successful_cycles": 613,
    "failed_cycles": 0,
    "idle_cycles": 0
  },
  "CYCLE": {
    "cycle_id": "cyc_7d2d6de7",
    "timestamp": "2026-09-03T09:01:18.768044+00:00",
    "productive_action": "PUBLISH_TECHNICAL_CONTENT",
    "productive_action_status": "SUCCESS"
  },
  "OPPORTUNITIES": {
    "opportunities_evaluated": 90,
    "targets_selected": 421,
    "tier_a_targets": 0,
    "tier_b_targets": 67,
    "tier_c_targets": 354
  },
  "ACTIONS": {
    "actions_attempted": 67,
    "actions_generated_locally": -287,
    "actions_sent_externally": 0,
    "publications_confirmed": 0,
    "action_failures": 0,
    "blocked_actions": 354
  },
  "CHANNEL TELEMETRY": {
    "channels_evaluated": 9,
    "channels_with_targets": 9,
    "channels_with_actions": 0,
    "channels_with_publications": 0,
    "channels_blocked": 0,
    "channel_diversity_score": 0.0,
    "per_channel": {
      "GITHUB": {
        "opportunities_evaluated": 10,
        "targets_selected": 189,
        "actions_attempted": 189,
        "actions_generated_locally": 67,
        "actions_sent_externally": 0,
        "publications_confirmed": 0,
        "failures": 0,
        "blocked": 122
      },
      "REDDIT": {
        "opportunities_evaluated": 10,
        "targets_selected": 29,
        "actions_attempted": 29,
        "actions_generated_locally": 0,
        "actions_sent_externally": 0,
        "publications_confirmed": 0,
        "failures": 0,
        "blocked": 29
      },
      "QUANTCONNECT": {
        "opportunities_evaluated": 10,
        "targets_selected": 29,
        "actions_attempted": 29,
        "actions_generated_locally": 0,
        "actions_sent_externally": 0,
        "publications_confirmed": 0,
        "failures": 0,
        "blocked": 29
      },
      "SEO": {
        "opportunities_evaluated": 10,
        "targets_selected": 29,
        "actions_attempted": 29,
        "actions_generated_locally": 0,
        "actions_sent_externally": 0,
        "publications_confirmed": 0,
        "failures": 0,
        "blocked": 29
      },
      "TECHNICAL_COMMUNITIES": {
        "opportunities_evaluated": 10,
        "targets_selected": 29,
        "actions_attempted": 29,
        "actions_generated_locally": 0,
        "actions_sent_externally": 0,
        "publications_confirmed": 0,
        "failures": 0,
        "blocked": 29
      },
      "DEVELOPER_FORUMS": {
        "opportunities_evaluated": 10,
        "targets_selected": 29,
        "actions_attempted": 29,
        "actions_generated_locally": 0,
        "actions_sent_externally": 0,
        "publications_confirmed": 0,
        "failures": 0,
        "blocked": 29
      },
      "B2B_DIRECTORIES": {
        "opportunities_evaluated": 10,
        "targets_selected": 29,
        "actions_attempted": 29,
        "actions_generated_locally": 0,
        "actions_sent_externally": 0,
        "publications_confirmed": 0,
        "failures": 0,
        "blocked": 29
      },
      "MARKETPLACES": {
        "opportunities_evaluated": 10,
        "targets_selected": 29,
        "actions_attempted": 29,
        "actions_generated_locally": 0,
        "actions_sent_externally": 0,
        "publications_confirmed": 0,
        "failures": 0,
        "blocked": 29
      },
      "CONTENT_DISCOVERY": {
        "opportunities_evaluated": 10,
        "targets_selected": 29,
        "actions_attempted": 29,
        "actions_generated_locally": 0,
        "actions_sent_externally": 0,
        "publications_confirmed": 0,
        "failures": 0,
        "blocked": 29
      }
    }
  },
  "REAL FUNNEL": {
    "human_replies": 0,
    "real_landing_visits": 0,
    "real_quiz_starts": 0,
    "real_emails": 0,
    "real_checkouts": 0,
    "real_payments": 0,
    "real_revenue_usd": 0,
    "real_audits": 0,
    "real_certificates": 0,
    "real_customer_emails": 0
  },
  "INTEGRITY": {
    "telemetry_inconsistencies_detected": 0,
    "telemetry_inconsistencies_corrected": 1,
    "synthetic_events": 0,
    "owner_internal_events": 0,
    "historical_events": 231
  },
  "OUTREACH": {
    "opportunities_evaluated": 90,
    "tier_a_targets": 0,
    "tier_b_targets": 67,
    "tier_c_targets": 354,
    "action_attempts": 67,
    "actions_successful": 0,
    "publications_created": 0,
    "blocked_actions": 354
  },
  "CHANNELS": {
    "channels_evaluated": 9,
    "channels_with_targets": 9,
    "channels_with_actions": 0,
    "channels_with_publications": 0,
    "channels_blocked": 0,
    "channel_diversity_score": 0.0
  },
  "RISK": {
    "duplicate_blocks": 252,
    "cooldown_blocks": 0,
    "relevance_blocks": 21,
    "promotion_risk_blocks": 0,
    "exposure_budget_blocks": 0
  },
  "ENGAGEMENT": {
    "human_replies": 0,
    "real_landing_visits": 0,
    "real_quiz_starts": 0,
    "real_emails": 0,
    "real_checkouts": 0
  },
  "REVENUE": {
    "real_payments": 0,
    "real_revenue_usd": 0,
    "revenue_usd": 0
  },
  "DELIVERY": {
    "real_audits": 0,
    "real_certificates": 0,
    "real_emails_delivered": 0
  },
  "HISTORICAL / INTERNAL": {
    "historical_audits": 231,
    "historical_certificates": 231,
    "historical_internal_emails": 231,
    "historical_test_payments": 1
  },
  "ANTI-IDLE": {
    "productive_cycles": 613,
    "idle_cycles": 0,
    "idle_cycle": false,
    "fallback_actions": 1
  },
  "DELTA": {
    "opportunities_evaluated_delta": 90,
    "targets_selected_delta": 421,
    "actions_sent_externally_delta": 0,
    "real_landing_visits_delta": 0,
    "real_revenue_delta": 0.0
  },
  "NEXT_ACTION": "PUBLISH_TECHNICAL_CONTENT",
  "STATUSES": {
    "TELEMETRY_INTEGRITY": "PASS",
    "EXTERNAL_ACTION_PROOF": "PASS",
    "TIER_ACCOUNTING": "PASS",
    "CHANNEL_ACCOUNTING": "PASS",
    "ENGINE_EXECUTION": "PASS",
    "ADAPTIVE_FILTER": "PASS",
    "NO_IDLE": "PASS",
    "NO_REPEAT": "PASS",
    "EXPOSURE_BUDGET": "PASS",
    "MULTICHANNEL_ACTIVITY": "PASS",
    "MULTICHANNEL_ROTATION": "PASS",
    "REAL_HUMAN_INTEREST": "PENDING",
    "REAL_REVENUE": "PENDING",
    "FINAL_VERDICT": "READY_FOR_24H_LOOP"
  }
}
Sleeping 15 minutes (900s)...

[2026-09-03T09:16:21.050446+00:00] Executed Cycle #614 (cyc_a1bbf6fc)
{
  "timestamp": "2026-09-03T09:16:21.050446+00:00",
  "cycle_id": "cyc_a1bbf6fc",
  "OPERATING_MODE": "DISCOVERY_AND_DRAFT_ONLY",
  "EXTERNAL_PUBLICATION_ATTEMPTED": false,
  "OUTREACH_SAFETY": {
    "operating_mode": "DISCOVERY_AND_DRAFT_ONLY",
    "allow_external_publication": false,
    "external_publication_allowed": false,
    "external_publication_attempted": false,
    "block_reason": "EXTERNAL_PUBLICATION_REQUIRES_EXPLICIT_APPROVAL"
  },
  "PROSPECT_PIPELINE": {
    "prospects_discovered": 421,
    "prospects_eligible": 67,
    "blocked_self_target": 29,
    "blocked_duplicate": 252,
    "pending_source_verification": 0,
    "template_or_synthetic": 10,
    "internal_or_self": 29,
    "local_drafts_created": 67,
    "valid_human_approvable_drafts": 5,
    "invalidated_drafts_historical": 295,
    "github_live_search_enabled": true,
    "github_api_requests_made_current_cycle": 1,
    "github_api_results_received_current_cycle": 30,
    "github_http_200_responses_current_cycle": 1,
    "github_external_sources_verified_current_cycle": 10,
    "github_drafts_created_current_cycle": 67,
    "github_api_error_current_cycle": null,
    "github_api_rate_limit_status_current_cycle": {
      "remaining": 29,
      "limit": 30,
      "reset": "1788427041",
      "http_status": 200
    },
    "github_self_targets_blocked": 22,
    "github_duplicates_blocked": 0,
    "github_low_relevance_blocked": 21,
    "human_approval_required": true,
    "external_publications": 0,
    "external_publication_attempted": false
  },
  "SESSION": {
    "session_id": "sess_20260826_000957_11e9b0",
    "session_start_utc": "2026-08-26T00:09:57.414562+00:00",
    "elapsed_hours": 201.1066
  },
  "RUNTIME": {
    "cycles": 614,
    "successful_cycles": 614,
    "failed_cycles": 0,
    "idle_cycles": 0
  },
  "CYCLE": {
    "cycle_id": "cyc_a1bbf6fc",
    "timestamp": "2026-09-03T09:16:21.050446+00:00",
    "productive_action": "PUBLISH_TECHNICAL_CONTENT",
    "productive_action_status": "SUCCESS"
  },
  "OPPORTUNITIES": {
    "opportunities_evaluated": 90,
    "targets_selected": 421,
    "tier_a_targets": 0,
    "tier_b_targets": 67,
    "tier_c_targets": 354
  },
  "ACTIONS": {
    "actions_attempted": 67,
    "actions_generated_locally": -287,
    "actions_sent_externally": 0,
    "publications_confirmed": 0,
    "action_failures": 0,
    "blocked_actions": 354
  },
  "CHANNEL TELEMETRY": {
    "channels_evaluated": 9,
    "channels_with_targets": 9,
    "channels_with_actions": 0,
    "channels_with_publications": 0,
    "channels_blocked": 0,
    "channel_diversity_score": 0.0,
    "per_channel": {
      "GITHUB": {
        "opportunities_evaluated": 10,
        "targets_selected": 189,
        "actions_attempted": 189,
        "actions_generated_locally": 67,
        "actions_sent_externally": 0,
        "publications_confirmed": 0,
        "failures": 0,
        "blocked": 122
      },
      "REDDIT": {
        "opportunities_evaluated": 10,
        "targets_selected": 29,
        "actions_attempted": 29,
        "actions_generated_locally": 0,
        "actions_sent_externally": 0,
        "publications_confirmed": 0,
        "failures": 0,
        "blocked": 29
      },
      "QUANTCONNECT": {
        "opportunities_evaluated": 10,
        "targets_selected": 29,
        "actions_attempted": 29,
        "actions_generated_locally": 0,
        "actions_sent_externally": 0,
        "publications_confirmed": 0,
        "failures": 0,
        "blocked": 29
      },
      "SEO": {
        "opportunities_evaluated": 10,
        "targets_selected": 29,
        "actions_attempted": 29,
        "actions_generated_locally": 0,
        "actions_sent_externally": 0,
        "publications_confirmed": 0,
        "failures": 0,
        "blocked": 29
      },
      "TECHNICAL_COMMUNITIES": {
        "opportunities_evaluated": 10,
        "targets_selected": 29,
        "actions_attempted": 29,
        "actions_generated_locally": 0,
        "actions_sent_externally": 0,
        "publications_confirmed": 0,
        "failures": 0,
        "blocked": 29
      },
      "DEVELOPER_FORUMS": {
        "opportunities_evaluated": 10,
        "targets_selected": 29,
        "actions_attempted": 29,
        "actions_generated_locally": 0,
        "actions_sent_externally": 0,
        "publications_confirmed": 0,
        "failures": 0,
        "blocked": 29
      },
      "B2B_DIRECTORIES": {
        "opportunities_evaluated": 10,
        "targets_selected": 29,
        "actions_attempted": 29,
        "actions_generated_locally": 0,
        "actions_sent_externally": 0,
        "publications_confirmed": 0,
        "failures": 0,
        "blocked": 29
      },
      "MARKETPLACES": {
        "opportunities_evaluated": 10,
        "targets_selected": 29,
        "actions_attempted": 29,
        "actions_generated_locally": 0,
        "actions_sent_externally": 0,
        "publications_confirmed": 0,
        "failures": 0,
        "blocked": 29
      },
      "CONTENT_DISCOVERY": {
        "opportunities_evaluated": 10,
        "targets_selected": 29,
        "actions_attempted": 29,
        "actions_generated_locally": 0,
        "actions_sent_externally": 0,
        "publications_confirmed": 0,
        "failures": 0,
        "blocked": 29
      }
    }
  },
  "REAL FUNNEL": {
    "human_replies": 0,
    "real_landing_visits": 0,
    "real_quiz_starts": 0,
    "real_emails": 0,
    "real_checkouts": 0,
    "real_payments": 0,
    "real_revenue_usd": 0,
    "real_audits": 0,
    "real_certificates": 0,
    "real_customer_emails": 0
  },
  "INTEGRITY": {
    "telemetry_inconsistencies_detected": 0,
    "telemetry_inconsistencies_corrected": 1,
    "synthetic_events": 0,
    "owner_internal_events": 0,
    "historical_events": 231
  },
  "OUTREACH": {
    "opportunities_evaluated": 90,
    "tier_a_targets": 0,
    "tier_b_targets": 67,
    "tier_c_targets": 354,
    "action_attempts": 67,
    "actions_successful": 0,
    "publications_created": 0,
    "blocked_actions": 354
  },
  "CHANNELS": {
    "channels_evaluated": 9,
    "channels_with_targets": 9,
    "channels_with_actions": 0,
    "channels_with_publications": 0,
    "channels_blocked": 0,
    "channel_diversity_score": 0.0
  },
  "RISK": {
    "duplicate_blocks": 252,
    "cooldown_blocks": 0,
    "relevance_blocks": 21,
    "promotion_risk_blocks": 0,
    "exposure_budget_blocks": 0
  },
  "ENGAGEMENT": {
    "human_replies": 0,
    "real_landing_visits": 0,
    "real_quiz_starts": 0,
    "real_emails": 0,
    "real_checkouts": 0
  },
  "REVENUE": {
    "real_payments": 0,
    "real_revenue_usd": 0,
    "revenue_usd": 0
  },
  "DELIVERY": {
    "real_audits": 0,
    "real_certificates": 0,
    "real_emails_delivered": 0
  },
  "HISTORICAL / INTERNAL": {
    "historical_audits": 231,
    "historical_certificates": 231,
    "historical_internal_emails": 231,
    "historical_test_payments": 1
  },
  "ANTI-IDLE": {
    "productive_cycles": 614,
    "idle_cycles": 0,
    "idle_cycle": false,
    "fallback_actions": 1
  },
  "DELTA": {
    "opportunities_evaluated_delta": 90,
    "targets_selected_delta": 421,
    "actions_sent_externally_delta": 0,
    "real_landing_visits_delta": 0,
    "real_revenue_delta": 0.0
  },
  "NEXT_ACTION": "PUBLISH_TECHNICAL_CONTENT",
  "STATUSES": {
    "TELEMETRY_INTEGRITY": "PASS",
    "EXTERNAL_ACTION_PROOF": "PASS",
    "TIER_ACCOUNTING": "PASS",
    "CHANNEL_ACCOUNTING": "PASS",
    "ENGINE_EXECUTION": "PASS",
    "ADAPTIVE_FILTER": "PASS",
    "NO_IDLE": "PASS",
    "NO_REPEAT": "PASS",
    "EXPOSURE_BUDGET": "PASS",
    "MULTICHANNEL_ACTIVITY": "PASS",
    "MULTICHANNEL_ROTATION": "PASS",
    "REAL_HUMAN_INTEREST": "PENDING",
    "REAL_REVENUE": "PENDING",
    "FINAL_VERDICT": "READY_FOR_24H_LOOP"
  }
}
Sleeping 15 minutes (900s)...

[2026-09-03T09:31:22.914022+00:00] Executed Cycle #615 (cyc_284d66c1)
{
  "timestamp": "2026-09-03T09:31:22.914022+00:00",
  "cycle_id": "cyc_284d66c1",
  "OPERATING_MODE": "DISCOVERY_AND_DRAFT_ONLY",
  "EXTERNAL_PUBLICATION_ATTEMPTED": false,
  "OUTREACH_SAFETY": {
    "operating_mode": "DISCOVERY_AND_DRAFT_ONLY",
    "allow_external_publication": false,
    "external_publication_allowed": false,
    "external_publication_attempted": false,
    "block_reason": "EXTERNAL_PUBLICATION_REQUIRES_EXPLICIT_APPROVAL"
  },
  "PROSPECT_PIPELINE": {
    "prospects_discovered": 421,
    "prospects_eligible": 67,
    "blocked_self_target": 29,
    "blocked_duplicate": 252,
    "pending_source_verification": 0,
    "template_or_synthetic": 10,
    "internal_or_self": 29,
    "local_drafts_created": 67,
    "valid_human_approvable_drafts": 5,
    "invalidated_drafts_historical": 295,
    "github_live_search_enabled": true,
    "github_api_requests_made_current_cycle": 1,
    "github_api_results_received_current_cycle": 30,
    "github_http_200_responses_current_cycle": 1,
    "github_external_sources_verified_current_cycle": 10,
    "github_drafts_created_current_cycle": 67,
    "github_api_error_current_cycle": null,
    "github_api_rate_limit_status_current_cycle": {
      "remaining": 29,
      "limit": 30,
      "reset": "1788427943",
      "http_status": 200
    },
    "github_self_targets_blocked": 23,
    "github_duplicates_blocked": 0,
    "github_low_relevance_blocked": 21,
    "human_approval_required": true,
    "external_publications": 0,
    "external_publication_attempted": false
  },
  "SESSION": {
    "session_id": "sess_20260826_000957_11e9b0",
    "session_start_utc": "2026-08-26T00:09:57.414562+00:00",
    "elapsed_hours": 201.3571
  },
  "RUNTIME": {
    "cycles": 615,
    "successful_cycles": 615,
    "failed_cycles": 0,
    "idle_cycles": 0
  },
  "CYCLE": {
    "cycle_id": "cyc_284d66c1",
    "timestamp": "2026-09-03T09:31:22.914022+00:00",
    "productive_action": "PUBLISH_TECHNICAL_CONTENT",
    "productive_action_status": "SUCCESS"
  },
  "OPPORTUNITIES": {
    "opportunities_evaluated": 90,
    "targets_selected": 421,
    "tier_a_targets": 0,
    "tier_b_targets": 67,
    "tier_c_targets": 354
  },
  "ACTIONS": {
    "actions_attempted": 67,
    "actions_generated_locally": -287,
    "actions_sent_externally": 0,
    "publications_confirmed": 0,
    "action_failures": 0,
    "blocked_actions": 354
  },
  "CHANNEL TELEMETRY": {
    "channels_evaluated": 9,
    "channels_with_targets": 9,
    "channels_with_actions": 0,
    "channels_with_publications": 0,
    "channels_blocked": 0,
    "channel_diversity_score": 0.0,
    "per_channel": {
      "GITHUB": {
        "opportunities_evaluated": 10,
        "targets_selected": 189,
        "actions_attempted": 189,
        "actions_generated_locally": 67,
        "actions_sent_externally": 0,
        "publications_confirmed": 0,
        "failures": 0,
        "blocked": 122
      },
      "REDDIT": {
        "opportunities_evaluated": 10,
        "targets_selected": 29,
        "actions_attempted": 29,
        "actions_generated_locally": 0,
        "actions_sent_externally": 0,
        "publications_confirmed": 0,
        "failures": 0,
        "blocked": 29
      },
      "QUANTCONNECT": {
        "opportunities_evaluated": 10,
        "targets_selected": 29,
        "actions_attempted": 29,
        "actions_generated_locally": 0,
        "actions_sent_externally": 0,
        "publications_confirmed": 0,
        "failures": 0,
        "blocked": 29
      },
      "SEO": {
        "opportunities_evaluated": 10,
        "targets_selected": 29,
        "actions_attempted": 29,
        "actions_generated_locally": 0,
        "actions_sent_externally": 0,
        "publications_confirmed": 0,
        "failures": 0,
        "blocked": 29
      },
      "TECHNICAL_COMMUNITIES": {
        "opportunities_evaluated": 10,
        "targets_selected": 29,
        "actions_attempted": 29,
        "actions_generated_locally": 0,
        "actions_sent_externally": 0,
        "publications_confirmed": 0,
        "failures": 0,
        "blocked": 29
      },
      "DEVELOPER_FORUMS": {
        "opportunities_evaluated": 10,
        "targets_selected": 29,
        "actions_attempted": 29,
        "actions_generated_locally": 0,
        "actions_sent_externally": 0,
        "publications_confirmed": 0,
        "failures": 0,
        "blocked": 29
      },
      "B2B_DIRECTORIES": {
        "opportunities_evaluated": 10,
        "targets_selected": 29,
        "actions_attempted": 29,
        "actions_generated_locally": 0,
        "actions_sent_externally": 0,
        "publications_confirmed": 0,
        "failures": 0,
        "blocked": 29
      },
      "MARKETPLACES": {
        "opportunities_evaluated": 10,
        "targets_selected": 29,
        "actions_attempted": 29,
        "actions_generated_locally": 0,
        "actions_sent_externally": 0,
        "publications_confirmed": 0,
        "failures": 0,
        "blocked": 29
      },
      "CONTENT_DISCOVERY": {
        "opportunities_evaluated": 10,
        "targets_selected": 29,
        "actions_attempted": 29,
        "actions_generated_locally": 0,
        "actions_sent_externally": 0,
        "publications_confirmed": 0,
        "failures": 0,
        "blocked": 29
      }
    }
  },
  "REAL FUNNEL": {
    "human_replies": 0,
    "real_landing_visits": 0,
    "real_quiz_starts": 0,
    "real_emails": 0,
    "real_checkouts": 0,
    "real_payments": 0,
    "real_revenue_usd": 0,
    "real_audits": 0,
    "real_certificates": 0,
    "real_customer_emails": 0
  },
  "INTEGRITY": {
    "telemetry_inconsistencies_detected": 0,
    "telemetry_inconsistencies_corrected": 1,
    "synthetic_events": 0,
    "owner_internal_events": 0,
    "historical_events": 231
  },
  "OUTREACH": {
    "opportunities_evaluated": 90,
    "tier_a_targets": 0,
    "tier_b_targets": 67,
    "tier_c_targets": 354,
    "action_attempts": 67,
    "actions_successful": 0,
    "publications_created": 0,
    "blocked_actions": 354
  },
  "CHANNELS": {
    "channels_evaluated": 9,
    "channels_with_targets": 9,
    "channels_with_actions": 0,
    "channels_with_publications": 0,
    "channels_blocked": 0,
    "channel_diversity_score": 0.0
  },
  "RISK": {
    "duplicate_blocks": 252,
    "cooldown_blocks": 0,
    "relevance_blocks": 21,
    "promotion_risk_blocks": 0,
    "exposure_budget_blocks": 0
  },
  "ENGAGEMENT": {
    "human_replies": 0,
    "real_landing_visits": 0,
    "real_quiz_starts": 0,
    "real_emails": 0,
    "real_checkouts": 0
  },
  "REVENUE": {
    "real_payments": 0,
    "real_revenue_usd": 0,
    "revenue_usd": 0
  },
  "DELIVERY": {
    "real_audits": 0,
    "real_certificates": 0,
    "real_emails_delivered": 0
  },
  "HISTORICAL / INTERNAL": {
    "historical_audits": 231,
    "historical_certificates": 231,
    "historical_internal_emails": 231,
    "historical_test_payments": 1
  },
  "ANTI-IDLE": {
    "productive_cycles": 615,
    "idle_cycles": 0,
    "idle_cycle": false,
    "fallback_actions": 1
  },
  "DELTA": {
    "opportunities_evaluated_delta": 90,
    "targets_selected_delta": 421,
    "actions_sent_externally_delta": 0,
    "real_landing_visits_delta": 0,
    "real_revenue_delta": 0.0
  },
  "NEXT_ACTION": "PUBLISH_TECHNICAL_CONTENT",
  "STATUSES": {
    "TELEMETRY_INTEGRITY": "PASS",
    "EXTERNAL_ACTION_PROOF": "PASS",
    "TIER_ACCOUNTING": "PASS",
    "CHANNEL_ACCOUNTING": "PASS",
    "ENGINE_EXECUTION": "PASS",
    "ADAPTIVE_FILTER": "PASS",
    "NO_IDLE": "PASS",
    "NO_REPEAT": "PASS",
    "EXPOSURE_BUDGET": "PASS",
    "MULTICHANNEL_ACTIVITY": "PASS",
    "MULTICHANNEL_ROTATION": "PASS",
    "REAL_HUMAN_INTEREST": "PENDING",
    "REAL_REVENUE": "PENDING",
    "FINAL_VERDICT": "READY_FOR_24H_LOOP"
  }
}
Sleeping 15 minutes (900s)...

[2026-09-03T09:46:24.877298+00:00] Executed Cycle #616 (cyc_ecdab255)
{
  "timestamp": "2026-09-03T09:46:24.877298+00:00",
  "cycle_id": "cyc_ecdab255",
  "OPERATING_MODE": "DISCOVERY_AND_DRAFT_ONLY",
  "EXTERNAL_PUBLICATION_ATTEMPTED": false,
  "OUTREACH_SAFETY": {
    "operating_mode": "DISCOVERY_AND_DRAFT_ONLY",
    "allow_external_publication": false,
    "external_publication_allowed": false,
    "external_publication_attempted": false,
    "block_reason": "EXTERNAL_PUBLICATION_REQUIRES_EXPLICIT_APPROVAL"
  },
  "PROSPECT_PIPELINE": {
    "prospects_discovered": 421,
    "prospects_eligible": 67,
    "blocked_self_target": 29,
    "blocked_duplicate": 252,
    "pending_source_verification": 0,
    "template_or_synthetic": 10,
    "internal_or_self": 29,
    "local_drafts_created": 67,
    "valid_human_approvable_drafts": 5,
    "invalidated_drafts_historical": 295,
    "github_live_search_enabled": true,
    "github_api_requests_made_current_cycle": 1,
    "github_api_results_received_current_cycle": 30,
    "github_http_200_responses_current_cycle": 1,
    "github_external_sources_verified_current_cycle": 10,
    "github_drafts_created_current_cycle": 67,
    "github_api_error_current_cycle": null,
    "github_api_rate_limit_status_current_cycle": {
      "remaining": 29,
      "limit": 30,
      "reset": "1788428845",
      "http_status": 200
    },
    "github_self_targets_blocked": 23,
    "github_duplicates_blocked": 0,
    "github_low_relevance_blocked": 21,
    "human_approval_required": true,
    "external_publications": 0,
    "external_publication_attempted": false
  },
  "SESSION": {
    "session_id": "sess_20260826_000957_11e9b0",
    "session_start_utc": "2026-08-26T00:09:57.414562+00:00",
    "elapsed_hours": 201.6076
  },
  "RUNTIME": {
    "cycles": 616,
    "successful_cycles": 616,
    "failed_cycles": 0,
    "idle_cycles": 0
  },
  "CYCLE": {
    "cycle_id": "cyc_ecdab255",
    "timestamp": "2026-09-03T09:46:24.877298+00:00",
    "productive_action": "PUBLISH_TECHNICAL_CONTENT",
    "productive_action_status": "SUCCESS"
  },
  "OPPORTUNITIES": {
    "opportunities_evaluated": 90,
    "targets_selected": 421,
    "tier_a_targets": 0,
    "tier_b_targets": 67,
    "tier_c_targets": 354
  },
  "ACTIONS": {
    "actions_attempted": 67,
    "actions_generated_locally": -287,
    "actions_sent_externally": 0,
    "publications_confirmed": 0,
    "action_failures": 0,
    "blocked_actions": 354
  },
  "CHANNEL TELEMETRY": {
    "channels_evaluated": 9,
    "channels_with_targets": 9,
    "channels_with_actions": 0,
    "channels_with_publications": 0,
    "channels_blocked": 0,
    "channel_diversity_score": 0.0,
    "per_channel": {
      "GITHUB": {
        "opportunities_evaluated": 10,
        "targets_selected": 189,
        "actions_attempted": 189,
        "actions_generated_locally": 67,
        "actions_sent_externally": 0,
        "publications_confirmed": 0,
        "failures": 0,
        "blocked": 122
      },
      "REDDIT": {
        "opportunities_evaluated": 10,
        "targets_selected": 29,
        "actions_attempted": 29,
        "actions_generated_locally": 0,
        "actions_sent_externally": 0,
        "publications_confirmed": 0,
        "failures": 0,
        "blocked": 29
      },
      "QUANTCONNECT": {
        "opportunities_evaluated": 10,
        "targets_selected": 29,
        "actions_attempted": 29,
        "actions_generated_locally": 0,
        "actions_sent_externally": 0,
        "publications_confirmed": 0,
        "failures": 0,
        "blocked": 29
      },
      "SEO": {
        "opportunities_evaluated": 10,
        "targets_selected": 29,
        "actions_attempted": 29,
        "actions_generated_locally": 0,
        "actions_sent_externally": 0,
        "publications_confirmed": 0,
        "failures": 0,
        "blocked": 29
      },
      "TECHNICAL_COMMUNITIES": {
        "opportunities_evaluated": 10,
        "targets_selected": 29,
        "actions_attempted": 29,
        "actions_generated_locally": 0,
        "actions_sent_externally": 0,
        "publications_confirmed": 0,
        "failures": 0,
        "blocked": 29
      },
      "DEVELOPER_FORUMS": {
        "opportunities_evaluated": 10,
        "targets_selected": 29,
        "actions_attempted": 29,
        "actions_generated_locally": 0,
        "actions_sent_externally": 0,
        "publications_confirmed": 0,
        "failures": 0,
        "blocked": 29
      },
      "B2B_DIRECTORIES": {
        "opportunities_evaluated": 10,
        "targets_selected": 29,
        "actions_attempted": 29,
        "actions_generated_locally": 0,
        "actions_sent_externally": 0,
        "publications_confirmed": 0,
        "failures": 0,
        "blocked": 29
      },
      "MARKETPLACES": {
        "opportunities_evaluated": 10,
        "targets_selected": 29,
        "actions_attempted": 29,
        "actions_generated_locally": 0,
        "actions_sent_externally": 0,
        "publications_confirmed": 0,
        "failures": 0,
        "blocked": 29
      },
      "CONTENT_DISCOVERY": {
        "opportunities_evaluated": 10,
        "targets_selected": 29,
        "actions_attempted": 29,
        "actions_generated_locally": 0,
        "actions_sent_externally": 0,
        "publications_confirmed": 0,
        "failures": 0,
        "blocked": 29
      }
    }
  },
  "REAL FUNNEL": {
    "human_replies": 0,
    "real_landing_visits": 0,
    "real_quiz_starts": 0,
    "real_emails": 0,
    "real_checkouts": 0,
    "real_payments": 0,
    "real_revenue_usd": 0,
    "real_audits": 0,
    "real_certificates": 0,
    "real_customer_emails": 0
  },
  "INTEGRITY": {
    "telemetry_inconsistencies_detected": 0,
    "telemetry_inconsistencies_corrected": 1,
    "synthetic_events": 0,
    "owner_internal_events": 0,
    "historical_events": 231
  },
  "OUTREACH": {
    "opportunities_evaluated": 90,
    "tier_a_targets": 0,
    "tier_b_targets": 67,
    "tier_c_targets": 354,
    "action_attempts": 67,
    "actions_successful": 0,
    "publications_created": 0,
    "blocked_actions": 354
  },
  "CHANNELS": {
    "channels_evaluated": 9,
    "channels_with_targets": 9,
    "channels_with_actions": 0,
    "channels_with_publications": 0,
    "channels_blocked": 0,
    "channel_diversity_score": 0.0
  },
  "RISK": {
    "duplicate_blocks": 252,
    "cooldown_blocks": 0,
    "relevance_blocks": 21,
    "promotion_risk_blocks": 0,
    "exposure_budget_blocks": 0
  },
  "ENGAGEMENT": {
    "human_replies": 0,
    "real_landing_visits": 0,
    "real_quiz_starts": 0,
    "real_emails": 0,
    "real_checkouts": 0
  },
  "REVENUE": {
    "real_payments": 0,
    "real_revenue_usd": 0,
    "revenue_usd": 0
  },
  "DELIVERY": {
    "real_audits": 0,
    "real_certificates": 0,
    "real_emails_delivered": 0
  },
  "HISTORICAL / INTERNAL": {
    "historical_audits": 231,
    "historical_certificates": 231,
    "historical_internal_emails": 231,
    "historical_test_payments": 1
  },
  "ANTI-IDLE": {
    "productive_cycles": 616,
    "idle_cycles": 0,
    "idle_cycle": false,
    "fallback_actions": 1
  },
  "DELTA": {
    "opportunities_evaluated_delta": 90,
    "targets_selected_delta": 421,
    "actions_sent_externally_delta": 0,
    "real_landing_visits_delta": 0,
    "real_revenue_delta": 0.0
  },
  "NEXT_ACTION": "PUBLISH_TECHNICAL_CONTENT",
  "STATUSES": {
    "TELEMETRY_INTEGRITY": "PASS",
    "EXTERNAL_ACTION_PROOF": "PASS",
    "TIER_ACCOUNTING": "PASS",
    "CHANNEL_ACCOUNTING": "PASS",
    "ENGINE_EXECUTION": "PASS",
    "ADAPTIVE_FILTER": "PASS",
    "NO_IDLE": "PASS",
    "NO_REPEAT": "PASS",
    "EXPOSURE_BUDGET": "PASS",
    "MULTICHANNEL_ACTIVITY": "PASS",
    "MULTICHANNEL_ROTATION": "PASS",
    "REAL_HUMAN_INTEREST": "PENDING",
    "REAL_REVENUE": "PENDING",
    "FINAL_VERDICT": "READY_FOR_24H_LOOP"
  }
}
Sleeping 15 minutes (900s)...

[2026-09-03T10:01:27.156281+00:00] Executed Cycle #617 (cyc_cf10874f)
{
  "timestamp": "2026-09-03T10:01:27.156281+00:00",
  "cycle_id": "cyc_cf10874f",
  "OPERATING_MODE": "DISCOVERY_AND_DRAFT_ONLY",
  "EXTERNAL_PUBLICATION_ATTEMPTED": false,
  "OUTREACH_SAFETY": {
    "operating_mode": "DISCOVERY_AND_DRAFT_ONLY",
    "allow_external_publication": false,
    "external_publication_allowed": false,
    "external_publication_attempted": false,
    "block_reason": "EXTERNAL_PUBLICATION_REQUIRES_EXPLICIT_APPROVAL"
  },
  "PROSPECT_PIPELINE": {
    "prospects_discovered": 421,
    "prospects_eligible": 67,
    "blocked_self_target": 29,
    "blocked_duplicate": 252,
    "pending_source_verification": 0,
    "template_or_synthetic": 10,
    "internal_or_self": 29,
    "local_drafts_created": 67,
    "valid_human_approvable_drafts": 5,
    "invalidated_drafts_historical": 295,
    "github_live_search_enabled": true,
    "github_api_requests_made_current_cycle": 1,
    "github_api_results_received_current_cycle": 5,
    "github_http_200_responses_current_cycle": 1,
    "github_external_sources_verified_current_cycle": 4,
    "github_drafts_created_current_cycle": 67,
    "github_api_error_current_cycle": null,
    "github_api_rate_limit_status_current_cycle": {
      "remaining": 29,
      "limit": 30,
      "reset": "1788429747",
      "http_status": 200
    },
    "github_self_targets_blocked": 23,
    "github_duplicates_blocked": 0,
    "github_low_relevance_blocked": 21,
    "human_approval_required": true,
    "external_publications": 0,
    "external_publication_attempted": false
  },
  "SESSION": {
    "session_id": "sess_20260826_000957_11e9b0",
    "session_start_utc": "2026-08-26T00:09:57.414562+00:00",
    "elapsed_hours": 201.8583
  },
  "RUNTIME": {
    "cycles": 617,
    "successful_cycles": 617,
    "failed_cycles": 0,
    "idle_cycles": 0
  },
  "CYCLE": {
    "cycle_id": "cyc_cf10874f",
    "timestamp": "2026-09-03T10:01:27.156281+00:00",
    "productive_action": "PUBLISH_TECHNICAL_CONTENT",
    "productive_action_status": "SUCCESS"
  },
  "OPPORTUNITIES": {
    "opportunities_evaluated": 90,
    "targets_selected": 421,
    "tier_a_targets": 0,
    "tier_b_targets": 67,
    "tier_c_targets": 354
  },
  "ACTIONS": {
    "actions_attempted": 67,
    "actions_generated_locally": -287,
    "actions_sent_externally": 0,
    "publications_confirmed": 0,
    "action_failures": 0,
    "blocked_actions": 354
  },
  "CHANNEL TELEMETRY": {
    "channels_evaluated": 9,
    "channels_with_targets": 9,
    "channels_with_actions": 0,
    "channels_with_publications": 0,
    "channels_blocked": 0,
    "channel_diversity_score": 0.0,
    "per_channel": {
      "GITHUB": {
        "opportunities_evaluated": 10,
        "targets_selected": 189,
        "actions_attempted": 189,
        "actions_generated_locally": 67,
        "actions_sent_externally": 0,
        "publications_confirmed": 0,
        "failures": 0,
        "blocked": 122
      },
      "REDDIT": {
        "opportunities_evaluated": 10,
        "targets_selected": 29,
        "actions_attempted": 29,
        "actions_generated_locally": 0,
        "actions_sent_externally": 0,
        "publications_confirmed": 0,
        "failures": 0,
        "blocked": 29
      },
      "QUANTCONNECT": {
        "opportunities_evaluated": 10,
        "targets_selected": 29,
        "actions_attempted": 29,
        "actions_generated_locally": 0,
        "actions_sent_externally": 0,
        "publications_confirmed": 0,
        "failures": 0,
        "blocked": 29
      },
      "SEO": {
        "opportunities_evaluated": 10,
        "targets_selected": 29,
        "actions_attempted": 29,
        "actions_generated_locally": 0,
        "actions_sent_externally": 0,
        "publications_confirmed": 0,
        "failures": 0,
        "blocked": 29
      },
      "TECHNICAL_COMMUNITIES": {
        "opportunities_evaluated": 10,
        "targets_selected": 29,
        "actions_attempted": 29,
        "actions_generated_locally": 0,
        "actions_sent_externally": 0,
        "publications_confirmed": 0,
        "failures": 0,
        "blocked": 29
      },
      "DEVELOPER_FORUMS": {
        "opportunities_evaluated": 10,
        "targets_selected": 29,
        "actions_attempted": 29,
        "actions_generated_locally": 0,
        "actions_sent_externally": 0,
        "publications_confirmed": 0,
        "failures": 0,
        "blocked": 29
      },
      "B2B_DIRECTORIES": {
        "opportunities_evaluated": 10,
        "targets_selected": 29,
        "actions_attempted": 29,
        "actions_generated_locally": 0,
        "actions_sent_externally": 0,
        "publications_confirmed": 0,
        "failures": 0,
        "blocked": 29
      },
      "MARKETPLACES": {
        "opportunities_evaluated": 10,
        "targets_selected": 29,
        "actions_attempted": 29,
        "actions_generated_locally": 0,
        "actions_sent_externally": 0,
        "publications_confirmed": 0,
        "failures": 0,
        "blocked": 29
      },
      "CONTENT_DISCOVERY": {
        "opportunities_evaluated": 10,
        "targets_selected": 29,
        "actions_attempted": 29,
        "actions_generated_locally": 0,
        "actions_sent_externally": 0,
        "publications_confirmed": 0,
        "failures": 0,
        "blocked": 29
      }
    }
  },
  "REAL FUNNEL": {
    "human_replies": 0,
    "real_landing_visits": 0,
    "real_quiz_starts": 0,
    "real_emails": 0,
    "real_checkouts": 0,
    "real_payments": 0,
    "real_revenue_usd": 0,
    "real_audits": 0,
    "real_certificates": 0,
    "real_customer_emails": 0
  },
  "INTEGRITY": {
    "telemetry_inconsistencies_detected": 0,
    "telemetry_inconsistencies_corrected": 1,
    "synthetic_events": 0,
    "owner_internal_events": 0,
    "historical_events": 231
  },
  "OUTREACH": {
    "opportunities_evaluated": 90,
    "tier_a_targets": 0,
    "tier_b_targets": 67,
    "tier_c_targets": 354,
    "action_attempts": 67,
    "actions_successful": 0,
    "publications_created": 0,
    "blocked_actions": 354
  },
  "CHANNELS": {
    "channels_evaluated": 9,
    "channels_with_targets": 9,
    "channels_with_actions": 0,
    "channels_with_publications": 0,
    "channels_blocked": 0,
    "channel_diversity_score": 0.0
  },
  "RISK": {
    "duplicate_blocks": 252,
    "cooldown_blocks": 0,
    "relevance_blocks": 21,
    "promotion_risk_blocks": 0,
    "exposure_budget_blocks": 0
  },
  "ENGAGEMENT": {
    "human_replies": 0,
    "real_landing_visits": 0,
    "real_quiz_starts": 0,
    "real_emails": 0,
    "real_checkouts": 0
  },
  "REVENUE": {
    "real_payments": 0,
    "real_revenue_usd": 0,
    "revenue_usd": 0
  },
  "DELIVERY": {
    "real_audits": 0,
    "real_certificates": 0,
    "real_emails_delivered": 0
  },
  "HISTORICAL / INTERNAL": {
    "historical_audits": 231,
    "historical_certificates": 231,
    "historical_internal_emails": 231,
    "historical_test_payments": 1
  },
  "ANTI-IDLE": {
    "productive_cycles": 617,
    "idle_cycles": 0,
    "idle_cycle": false,
    "fallback_actions": 1
  },
  "DELTA": {
    "opportunities_evaluated_delta": 90,
    "targets_selected_delta": 421,
    "actions_sent_externally_delta": 0,
    "real_landing_visits_delta": 0,
    "real_revenue_delta": 0.0
  },
  "NEXT_ACTION": "PUBLISH_TECHNICAL_CONTENT",
  "STATUSES": {
    "TELEMETRY_INTEGRITY": "PASS",
    "EXTERNAL_ACTION_PROOF": "PASS",
    "TIER_ACCOUNTING": "PASS",
    "CHANNEL_ACCOUNTING": "PASS",
    "ENGINE_EXECUTION": "PASS",
    "ADAPTIVE_FILTER": "PASS",
    "NO_IDLE": "PASS",
    "NO_REPEAT": "PASS",
    "EXPOSURE_BUDGET": "PASS",
    "MULTICHANNEL_ACTIVITY": "PASS",
    "MULTICHANNEL_ROTATION": "PASS",
    "REAL_HUMAN_INTEREST": "PENDING",
    "REAL_REVENUE": "PENDING",
    "FINAL_VERDICT": "READY_FOR_24H_LOOP"
  }
}
Sleeping 15 minutes (900s)...

[2026-09-03T10:16:28.877101+00:00] Executed Cycle #618 (cyc_e4eeeaf0)
{
  "timestamp": "2026-09-03T10:16:28.877101+00:00",
  "cycle_id": "cyc_e4eeeaf0",
  "OPERATING_MODE": "DISCOVERY_AND_DRAFT_ONLY",
  "EXTERNAL_PUBLICATION_ATTEMPTED": false,
  "OUTREACH_SAFETY": {
    "operating_mode": "DISCOVERY_AND_DRAFT_ONLY",
    "allow_external_publication": false,
    "external_publication_allowed": false,
    "external_publication_attempted": false,
    "block_reason": "EXTERNAL_PUBLICATION_REQUIRES_EXPLICIT_APPROVAL"
  },
  "PROSPECT_PIPELINE": {
    "prospects_discovered": 421,
    "prospects_eligible": 67,
    "blocked_self_target": 29,
    "blocked_duplicate": 252,
    "pending_source_verification": 0,
    "template_or_synthetic": 10,
    "internal_or_self": 29,
    "local_drafts_created": 67,
    "valid_human_approvable_drafts": 5,
    "invalidated_drafts_historical": 295,
    "github_live_search_enabled": true,
    "github_api_requests_made_current_cycle": 1,
    "github_api_results_received_current_cycle": 30,
    "github_http_200_responses_current_cycle": 1,
    "github_external_sources_verified_current_cycle": 10,
    "github_drafts_created_current_cycle": 67,
    "github_api_error_current_cycle": null,
    "github_api_rate_limit_status_current_cycle": {
      "remaining": 29,
      "limit": 30,
      "reset": "1788430649",
      "http_status": 200
    },
    "github_self_targets_blocked": 24,
    "github_duplicates_blocked": 0,
    "github_low_relevance_blocked": 21,
    "human_approval_required": true,
    "external_publications": 0,
    "external_publication_attempted": false
  },
  "SESSION": {
    "session_id": "sess_20260826_000957_11e9b0",
    "session_start_utc": "2026-08-26T00:09:57.414562+00:00",
    "elapsed_hours": 202.1087
  },
  "RUNTIME": {
    "cycles": 618,
    "successful_cycles": 618,
    "failed_cycles": 0,
    "idle_cycles": 0
  },
  "CYCLE": {
    "cycle_id": "cyc_e4eeeaf0",
    "timestamp": "2026-09-03T10:16:28.877101+00:00",
    "productive_action": "PUBLISH_TECHNICAL_CONTENT",
    "productive_action_status": "SUCCESS"
  },
  "OPPORTUNITIES": {
    "opportunities_evaluated": 90,
    "targets_selected": 421,
    "tier_a_targets": 0,
    "tier_b_targets": 67,
    "tier_c_targets": 354
  },
  "ACTIONS": {
    "actions_attempted": 67,
    "actions_generated_locally": -287,
    "actions_sent_externally": 0,
    "publications_confirmed": 0,
    "action_failures": 0,
    "blocked_actions": 354
  },
  "CHANNEL TELEMETRY": {
    "channels_evaluated": 9,
    "channels_with_targets": 9,
    "channels_with_actions": 0,
    "channels_with_publications": 0,
    "channels_blocked": 0,
    "channel_diversity_score": 0.0,
    "per_channel": {
      "GITHUB": {
        "opportunities_evaluated": 10,
        "targets_selected": 189,
        "actions_attempted": 189,
        "actions_generated_locally": 67,
        "actions_sent_externally": 0,
        "publications_confirmed": 0,
        "failures": 0,
        "blocked": 122
      },
      "REDDIT": {
        "opportunities_evaluated": 10,
        "targets_selected": 29,
        "actions_attempted": 29,
        "actions_generated_locally": 0,
        "actions_sent_externally": 0,
        "publications_confirmed": 0,
        "failures": 0,
        "blocked": 29
      },
      "QUANTCONNECT": {
        "opportunities_evaluated": 10,
        "targets_selected": 29,
        "actions_attempted": 29,
        "actions_generated_locally": 0,
        "actions_sent_externally": 0,
        "publications_confirmed": 0,
        "failures": 0,
        "blocked": 29
      },
      "SEO": {
        "opportunities_evaluated": 10,
        "targets_selected": 29,
        "actions_attempted": 29,
        "actions_generated_locally": 0,
        "actions_sent_externally": 0,
        "publications_confirmed": 0,
        "failures": 0,
        "blocked": 29
      },
      "TECHNICAL_COMMUNITIES": {
        "opportunities_evaluated": 10,
        "targets_selected": 29,
        "actions_attempted": 29,
        "actions_generated_locally": 0,
        "actions_sent_externally": 0,
        "publications_confirmed": 0,
        "failures": 0,
        "blocked": 29
      },
      "DEVELOPER_FORUMS": {
        "opportunities_evaluated": 10,
        "targets_selected": 29,
        "actions_attempted": 29,
        "actions_generated_locally": 0,
        "actions_sent_externally": 0,
        "publications_confirmed": 0,
        "failures": 0,
        "blocked": 29
      },
      "B2B_DIRECTORIES": {
        "opportunities_evaluated": 10,
        "targets_selected": 29,
        "actions_attempted": 29,
        "actions_generated_locally": 0,
        "actions_sent_externally": 0,
        "publications_confirmed": 0,
        "failures": 0,
        "blocked": 29
      },
      "MARKETPLACES": {
        "opportunities_evaluated": 10,
        "targets_selected": 29,
        "actions_attempted": 29,
        "actions_generated_locally": 0,
        "actions_sent_externally": 0,
        "publications_confirmed": 0,
        "failures": 0,
        "blocked": 29
      },
      "CONTENT_DISCOVERY": {
        "opportunities_evaluated": 10,
        "targets_selected": 29,
        "actions_attempted": 29,
        "actions_generated_locally": 0,
        "actions_sent_externally": 0,
        "publications_confirmed": 0,
        "failures": 0,
        "blocked": 29
      }
    }
  },
  "REAL FUNNEL": {
    "human_replies": 0,
    "real_landing_visits": 0,
    "real_quiz_starts": 0,
    "real_emails": 0,
    "real_checkouts": 0,
    "real_payments": 0,
    "real_revenue_usd": 0,
    "real_audits": 0,
    "real_certificates": 0,
    "real_customer_emails": 0
  },
  "INTEGRITY": {
    "telemetry_inconsistencies_detected": 0,
    "telemetry_inconsistencies_corrected": 1,
    "synthetic_events": 0,
    "owner_internal_events": 0,
    "historical_events": 231
  },
  "OUTREACH": {
    "opportunities_evaluated": 90,
    "tier_a_targets": 0,
    "tier_b_targets": 67,
    "tier_c_targets": 354,
    "action_attempts": 67,
    "actions_successful": 0,
    "publications_created": 0,
    "blocked_actions": 354
  },
  "CHANNELS": {
    "channels_evaluated": 9,
    "channels_with_targets": 9,
    "channels_with_actions": 0,
    "channels_with_publications": 0,
    "channels_blocked": 0,
    "channel_diversity_score": 0.0
  },
  "RISK": {
    "duplicate_blocks": 252,
    "cooldown_blocks": 0,
    "relevance_blocks": 21,
    "promotion_risk_blocks": 0,
    "exposure_budget_blocks": 0
  },
  "ENGAGEMENT": {
    "human_replies": 0,
    "real_landing_visits": 0,
    "real_quiz_starts": 0,
    "real_emails": 0,
    "real_checkouts": 0
  },
  "REVENUE": {
    "real_payments": 0,
    "real_revenue_usd": 0,
    "revenue_usd": 0
  },
  "DELIVERY": {
    "real_audits": 0,
    "real_certificates": 0,
    "real_emails_delivered": 0
  },
  "HISTORICAL / INTERNAL": {
    "historical_audits": 231,
    "historical_certificates": 231,
    "historical_internal_emails": 231,
    "historical_test_payments": 1
  },
  "ANTI-IDLE": {
    "productive_cycles": 618,
    "idle_cycles": 0,
    "idle_cycle": false,
    "fallback_actions": 1
  },
  "DELTA": {
    "opportunities_evaluated_delta": 90,
    "targets_selected_delta": 421,
    "actions_sent_externally_delta": 0,
    "real_landing_visits_delta": 0,
    "real_revenue_delta": 0.0
  },
  "NEXT_ACTION": "PUBLISH_TECHNICAL_CONTENT",
  "STATUSES": {
    "TELEMETRY_INTEGRITY": "PASS",
    "EXTERNAL_ACTION_PROOF": "PASS",
    "TIER_ACCOUNTING": "PASS",
    "CHANNEL_ACCOUNTING": "PASS",
    "ENGINE_EXECUTION": "PASS",
    "ADAPTIVE_FILTER": "PASS",
    "NO_IDLE": "PASS",
    "NO_REPEAT": "PASS",
    "EXPOSURE_BUDGET": "PASS",
    "MULTICHANNEL_ACTIVITY": "PASS",
    "MULTICHANNEL_ROTATION": "PASS",
    "REAL_HUMAN_INTEREST": "PENDING",
    "REAL_REVENUE": "PENDING",
    "FINAL_VERDICT": "READY_FOR_24H_LOOP"
  }
}
Sleeping 15 minutes (900s)...

[2026-09-03T10:31:30.668263+00:00] Executed Cycle #619 (cyc_3750dd20)
{
  "timestamp": "2026-09-03T10:31:30.668263+00:00",
  "cycle_id": "cyc_3750dd20",
  "OPERATING_MODE": "DISCOVERY_AND_DRAFT_ONLY",
  "EXTERNAL_PUBLICATION_ATTEMPTED": false,
  "OUTREACH_SAFETY": {
    "operating_mode": "DISCOVERY_AND_DRAFT_ONLY",
    "allow_external_publication": false,
    "external_publication_allowed": false,
    "external_publication_attempted": false,
    "block_reason": "EXTERNAL_PUBLICATION_REQUIRES_EXPLICIT_APPROVAL"
  },
  "PROSPECT_PIPELINE": {
    "prospects_discovered": 422,
    "prospects_eligible": 67,
    "blocked_self_target": 29,
    "blocked_duplicate": 252,
    "pending_source_verification": 0,
    "template_or_synthetic": 10,
    "internal_or_self": 29,
    "local_drafts_created": 67,
    "valid_human_approvable_drafts": 5,
    "invalidated_drafts_historical": 295,
    "github_live_search_enabled": true,
    "github_api_requests_made_current_cycle": 1,
    "github_api_results_received_current_cycle": 30,
    "github_http_200_responses_current_cycle": 1,
    "github_external_sources_verified_current_cycle": 10,
    "github_drafts_created_current_cycle": 67,
    "github_api_error_current_cycle": null,
    "github_api_rate_limit_status_current_cycle": {
      "remaining": 29,
      "limit": 30,
      "reset": "1788431551",
      "http_status": 200
    },
    "github_self_targets_blocked": 24,
    "github_duplicates_blocked": 0,
    "github_low_relevance_blocked": 22,
    "human_approval_required": true,
    "external_publications": 0,
    "external_publication_attempted": false
  },
  "SESSION": {
    "session_id": "sess_20260826_000957_11e9b0",
    "session_start_utc": "2026-08-26T00:09:57.414562+00:00",
    "elapsed_hours": 202.3592
  },
  "RUNTIME": {
    "cycles": 619,
    "successful_cycles": 619,
    "failed_cycles": 0,
    "idle_cycles": 0
  },
  "CYCLE": {
    "cycle_id": "cyc_3750dd20",
    "timestamp": "2026-09-03T10:31:30.668263+00:00",
    "productive_action": "PUBLISH_TECHNICAL_CONTENT",
    "productive_action_status": "SUCCESS"
  },
  "OPPORTUNITIES": {
    "opportunities_evaluated": 90,
    "targets_selected": 422,
    "tier_a_targets": 0,
    "tier_b_targets": 67,
    "tier_c_targets": 355
  },
  "ACTIONS": {
    "actions_attempted": 67,
    "actions_generated_locally": -288,
    "actions_sent_externally": 0,
    "publications_confirmed": 0,
    "action_failures": 0,
    "blocked_actions": 355
  },
  "CHANNEL TELEMETRY": {
    "channels_evaluated": 9,
    "channels_with_targets": 9,
    "channels_with_actions": 0,
    "channels_with_publications": 0,
    "channels_blocked": 0,
    "channel_diversity_score": 0.0,
    "per_channel": {
      "GITHUB": {
        "opportunities_evaluated": 10,
        "targets_selected": 190,
        "actions_attempted": 190,
        "actions_generated_locally": 67,
        "actions_sent_externally": 0,
        "publications_confirmed": 0,
        "failures": 0,
        "blocked": 123
      },
      "REDDIT": {
        "opportunities_evaluated": 10,
        "targets_selected": 29,
        "actions_attempted": 29,
        "actions_generated_locally": 0,
        "actions_sent_externally": 0,
        "publications_confirmed": 0,
        "failures": 0,
        "blocked": 29
      },
      "QUANTCONNECT": {
        "opportunities_evaluated": 10,
        "targets_selected": 29,
        "actions_attempted": 29,
        "actions_generated_locally": 0,
        "actions_sent_externally": 0,
        "publications_confirmed": 0,
        "failures": 0,
        "blocked": 29
      },
      "SEO": {
        "opportunities_evaluated": 10,
        "targets_selected": 29,
        "actions_attempted": 29,
        "actions_generated_locally": 0,
        "actions_sent_externally": 0,
        "publications_confirmed": 0,
        "failures": 0,
        "blocked": 29
      },
      "TECHNICAL_COMMUNITIES": {
        "opportunities_evaluated": 10,
        "targets_selected": 29,
        "actions_attempted": 29,
        "actions_generated_locally": 0,
        "actions_sent_externally": 0,
        "publications_confirmed": 0,
        "failures": 0,
        "blocked": 29
      },
      "DEVELOPER_FORUMS": {
        "opportunities_evaluated": 10,
        "targets_selected": 29,
        "actions_attempted": 29,
        "actions_generated_locally": 0,
        "actions_sent_externally": 0,
        "publications_confirmed": 0,
        "failures": 0,
        "blocked": 29
      },
      "B2B_DIRECTORIES": {
        "opportunities_evaluated": 10,
        "targets_selected": 29,
        "actions_attempted": 29,
        "actions_generated_locally": 0,
        "actions_sent_externally": 0,
        "publications_confirmed": 0,
        "failures": 0,
        "blocked": 29
      },
      "MARKETPLACES": {
        "opportunities_evaluated": 10,
        "targets_selected": 29,
        "actions_attempted": 29,
        "actions_generated_locally": 0,
        "actions_sent_externally": 0,
        "publications_confirmed": 0,
        "failures": 0,
        "blocked": 29
      },
      "CONTENT_DISCOVERY": {
        "opportunities_evaluated": 10,
        "targets_selected": 29,
        "actions_attempted": 29,
        "actions_generated_locally": 0,
        "actions_sent_externally": 0,
        "publications_confirmed": 0,
        "failures": 0,
        "blocked": 29
      }
    }
  },
  "REAL FUNNEL": {
    "human_replies": 0,
    "real_landing_visits": 0,
    "real_quiz_starts": 0,
    "real_emails": 0,
    "real_checkouts": 0,
    "real_payments": 0,
    "real_revenue_usd": 0,
    "real_audits": 0,
    "real_certificates": 0,
    "real_customer_emails": 0
  },
  "INTEGRITY": {
    "telemetry_inconsistencies_detected": 0,
    "telemetry_inconsistencies_corrected": 1,
    "synthetic_events": 0,
    "owner_internal_events": 0,
    "historical_events": 231
  },
  "OUTREACH": {
    "opportunities_evaluated": 90,
    "tier_a_targets": 0,
    "tier_b_targets": 67,
    "tier_c_targets": 355,
    "action_attempts": 67,
    "actions_successful": 0,
    "publications_created": 0,
    "blocked_actions": 355
  },
  "CHANNELS": {
    "channels_evaluated": 9,
    "channels_with_targets": 9,
    "channels_with_actions": 0,
    "channels_with_publications": 0,
    "channels_blocked": 0,
    "channel_diversity_score": 0.0
  },
  "RISK": {
    "duplicate_blocks": 252,
    "cooldown_blocks": 0,
    "relevance_blocks": 22,
    "promotion_risk_blocks": 0,
    "exposure_budget_blocks": 0
  },
  "ENGAGEMENT": {
    "human_replies": 0,
    "real_landing_visits": 0,
    "real_quiz_starts": 0,
    "real_emails": 0,
    "real_checkouts": 0
  },
  "REVENUE": {
    "real_payments": 0,
    "real_revenue_usd": 0,
    "revenue_usd": 0
  },
  "DELIVERY": {
    "real_audits": 0,
    "real_certificates": 0,
    "real_emails_delivered": 0
  },
  "HISTORICAL / INTERNAL": {
    "historical_audits": 231,
    "historical_certificates": 231,
    "historical_internal_emails": 231,
    "historical_test_payments": 1
  },
  "ANTI-IDLE": {
    "productive_cycles": 619,
    "idle_cycles": 0,
    "idle_cycle": false,
    "fallback_actions": 1
  },
  "DELTA": {
    "opportunities_evaluated_delta": 90,
    "targets_selected_delta": 422,
    "actions_sent_externally_delta": 0,
    "real_landing_visits_delta": 0,
    "real_revenue_delta": 0.0
  },
  "NEXT_ACTION": "PUBLISH_TECHNICAL_CONTENT",
  "STATUSES": {
    "TELEMETRY_INTEGRITY": "PASS",
    "EXTERNAL_ACTION_PROOF": "PASS",
    "TIER_ACCOUNTING": "PASS",
    "CHANNEL_ACCOUNTING": "PASS",
    "ENGINE_EXECUTION": "PASS",
    "ADAPTIVE_FILTER": "PASS",
    "NO_IDLE": "PASS",
    "NO_REPEAT": "PASS",
    "EXPOSURE_BUDGET": "PASS",
    "MULTICHANNEL_ACTIVITY": "PASS",
    "MULTICHANNEL_ROTATION": "PASS",
    "REAL_HUMAN_INTEREST": "PENDING",
    "REAL_REVENUE": "PENDING",
    "FINAL_VERDICT": "READY_FOR_24H_LOOP"
  }
}
Sleeping 15 minutes (900s)...

[2026-09-03T10:46:32.700618+00:00] Executed Cycle #620 (cyc_d83536ff)
{
  "timestamp": "2026-09-03T10:46:32.700618+00:00",
  "cycle_id": "cyc_d83536ff",
  "OPERATING_MODE": "DISCOVERY_AND_DRAFT_ONLY",
  "EXTERNAL_PUBLICATION_ATTEMPTED": false,
  "OUTREACH_SAFETY": {
    "operating_mode": "DISCOVERY_AND_DRAFT_ONLY",
    "allow_external_publication": false,
    "external_publication_allowed": false,
    "external_publication_attempted": false,
    "block_reason": "EXTERNAL_PUBLICATION_REQUIRES_EXPLICIT_APPROVAL"
  },
  "PROSPECT_PIPELINE": {
    "prospects_discovered": 422,
    "prospects_eligible": 67,
    "blocked_self_target": 29,
    "blocked_duplicate": 252,
    "pending_source_verification": 0,
    "template_or_synthetic": 10,
    "internal_or_self": 29,
    "local_drafts_created": 67,
    "valid_human_approvable_drafts": 5,
    "invalidated_drafts_historical": 295,
    "github_live_search_enabled": true,
    "github_api_requests_made_current_cycle": 1,
    "github_api_results_received_current_cycle": 30,
    "github_http_200_responses_current_cycle": 1,
    "github_external_sources_verified_current_cycle": 10,
    "github_drafts_created_current_cycle": 67,
    "github_api_error_current_cycle": null,
    "github_api_rate_limit_status_current_cycle": {
      "remaining": 29,
      "limit": 30,
      "reset": "1788432453",
      "http_status": 200
    },
    "github_self_targets_blocked": 24,
    "github_duplicates_blocked": 0,
    "github_low_relevance_blocked": 22,
    "human_approval_required": true,
    "external_publications": 0,
    "external_publication_attempted": false
  },
  "SESSION": {
    "session_id": "sess_20260826_000957_11e9b0",
    "session_start_utc": "2026-08-26T00:09:57.414562+00:00",
    "elapsed_hours": 202.6098
  },
  "RUNTIME": {
    "cycles": 620,
    "successful_cycles": 620,
    "failed_cycles": 0,
    "idle_cycles": 0
  },
  "CYCLE": {
    "cycle_id": "cyc_d83536ff",
    "timestamp": "2026-09-03T10:46:32.700618+00:00",
    "productive_action": "PUBLISH_TECHNICAL_CONTENT",
    "productive_action_status": "SUCCESS"
  },
  "OPPORTUNITIES": {
    "opportunities_evaluated": 90,
    "targets_selected": 422,
    "tier_a_targets": 0,
    "tier_b_targets": 67,
    "tier_c_targets": 355
  },
  "ACTIONS": {
    "actions_attempted": 67,
    "actions_generated_locally": -288,
    "actions_sent_externally": 0,
    "publications_confirmed": 0,
    "action_failures": 0,
    "blocked_actions": 355
  },
  "CHANNEL TELEMETRY": {
    "channels_evaluated": 9,
    "channels_with_targets": 9,
    "channels_with_actions": 0,
    "channels_with_publications": 0,
    "channels_blocked": 0,
    "channel_diversity_score": 0.0,
    "per_channel": {
      "GITHUB": {
        "opportunities_evaluated": 10,
        "targets_selected": 190,
        "actions_attempted": 190,
        "actions_generated_locally": 67,
        "actions_sent_externally": 0,
        "publications_confirmed": 0,
        "failures": 0,
        "blocked": 123
      },
      "REDDIT": {
        "opportunities_evaluated": 10,
        "targets_selected": 29,
        "actions_attempted": 29,
        "actions_generated_locally": 0,
        "actions_sent_externally": 0,
        "publications_confirmed": 0,
        "failures": 0,
        "blocked": 29
      },
      "QUANTCONNECT": {
        "opportunities_evaluated": 10,
        "targets_selected": 29,
        "actions_attempted": 29,
        "actions_generated_locally": 0,
        "actions_sent_externally": 0,
        "publications_confirmed": 0,
        "failures": 0,
        "blocked": 29
      },
      "SEO": {
        "opportunities_evaluated": 10,
        "targets_selected": 29,
        "actions_attempted": 29,
        "actions_generated_locally": 0,
        "actions_sent_externally": 0,
        "publications_confirmed": 0,
        "failures": 0,
        "blocked": 29
      },
      "TECHNICAL_COMMUNITIES": {
        "opportunities_evaluated": 10,
        "targets_selected": 29,
        "actions_attempted": 29,
        "actions_generated_locally": 0,
        "actions_sent_externally": 0,
        "publications_confirmed": 0,
        "failures": 0,
        "blocked": 29
      },
      "DEVELOPER_FORUMS": {
        "opportunities_evaluated": 10,
        "targets_selected": 29,
        "actions_attempted": 29,
        "actions_generated_locally": 0,
        "actions_sent_externally": 0,
        "publications_confirmed": 0,
        "failures": 0,
        "blocked": 29
      },
      "B2B_DIRECTORIES": {
        "opportunities_evaluated": 10,
        "targets_selected": 29,
        "actions_attempted": 29,
        "actions_generated_locally": 0,
        "actions_sent_externally": 0,
        "publications_confirmed": 0,
        "failures": 0,
        "blocked": 29
      },
      "MARKETPLACES": {
        "opportunities_evaluated": 10,
        "targets_selected": 29,
        "actions_attempted": 29,
        "actions_generated_locally": 0,
        "actions_sent_externally": 0,
        "publications_confirmed": 0,
        "failures": 0,
        "blocked": 29
      },
      "CONTENT_DISCOVERY": {
        "opportunities_evaluated": 10,
        "targets_selected": 29,
        "actions_attempted": 29,
        "actions_generated_locally": 0,
        "actions_sent_externally": 0,
        "publications_confirmed": 0,
        "failures": 0,
        "blocked": 29
      }
    }
  },
  "REAL FUNNEL": {
    "human_replies": 0,
    "real_landing_visits": 0,
    "real_quiz_starts": 0,
    "real_emails": 0,
    "real_checkouts": 0,
    "real_payments": 0,
    "real_revenue_usd": 0,
    "real_audits": 0,
    "real_certificates": 0,
    "real_customer_emails": 0
  },
  "INTEGRITY": {
    "telemetry_inconsistencies_detected": 0,
    "telemetry_inconsistencies_corrected": 1,
    "synthetic_events": 0,
    "owner_internal_events": 0,
    "historical_events": 231
  },
  "OUTREACH": {
    "opportunities_evaluated": 90,
    "tier_a_targets": 0,
    "tier_b_targets": 67,
    "tier_c_targets": 355,
    "action_attempts": 67,
    "actions_successful": 0,
    "publications_created": 0,
    "blocked_actions": 355
  },
  "CHANNELS": {
    "channels_evaluated": 9,
    "channels_with_targets": 9,
    "channels_with_actions": 0,
    "channels_with_publications": 0,
    "channels_blocked": 0,
    "channel_diversity_score": 0.0
  },
  "RISK": {
    "duplicate_blocks": 252,
    "cooldown_blocks": 0,
    "relevance_blocks": 22,
    "promotion_risk_blocks": 0,
    "exposure_budget_blocks": 0
  },
  "ENGAGEMENT": {
    "human_replies": 0,
    "real_landing_visits": 0,
    "real_quiz_starts": 0,
    "real_emails": 0,
    "real_checkouts": 0
  },
  "REVENUE": {
    "real_payments": 0,
    "real_revenue_usd": 0,
    "revenue_usd": 0
  },
  "DELIVERY": {
    "real_audits": 0,
    "real_certificates": 0,
    "real_emails_delivered": 0
  },
  "HISTORICAL / INTERNAL": {
    "historical_audits": 231,
    "historical_certificates": 231,
    "historical_internal_emails": 231,
    "historical_test_payments": 1
  },
  "ANTI-IDLE": {
    "productive_cycles": 620,
    "idle_cycles": 0,
    "idle_cycle": false,
    "fallback_actions": 1
  },
  "DELTA": {
    "opportunities_evaluated_delta": 90,
    "targets_selected_delta": 422,
    "actions_sent_externally_delta": 0,
    "real_landing_visits_delta": 0,
    "real_revenue_delta": 0.0
  },
  "NEXT_ACTION": "PUBLISH_TECHNICAL_CONTENT",
  "STATUSES": {
    "TELEMETRY_INTEGRITY": "PASS",
    "EXTERNAL_ACTION_PROOF": "PASS",
    "TIER_ACCOUNTING": "PASS",
    "CHANNEL_ACCOUNTING": "PASS",
    "ENGINE_EXECUTION": "PASS",
    "ADAPTIVE_FILTER": "PASS",
    "NO_IDLE": "PASS",
    "NO_REPEAT": "PASS",
    "EXPOSURE_BUDGET": "PASS",
    "MULTICHANNEL_ACTIVITY": "PASS",
    "MULTICHANNEL_ROTATION": "PASS",
    "REAL_HUMAN_INTEREST": "PENDING",
    "REAL_REVENUE": "PENDING",
    "FINAL_VERDICT": "READY_FOR_24H_LOOP"
  }
}
Sleeping 15 minutes (900s)...

[2026-09-03T11:01:34.529826+00:00] Executed Cycle #621 (cyc_18d51572)
{
  "timestamp": "2026-09-03T11:01:34.529826+00:00",
  "cycle_id": "cyc_18d51572",
  "OPERATING_MODE": "DISCOVERY_AND_DRAFT_ONLY",
  "EXTERNAL_PUBLICATION_ATTEMPTED": false,
  "OUTREACH_SAFETY": {
    "operating_mode": "DISCOVERY_AND_DRAFT_ONLY",
    "allow_external_publication": false,
    "external_publication_allowed": false,
    "external_publication_attempted": false,
    "block_reason": "EXTERNAL_PUBLICATION_REQUIRES_EXPLICIT_APPROVAL"
  },
  "PROSPECT_PIPELINE": {
    "prospects_discovered": 422,
    "prospects_eligible": 67,
    "blocked_self_target": 29,
    "blocked_duplicate": 252,
    "pending_source_verification": 0,
    "template_or_synthetic": 10,
    "internal_or_self": 29,
    "local_drafts_created": 67,
    "valid_human_approvable_drafts": 5,
    "invalidated_drafts_historical": 295,
    "github_live_search_enabled": true,
    "github_api_requests_made_current_cycle": 1,
    "github_api_results_received_current_cycle": 30,
    "github_http_200_responses_current_cycle": 1,
    "github_external_sources_verified_current_cycle": 10,
    "github_drafts_created_current_cycle": 67,
    "github_api_error_current_cycle": null,
    "github_api_rate_limit_status_current_cycle": {
      "remaining": 29,
      "limit": 30,
      "reset": "1788433354",
      "http_status": 200
    },
    "github_self_targets_blocked": 25,
    "github_duplicates_blocked": 0,
    "github_low_relevance_blocked": 22,
    "human_approval_required": true,
    "external_publications": 0,
    "external_publication_attempted": false
  },
  "SESSION": {
    "session_id": "sess_20260826_000957_11e9b0",
    "session_start_utc": "2026-08-26T00:09:57.414562+00:00",
    "elapsed_hours": 202.8603
  },
  "RUNTIME": {
    "cycles": 621,
    "successful_cycles": 621,
    "failed_cycles": 0,
    "idle_cycles": 0
  },
  "CYCLE": {
    "cycle_id": "cyc_18d51572",
    "timestamp": "2026-09-03T11:01:34.529826+00:00",
    "productive_action": "PUBLISH_TECHNICAL_CONTENT",
    "productive_action_status": "SUCCESS"
  },
  "OPPORTUNITIES": {
    "opportunities_evaluated": 90,
    "targets_selected": 422,
    "tier_a_targets": 0,
    "tier_b_targets": 67,
    "tier_c_targets": 355
  },
  "ACTIONS": {
    "actions_attempted": 67,
    "actions_generated_locally": -288,
    "actions_sent_externally": 0,
    "publications_confirmed": 0,
    "action_failures": 0,
    "blocked_actions": 355
  },
  "CHANNEL TELEMETRY": {
    "channels_evaluated": 9,
    "channels_with_targets": 9,
    "channels_with_actions": 0,
    "channels_with_publications": 0,
    "channels_blocked": 0,
    "channel_diversity_score": 0.0,
    "per_channel": {
      "GITHUB": {
        "opportunities_evaluated": 10,
        "targets_selected": 190,
        "actions_attempted": 190,
        "actions_generated_locally": 67,
        "actions_sent_externally": 0,
        "publications_confirmed": 0,
        "failures": 0,
        "blocked": 123
      },
      "REDDIT": {
        "opportunities_evaluated": 10,
        "targets_selected": 29,
        "actions_attempted": 29,
        "actions_generated_locally": 0,
        "actions_sent_externally": 0,
        "publications_confirmed": 0,
        "failures": 0,
        "blocked": 29
      },
      "QUANTCONNECT": {
        "opportunities_evaluated": 10,
        "targets_selected": 29,
        "actions_attempted": 29,
        "actions_generated_locally": 0,
        "actions_sent_externally": 0,
        "publications_confirmed": 0,
        "failures": 0,
        "blocked": 29
      },
      "SEO": {
        "opportunities_evaluated": 10,
        "targets_selected": 29,
        "actions_attempted": 29,
        "actions_generated_locally": 0,
        "actions_sent_externally": 0,
        "publications_confirmed": 0,
        "failures": 0,
        "blocked": 29
      },
      "TECHNICAL_COMMUNITIES": {
        "opportunities_evaluated": 10,
        "targets_selected": 29,
        "actions_attempted": 29,
        "actions_generated_locally": 0,
        "actions_sent_externally": 0,
        "publications_confirmed": 0,
        "failures": 0,
        "blocked": 29
      },
      "DEVELOPER_FORUMS": {
        "opportunities_evaluated": 10,
        "targets_selected": 29,
        "actions_attempted": 29,
        "actions_generated_locally": 0,
        "actions_sent_externally": 0,
        "publications_confirmed": 0,
        "failures": 0,
        "blocked": 29
      },
      "B2B_DIRECTORIES": {
        "opportunities_evaluated": 10,
        "targets_selected": 29,
        "actions_attempted": 29,
        "actions_generated_locally": 0,
        "actions_sent_externally": 0,
        "publications_confirmed": 0,
        "failures": 0,
        "blocked": 29
      },
      "MARKETPLACES": {
        "opportunities_evaluated": 10,
        "targets_selected": 29,
        "actions_attempted": 29,
        "actions_generated_locally": 0,
        "actions_sent_externally": 0,
        "publications_confirmed": 0,
        "failures": 0,
        "blocked": 29
      },
      "CONTENT_DISCOVERY": {
        "opportunities_evaluated": 10,
        "targets_selected": 29,
        "actions_attempted": 29,
        "actions_generated_locally": 0,
        "actions_sent_externally": 0,
        "publications_confirmed": 0,
        "failures": 0,
        "blocked": 29
      }
    }
  },
  "REAL FUNNEL": {
    "human_replies": 0,
    "real_landing_visits": 0,
    "real_quiz_starts": 0,
    "real_emails": 0,
    "real_checkouts": 0,
    "real_payments": 0,
    "real_revenue_usd": 0,
    "real_audits": 0,
    "real_certificates": 0,
    "real_customer_emails": 0
  },
  "INTEGRITY": {
    "telemetry_inconsistencies_detected": 0,
    "telemetry_inconsistencies_corrected": 1,
    "synthetic_events": 0,
    "owner_internal_events": 0,
    "historical_events": 231
  },
  "OUTREACH": {
    "opportunities_evaluated": 90,
    "tier_a_targets": 0,
    "tier_b_targets": 67,
    "tier_c_targets": 355,
    "action_attempts": 67,
    "actions_successful": 0,
    "publications_created": 0,
    "blocked_actions": 355
  },
  "CHANNELS": {
    "channels_evaluated": 9,
    "channels_with_targets": 9,
    "channels_with_actions": 0,
    "channels_with_publications": 0,
    "channels_blocked": 0,
    "channel_diversity_score": 0.0
  },
  "RISK": {
    "duplicate_blocks": 252,
    "cooldown_blocks": 0,
    "relevance_blocks": 22,
    "promotion_risk_blocks": 0,
    "exposure_budget_blocks": 0
  },
  "ENGAGEMENT": {
    "human_replies": 0,
    "real_landing_visits": 0,
    "real_quiz_starts": 0,
    "real_emails": 0,
    "real_checkouts": 0
  },
  "REVENUE": {
    "real_payments": 0,
    "real_revenue_usd": 0,
    "revenue_usd": 0
  },
  "DELIVERY": {
    "real_audits": 0,
    "real_certificates": 0,
    "real_emails_delivered": 0
  },
  "HISTORICAL / INTERNAL": {
    "historical_audits": 231,
    "historical_certificates": 231,
    "historical_internal_emails": 231,
    "historical_test_payments": 1
  },
  "ANTI-IDLE": {
    "productive_cycles": 621,
    "idle_cycles": 0,
    "idle_cycle": false,
    "fallback_actions": 1
  },
  "DELTA": {
    "opportunities_evaluated_delta": 90,
    "targets_selected_delta": 422,
    "actions_sent_externally_delta": 0,
    "real_landing_visits_delta": 0,
    "real_revenue_delta": 0.0
  },
  "NEXT_ACTION": "PUBLISH_TECHNICAL_CONTENT",
  "STATUSES": {
    "TELEMETRY_INTEGRITY": "PASS",
    "EXTERNAL_ACTION_PROOF": "PASS",
    "TIER_ACCOUNTING": "PASS",
    "CHANNEL_ACCOUNTING": "PASS",
    "ENGINE_EXECUTION": "PASS",
    "ADAPTIVE_FILTER": "PASS",
    "NO_IDLE": "PASS",
    "NO_REPEAT": "PASS",
    "EXPOSURE_BUDGET": "PASS",
    "MULTICHANNEL_ACTIVITY": "PASS",
    "MULTICHANNEL_ROTATION": "PASS",
    "REAL_HUMAN_INTEREST": "PENDING",
    "REAL_REVENUE": "PENDING",
    "FINAL_VERDICT": "READY_FOR_24H_LOOP"
  }
}
Sleeping 15 minutes (900s)...

[2026-09-03T11:16:36.546891+00:00] Executed Cycle #622 (cyc_d0b93956)
{
  "timestamp": "2026-09-03T11:16:36.546891+00:00",
  "cycle_id": "cyc_d0b93956",
  "OPERATING_MODE": "DISCOVERY_AND_DRAFT_ONLY",
  "EXTERNAL_PUBLICATION_ATTEMPTED": false,
  "OUTREACH_SAFETY": {
    "operating_mode": "DISCOVERY_AND_DRAFT_ONLY",
    "allow_external_publication": false,
    "external_publication_allowed": false,
    "external_publication_attempted": false,
    "block_reason": "EXTERNAL_PUBLICATION_REQUIRES_EXPLICIT_APPROVAL"
  },
  "PROSPECT_PIPELINE": {
    "prospects_discovered": 422,
    "prospects_eligible": 67,
    "blocked_self_target": 29,
    "blocked_duplicate": 252,
    "pending_source_verification": 0,
    "template_or_synthetic": 10,
    "internal_or_self": 29,
    "local_drafts_created": 67,
    "valid_human_approvable_drafts": 5,
    "invalidated_drafts_historical": 295,
    "github_live_search_enabled": true,
    "github_api_requests_made_current_cycle": 1,
    "github_api_results_received_current_cycle": 30,
    "github_http_200_responses_current_cycle": 1,
    "github_external_sources_verified_current_cycle": 10,
    "github_drafts_created_current_cycle": 67,
    "github_api_error_current_cycle": null,
    "github_api_rate_limit_status_current_cycle": {
      "remaining": 29,
      "limit": 30,
      "reset": "1788434257",
      "http_status": 200
    },
    "github_self_targets_blocked": 25,
    "github_duplicates_blocked": 0,
    "github_low_relevance_blocked": 22,
    "human_approval_required": true,
    "external_publications": 0,
    "external_publication_attempted": false
  },
  "SESSION": {
    "session_id": "sess_20260826_000957_11e9b0",
    "session_start_utc": "2026-08-26T00:09:57.414562+00:00",
    "elapsed_hours": 203.1109
  },
  "RUNTIME": {
    "cycles": 622,
    "successful_cycles": 622,
    "failed_cycles": 0,
    "idle_cycles": 0
  },
  "CYCLE": {
    "cycle_id": "cyc_d0b93956",
    "timestamp": "2026-09-03T11:16:36.546891+00:00",
    "productive_action": "PUBLISH_TECHNICAL_CONTENT",
    "productive_action_status": "SUCCESS"
  },
  "OPPORTUNITIES": {
    "opportunities_evaluated": 90,
    "targets_selected": 422,
    "tier_a_targets": 0,
    "tier_b_targets": 67,
    "tier_c_targets": 355
  },
  "ACTIONS": {
    "actions_attempted": 67,
    "actions_generated_locally": -288,
    "actions_sent_externally": 0,
    "publications_confirmed": 0,
    "action_failures": 0,
    "blocked_actions": 355
  },
  "CHANNEL TELEMETRY": {
    "channels_evaluated": 9,
    "channels_with_targets": 9,
    "channels_with_actions": 0,
    "channels_with_publications": 0,
    "channels_blocked": 0,
    "channel_diversity_score": 0.0,
    "per_channel": {
      "GITHUB": {
        "opportunities_evaluated": 10,
        "targets_selected": 190,
        "actions_attempted": 190,
        "actions_generated_locally": 67,
        "actions_sent_externally": 0,
        "publications_confirmed": 0,
        "failures": 0,
        "blocked": 123
      },
      "REDDIT": {
        "opportunities_evaluated": 10,
        "targets_selected": 29,
        "actions_attempted": 29,
        "actions_generated_locally": 0,
        "actions_sent_externally": 0,
        "publications_confirmed": 0,
        "failures": 0,
        "blocked": 29
      },
      "QUANTCONNECT": {
        "opportunities_evaluated": 10,
        "targets_selected": 29,
        "actions_attempted": 29,
        "actions_generated_locally": 0,
        "actions_sent_externally": 0,
        "publications_confirmed": 0,
        "failures": 0,
        "blocked": 29
      },
      "SEO": {
        "opportunities_evaluated": 10,
        "targets_selected": 29,
        "actions_attempted": 29,
        "actions_generated_locally": 0,
        "actions_sent_externally": 0,
        "publications_confirmed": 0,
        "failures": 0,
        "blocked": 29
      },
      "TECHNICAL_COMMUNITIES": {
        "opportunities_evaluated": 10,
        "targets_selected": 29,
        "actions_attempted": 29,
        "actions_generated_locally": 0,
        "actions_sent_externally": 0,
        "publications_confirmed": 0,
        "failures": 0,
        "blocked": 29
      },
      "DEVELOPER_FORUMS": {
        "opportunities_evaluated": 10,
        "targets_selected": 29,
        "actions_attempted": 29,
        "actions_generated_locally": 0,
        "actions_sent_externally": 0,
        "publications_confirmed": 0,
        "failures": 0,
        "blocked": 29
      },
      "B2B_DIRECTORIES": {
        "opportunities_evaluated": 10,
        "targets_selected": 29,
        "actions_attempted": 29,
        "actions_generated_locally": 0,
        "actions_sent_externally": 0,
        "publications_confirmed": 0,
        "failures": 0,
        "blocked": 29
      },
      "MARKETPLACES": {
        "opportunities_evaluated": 10,
        "targets_selected": 29,
        "actions_attempted": 29,
        "actions_generated_locally": 0,
        "actions_sent_externally": 0,
        "publications_confirmed": 0,
        "failures": 0,
        "blocked": 29
      },
      "CONTENT_DISCOVERY": {
        "opportunities_evaluated": 10,
        "targets_selected": 29,
        "actions_attempted": 29,
        "actions_generated_locally": 0,
        "actions_sent_externally": 0,
        "publications_confirmed": 0,
        "failures": 0,
        "blocked": 29
      }
    }
  },
  "REAL FUNNEL": {
    "human_replies": 0,
    "real_landing_visits": 0,
    "real_quiz_starts": 0,
    "real_emails": 0,
    "real_checkouts": 0,
    "real_payments": 0,
    "real_revenue_usd": 0,
    "real_audits": 0,
    "real_certificates": 0,
    "real_customer_emails": 0
  },
  "INTEGRITY": {
    "telemetry_inconsistencies_detected": 0,
    "telemetry_inconsistencies_corrected": 1,
    "synthetic_events": 0,
    "owner_internal_events": 0,
    "historical_events": 231
  },
  "OUTREACH": {
    "opportunities_evaluated": 90,
    "tier_a_targets": 0,
    "tier_b_targets": 67,
    "tier_c_targets": 355,
    "action_attempts": 67,
    "actions_successful": 0,
    "publications_created": 0,
    "blocked_actions": 355
  },
  "CHANNELS": {
    "channels_evaluated": 9,
    "channels_with_targets": 9,
    "channels_with_actions": 0,
    "channels_with_publications": 0,
    "channels_blocked": 0,
    "channel_diversity_score": 0.0
  },
  "RISK": {
    "duplicate_blocks": 252,
    "cooldown_blocks": 0,
    "relevance_blocks": 22,
    "promotion_risk_blocks": 0,
    "exposure_budget_blocks": 0
  },
  "ENGAGEMENT": {
    "human_replies": 0,
    "real_landing_visits": 0,
    "real_quiz_starts": 0,
    "real_emails": 0,
    "real_checkouts": 0
  },
  "REVENUE": {
    "real_payments": 0,
    "real_revenue_usd": 0,
    "revenue_usd": 0
  },
  "DELIVERY": {
    "real_audits": 0,
    "real_certificates": 0,
    "real_emails_delivered": 0
  },
  "HISTORICAL / INTERNAL": {
    "historical_audits": 231,
    "historical_certificates": 231,
    "historical_internal_emails": 231,
    "historical_test_payments": 1
  },
  "ANTI-IDLE": {
    "productive_cycles": 622,
    "idle_cycles": 0,
    "idle_cycle": false,
    "fallback_actions": 1
  },
  "DELTA": {
    "opportunities_evaluated_delta": 90,
    "targets_selected_delta": 422,
    "actions_sent_externally_delta": 0,
    "real_landing_visits_delta": 0,
    "real_revenue_delta": 0.0
  },
  "NEXT_ACTION": "PUBLISH_TECHNICAL_CONTENT",
  "STATUSES": {
    "TELEMETRY_INTEGRITY": "PASS",
    "EXTERNAL_ACTION_PROOF": "PASS",
    "TIER_ACCOUNTING": "PASS",
    "CHANNEL_ACCOUNTING": "PASS",
    "ENGINE_EXECUTION": "PASS",
    "ADAPTIVE_FILTER": "PASS",
    "NO_IDLE": "PASS",
    "NO_REPEAT": "PASS",
    "EXPOSURE_BUDGET": "PASS",
    "MULTICHANNEL_ACTIVITY": "PASS",
    "MULTICHANNEL_ROTATION": "PASS",
    "REAL_HUMAN_INTEREST": "PENDING",
    "REAL_REVENUE": "PENDING",
    "FINAL_VERDICT": "READY_FOR_24H_LOOP"
  }
}
Sleeping 15 minutes (900s)...

[2026-09-03T11:31:38.349782+00:00] Executed Cycle #623 (cyc_d587d62b)
{
  "timestamp": "2026-09-03T11:31:38.349782+00:00",
  "cycle_id": "cyc_d587d62b",
  "OPERATING_MODE": "DISCOVERY_AND_DRAFT_ONLY",
  "EXTERNAL_PUBLICATION_ATTEMPTED": false,
  "OUTREACH_SAFETY": {
    "operating_mode": "DISCOVERY_AND_DRAFT_ONLY",
    "allow_external_publication": false,
    "external_publication_allowed": false,
    "external_publication_attempted": false,
    "block_reason": "EXTERNAL_PUBLICATION_REQUIRES_EXPLICIT_APPROVAL"
  },
  "PROSPECT_PIPELINE": {
    "prospects_discovered": 422,
    "prospects_eligible": 67,
    "blocked_self_target": 29,
    "blocked_duplicate": 252,
    "pending_source_verification": 0,
    "template_or_synthetic": 10,
    "internal_or_self": 29,
    "local_drafts_created": 67,
    "valid_human_approvable_drafts": 5,
    "invalidated_drafts_historical": 295,
    "github_live_search_enabled": true,
    "github_api_requests_made_current_cycle": 1,
    "github_api_results_received_current_cycle": 5,
    "github_http_200_responses_current_cycle": 1,
    "github_external_sources_verified_current_cycle": 4,
    "github_drafts_created_current_cycle": 67,
    "github_api_error_current_cycle": null,
    "github_api_rate_limit_status_current_cycle": {
      "remaining": 29,
      "limit": 30,
      "reset": "1788435158",
      "http_status": 200
    },
    "github_self_targets_blocked": 25,
    "github_duplicates_blocked": 0,
    "github_low_relevance_blocked": 22,
    "human_approval_required": true,
    "external_publications": 0,
    "external_publication_attempted": false
  },
  "SESSION": {
    "session_id": "sess_20260826_000957_11e9b0",
    "session_start_utc": "2026-08-26T00:09:57.414562+00:00",
    "elapsed_hours": 203.3614
  },
  "RUNTIME": {
    "cycles": 623,
    "successful_cycles": 623,
    "failed_cycles": 0,
    "idle_cycles": 0
  },
  "CYCLE": {
    "cycle_id": "cyc_d587d62b",
    "timestamp": "2026-09-03T11:31:38.349782+00:00",
    "productive_action": "PUBLISH_TECHNICAL_CONTENT",
    "productive_action_status": "SUCCESS"
  },
  "OPPORTUNITIES": {
    "opportunities_evaluated": 90,
    "targets_selected": 422,
    "tier_a_targets": 0,
    "tier_b_targets": 67,
    "tier_c_targets": 355
  },
  "ACTIONS": {
    "actions_attempted": 67,
    "actions_generated_locally": -288,
    "actions_sent_externally": 0,
    "publications_confirmed": 0,
    "action_failures": 0,
    "blocked_actions": 355
  },
  "CHANNEL TELEMETRY": {
    "channels_evaluated": 9,
    "channels_with_targets": 9,
    "channels_with_actions": 0,
    "channels_with_publications": 0,
    "channels_blocked": 0,
    "channel_diversity_score": 0.0,
    "per_channel": {
      "GITHUB": {
        "opportunities_evaluated": 10,
        "targets_selected": 190,
        "actions_attempted": 190,
        "actions_generated_locally": 67,
        "actions_sent_externally": 0,
        "publications_confirmed": 0,
        "failures": 0,
        "blocked": 123
      },
      "REDDIT": {
        "opportunities_evaluated": 10,
        "targets_selected": 29,
        "actions_attempted": 29,
        "actions_generated_locally": 0,
        "actions_sent_externally": 0,
        "publications_confirmed": 0,
        "failures": 0,
        "blocked": 29
      },
      "QUANTCONNECT": {
        "opportunities_evaluated": 10,
        "targets_selected": 29,
        "actions_attempted": 29,
        "actions_generated_locally": 0,
        "actions_sent_externally": 0,
        "publications_confirmed": 0,
        "failures": 0,
        "blocked": 29
      },
      "SEO": {
        "opportunities_evaluated": 10,
        "targets_selected": 29,
        "actions_attempted": 29,
        "actions_generated_locally": 0,
        "actions_sent_externally": 0,
        "publications_confirmed": 0,
        "failures": 0,
        "blocked": 29
      },
      "TECHNICAL_COMMUNITIES": {
        "opportunities_evaluated": 10,
        "targets_selected": 29,
        "actions_attempted": 29,
        "actions_generated_locally": 0,
        "actions_sent_externally": 0,
        "publications_confirmed": 0,
        "failures": 0,
        "blocked": 29
      },
      "DEVELOPER_FORUMS": {
        "opportunities_evaluated": 10,
        "targets_selected": 29,
        "actions_attempted": 29,
        "actions_generated_locally": 0,
        "actions_sent_externally": 0,
        "publications_confirmed": 0,
        "failures": 0,
        "blocked": 29
      },
      "B2B_DIRECTORIES": {
        "opportunities_evaluated": 10,
        "targets_selected": 29,
        "actions_attempted": 29,
        "actions_generated_locally": 0,
        "actions_sent_externally": 0,
        "publications_confirmed": 0,
        "failures": 0,
        "blocked": 29
      },
      "MARKETPLACES": {
        "opportunities_evaluated": 10,
        "targets_selected": 29,
        "actions_attempted": 29,
        "actions_generated_locally": 0,
        "actions_sent_externally": 0,
        "publications_confirmed": 0,
        "failures": 0,
        "blocked": 29
      },
      "CONTENT_DISCOVERY": {
        "opportunities_evaluated": 10,
        "targets_selected": 29,
        "actions_attempted": 29,
        "actions_generated_locally": 0,
        "actions_sent_externally": 0,
        "publications_confirmed": 0,
        "failures": 0,
        "blocked": 29
      }
    }
  },
  "REAL FUNNEL": {
    "human_replies": 0,
    "real_landing_visits": 0,
    "real_quiz_starts": 0,
    "real_emails": 0,
    "real_checkouts": 0,
    "real_payments": 0,
    "real_revenue_usd": 0,
    "real_audits": 0,
    "real_certificates": 0,
    "real_customer_emails": 0
  },
  "INTEGRITY": {
    "telemetry_inconsistencies_detected": 0,
    "telemetry_inconsistencies_corrected": 1,
    "synthetic_events": 0,
    "owner_internal_events": 0,
    "historical_events": 231
  },
  "OUTREACH": {
    "opportunities_evaluated": 90,
    "tier_a_targets": 0,
    "tier_b_targets": 67,
    "tier_c_targets": 355,
    "action_attempts": 67,
    "actions_successful": 0,
    "publications_created": 0,
    "blocked_actions": 355
  },
  "CHANNELS": {
    "channels_evaluated": 9,
    "channels_with_targets": 9,
    "channels_with_actions": 0,
    "channels_with_publications": 0,
    "channels_blocked": 0,
    "channel_diversity_score": 0.0
  },
  "RISK": {
    "duplicate_blocks": 252,
    "cooldown_blocks": 0,
    "relevance_blocks": 22,
    "promotion_risk_blocks": 0,
    "exposure_budget_blocks": 0
  },
  "ENGAGEMENT": {
    "human_replies": 0,
    "real_landing_visits": 0,
    "real_quiz_starts": 0,
    "real_emails": 0,
    "real_checkouts": 0
  },
  "REVENUE": {
    "real_payments": 0,
    "real_revenue_usd": 0,
    "revenue_usd": 0
  },
  "DELIVERY": {
    "real_audits": 0,
    "real_certificates": 0,
    "real_emails_delivered": 0
  },
  "HISTORICAL / INTERNAL": {
    "historical_audits": 231,
    "historical_certificates": 231,
    "historical_internal_emails": 231,
    "historical_test_payments": 1
  },
  "ANTI-IDLE": {
    "productive_cycles": 623,
    "idle_cycles": 0,
    "idle_cycle": false,
    "fallback_actions": 1
  },
  "DELTA": {
    "opportunities_evaluated_delta": 90,
    "targets_selected_delta": 422,
    "actions_sent_externally_delta": 0,
    "real_landing_visits_delta": 0,
    "real_revenue_delta": 0.0
  },
  "NEXT_ACTION": "PUBLISH_TECHNICAL_CONTENT",
  "STATUSES": {
    "TELEMETRY_INTEGRITY": "PASS",
    "EXTERNAL_ACTION_PROOF": "PASS",
    "TIER_ACCOUNTING": "PASS",
    "CHANNEL_ACCOUNTING": "PASS",
    "ENGINE_EXECUTION": "PASS",
    "ADAPTIVE_FILTER": "PASS",
    "NO_IDLE": "PASS",
    "NO_REPEAT": "PASS",
    "EXPOSURE_BUDGET": "PASS",
    "MULTICHANNEL_ACTIVITY": "PASS",
    "MULTICHANNEL_ROTATION": "PASS",
    "REAL_HUMAN_INTEREST": "PENDING",
    "REAL_REVENUE": "PENDING",
    "FINAL_VERDICT": "READY_FOR_24H_LOOP"
  }
}
Sleeping 15 minutes (900s)...

[2026-09-03T11:46:39.937113+00:00] Executed Cycle #624 (cyc_c4d66b83)
{
  "timestamp": "2026-09-03T11:46:39.937113+00:00",
  "cycle_id": "cyc_c4d66b83",
  "OPERATING_MODE": "DISCOVERY_AND_DRAFT_ONLY",
  "EXTERNAL_PUBLICATION_ATTEMPTED": false,
  "OUTREACH_SAFETY": {
    "operating_mode": "DISCOVERY_AND_DRAFT_ONLY",
    "allow_external_publication": false,
    "external_publication_allowed": false,
    "external_publication_attempted": false,
    "block_reason": "EXTERNAL_PUBLICATION_REQUIRES_EXPLICIT_APPROVAL"
  },
  "PROSPECT_PIPELINE": {
    "prospects_discovered": 422,
    "prospects_eligible": 67,
    "blocked_self_target": 29,
    "blocked_duplicate": 252,
    "pending_source_verification": 0,
    "template_or_synthetic": 10,
    "internal_or_self": 29,
    "local_drafts_created": 67,
    "valid_human_approvable_drafts": 5,
    "invalidated_drafts_historical": 295,
    "github_live_search_enabled": true,
    "github_api_requests_made_current_cycle": 1,
    "github_api_results_received_current_cycle": 30,
    "github_http_200_responses_current_cycle": 1,
    "github_external_sources_verified_current_cycle": 10,
    "github_drafts_created_current_cycle": 67,
    "github_api_error_current_cycle": null,
    "github_api_rate_limit_status_current_cycle": {
      "remaining": 29,
      "limit": 30,
      "reset": "1788436060",
      "http_status": 200
    },
    "github_self_targets_blocked": 26,
    "github_duplicates_blocked": 0,
    "github_low_relevance_blocked": 22,
    "human_approval_required": true,
    "external_publications": 0,
    "external_publication_attempted": false
  },
  "SESSION": {
    "session_id": "sess_20260826_000957_11e9b0",
    "session_start_utc": "2026-08-26T00:09:57.414562+00:00",
    "elapsed_hours": 203.6118
  },
  "RUNTIME": {
    "cycles": 624,
    "successful_cycles": 624,
    "failed_cycles": 0,
    "idle_cycles": 0
  },
  "CYCLE": {
    "cycle_id": "cyc_c4d66b83",
    "timestamp": "2026-09-03T11:46:39.937113+00:00",
    "productive_action": "PUBLISH_TECHNICAL_CONTENT",
    "productive_action_status": "SUCCESS"
  },
  "OPPORTUNITIES": {
    "opportunities_evaluated": 90,
    "targets_selected": 422,
    "tier_a_targets": 0,
    "tier_b_targets": 67,
    "tier_c_targets": 355
  },
  "ACTIONS": {
    "actions_attempted": 67,
    "actions_generated_locally": -288,
    "actions_sent_externally": 0,
    "publications_confirmed": 0,
    "action_failures": 0,
    "blocked_actions": 355
  },
  "CHANNEL TELEMETRY": {
    "channels_evaluated": 9,
    "channels_with_targets": 9,
    "channels_with_actions": 0,
    "channels_with_publications": 0,
    "channels_blocked": 0,
    "channel_diversity_score": 0.0,
    "per_channel": {
      "GITHUB": {
        "opportunities_evaluated": 10,
        "targets_selected": 190,
        "actions_attempted": 190,
        "actions_generated_locally": 67,
        "actions_sent_externally": 0,
        "publications_confirmed": 0,
        "failures": 0,
        "blocked": 123
      },
      "REDDIT": {
        "opportunities_evaluated": 10,
        "targets_selected": 29,
        "actions_attempted": 29,
        "actions_generated_locally": 0,
        "actions_sent_externally": 0,
        "publications_confirmed": 0,
        "failures": 0,
        "blocked": 29
      },
      "QUANTCONNECT": {
        "opportunities_evaluated": 10,
        "targets_selected": 29,
        "actions_attempted": 29,
        "actions_generated_locally": 0,
        "actions_sent_externally": 0,
        "publications_confirmed": 0,
        "failures": 0,
        "blocked": 29
      },
      "SEO": {
        "opportunities_evaluated": 10,
        "targets_selected": 29,
        "actions_attempted": 29,
        "actions_generated_locally": 0,
        "actions_sent_externally": 0,
        "publications_confirmed": 0,
        "failures": 0,
        "blocked": 29
      },
      "TECHNICAL_COMMUNITIES": {
        "opportunities_evaluated": 10,
        "targets_selected": 29,
        "actions_attempted": 29,
        "actions_generated_locally": 0,
        "actions_sent_externally": 0,
        "publications_confirmed": 0,
        "failures": 0,
        "blocked": 29
      },
      "DEVELOPER_FORUMS": {
        "opportunities_evaluated": 10,
        "targets_selected": 29,
        "actions_attempted": 29,
        "actions_generated_locally": 0,
        "actions_sent_externally": 0,
        "publications_confirmed": 0,
        "failures": 0,
        "blocked": 29
      },
      "B2B_DIRECTORIES": {
        "opportunities_evaluated": 10,
        "targets_selected": 29,
        "actions_attempted": 29,
        "actions_generated_locally": 0,
        "actions_sent_externally": 0,
        "publications_confirmed": 0,
        "failures": 0,
        "blocked": 29
      },
      "MARKETPLACES": {
        "opportunities_evaluated": 10,
        "targets_selected": 29,
        "actions_attempted": 29,
        "actions_generated_locally": 0,
        "actions_sent_externally": 0,
        "publications_confirmed": 0,
        "failures": 0,
        "blocked": 29
      },
      "CONTENT_DISCOVERY": {
        "opportunities_evaluated": 10,
        "targets_selected": 29,
        "actions_attempted": 29,
        "actions_generated_locally": 0,
        "actions_sent_externally": 0,
        "publications_confirmed": 0,
        "failures": 0,
        "blocked": 29
      }
    }
  },
  "REAL FUNNEL": {
    "human_replies": 0,
    "real_landing_visits": 0,
    "real_quiz_starts": 0,
    "real_emails": 0,
    "real_checkouts": 0,
    "real_payments": 0,
    "real_revenue_usd": 0,
    "real_audits": 0,
    "real_certificates": 0,
    "real_customer_emails": 0
  },
  "INTEGRITY": {
    "telemetry_inconsistencies_detected": 0,
    "telemetry_inconsistencies_corrected": 1,
    "synthetic_events": 0,
    "owner_internal_events": 0,
    "historical_events": 231
  },
  "OUTREACH": {
    "opportunities_evaluated": 90,
    "tier_a_targets": 0,
    "tier_b_targets": 67,
    "tier_c_targets": 355,
    "action_attempts": 67,
    "actions_successful": 0,
    "publications_created": 0,
    "blocked_actions": 355
  },
  "CHANNELS": {
    "channels_evaluated": 9,
    "channels_with_targets": 9,
    "channels_with_actions": 0,
    "channels_with_publications": 0,
    "channels_blocked": 0,
    "channel_diversity_score": 0.0
  },
  "RISK": {
    "duplicate_blocks": 252,
    "cooldown_blocks": 0,
    "relevance_blocks": 22,
    "promotion_risk_blocks": 0,
    "exposure_budget_blocks": 0
  },
  "ENGAGEMENT": {
    "human_replies": 0,
    "real_landing_visits": 0,
    "real_quiz_starts": 0,
    "real_emails": 0,
    "real_checkouts": 0
  },
  "REVENUE": {
    "real_payments": 0,
    "real_revenue_usd": 0,
    "revenue_usd": 0
  },
  "DELIVERY": {
    "real_audits": 0,
    "real_certificates": 0,
    "real_emails_delivered": 0
  },
  "HISTORICAL / INTERNAL": {
    "historical_audits": 231,
    "historical_certificates": 231,
    "historical_internal_emails": 231,
    "historical_test_payments": 1
  },
  "ANTI-IDLE": {
    "productive_cycles": 624,
    "idle_cycles": 0,
    "idle_cycle": false,
    "fallback_actions": 1
  },
  "DELTA": {
    "opportunities_evaluated_delta": 90,
    "targets_selected_delta": 422,
    "actions_sent_externally_delta": 0,
    "real_landing_visits_delta": 0,
    "real_revenue_delta": 0.0
  },
  "NEXT_ACTION": "PUBLISH_TECHNICAL_CONTENT",
  "STATUSES": {
    "TELEMETRY_INTEGRITY": "PASS",
    "EXTERNAL_ACTION_PROOF": "PASS",
    "TIER_ACCOUNTING": "PASS",
    "CHANNEL_ACCOUNTING": "PASS",
    "ENGINE_EXECUTION": "PASS",
    "ADAPTIVE_FILTER": "PASS",
    "NO_IDLE": "PASS",
    "NO_REPEAT": "PASS",
    "EXPOSURE_BUDGET": "PASS",
    "MULTICHANNEL_ACTIVITY": "PASS",
    "MULTICHANNEL_ROTATION": "PASS",
    "REAL_HUMAN_INTEREST": "PENDING",
    "REAL_REVENUE": "PENDING",
    "FINAL_VERDICT": "READY_FOR_24H_LOOP"
  }
}
Sleeping 15 minutes (900s)...

[2026-09-03T12:01:41.694950+00:00] Executed Cycle #625 (cyc_c806beb5)
{
  "timestamp": "2026-09-03T12:01:41.694950+00:00",
  "cycle_id": "cyc_c806beb5",
  "OPERATING_MODE": "DISCOVERY_AND_DRAFT_ONLY",
  "EXTERNAL_PUBLICATION_ATTEMPTED": false,
  "OUTREACH_SAFETY": {
    "operating_mode": "DISCOVERY_AND_DRAFT_ONLY",
    "allow_external_publication": false,
    "external_publication_allowed": false,
    "external_publication_attempted": false,
    "block_reason": "EXTERNAL_PUBLICATION_REQUIRES_EXPLICIT_APPROVAL"
  },
  "PROSPECT_PIPELINE": {
    "prospects_discovered": 422,
    "prospects_eligible": 67,
    "blocked_self_target": 29,
    "blocked_duplicate": 252,
    "pending_source_verification": 0,
    "template_or_synthetic": 10,
    "internal_or_self": 29,
    "local_drafts_created": 67,
    "valid_human_approvable_drafts": 5,
    "invalidated_drafts_historical": 295,
    "github_live_search_enabled": true,
    "github_api_requests_made_current_cycle": 1,
    "github_api_results_received_current_cycle": 30,
    "github_http_200_responses_current_cycle": 1,
    "github_external_sources_verified_current_cycle": 10,
    "github_drafts_created_current_cycle": 67,
    "github_api_error_current_cycle": null,
    "github_api_rate_limit_status_current_cycle": {
      "remaining": 29,
      "limit": 30,
      "reset": "1788436962",
      "http_status": 200
    },
    "github_self_targets_blocked": 26,
    "github_duplicates_blocked": 0,
    "github_low_relevance_blocked": 22,
    "human_approval_required": true,
    "external_publications": 0,
    "external_publication_attempted": false
  },
  "SESSION": {
    "session_id": "sess_20260826_000957_11e9b0",
    "session_start_utc": "2026-08-26T00:09:57.414562+00:00",
    "elapsed_hours": 203.8623
  },
  "RUNTIME": {
    "cycles": 625,
    "successful_cycles": 625,
    "failed_cycles": 0,
    "idle_cycles": 0
  },
  "CYCLE": {
    "cycle_id": "cyc_c806beb5",
    "timestamp": "2026-09-03T12:01:41.694950+00:00",
    "productive_action": "PUBLISH_TECHNICAL_CONTENT",
    "productive_action_status": "SUCCESS"
  },
  "OPPORTUNITIES": {
    "opportunities_evaluated": 90,
    "targets_selected": 422,
    "tier_a_targets": 0,
    "tier_b_targets": 67,
    "tier_c_targets": 355
  },
  "ACTIONS": {
    "actions_attempted": 67,
    "actions_generated_locally": -288,
    "actions_sent_externally": 0,
    "publications_confirmed": 0,
    "action_failures": 0,
    "blocked_actions": 355
  },
  "CHANNEL TELEMETRY": {
    "channels_evaluated": 9,
    "channels_with_targets": 9,
    "channels_with_actions": 0,
    "channels_with_publications": 0,
    "channels_blocked": 0,
    "channel_diversity_score": 0.0,
    "per_channel": {
      "GITHUB": {
        "opportunities_evaluated": 10,
        "targets_selected": 190,
        "actions_attempted": 190,
        "actions_generated_locally": 67,
        "actions_sent_externally": 0,
        "publications_confirmed": 0,
        "failures": 0,
        "blocked": 123
      },
      "REDDIT": {
        "opportunities_evaluated": 10,
        "targets_selected": 29,
        "actions_attempted": 29,
        "actions_generated_locally": 0,
        "actions_sent_externally": 0,
        "publications_confirmed": 0,
        "failures": 0,
        "blocked": 29
      },
      "QUANTCONNECT": {
        "opportunities_evaluated": 10,
        "targets_selected": 29,
        "actions_attempted": 29,
        "actions_generated_locally": 0,
        "actions_sent_externally": 0,
        "publications_confirmed": 0,
        "failures": 0,
        "blocked": 29
      },
      "SEO": {
        "opportunities_evaluated": 10,
        "targets_selected": 29,
        "actions_attempted": 29,
        "actions_generated_locally": 0,
        "actions_sent_externally": 0,
        "publications_confirmed": 0,
        "failures": 0,
        "blocked": 29
      },
      "TECHNICAL_COMMUNITIES": {
        "opportunities_evaluated": 10,
        "targets_selected": 29,
        "actions_attempted": 29,
        "actions_generated_locally": 0,
        "actions_sent_externally": 0,
        "publications_confirmed": 0,
        "failures": 0,
        "blocked": 29
      },
      "DEVELOPER_FORUMS": {
        "opportunities_evaluated": 10,
        "targets_selected": 29,
        "actions_attempted": 29,
        "actions_generated_locally": 0,
        "actions_sent_externally": 0,
        "publications_confirmed": 0,
        "failures": 0,
        "blocked": 29
      },
      "B2B_DIRECTORIES": {
        "opportunities_evaluated": 10,
        "targets_selected": 29,
        "actions_attempted": 29,
        "actions_generated_locally": 0,
        "actions_sent_externally": 0,
        "publications_confirmed": 0,
        "failures": 0,
        "blocked": 29
      },
      "MARKETPLACES": {
        "opportunities_evaluated": 10,
        "targets_selected": 29,
        "actions_attempted": 29,
        "actions_generated_locally": 0,
        "actions_sent_externally": 0,
        "publications_confirmed": 0,
        "failures": 0,
        "blocked": 29
      },
      "CONTENT_DISCOVERY": {
        "opportunities_evaluated": 10,
        "targets_selected": 29,
        "actions_attempted": 29,
        "actions_generated_locally": 0,
        "actions_sent_externally": 0,
        "publications_confirmed": 0,
        "failures": 0,
        "blocked": 29
      }
    }
  },
  "REAL FUNNEL": {
    "human_replies": 0,
    "real_landing_visits": 0,
    "real_quiz_starts": 0,
    "real_emails": 0,
    "real_checkouts": 0,
    "real_payments": 0,
    "real_revenue_usd": 0,
    "real_audits": 0,
    "real_certificates": 0,
    "real_customer_emails": 0
  },
  "INTEGRITY": {
    "telemetry_inconsistencies_detected": 0,
    "telemetry_inconsistencies_corrected": 1,
    "synthetic_events": 0,
    "owner_internal_events": 0,
    "historical_events": 231
  },
  "OUTREACH": {
    "opportunities_evaluated": 90,
    "tier_a_targets": 0,
    "tier_b_targets": 67,
    "tier_c_targets": 355,
    "action_attempts": 67,
    "actions_successful": 0,
    "publications_created": 0,
    "blocked_actions": 355
  },
  "CHANNELS": {
    "channels_evaluated": 9,
    "channels_with_targets": 9,
    "channels_with_actions": 0,
    "channels_with_publications": 0,
    "channels_blocked": 0,
    "channel_diversity_score": 0.0
  },
  "RISK": {
    "duplicate_blocks": 252,
    "cooldown_blocks": 0,
    "relevance_blocks": 22,
    "promotion_risk_blocks": 0,
    "exposure_budget_blocks": 0
  },
  "ENGAGEMENT": {
    "human_replies": 0,
    "real_landing_visits": 0,
    "real_quiz_starts": 0,
    "real_emails": 0,
    "real_checkouts": 0
  },
  "REVENUE": {
    "real_payments": 0,
    "real_revenue_usd": 0,
    "revenue_usd": 0
  },
  "DELIVERY": {
    "real_audits": 0,
    "real_certificates": 0,
    "real_emails_delivered": 0
  },
  "HISTORICAL / INTERNAL": {
    "historical_audits": 231,
    "historical_certificates": 231,
    "historical_internal_emails": 231,
    "historical_test_payments": 1
  },
  "ANTI-IDLE": {
    "productive_cycles": 625,
    "idle_cycles": 0,
    "idle_cycle": false,
    "fallback_actions": 1
  },
  "DELTA": {
    "opportunities_evaluated_delta": 90,
    "targets_selected_delta": 422,
    "actions_sent_externally_delta": 0,
    "real_landing_visits_delta": 0,
    "real_revenue_delta": 0.0
  },
  "NEXT_ACTION": "PUBLISH_TECHNICAL_CONTENT",
  "STATUSES": {
    "TELEMETRY_INTEGRITY": "PASS",
    "EXTERNAL_ACTION_PROOF": "PASS",
    "TIER_ACCOUNTING": "PASS",
    "CHANNEL_ACCOUNTING": "PASS",
    "ENGINE_EXECUTION": "PASS",
    "ADAPTIVE_FILTER": "PASS",
    "NO_IDLE": "PASS",
    "NO_REPEAT": "PASS",
    "EXPOSURE_BUDGET": "PASS",
    "MULTICHANNEL_ACTIVITY": "PASS",
    "MULTICHANNEL_ROTATION": "PASS",
    "REAL_HUMAN_INTEREST": "PENDING",
    "REAL_REVENUE": "PENDING",
    "FINAL_VERDICT": "READY_FOR_24H_LOOP"
  }
}
Sleeping 15 minutes (900s)...

[2026-09-03T12:16:43.502652+00:00] Executed Cycle #626 (cyc_ad7ad88f)
{
  "timestamp": "2026-09-03T12:16:43.502652+00:00",
  "cycle_id": "cyc_ad7ad88f",
  "OPERATING_MODE": "DISCOVERY_AND_DRAFT_ONLY",
  "EXTERNAL_PUBLICATION_ATTEMPTED": false,
  "OUTREACH_SAFETY": {
    "operating_mode": "DISCOVERY_AND_DRAFT_ONLY",
    "allow_external_publication": false,
    "external_publication_allowed": false,
    "external_publication_attempted": false,
    "block_reason": "EXTERNAL_PUBLICATION_REQUIRES_EXPLICIT_APPROVAL"
  },
  "PROSPECT_PIPELINE": {
    "prospects_discovered": 422,
    "prospects_eligible": 67,
    "blocked_self_target": 29,
    "blocked_duplicate": 252,
    "pending_source_verification": 0,
    "template_or_synthetic": 10,
    "internal_or_self": 29,
    "local_drafts_created": 67,
    "valid_human_approvable_drafts": 5,
    "invalidated_drafts_historical": 295,
    "github_live_search_enabled": true,
    "github_api_requests_made_current_cycle": 1,
    "github_api_results_received_current_cycle": 30,
    "github_http_200_responses_current_cycle": 1,
    "github_external_sources_verified_current_cycle": 10,
    "github_drafts_created_current_cycle": 67,
    "github_api_error_current_cycle": null,
    "github_api_rate_limit_status_current_cycle": {
      "remaining": 29,
      "limit": 30,
      "reset": "1788437864",
      "http_status": 200
    },
    "github_self_targets_blocked": 26,
    "github_duplicates_blocked": 0,
    "github_low_relevance_blocked": 22,
    "human_approval_required": true,
    "external_publications": 0,
    "external_publication_attempted": false
  },
  "SESSION": {
    "session_id": "sess_20260826_000957_11e9b0",
    "session_start_utc": "2026-08-26T00:09:57.414562+00:00",
    "elapsed_hours": 204.1128
  },
  "RUNTIME": {
    "cycles": 626,
    "successful_cycles": 626,
    "failed_cycles": 0,
    "idle_cycles": 0
  },
  "CYCLE": {
    "cycle_id": "cyc_ad7ad88f",
    "timestamp": "2026-09-03T12:16:43.502652+00:00",
    "productive_action": "PUBLISH_TECHNICAL_CONTENT",
    "productive_action_status": "SUCCESS"
  },
  "OPPORTUNITIES": {
    "opportunities_evaluated": 90,
    "targets_selected": 422,
    "tier_a_targets": 0,
    "tier_b_targets": 67,
    "tier_c_targets": 355
  },
  "ACTIONS": {
    "actions_attempted": 67,
    "actions_generated_locally": -288,
    "actions_sent_externally": 0,
    "publications_confirmed": 0,
    "action_failures": 0,
    "blocked_actions": 355
  },
  "CHANNEL TELEMETRY": {
    "channels_evaluated": 9,
    "channels_with_targets": 9,
    "channels_with_actions": 0,
    "channels_with_publications": 0,
    "channels_blocked": 0,
    "channel_diversity_score": 0.0,
    "per_channel": {
      "GITHUB": {
        "opportunities_evaluated": 10,
        "targets_selected": 190,
        "actions_attempted": 190,
        "actions_generated_locally": 67,
        "actions_sent_externally": 0,
        "publications_confirmed": 0,
        "failures": 0,
        "blocked": 123
      },
      "REDDIT": {
        "opportunities_evaluated": 10,
        "targets_selected": 29,
        "actions_attempted": 29,
        "actions_generated_locally": 0,
        "actions_sent_externally": 0,
        "publications_confirmed": 0,
        "failures": 0,
        "blocked": 29
      },
      "QUANTCONNECT": {
        "opportunities_evaluated": 10,
        "targets_selected": 29,
        "actions_attempted": 29,
        "actions_generated_locally": 0,
        "actions_sent_externally": 0,
        "publications_confirmed": 0,
        "failures": 0,
        "blocked": 29
      },
      "SEO": {
        "opportunities_evaluated": 10,
        "targets_selected": 29,
        "actions_attempted": 29,
        "actions_generated_locally": 0,
        "actions_sent_externally": 0,
        "publications_confirmed": 0,
        "failures": 0,
        "blocked": 29
      },
      "TECHNICAL_COMMUNITIES": {
        "opportunities_evaluated": 10,
        "targets_selected": 29,
        "actions_attempted": 29,
        "actions_generated_locally": 0,
        "actions_sent_externally": 0,
        "publications_confirmed": 0,
        "failures": 0,
        "blocked": 29
      },
      "DEVELOPER_FORUMS": {
        "opportunities_evaluated": 10,
        "targets_selected": 29,
        "actions_attempted": 29,
        "actions_generated_locally": 0,
        "actions_sent_externally": 0,
        "publications_confirmed": 0,
        "failures": 0,
        "blocked": 29
      },
      "B2B_DIRECTORIES": {
        "opportunities_evaluated": 10,
        "targets_selected": 29,
        "actions_attempted": 29,
        "actions_generated_locally": 0,
        "actions_sent_externally": 0,
        "publications_confirmed": 0,
        "failures": 0,
        "blocked": 29
      },
      "MARKETPLACES": {
        "opportunities_evaluated": 10,
        "targets_selected": 29,
        "actions_attempted": 29,
        "actions_generated_locally": 0,
        "actions_sent_externally": 0,
        "publications_confirmed": 0,
        "failures": 0,
        "blocked": 29
      },
      "CONTENT_DISCOVERY": {
        "opportunities_evaluated": 10,
        "targets_selected": 29,
        "actions_attempted": 29,
        "actions_generated_locally": 0,
        "actions_sent_externally": 0,
        "publications_confirmed": 0,
        "failures": 0,
        "blocked": 29
      }
    }
  },
  "REAL FUNNEL": {
    "human_replies": 0,
    "real_landing_visits": 0,
    "real_quiz_starts": 0,
    "real_emails": 0,
    "real_checkouts": 0,
    "real_payments": 0,
    "real_revenue_usd": 0,
    "real_audits": 0,
    "real_certificates": 0,
    "real_customer_emails": 0
  },
  "INTEGRITY": {
    "telemetry_inconsistencies_detected": 0,
    "telemetry_inconsistencies_corrected": 1,
    "synthetic_events": 0,
    "owner_internal_events": 0,
    "historical_events": 231
  },
  "OUTREACH": {
    "opportunities_evaluated": 90,
    "tier_a_targets": 0,
    "tier_b_targets": 67,
    "tier_c_targets": 355,
    "action_attempts": 67,
    "actions_successful": 0,
    "publications_created": 0,
    "blocked_actions": 355
  },
  "CHANNELS": {
    "channels_evaluated": 9,
    "channels_with_targets": 9,
    "channels_with_actions": 0,
    "channels_with_publications": 0,
    "channels_blocked": 0,
    "channel_diversity_score": 0.0
  },
  "RISK": {
    "duplicate_blocks": 252,
    "cooldown_blocks": 0,
    "relevance_blocks": 22,
    "promotion_risk_blocks": 0,
    "exposure_budget_blocks": 0
  },
  "ENGAGEMENT": {
    "human_replies": 0,
    "real_landing_visits": 0,
    "real_quiz_starts": 0,
    "real_emails": 0,
    "real_checkouts": 0
  },
  "REVENUE": {
    "real_payments": 0,
    "real_revenue_usd": 0,
    "revenue_usd": 0
  },
  "DELIVERY": {
    "real_audits": 0,
    "real_certificates": 0,
    "real_emails_delivered": 0
  },
  "HISTORICAL / INTERNAL": {
    "historical_audits": 231,
    "historical_certificates": 231,
    "historical_internal_emails": 231,
    "historical_test_payments": 1
  },
  "ANTI-IDLE": {
    "productive_cycles": 626,
    "idle_cycles": 0,
    "idle_cycle": false,
    "fallback_actions": 1
  },
  "DELTA": {
    "opportunities_evaluated_delta": 90,
    "targets_selected_delta": 422,
    "actions_sent_externally_delta": 0,
    "real_landing_visits_delta": 0,
    "real_revenue_delta": 0.0
  },
  "NEXT_ACTION": "PUBLISH_TECHNICAL_CONTENT",
  "STATUSES": {
    "TELEMETRY_INTEGRITY": "PASS",
    "EXTERNAL_ACTION_PROOF": "PASS",
    "TIER_ACCOUNTING": "PASS",
    "CHANNEL_ACCOUNTING": "PASS",
    "ENGINE_EXECUTION": "PASS",
    "ADAPTIVE_FILTER": "PASS",
    "NO_IDLE": "PASS",
    "NO_REPEAT": "PASS",
    "EXPOSURE_BUDGET": "PASS",
    "MULTICHANNEL_ACTIVITY": "PASS",
    "MULTICHANNEL_ROTATION": "PASS",
    "REAL_HUMAN_INTEREST": "PENDING",
    "REAL_REVENUE": "PENDING",
    "FINAL_VERDICT": "READY_FOR_24H_LOOP"
  }
}
Sleeping 15 minutes (900s)...

[2026-09-03T12:31:45.351036+00:00] Executed Cycle #627 (cyc_d1f41e9f)
{
  "timestamp": "2026-09-03T12:31:45.351036+00:00",
  "cycle_id": "cyc_d1f41e9f",
  "OPERATING_MODE": "DISCOVERY_AND_DRAFT_ONLY",
  "EXTERNAL_PUBLICATION_ATTEMPTED": false,
  "OUTREACH_SAFETY": {
    "operating_mode": "DISCOVERY_AND_DRAFT_ONLY",
    "allow_external_publication": false,
    "external_publication_allowed": false,
    "external_publication_attempted": false,
    "block_reason": "EXTERNAL_PUBLICATION_REQUIRES_EXPLICIT_APPROVAL"
  },
  "PROSPECT_PIPELINE": {
    "prospects_discovered": 422,
    "prospects_eligible": 67,
    "blocked_self_target": 29,
    "blocked_duplicate": 252,
    "pending_source_verification": 0,
    "template_or_synthetic": 10,
    "internal_or_self": 29,
    "local_drafts_created": 67,
    "valid_human_approvable_drafts": 5,
    "invalidated_drafts_historical": 295,
    "github_live_search_enabled": true,
    "github_api_requests_made_current_cycle": 1,
    "github_api_results_received_current_cycle": 30,
    "github_http_200_responses_current_cycle": 1,
    "github_external_sources_verified_current_cycle": 10,
    "github_drafts_created_current_cycle": 67,
    "github_api_error_current_cycle": null,
    "github_api_rate_limit_status_current_cycle": {
      "remaining": 29,
      "limit": 30,
      "reset": "1788438765",
      "http_status": 200
    },
    "github_self_targets_blocked": 27,
    "github_duplicates_blocked": 0,
    "github_low_relevance_blocked": 22,
    "human_approval_required": true,
    "external_publications": 0,
    "external_publication_attempted": false
  },
  "SESSION": {
    "session_id": "sess_20260826_000957_11e9b0",
    "session_start_utc": "2026-08-26T00:09:57.414562+00:00",
    "elapsed_hours": 204.3633
  },
  "RUNTIME": {
    "cycles": 627,
    "successful_cycles": 627,
    "failed_cycles": 0,
    "idle_cycles": 0
  },
  "CYCLE": {
    "cycle_id": "cyc_d1f41e9f",
    "timestamp": "2026-09-03T12:31:45.351036+00:00",
    "productive_action": "PUBLISH_TECHNICAL_CONTENT",
    "productive_action_status": "SUCCESS"
  },
  "OPPORTUNITIES": {
    "opportunities_evaluated": 90,
    "targets_selected": 422,
    "tier_a_targets": 0,
    "tier_b_targets": 67,
    "tier_c_targets": 355
  },
  "ACTIONS": {
    "actions_attempted": 67,
    "actions_generated_locally": -288,
    "actions_sent_externally": 0,
    "publications_confirmed": 0,
    "action_failures": 0,
    "blocked_actions": 355
  },
  "CHANNEL TELEMETRY": {
    "channels_evaluated": 9,
    "channels_with_targets": 9,
    "channels_with_actions": 0,
    "channels_with_publications": 0,
    "channels_blocked": 0,
    "channel_diversity_score": 0.0,
    "per_channel": {
      "GITHUB": {
        "opportunities_evaluated": 10,
        "targets_selected": 190,
        "actions_attempted": 190,
        "actions_generated_locally": 67,
        "actions_sent_externally": 0,
        "publications_confirmed": 0,
        "failures": 0,
        "blocked": 123
      },
      "REDDIT": {
        "opportunities_evaluated": 10,
        "targets_selected": 29,
        "actions_attempted": 29,
        "actions_generated_locally": 0,
        "actions_sent_externally": 0,
        "publications_confirmed": 0,
        "failures": 0,
        "blocked": 29
      },
      "QUANTCONNECT": {
        "opportunities_evaluated": 10,
        "targets_selected": 29,
        "actions_attempted": 29,
        "actions_generated_locally": 0,
        "actions_sent_externally": 0,
        "publications_confirmed": 0,
        "failures": 0,
        "blocked": 29
      },
      "SEO": {
        "opportunities_evaluated": 10,
        "targets_selected": 29,
        "actions_attempted": 29,
        "actions_generated_locally": 0,
        "actions_sent_externally": 0,
        "publications_confirmed": 0,
        "failures": 0,
        "blocked": 29
      },
      "TECHNICAL_COMMUNITIES": {
        "opportunities_evaluated": 10,
        "targets_selected": 29,
        "actions_attempted": 29,
        "actions_generated_locally": 0,
        "actions_sent_externally": 0,
        "publications_confirmed": 0,
        "failures": 0,
        "blocked": 29
      },
      "DEVELOPER_FORUMS": {
        "opportunities_evaluated": 10,
        "targets_selected": 29,
        "actions_attempted": 29,
        "actions_generated_locally": 0,
        "actions_sent_externally": 0,
        "publications_confirmed": 0,
        "failures": 0,
        "blocked": 29
      },
      "B2B_DIRECTORIES": {
        "opportunities_evaluated": 10,
        "targets_selected": 29,
        "actions_attempted": 29,
        "actions_generated_locally": 0,
        "actions_sent_externally": 0,
        "publications_confirmed": 0,
        "failures": 0,
        "blocked": 29
      },
      "MARKETPLACES": {
        "opportunities_evaluated": 10,
        "targets_selected": 29,
        "actions_attempted": 29,
        "actions_generated_locally": 0,
        "actions_sent_externally": 0,
        "publications_confirmed": 0,
        "failures": 0,
        "blocked": 29
      },
      "CONTENT_DISCOVERY": {
        "opportunities_evaluated": 10,
        "targets_selected": 29,
        "actions_attempted": 29,
        "actions_generated_locally": 0,
        "actions_sent_externally": 0,
        "publications_confirmed": 0,
        "failures": 0,
        "blocked": 29
      }
    }
  },
  "REAL FUNNEL": {
    "human_replies": 0,
    "real_landing_visits": 0,
    "real_quiz_starts": 0,
    "real_emails": 0,
    "real_checkouts": 0,
    "real_payments": 0,
    "real_revenue_usd": 0,
    "real_audits": 0,
    "real_certificates": 0,
    "real_customer_emails": 0
  },
  "INTEGRITY": {
    "telemetry_inconsistencies_detected": 0,
    "telemetry_inconsistencies_corrected": 1,
    "synthetic_events": 0,
    "owner_internal_events": 0,
    "historical_events": 231
  },
  "OUTREACH": {
    "opportunities_evaluated": 90,
    "tier_a_targets": 0,
    "tier_b_targets": 67,
    "tier_c_targets": 355,
    "action_attempts": 67,
    "actions_successful": 0,
    "publications_created": 0,
    "blocked_actions": 355
  },
  "CHANNELS": {
    "channels_evaluated": 9,
    "channels_with_targets": 9,
    "channels_with_actions": 0,
    "channels_with_publications": 0,
    "channels_blocked": 0,
    "channel_diversity_score": 0.0
  },
  "RISK": {
    "duplicate_blocks": 252,
    "cooldown_blocks": 0,
    "relevance_blocks": 22,
    "promotion_risk_blocks": 0,
    "exposure_budget_blocks": 0
  },
  "ENGAGEMENT": {
    "human_replies": 0,
    "real_landing_visits": 0,
    "real_quiz_starts": 0,
    "real_emails": 0,
    "real_checkouts": 0
  },
  "REVENUE": {
    "real_payments": 0,
    "real_revenue_usd": 0,
    "revenue_usd": 0
  },
  "DELIVERY": {
    "real_audits": 0,
    "real_certificates": 0,
    "real_emails_delivered": 0
  },
  "HISTORICAL / INTERNAL": {
    "historical_audits": 231,
    "historical_certificates": 231,
    "historical_internal_emails": 231,
    "historical_test_payments": 1
  },
  "ANTI-IDLE": {
    "productive_cycles": 627,
    "idle_cycles": 0,
    "idle_cycle": false,
    "fallback_actions": 1
  },
  "DELTA": {
    "opportunities_evaluated_delta": 90,
    "targets_selected_delta": 422,
    "actions_sent_externally_delta": 0,
    "real_landing_visits_delta": 0,
    "real_revenue_delta": 0.0
  },
  "NEXT_ACTION": "PUBLISH_TECHNICAL_CONTENT",
  "STATUSES": {
    "TELEMETRY_INTEGRITY": "PASS",
    "EXTERNAL_ACTION_PROOF": "PASS",
    "TIER_ACCOUNTING": "PASS",
    "CHANNEL_ACCOUNTING": "PASS",
    "ENGINE_EXECUTION": "PASS",
    "ADAPTIVE_FILTER": "PASS",
    "NO_IDLE": "PASS",
    "NO_REPEAT": "PASS",
    "EXPOSURE_BUDGET": "PASS",
    "MULTICHANNEL_ACTIVITY": "PASS",
    "MULTICHANNEL_ROTATION": "PASS",
    "REAL_HUMAN_INTEREST": "PENDING",
    "REAL_REVENUE": "PENDING",
    "FINAL_VERDICT": "READY_FOR_24H_LOOP"
  }
}
Sleeping 15 minutes (900s)...

[2026-09-03T12:46:47.443122+00:00] Executed Cycle #628 (cyc_14ba1dd4)
{
  "timestamp": "2026-09-03T12:46:47.443122+00:00",
  "cycle_id": "cyc_14ba1dd4",
  "OPERATING_MODE": "DISCOVERY_AND_DRAFT_ONLY",
  "EXTERNAL_PUBLICATION_ATTEMPTED": false,
  "OUTREACH_SAFETY": {
    "operating_mode": "DISCOVERY_AND_DRAFT_ONLY",
    "allow_external_publication": false,
    "external_publication_allowed": false,
    "external_publication_attempted": false,
    "block_reason": "EXTERNAL_PUBLICATION_REQUIRES_EXPLICIT_APPROVAL"
  },
  "PROSPECT_PIPELINE": {
    "prospects_discovered": 422,
    "prospects_eligible": 67,
    "blocked_self_target": 29,
    "blocked_duplicate": 252,
    "pending_source_verification": 0,
    "template_or_synthetic": 10,
    "internal_or_self": 29,
    "local_drafts_created": 67,
    "valid_human_approvable_drafts": 5,
    "invalidated_drafts_historical": 295,
    "github_live_search_enabled": true,
    "github_api_requests_made_current_cycle": 1,
    "github_api_results_received_current_cycle": 30,
    "github_http_200_responses_current_cycle": 1,
    "github_external_sources_verified_current_cycle": 10,
    "github_drafts_created_current_cycle": 67,
    "github_api_error_current_cycle": null,
    "github_api_rate_limit_status_current_cycle": {
      "remaining": 29,
      "limit": 30,
      "reset": "1788439667",
      "http_status": 200
    },
    "github_self_targets_blocked": 27,
    "github_duplicates_blocked": 0,
    "github_low_relevance_blocked": 22,
    "human_approval_required": true,
    "external_publications": 0,
    "external_publication_attempted": false
  },
  "SESSION": {
    "session_id": "sess_20260826_000957_11e9b0",
    "session_start_utc": "2026-08-26T00:09:57.414562+00:00",
    "elapsed_hours": 204.6139
  },
  "RUNTIME": {
    "cycles": 628,
    "successful_cycles": 628,
    "failed_cycles": 0,
    "idle_cycles": 0
  },
  "CYCLE": {
    "cycle_id": "cyc_14ba1dd4",
    "timestamp": "2026-09-03T12:46:47.443122+00:00",
    "productive_action": "PUBLISH_TECHNICAL_CONTENT",
    "productive_action_status": "SUCCESS"
  },
  "OPPORTUNITIES": {
    "opportunities_evaluated": 90,
    "targets_selected": 422,
    "tier_a_targets": 0,
    "tier_b_targets": 67,
    "tier_c_targets": 355
  },
  "ACTIONS": {
    "actions_attempted": 67,
    "actions_generated_locally": -288,
    "actions_sent_externally": 0,
    "publications_confirmed": 0,
    "action_failures": 0,
    "blocked_actions": 355
  },
  "CHANNEL TELEMETRY": {
    "channels_evaluated": 9,
    "channels_with_targets": 9,
    "channels_with_actions": 0,
    "channels_with_publications": 0,
    "channels_blocked": 0,
    "channel_diversity_score": 0.0,
    "per_channel": {
      "GITHUB": {
        "opportunities_evaluated": 10,
        "targets_selected": 190,
        "actions_attempted": 190,
        "actions_generated_locally": 67,
        "actions_sent_externally": 0,
        "publications_confirmed": 0,
        "failures": 0,
        "blocked": 123
      },
      "REDDIT": {
        "opportunities_evaluated": 10,
        "targets_selected": 29,
        "actions_attempted": 29,
        "actions_generated_locally": 0,
        "actions_sent_externally": 0,
        "publications_confirmed": 0,
        "failures": 0,
        "blocked": 29
      },
      "QUANTCONNECT": {
        "opportunities_evaluated": 10,
        "targets_selected": 29,
        "actions_attempted": 29,
        "actions_generated_locally": 0,
        "actions_sent_externally": 0,
        "publications_confirmed": 0,
        "failures": 0,
        "blocked": 29
      },
      "SEO": {
        "opportunities_evaluated": 10,
        "targets_selected": 29,
        "actions_attempted": 29,
        "actions_generated_locally": 0,
        "actions_sent_externally": 0,
        "publications_confirmed": 0,
        "failures": 0,
        "blocked": 29
      },
      "TECHNICAL_COMMUNITIES": {
        "opportunities_evaluated": 10,
        "targets_selected": 29,
        "actions_attempted": 29,
        "actions_generated_locally": 0,
        "actions_sent_externally": 0,
        "publications_confirmed": 0,
        "failures": 0,
        "blocked": 29
      },
      "DEVELOPER_FORUMS": {
        "opportunities_evaluated": 10,
        "targets_selected": 29,
        "actions_attempted": 29,
        "actions_generated_locally": 0,
        "actions_sent_externally": 0,
        "publications_confirmed": 0,
        "failures": 0,
        "blocked": 29
      },
      "B2B_DIRECTORIES": {
        "opportunities_evaluated": 10,
        "targets_selected": 29,
        "actions_attempted": 29,
        "actions_generated_locally": 0,
        "actions_sent_externally": 0,
        "publications_confirmed": 0,
        "failures": 0,
        "blocked": 29
      },
      "MARKETPLACES": {
        "opportunities_evaluated": 10,
        "targets_selected": 29,
        "actions_attempted": 29,
        "actions_generated_locally": 0,
        "actions_sent_externally": 0,
        "publications_confirmed": 0,
        "failures": 0,
        "blocked": 29
      },
      "CONTENT_DISCOVERY": {
        "opportunities_evaluated": 10,
        "targets_selected": 29,
        "actions_attempted": 29,
        "actions_generated_locally": 0,
        "actions_sent_externally": 0,
        "publications_confirmed": 0,
        "failures": 0,
        "blocked": 29
      }
    }
  },
  "REAL FUNNEL": {
    "human_replies": 0,
    "real_landing_visits": 0,
    "real_quiz_starts": 0,
    "real_emails": 0,
    "real_checkouts": 0,
    "real_payments": 0,
    "real_revenue_usd": 0,
    "real_audits": 0,
    "real_certificates": 0,
    "real_customer_emails": 0
  },
  "INTEGRITY": {
    "telemetry_inconsistencies_detected": 0,
    "telemetry_inconsistencies_corrected": 1,
    "synthetic_events": 0,
    "owner_internal_events": 0,
    "historical_events": 231
  },
  "OUTREACH": {
    "opportunities_evaluated": 90,
    "tier_a_targets": 0,
    "tier_b_targets": 67,
    "tier_c_targets": 355,
    "action_attempts": 67,
    "actions_successful": 0,
    "publications_created": 0,
    "blocked_actions": 355
  },
  "CHANNELS": {
    "channels_evaluated": 9,
    "channels_with_targets": 9,
    "channels_with_actions": 0,
    "channels_with_publications": 0,
    "channels_blocked": 0,
    "channel_diversity_score": 0.0
  },
  "RISK": {
    "duplicate_blocks": 252,
    "cooldown_blocks": 0,
    "relevance_blocks": 22,
    "promotion_risk_blocks": 0,
    "exposure_budget_blocks": 0
  },
  "ENGAGEMENT": {
    "human_replies": 0,
    "real_landing_visits": 0,
    "real_quiz_starts": 0,
    "real_emails": 0,
    "real_checkouts": 0
  },
  "REVENUE": {
    "real_payments": 0,
    "real_revenue_usd": 0,
    "revenue_usd": 0
  },
  "DELIVERY": {
    "real_audits": 0,
    "real_certificates": 0,
    "real_emails_delivered": 0
  },
  "HISTORICAL / INTERNAL": {
    "historical_audits": 231,
    "historical_certificates": 231,
    "historical_internal_emails": 231,
    "historical_test_payments": 1
  },
  "ANTI-IDLE": {
    "productive_cycles": 628,
    "idle_cycles": 0,
    "idle_cycle": false,
    "fallback_actions": 1
  },
  "DELTA": {
    "opportunities_evaluated_delta": 90,
    "targets_selected_delta": 422,
    "actions_sent_externally_delta": 0,
    "real_landing_visits_delta": 0,
    "real_revenue_delta": 0.0
  },
  "NEXT_ACTION": "PUBLISH_TECHNICAL_CONTENT",
  "STATUSES": {
    "TELEMETRY_INTEGRITY": "PASS",
    "EXTERNAL_ACTION_PROOF": "PASS",
    "TIER_ACCOUNTING": "PASS",
    "CHANNEL_ACCOUNTING": "PASS",
    "ENGINE_EXECUTION": "PASS",
    "ADAPTIVE_FILTER": "PASS",
    "NO_IDLE": "PASS",
    "NO_REPEAT": "PASS",
    "EXPOSURE_BUDGET": "PASS",
    "MULTICHANNEL_ACTIVITY": "PASS",
    "MULTICHANNEL_ROTATION": "PASS",
    "REAL_HUMAN_INTEREST": "PENDING",
    "REAL_REVENUE": "PENDING",
    "FINAL_VERDICT": "READY_FOR_24H_LOOP"
  }
}
Sleeping 15 minutes (900s)...

[2026-09-03T13:01:49.454301+00:00] Executed Cycle #629 (cyc_2abb66ab)
{
  "timestamp": "2026-09-03T13:01:49.454301+00:00",
  "cycle_id": "cyc_2abb66ab",
  "OPERATING_MODE": "DISCOVERY_AND_DRAFT_ONLY",
  "EXTERNAL_PUBLICATION_ATTEMPTED": false,
  "OUTREACH_SAFETY": {
    "operating_mode": "DISCOVERY_AND_DRAFT_ONLY",
    "allow_external_publication": false,
    "external_publication_allowed": false,
    "external_publication_attempted": false,
    "block_reason": "EXTERNAL_PUBLICATION_REQUIRES_EXPLICIT_APPROVAL"
  },
  "PROSPECT_PIPELINE": {
    "prospects_discovered": 422,
    "prospects_eligible": 67,
    "blocked_self_target": 29,
    "blocked_duplicate": 252,
    "pending_source_verification": 0,
    "template_or_synthetic": 10,
    "internal_or_self": 29,
    "local_drafts_created": 67,
    "valid_human_approvable_drafts": 5,
    "invalidated_drafts_historical": 295,
    "github_live_search_enabled": true,
    "github_api_requests_made_current_cycle": 1,
    "github_api_results_received_current_cycle": 5,
    "github_http_200_responses_current_cycle": 1,
    "github_external_sources_verified_current_cycle": 4,
    "github_drafts_created_current_cycle": 67,
    "github_api_error_current_cycle": null,
    "github_api_rate_limit_status_current_cycle": {
      "remaining": 29,
      "limit": 30,
      "reset": "1788440569",
      "http_status": 200
    },
    "github_self_targets_blocked": 27,
    "github_duplicates_blocked": 0,
    "github_low_relevance_blocked": 22,
    "human_approval_required": true,
    "external_publications": 0,
    "external_publication_attempted": false
  },
  "SESSION": {
    "session_id": "sess_20260826_000957_11e9b0",
    "session_start_utc": "2026-08-26T00:09:57.414562+00:00",
    "elapsed_hours": 204.8645
  },
  "RUNTIME": {
    "cycles": 629,
    "successful_cycles": 629,
    "failed_cycles": 0,
    "idle_cycles": 0
  },
  "CYCLE": {
    "cycle_id": "cyc_2abb66ab",
    "timestamp": "2026-09-03T13:01:49.454301+00:00",
    "productive_action": "PUBLISH_TECHNICAL_CONTENT",
    "productive_action_status": "SUCCESS"
  },
  "OPPORTUNITIES": {
    "opportunities_evaluated": 90,
    "targets_selected": 422,
    "tier_a_targets": 0,
    "tier_b_targets": 67,
    "tier_c_targets": 355
  },
  "ACTIONS": {
    "actions_attempted": 67,
    "actions_generated_locally": -288,
    "actions_sent_externally": 0,
    "publications_confirmed": 0,
    "action_failures": 0,
    "blocked_actions": 355
  },
  "CHANNEL TELEMETRY": {
    "channels_evaluated": 9,
    "channels_with_targets": 9,
    "channels_with_actions": 0,
    "channels_with_publications": 0,
    "channels_blocked": 0,
    "channel_diversity_score": 0.0,
    "per_channel": {
      "GITHUB": {
        "opportunities_evaluated": 10,
        "targets_selected": 190,
        "actions_attempted": 190,
        "actions_generated_locally": 67,
        "actions_sent_externally": 0,
        "publications_confirmed": 0,
        "failures": 0,
        "blocked": 123
      },
      "REDDIT": {
        "opportunities_evaluated": 10,
        "targets_selected": 29,
        "actions_attempted": 29,
        "actions_generated_locally": 0,
        "actions_sent_externally": 0,
        "publications_confirmed": 0,
        "failures": 0,
        "blocked": 29
      },
      "QUANTCONNECT": {
        "opportunities_evaluated": 10,
        "targets_selected": 29,
        "actions_attempted": 29,
        "actions_generated_locally": 0,
        "actions_sent_externally": 0,
        "publications_confirmed": 0,
        "failures": 0,
        "blocked": 29
      },
      "SEO": {
        "opportunities_evaluated": 10,
        "targets_selected": 29,
        "actions_attempted": 29,
        "actions_generated_locally": 0,
        "actions_sent_externally": 0,
        "publications_confirmed": 0,
        "failures": 0,
        "blocked": 29
      },
      "TECHNICAL_COMMUNITIES": {
        "opportunities_evaluated": 10,
        "targets_selected": 29,
        "actions_attempted": 29,
        "actions_generated_locally": 0,
        "actions_sent_externally": 0,
        "publications_confirmed": 0,
        "failures": 0,
        "blocked": 29
      },
      "DEVELOPER_FORUMS": {
        "opportunities_evaluated": 10,
        "targets_selected": 29,
        "actions_attempted": 29,
        "actions_generated_locally": 0,
        "actions_sent_externally": 0,
        "publications_confirmed": 0,
        "failures": 0,
        "blocked": 29
      },
      "B2B_DIRECTORIES": {
        "opportunities_evaluated": 10,
        "targets_selected": 29,
        "actions_attempted": 29,
        "actions_generated_locally": 0,
        "actions_sent_externally": 0,
        "publications_confirmed": 0,
        "failures": 0,
        "blocked": 29
      },
      "MARKETPLACES": {
        "opportunities_evaluated": 10,
        "targets_selected": 29,
        "actions_attempted": 29,
        "actions_generated_locally": 0,
        "actions_sent_externally": 0,
        "publications_confirmed": 0,
        "failures": 0,
        "blocked": 29
      },
      "CONTENT_DISCOVERY": {
        "opportunities_evaluated": 10,
        "targets_selected": 29,
        "actions_attempted": 29,
        "actions_generated_locally": 0,
        "actions_sent_externally": 0,
        "publications_confirmed": 0,
        "failures": 0,
        "blocked": 29
      }
    }
  },
  "REAL FUNNEL": {
    "human_replies": 0,
    "real_landing_visits": 0,
    "real_quiz_starts": 0,
    "real_emails": 0,
    "real_checkouts": 0,
    "real_payments": 0,
    "real_revenue_usd": 0,
    "real_audits": 0,
    "real_certificates": 0,
    "real_customer_emails": 0
  },
  "INTEGRITY": {
    "telemetry_inconsistencies_detected": 0,
    "telemetry_inconsistencies_corrected": 1,
    "synthetic_events": 0,
    "owner_internal_events": 0,
    "historical_events": 231
  },
  "OUTREACH": {
    "opportunities_evaluated": 90,
    "tier_a_targets": 0,
    "tier_b_targets": 67,
    "tier_c_targets": 355,
    "action_attempts": 67,
    "actions_successful": 0,
    "publications_created": 0,
    "blocked_actions": 355
  },
  "CHANNELS": {
    "channels_evaluated": 9,
    "channels_with_targets": 9,
    "channels_with_actions": 0,
    "channels_with_publications": 0,
    "channels_blocked": 0,
    "channel_diversity_score": 0.0
  },
  "RISK": {
    "duplicate_blocks": 252,
    "cooldown_blocks": 0,
    "relevance_blocks": 22,
    "promotion_risk_blocks": 0,
    "exposure_budget_blocks": 0
  },
  "ENGAGEMENT": {
    "human_replies": 0,
    "real_landing_visits": 0,
    "real_quiz_starts": 0,
    "real_emails": 0,
    "real_checkouts": 0
  },
  "REVENUE": {
    "real_payments": 0,
    "real_revenue_usd": 0,
    "revenue_usd": 0
  },
  "DELIVERY": {
    "real_audits": 0,
    "real_certificates": 0,
    "real_emails_delivered": 0
  },
  "HISTORICAL / INTERNAL": {
    "historical_audits": 231,
    "historical_certificates": 231,
    "historical_internal_emails": 231,
    "historical_test_payments": 1
  },
  "ANTI-IDLE": {
    "productive_cycles": 629,
    "idle_cycles": 0,
    "idle_cycle": false,
    "fallback_actions": 1
  },
  "DELTA": {
    "opportunities_evaluated_delta": 90,
    "targets_selected_delta": 422,
    "actions_sent_externally_delta": 0,
    "real_landing_visits_delta": 0,
    "real_revenue_delta": 0.0
  },
  "NEXT_ACTION": "PUBLISH_TECHNICAL_CONTENT",
  "STATUSES": {
    "TELEMETRY_INTEGRITY": "PASS",
    "EXTERNAL_ACTION_PROOF": "PASS",
    "TIER_ACCOUNTING": "PASS",
    "CHANNEL_ACCOUNTING": "PASS",
    "ENGINE_EXECUTION": "PASS",
    "ADAPTIVE_FILTER": "PASS",
    "NO_IDLE": "PASS",
    "NO_REPEAT": "PASS",
    "EXPOSURE_BUDGET": "PASS",
    "MULTICHANNEL_ACTIVITY": "PASS",
    "MULTICHANNEL_ROTATION": "PASS",
    "REAL_HUMAN_INTEREST": "PENDING",
    "REAL_REVENUE": "PENDING",
    "FINAL_VERDICT": "READY_FOR_24H_LOOP"
  }
}
Sleeping 15 minutes (900s)...

[2026-09-03T13:16:51.112578+00:00] Executed Cycle #630 (cyc_df10d7b4)
{
  "timestamp": "2026-09-03T13:16:51.112578+00:00",
  "cycle_id": "cyc_df10d7b4",
  "OPERATING_MODE": "DISCOVERY_AND_DRAFT_ONLY",
  "EXTERNAL_PUBLICATION_ATTEMPTED": false,
  "OUTREACH_SAFETY": {
    "operating_mode": "DISCOVERY_AND_DRAFT_ONLY",
    "allow_external_publication": false,
    "external_publication_allowed": false,
    "external_publication_attempted": false,
    "block_reason": "EXTERNAL_PUBLICATION_REQUIRES_EXPLICIT_APPROVAL"
  },
  "PROSPECT_PIPELINE": {
    "prospects_discovered": 422,
    "prospects_eligible": 67,
    "blocked_self_target": 29,
    "blocked_duplicate": 252,
    "pending_source_verification": 0,
    "template_or_synthetic": 10,
    "internal_or_self": 29,
    "local_drafts_created": 67,
    "valid_human_approvable_drafts": 5,
    "invalidated_drafts_historical": 295,
    "github_live_search_enabled": true,
    "github_api_requests_made_current_cycle": 1,
    "github_api_results_received_current_cycle": 30,
    "github_http_200_responses_current_cycle": 1,
    "github_external_sources_verified_current_cycle": 10,
    "github_drafts_created_current_cycle": 67,
    "github_api_error_current_cycle": null,
    "github_api_rate_limit_status_current_cycle": {
      "remaining": 29,
      "limit": 30,
      "reset": "1788441471",
      "http_status": 200
    },
    "github_self_targets_blocked": 28,
    "github_duplicates_blocked": 0,
    "github_low_relevance_blocked": 22,
    "human_approval_required": true,
    "external_publications": 0,
    "external_publication_attempted": false
  },
  "SESSION": {
    "session_id": "sess_20260826_000957_11e9b0",
    "session_start_utc": "2026-08-26T00:09:57.414562+00:00",
    "elapsed_hours": 205.1149
  },
  "RUNTIME": {
    "cycles": 630,
    "successful_cycles": 630,
    "failed_cycles": 0,
    "idle_cycles": 0
  },
  "CYCLE": {
    "cycle_id": "cyc_df10d7b4",
    "timestamp": "2026-09-03T13:16:51.112578+00:00",
    "productive_action": "PUBLISH_TECHNICAL_CONTENT",
    "productive_action_status": "SUCCESS"
  },
  "OPPORTUNITIES": {
    "opportunities_evaluated": 90,
    "targets_selected": 422,
    "tier_a_targets": 0,
    "tier_b_targets": 67,
    "tier_c_targets": 355
  },
  "ACTIONS": {
    "actions_attempted": 67,
    "actions_generated_locally": -288,
    "actions_sent_externally": 0,
    "publications_confirmed": 0,
    "action_failures": 0,
    "blocked_actions": 355
  },
  "CHANNEL TELEMETRY": {
    "channels_evaluated": 9,
    "channels_with_targets": 9,
    "channels_with_actions": 0,
    "channels_with_publications": 0,
    "channels_blocked": 0,
    "channel_diversity_score": 0.0,
    "per_channel": {
      "GITHUB": {
        "opportunities_evaluated": 10,
        "targets_selected": 190,
        "actions_attempted": 190,
        "actions_generated_locally": 67,
        "actions_sent_externally": 0,
        "publications_confirmed": 0,
        "failures": 0,
        "blocked": 123
      },
      "REDDIT": {
        "opportunities_evaluated": 10,
        "targets_selected": 29,
        "actions_attempted": 29,
        "actions_generated_locally": 0,
        "actions_sent_externally": 0,
        "publications_confirmed": 0,
        "failures": 0,
        "blocked": 29
      },
      "QUANTCONNECT": {
        "opportunities_evaluated": 10,
        "targets_selected": 29,
        "actions_attempted": 29,
        "actions_generated_locally": 0,
        "actions_sent_externally": 0,
        "publications_confirmed": 0,
        "failures": 0,
        "blocked": 29
      },
      "SEO": {
        "opportunities_evaluated": 10,
        "targets_selected": 29,
        "actions_attempted": 29,
        "actions_generated_locally": 0,
        "actions_sent_externally": 0,
        "publications_confirmed": 0,
        "failures": 0,
        "blocked": 29
      },
      "TECHNICAL_COMMUNITIES": {
        "opportunities_evaluated": 10,
        "targets_selected": 29,
        "actions_attempted": 29,
        "actions_generated_locally": 0,
        "actions_sent_externally": 0,
        "publications_confirmed": 0,
        "failures": 0,
        "blocked": 29
      },
      "DEVELOPER_FORUMS": {
        "opportunities_evaluated": 10,
        "targets_selected": 29,
        "actions_attempted": 29,
        "actions_generated_locally": 0,
        "actions_sent_externally": 0,
        "publications_confirmed": 0,
        "failures": 0,
        "blocked": 29
      },
      "B2B_DIRECTORIES": {
        "opportunities_evaluated": 10,
        "targets_selected": 29,
        "actions_attempted": 29,
        "actions_generated_locally": 0,
        "actions_sent_externally": 0,
        "publications_confirmed": 0,
        "failures": 0,
        "blocked": 29
      },
      "MARKETPLACES": {
        "opportunities_evaluated": 10,
        "targets_selected": 29,
        "actions_attempted": 29,
        "actions_generated_locally": 0,
        "actions_sent_externally": 0,
        "publications_confirmed": 0,
        "failures": 0,
        "blocked": 29
      },
      "CONTENT_DISCOVERY": {
        "opportunities_evaluated": 10,
        "targets_selected": 29,
        "actions_attempted": 29,
        "actions_generated_locally": 0,
        "actions_sent_externally": 0,
        "publications_confirmed": 0,
        "failures": 0,
        "blocked": 29
      }
    }
  },
  "REAL FUNNEL": {
    "human_replies": 0,
    "real_landing_visits": 0,
    "real_quiz_starts": 0,
    "real_emails": 0,
    "real_checkouts": 0,
    "real_payments": 0,
    "real_revenue_usd": 0,
    "real_audits": 0,
    "real_certificates": 0,
    "real_customer_emails": 0
  },
  "INTEGRITY": {
    "telemetry_inconsistencies_detected": 0,
    "telemetry_inconsistencies_corrected": 1,
    "synthetic_events": 0,
    "owner_internal_events": 0,
    "historical_events": 231
  },
  "OUTREACH": {
    "opportunities_evaluated": 90,
    "tier_a_targets": 0,
    "tier_b_targets": 67,
    "tier_c_targets": 355,
    "action_attempts": 67,
    "actions_successful": 0,
    "publications_created": 0,
    "blocked_actions": 355
  },
  "CHANNELS": {
    "channels_evaluated": 9,
    "channels_with_targets": 9,
    "channels_with_actions": 0,
    "channels_with_publications": 0,
    "channels_blocked": 0,
    "channel_diversity_score": 0.0
  },
  "RISK": {
    "duplicate_blocks": 252,
    "cooldown_blocks": 0,
    "relevance_blocks": 22,
    "promotion_risk_blocks": 0,
    "exposure_budget_blocks": 0
  },
  "ENGAGEMENT": {
    "human_replies": 0,
    "real_landing_visits": 0,
    "real_quiz_starts": 0,
    "real_emails": 0,
    "real_checkouts": 0
  },
  "REVENUE": {
    "real_payments": 0,
    "real_revenue_usd": 0,
    "revenue_usd": 0
  },
  "DELIVERY": {
    "real_audits": 0,
    "real_certificates": 0,
    "real_emails_delivered": 0
  },
  "HISTORICAL / INTERNAL": {
    "historical_audits": 231,
    "historical_certificates": 231,
    "historical_internal_emails": 231,
    "historical_test_payments": 1
  },
  "ANTI-IDLE": {
    "productive_cycles": 630,
    "idle_cycles": 0,
    "idle_cycle": false,
    "fallback_actions": 1
  },
  "DELTA": {
    "opportunities_evaluated_delta": 90,
    "targets_selected_delta": 422,
    "actions_sent_externally_delta": 0,
    "real_landing_visits_delta": 0,
    "real_revenue_delta": 0.0
  },
  "NEXT_ACTION": "PUBLISH_TECHNICAL_CONTENT",
  "STATUSES": {
    "TELEMETRY_INTEGRITY": "PASS",
    "EXTERNAL_ACTION_PROOF": "PASS",
    "TIER_ACCOUNTING": "PASS",
    "CHANNEL_ACCOUNTING": "PASS",
    "ENGINE_EXECUTION": "PASS",
    "ADAPTIVE_FILTER": "PASS",
    "NO_IDLE": "PASS",
    "NO_REPEAT": "PASS",
    "EXPOSURE_BUDGET": "PASS",
    "MULTICHANNEL_ACTIVITY": "PASS",
    "MULTICHANNEL_ROTATION": "PASS",
    "REAL_HUMAN_INTEREST": "PENDING",
    "REAL_REVENUE": "PENDING",
    "FINAL_VERDICT": "READY_FOR_24H_LOOP"
  }
}
Sleeping 15 minutes (900s)...

[2026-09-03T13:31:53.189328+00:00] Executed Cycle #631 (cyc_cea4f91a)
{
  "timestamp": "2026-09-03T13:31:53.189328+00:00",
  "cycle_id": "cyc_cea4f91a",
  "OPERATING_MODE": "DISCOVERY_AND_DRAFT_ONLY",
  "EXTERNAL_PUBLICATION_ATTEMPTED": false,
  "OUTREACH_SAFETY": {
    "operating_mode": "DISCOVERY_AND_DRAFT_ONLY",
    "allow_external_publication": false,
    "external_publication_allowed": false,
    "external_publication_attempted": false,
    "block_reason": "EXTERNAL_PUBLICATION_REQUIRES_EXPLICIT_APPROVAL"
  },
  "PROSPECT_PIPELINE": {
    "prospects_discovered": 422,
    "prospects_eligible": 67,
    "blocked_self_target": 29,
    "blocked_duplicate": 252,
    "pending_source_verification": 0,
    "template_or_synthetic": 10,
    "internal_or_self": 29,
    "local_drafts_created": 67,
    "valid_human_approvable_drafts": 5,
    "invalidated_drafts_historical": 295,
    "github_live_search_enabled": true,
    "github_api_requests_made_current_cycle": 1,
    "github_api_results_received_current_cycle": 30,
    "github_http_200_responses_current_cycle": 1,
    "github_external_sources_verified_current_cycle": 10,
    "github_drafts_created_current_cycle": 67,
    "github_api_error_current_cycle": null,
    "github_api_rate_limit_status_current_cycle": {
      "remaining": 29,
      "limit": 30,
      "reset": "1788442373",
      "http_status": 200
    },
    "github_self_targets_blocked": 28,
    "github_duplicates_blocked": 0,
    "github_low_relevance_blocked": 22,
    "human_approval_required": true,
    "external_publications": 0,
    "external_publication_attempted": false
  },
  "SESSION": {
    "session_id": "sess_20260826_000957_11e9b0",
    "session_start_utc": "2026-08-26T00:09:57.414562+00:00",
    "elapsed_hours": 205.3655
  },
  "RUNTIME": {
    "cycles": 631,
    "successful_cycles": 631,
    "failed_cycles": 0,
    "idle_cycles": 0
  },
  "CYCLE": {
    "cycle_id": "cyc_cea4f91a",
    "timestamp": "2026-09-03T13:31:53.189328+00:00",
    "productive_action": "PUBLISH_TECHNICAL_CONTENT",
    "productive_action_status": "SUCCESS"
  },
  "OPPORTUNITIES": {
    "opportunities_evaluated": 90,
    "targets_selected": 422,
    "tier_a_targets": 0,
    "tier_b_targets": 67,
    "tier_c_targets": 355
  },
  "ACTIONS": {
    "actions_attempted": 67,
    "actions_generated_locally": -288,
    "actions_sent_externally": 0,
    "publications_confirmed": 0,
    "action_failures": 0,
    "blocked_actions": 355
  },
  "CHANNEL TELEMETRY": {
    "channels_evaluated": 9,
    "channels_with_targets": 9,
    "channels_with_actions": 0,
    "channels_with_publications": 0,
    "channels_blocked": 0,
    "channel_diversity_score": 0.0,
    "per_channel": {
      "GITHUB": {
        "opportunities_evaluated": 10,
        "targets_selected": 190,
        "actions_attempted": 190,
        "actions_generated_locally": 67,
        "actions_sent_externally": 0,
        "publications_confirmed": 0,
        "failures": 0,
        "blocked": 123
      },
      "REDDIT": {
        "opportunities_evaluated": 10,
        "targets_selected": 29,
        "actions_attempted": 29,
        "actions_generated_locally": 0,
        "actions_sent_externally": 0,
        "publications_confirmed": 0,
        "failures": 0,
        "blocked": 29
      },
      "QUANTCONNECT": {
        "opportunities_evaluated": 10,
        "targets_selected": 29,
        "actions_attempted": 29,
        "actions_generated_locally": 0,
        "actions_sent_externally": 0,
        "publications_confirmed": 0,
        "failures": 0,
        "blocked": 29
      },
      "SEO": {
        "opportunities_evaluated": 10,
        "targets_selected": 29,
        "actions_attempted": 29,
        "actions_generated_locally": 0,
        "actions_sent_externally": 0,
        "publications_confirmed": 0,
        "failures": 0,
        "blocked": 29
      },
      "TECHNICAL_COMMUNITIES": {
        "opportunities_evaluated": 10,
        "targets_selected": 29,
        "actions_attempted": 29,
        "actions_generated_locally": 0,
        "actions_sent_externally": 0,
        "publications_confirmed": 0,
        "failures": 0,
        "blocked": 29
      },
      "DEVELOPER_FORUMS": {
        "opportunities_evaluated": 10,
        "targets_selected": 29,
        "actions_attempted": 29,
        "actions_generated_locally": 0,
        "actions_sent_externally": 0,
        "publications_confirmed": 0,
        "failures": 0,
        "blocked": 29
      },
      "B2B_DIRECTORIES": {
        "opportunities_evaluated": 10,
        "targets_selected": 29,
        "actions_attempted": 29,
        "actions_generated_locally": 0,
        "actions_sent_externally": 0,
        "publications_confirmed": 0,
        "failures": 0,
        "blocked": 29
      },
      "MARKETPLACES": {
        "opportunities_evaluated": 10,
        "targets_selected": 29,
        "actions_attempted": 29,
        "actions_generated_locally": 0,
        "actions_sent_externally": 0,
        "publications_confirmed": 0,
        "failures": 0,
        "blocked": 29
      },
      "CONTENT_DISCOVERY": {
        "opportunities_evaluated": 10,
        "targets_selected": 29,
        "actions_attempted": 29,
        "actions_generated_locally": 0,
        "actions_sent_externally": 0,
        "publications_confirmed": 0,
        "failures": 0,
        "blocked": 29
      }
    }
  },
  "REAL FUNNEL": {
    "human_replies": 0,
    "real_landing_visits": 0,
    "real_quiz_starts": 0,
    "real_emails": 0,
    "real_checkouts": 0,
    "real_payments": 0,
    "real_revenue_usd": 0,
    "real_audits": 0,
    "real_certificates": 0,
    "real_customer_emails": 0
  },
  "INTEGRITY": {
    "telemetry_inconsistencies_detected": 0,
    "telemetry_inconsistencies_corrected": 1,
    "synthetic_events": 0,
    "owner_internal_events": 0,
    "historical_events": 231
  },
  "OUTREACH": {
    "opportunities_evaluated": 90,
    "tier_a_targets": 0,
    "tier_b_targets": 67,
    "tier_c_targets": 355,
    "action_attempts": 67,
    "actions_successful": 0,
    "publications_created": 0,
    "blocked_actions": 355
  },
  "CHANNELS": {
    "channels_evaluated": 9,
    "channels_with_targets": 9,
    "channels_with_actions": 0,
    "channels_with_publications": 0,
    "channels_blocked": 0,
    "channel_diversity_score": 0.0
  },
  "RISK": {
    "duplicate_blocks": 252,
    "cooldown_blocks": 0,
    "relevance_blocks": 22,
    "promotion_risk_blocks": 0,
    "exposure_budget_blocks": 0
  },
  "ENGAGEMENT": {
    "human_replies": 0,
    "real_landing_visits": 0,
    "real_quiz_starts": 0,
    "real_emails": 0,
    "real_checkouts": 0
  },
  "REVENUE": {
    "real_payments": 0,
    "real_revenue_usd": 0,
    "revenue_usd": 0
  },
  "DELIVERY": {
    "real_audits": 0,
    "real_certificates": 0,
    "real_emails_delivered": 0
  },
  "HISTORICAL / INTERNAL": {
    "historical_audits": 231,
    "historical_certificates": 231,
    "historical_internal_emails": 231,
    "historical_test_payments": 1
  },
  "ANTI-IDLE": {
    "productive_cycles": 631,
    "idle_cycles": 0,
    "idle_cycle": false,
    "fallback_actions": 1
  },
  "DELTA": {
    "opportunities_evaluated_delta": 90,
    "targets_selected_delta": 422,
    "actions_sent_externally_delta": 0,
    "real_landing_visits_delta": 0,
    "real_revenue_delta": 0.0
  },
  "NEXT_ACTION": "PUBLISH_TECHNICAL_CONTENT",
  "STATUSES": {
    "TELEMETRY_INTEGRITY": "PASS",
    "EXTERNAL_ACTION_PROOF": "PASS",
    "TIER_ACCOUNTING": "PASS",
    "CHANNEL_ACCOUNTING": "PASS",
    "ENGINE_EXECUTION": "PASS",
    "ADAPTIVE_FILTER": "PASS",
    "NO_IDLE": "PASS",
    "NO_REPEAT": "PASS",
    "EXPOSURE_BUDGET": "PASS",
    "MULTICHANNEL_ACTIVITY": "PASS",
    "MULTICHANNEL_ROTATION": "PASS",
    "REAL_HUMAN_INTEREST": "PENDING",
    "REAL_REVENUE": "PENDING",
    "FINAL_VERDICT": "READY_FOR_24H_LOOP"
  }
}
Sleeping 15 minutes (900s)...

[2026-09-03T13:46:55.262174+00:00] Executed Cycle #632 (cyc_d6fba298)
{
  "timestamp": "2026-09-03T13:46:55.262174+00:00",
  "cycle_id": "cyc_d6fba298",
  "OPERATING_MODE": "DISCOVERY_AND_DRAFT_ONLY",
  "EXTERNAL_PUBLICATION_ATTEMPTED": false,
  "OUTREACH_SAFETY": {
    "operating_mode": "DISCOVERY_AND_DRAFT_ONLY",
    "allow_external_publication": false,
    "external_publication_allowed": false,
    "external_publication_attempted": false,
    "block_reason": "EXTERNAL_PUBLICATION_REQUIRES_EXPLICIT_APPROVAL"
  },
  "PROSPECT_PIPELINE": {
    "prospects_discovered": 422,
    "prospects_eligible": 67,
    "blocked_self_target": 29,
    "blocked_duplicate": 252,
    "pending_source_verification": 0,
    "template_or_synthetic": 10,
    "internal_or_self": 29,
    "local_drafts_created": 67,
    "valid_human_approvable_drafts": 5,
    "invalidated_drafts_historical": 295,
    "github_live_search_enabled": true,
    "github_api_requests_made_current_cycle": 1,
    "github_api_results_received_current_cycle": 30,
    "github_http_200_responses_current_cycle": 1,
    "github_external_sources_verified_current_cycle": 10,
    "github_drafts_created_current_cycle": 67,
    "github_api_error_current_cycle": null,
    "github_api_rate_limit_status_current_cycle": {
      "remaining": 29,
      "limit": 30,
      "reset": "1788443275",
      "http_status": 200
    },
    "github_self_targets_blocked": 28,
    "github_duplicates_blocked": 0,
    "github_low_relevance_blocked": 22,
    "human_approval_required": true,
    "external_publications": 0,
    "external_publication_attempted": false
  },
  "SESSION": {
    "session_id": "sess_20260826_000957_11e9b0",
    "session_start_utc": "2026-08-26T00:09:57.414562+00:00",
    "elapsed_hours": 205.6161
  },
  "RUNTIME": {
    "cycles": 632,
    "successful_cycles": 632,
    "failed_cycles": 0,
    "idle_cycles": 0
  },
  "CYCLE": {
    "cycle_id": "cyc_d6fba298",
    "timestamp": "2026-09-03T13:46:55.262174+00:00",
    "productive_action": "PUBLISH_TECHNICAL_CONTENT",
    "productive_action_status": "SUCCESS"
  },
  "OPPORTUNITIES": {
    "opportunities_evaluated": 90,
    "targets_selected": 422,
    "tier_a_targets": 0,
    "tier_b_targets": 67,
    "tier_c_targets": 355
  },
  "ACTIONS": {
    "actions_attempted": 67,
    "actions_generated_locally": -288,
    "actions_sent_externally": 0,
    "publications_confirmed": 0,
    "action_failures": 0,
    "blocked_actions": 355
  },
  "CHANNEL TELEMETRY": {
    "channels_evaluated": 9,
    "channels_with_targets": 9,
    "channels_with_actions": 0,
    "channels_with_publications": 0,
    "channels_blocked": 0,
    "channel_diversity_score": 0.0,
    "per_channel": {
      "GITHUB": {
        "opportunities_evaluated": 10,
        "targets_selected": 190,
        "actions_attempted": 190,
        "actions_generated_locally": 67,
        "actions_sent_externally": 0,
        "publications_confirmed": 0,
        "failures": 0,
        "blocked": 123
      },
      "REDDIT": {
        "opportunities_evaluated": 10,
        "targets_selected": 29,
        "actions_attempted": 29,
        "actions_generated_locally": 0,
        "actions_sent_externally": 0,
        "publications_confirmed": 0,
        "failures": 0,
        "blocked": 29
      },
      "QUANTCONNECT": {
        "opportunities_evaluated": 10,
        "targets_selected": 29,
        "actions_attempted": 29,
        "actions_generated_locally": 0,
        "actions_sent_externally": 0,
        "publications_confirmed": 0,
        "failures": 0,
        "blocked": 29
      },
      "SEO": {
        "opportunities_evaluated": 10,
        "targets_selected": 29,
        "actions_attempted": 29,
        "actions_generated_locally": 0,
        "actions_sent_externally": 0,
        "publications_confirmed": 0,
        "failures": 0,
        "blocked": 29
      },
      "TECHNICAL_COMMUNITIES": {
        "opportunities_evaluated": 10,
        "targets_selected": 29,
        "actions_attempted": 29,
        "actions_generated_locally": 0,
        "actions_sent_externally": 0,
        "publications_confirmed": 0,
        "failures": 0,
        "blocked": 29
      },
      "DEVELOPER_FORUMS": {
        "opportunities_evaluated": 10,
        "targets_selected": 29,
        "actions_attempted": 29,
        "actions_generated_locally": 0,
        "actions_sent_externally": 0,
        "publications_confirmed": 0,
        "failures": 0,
        "blocked": 29
      },
      "B2B_DIRECTORIES": {
        "opportunities_evaluated": 10,
        "targets_selected": 29,
        "actions_attempted": 29,
        "actions_generated_locally": 0,
        "actions_sent_externally": 0,
        "publications_confirmed": 0,
        "failures": 0,
        "blocked": 29
      },
      "MARKETPLACES": {
        "opportunities_evaluated": 10,
        "targets_selected": 29,
        "actions_attempted": 29,
        "actions_generated_locally": 0,
        "actions_sent_externally": 0,
        "publications_confirmed": 0,
        "failures": 0,
        "blocked": 29
      },
      "CONTENT_DISCOVERY": {
        "opportunities_evaluated": 10,
        "targets_selected": 29,
        "actions_attempted": 29,
        "actions_generated_locally": 0,
        "actions_sent_externally": 0,
        "publications_confirmed": 0,
        "failures": 0,
        "blocked": 29
      }
    }
  },
  "REAL FUNNEL": {
    "human_replies": 0,
    "real_landing_visits": 0,
    "real_quiz_starts": 0,
    "real_emails": 0,
    "real_checkouts": 0,
    "real_payments": 0,
    "real_revenue_usd": 0,
    "real_audits": 0,
    "real_certificates": 0,
    "real_customer_emails": 0
  },
  "INTEGRITY": {
    "telemetry_inconsistencies_detected": 0,
    "telemetry_inconsistencies_corrected": 1,
    "synthetic_events": 0,
    "owner_internal_events": 0,
    "historical_events": 231
  },
  "OUTREACH": {
    "opportunities_evaluated": 90,
    "tier_a_targets": 0,
    "tier_b_targets": 67,
    "tier_c_targets": 355,
    "action_attempts": 67,
    "actions_successful": 0,
    "publications_created": 0,
    "blocked_actions": 355
  },
  "CHANNELS": {
    "channels_evaluated": 9,
    "channels_with_targets": 9,
    "channels_with_actions": 0,
    "channels_with_publications": 0,
    "channels_blocked": 0,
    "channel_diversity_score": 0.0
  },
  "RISK": {
    "duplicate_blocks": 252,
    "cooldown_blocks": 0,
    "relevance_blocks": 22,
    "promotion_risk_blocks": 0,
    "exposure_budget_blocks": 0
  },
  "ENGAGEMENT": {
    "human_replies": 0,
    "real_landing_visits": 0,
    "real_quiz_starts": 0,
    "real_emails": 0,
    "real_checkouts": 0
  },
  "REVENUE": {
    "real_payments": 0,
    "real_revenue_usd": 0,
    "revenue_usd": 0
  },
  "DELIVERY": {
    "real_audits": 0,
    "real_certificates": 0,
    "real_emails_delivered": 0
  },
  "HISTORICAL / INTERNAL": {
    "historical_audits": 231,
    "historical_certificates": 231,
    "historical_internal_emails": 231,
    "historical_test_payments": 1
  },
  "ANTI-IDLE": {
    "productive_cycles": 632,
    "idle_cycles": 0,
    "idle_cycle": false,
    "fallback_actions": 1
  },
  "DELTA": {
    "opportunities_evaluated_delta": 90,
    "targets_selected_delta": 422,
    "actions_sent_externally_delta": 0,
    "real_landing_visits_delta": 0,
    "real_revenue_delta": 0.0
  },
  "NEXT_ACTION": "PUBLISH_TECHNICAL_CONTENT",
  "STATUSES": {
    "TELEMETRY_INTEGRITY": "PASS",
    "EXTERNAL_ACTION_PROOF": "PASS",
    "TIER_ACCOUNTING": "PASS",
    "CHANNEL_ACCOUNTING": "PASS",
    "ENGINE_EXECUTION": "PASS",
    "ADAPTIVE_FILTER": "PASS",
    "NO_IDLE": "PASS",
    "NO_REPEAT": "PASS",
    "EXPOSURE_BUDGET": "PASS",
    "MULTICHANNEL_ACTIVITY": "PASS",
    "MULTICHANNEL_ROTATION": "PASS",
    "REAL_HUMAN_INTEREST": "PENDING",
    "REAL_REVENUE": "PENDING",
    "FINAL_VERDICT": "READY_FOR_24H_LOOP"
  }
}
Sleeping 15 minutes (900s)...

[2026-09-03T14:01:57.171108+00:00] Executed Cycle #633 (cyc_f7a191ff)
{
  "timestamp": "2026-09-03T14:01:57.171108+00:00",
  "cycle_id": "cyc_f7a191ff",
  "OPERATING_MODE": "DISCOVERY_AND_DRAFT_ONLY",
  "EXTERNAL_PUBLICATION_ATTEMPTED": false,
  "OUTREACH_SAFETY": {
    "operating_mode": "DISCOVERY_AND_DRAFT_ONLY",
    "allow_external_publication": false,
    "external_publication_allowed": false,
    "external_publication_attempted": false,
    "block_reason": "EXTERNAL_PUBLICATION_REQUIRES_EXPLICIT_APPROVAL"
  },
  "PROSPECT_PIPELINE": {
    "prospects_discovered": 422,
    "prospects_eligible": 67,
    "blocked_self_target": 29,
    "blocked_duplicate": 252,
    "pending_source_verification": 0,
    "template_or_synthetic": 10,
    "internal_or_self": 29,
    "local_drafts_created": 67,
    "valid_human_approvable_drafts": 5,
    "invalidated_drafts_historical": 295,
    "github_live_search_enabled": true,
    "github_api_requests_made_current_cycle": 1,
    "github_api_results_received_current_cycle": 30,
    "github_http_200_responses_current_cycle": 1,
    "github_external_sources_verified_current_cycle": 10,
    "github_drafts_created_current_cycle": 67,
    "github_api_error_current_cycle": null,
    "github_api_rate_limit_status_current_cycle": {
      "remaining": 29,
      "limit": 30,
      "reset": "1788444177",
      "http_status": 200
    },
    "github_self_targets_blocked": 29,
    "github_duplicates_blocked": 0,
    "github_low_relevance_blocked": 22,
    "human_approval_required": true,
    "external_publications": 0,
    "external_publication_attempted": false
  },
  "SESSION": {
    "session_id": "sess_20260826_000957_11e9b0",
    "session_start_utc": "2026-08-26T00:09:57.414562+00:00",
    "elapsed_hours": 205.8666
  },
  "RUNTIME": {
    "cycles": 633,
    "successful_cycles": 633,
    "failed_cycles": 0,
    "idle_cycles": 0
  },
  "CYCLE": {
    "cycle_id": "cyc_f7a191ff",
    "timestamp": "2026-09-03T14:01:57.171108+00:00",
    "productive_action": "PUBLISH_TECHNICAL_CONTENT",
    "productive_action_status": "SUCCESS"
  },
  "OPPORTUNITIES": {
    "opportunities_evaluated": 90,
    "targets_selected": 422,
    "tier_a_targets": 0,
    "tier_b_targets": 67,
    "tier_c_targets": 355
  },
  "ACTIONS": {
    "actions_attempted": 67,
    "actions_generated_locally": -288,
    "actions_sent_externally": 0,
    "publications_confirmed": 0,
    "action_failures": 0,
    "blocked_actions": 355
  },
  "CHANNEL TELEMETRY": {
    "channels_evaluated": 9,
    "channels_with_targets": 9,
    "channels_with_actions": 0,
    "channels_with_publications": 0,
    "channels_blocked": 0,
    "channel_diversity_score": 0.0,
    "per_channel": {
      "GITHUB": {
        "opportunities_evaluated": 10,
        "targets_selected": 190,
        "actions_attempted": 190,
        "actions_generated_locally": 67,
        "actions_sent_externally": 0,
        "publications_confirmed": 0,
        "failures": 0,
        "blocked": 123
      },
      "REDDIT": {
        "opportunities_evaluated": 10,
        "targets_selected": 29,
        "actions_attempted": 29,
        "actions_generated_locally": 0,
        "actions_sent_externally": 0,
        "publications_confirmed": 0,
        "failures": 0,
        "blocked": 29
      },
      "QUANTCONNECT": {
        "opportunities_evaluated": 10,
        "targets_selected": 29,
        "actions_attempted": 29,
        "actions_generated_locally": 0,
        "actions_sent_externally": 0,
        "publications_confirmed": 0,
        "failures": 0,
        "blocked": 29
      },
      "SEO": {
        "opportunities_evaluated": 10,
        "targets_selected": 29,
        "actions_attempted": 29,
        "actions_generated_locally": 0,
        "actions_sent_externally": 0,
        "publications_confirmed": 0,
        "failures": 0,
        "blocked": 29
      },
      "TECHNICAL_COMMUNITIES": {
        "opportunities_evaluated": 10,
        "targets_selected": 29,
        "actions_attempted": 29,
        "actions_generated_locally": 0,
        "actions_sent_externally": 0,
        "publications_confirmed": 0,
        "failures": 0,
        "blocked": 29
      },
      "DEVELOPER_FORUMS": {
        "opportunities_evaluated": 10,
        "targets_selected": 29,
        "actions_attempted": 29,
        "actions_generated_locally": 0,
        "actions_sent_externally": 0,
        "publications_confirmed": 0,
        "failures": 0,
        "blocked": 29
      },
      "B2B_DIRECTORIES": {
        "opportunities_evaluated": 10,
        "targets_selected": 29,
        "actions_attempted": 29,
        "actions_generated_locally": 0,
        "actions_sent_externally": 0,
        "publications_confirmed": 0,
        "failures": 0,
        "blocked": 29
      },
      "MARKETPLACES": {
        "opportunities_evaluated": 10,
        "targets_selected": 29,
        "actions_attempted": 29,
        "actions_generated_locally": 0,
        "actions_sent_externally": 0,
        "publications_confirmed": 0,
        "failures": 0,
        "blocked": 29
      },
      "CONTENT_DISCOVERY": {
        "opportunities_evaluated": 10,
        "targets_selected": 29,
        "actions_attempted": 29,
        "actions_generated_locally": 0,
        "actions_sent_externally": 0,
        "publications_confirmed": 0,
        "failures": 0,
        "blocked": 29
      }
    }
  },
  "REAL FUNNEL": {
    "human_replies": 0,
    "real_landing_visits": 0,
    "real_quiz_starts": 0,
    "real_emails": 0,
    "real_checkouts": 0,
    "real_payments": 0,
    "real_revenue_usd": 0,
    "real_audits": 0,
    "real_certificates": 0,
    "real_customer_emails": 0
  },
  "INTEGRITY": {
    "telemetry_inconsistencies_detected": 0,
    "telemetry_inconsistencies_corrected": 1,
    "synthetic_events": 0,
    "owner_internal_events": 0,
    "historical_events": 231
  },
  "OUTREACH": {
    "opportunities_evaluated": 90,
    "tier_a_targets": 0,
    "tier_b_targets": 67,
    "tier_c_targets": 355,
    "action_attempts": 67,
    "actions_successful": 0,
    "publications_created": 0,
    "blocked_actions": 355
  },
  "CHANNELS": {
    "channels_evaluated": 9,
    "channels_with_targets": 9,
    "channels_with_actions": 0,
    "channels_with_publications": 0,
    "channels_blocked": 0,
    "channel_diversity_score": 0.0
  },
  "RISK": {
    "duplicate_blocks": 252,
    "cooldown_blocks": 0,
    "relevance_blocks": 22,
    "promotion_risk_blocks": 0,
    "exposure_budget_blocks": 0
  },
  "ENGAGEMENT": {
    "human_replies": 0,
    "real_landing_visits": 0,
    "real_quiz_starts": 0,
    "real_emails": 0,
    "real_checkouts": 0
  },
  "REVENUE": {
    "real_payments": 0,
    "real_revenue_usd": 0,
    "revenue_usd": 0
  },
  "DELIVERY": {
    "real_audits": 0,
    "real_certificates": 0,
    "real_emails_delivered": 0
  },
  "HISTORICAL / INTERNAL": {
    "historical_audits": 231,
    "historical_certificates": 231,
    "historical_internal_emails": 231,
    "historical_test_payments": 1
  },
  "ANTI-IDLE": {
    "productive_cycles": 633,
    "idle_cycles": 0,
    "idle_cycle": false,
    "fallback_actions": 1
  },
  "DELTA": {
    "opportunities_evaluated_delta": 90,
    "targets_selected_delta": 422,
    "actions_sent_externally_delta": 0,
    "real_landing_visits_delta": 0,
    "real_revenue_delta": 0.0
  },
  "NEXT_ACTION": "PUBLISH_TECHNICAL_CONTENT",
  "STATUSES": {
    "TELEMETRY_INTEGRITY": "PASS",
    "EXTERNAL_ACTION_PROOF": "PASS",
    "TIER_ACCOUNTING": "PASS",
    "CHANNEL_ACCOUNTING": "PASS",
    "ENGINE_EXECUTION": "PASS",
    "ADAPTIVE_FILTER": "PASS",
    "NO_IDLE": "PASS",
    "NO_REPEAT": "PASS",
    "EXPOSURE_BUDGET": "PASS",
    "MULTICHANNEL_ACTIVITY": "PASS",
    "MULTICHANNEL_ROTATION": "PASS",
    "REAL_HUMAN_INTEREST": "PENDING",
    "REAL_REVENUE": "PENDING",
    "FINAL_VERDICT": "READY_FOR_24H_LOOP"
  }
}
Sleeping 15 minutes (900s)...

[2026-09-03T14:16:59.404573+00:00] Executed Cycle #634 (cyc_ea61578a)
{
  "timestamp": "2026-09-03T14:16:59.404573+00:00",
  "cycle_id": "cyc_ea61578a",
  "OPERATING_MODE": "DISCOVERY_AND_DRAFT_ONLY",
  "EXTERNAL_PUBLICATION_ATTEMPTED": false,
  "OUTREACH_SAFETY": {
    "operating_mode": "DISCOVERY_AND_DRAFT_ONLY",
    "allow_external_publication": false,
    "external_publication_allowed": false,
    "external_publication_attempted": false,
    "block_reason": "EXTERNAL_PUBLICATION_REQUIRES_EXPLICIT_APPROVAL"
  },
  "PROSPECT_PIPELINE": {
    "prospects_discovered": 422,
    "prospects_eligible": 67,
    "blocked_self_target": 29,
    "blocked_duplicate": 252,
    "pending_source_verification": 0,
    "template_or_synthetic": 10,
    "internal_or_self": 29,
    "local_drafts_created": 67,
    "valid_human_approvable_drafts": 5,
    "invalidated_drafts_historical": 295,
    "github_live_search_enabled": true,
    "github_api_requests_made_current_cycle": 1,
    "github_api_results_received_current_cycle": 30,
    "github_http_200_responses_current_cycle": 1,
    "github_external_sources_verified_current_cycle": 10,
    "github_drafts_created_current_cycle": 67,
    "github_api_error_current_cycle": null,
    "github_api_rate_limit_status_current_cycle": {
      "remaining": 29,
      "limit": 30,
      "reset": "1788445079",
      "http_status": 200
    },
    "github_self_targets_blocked": 29,
    "github_duplicates_blocked": 0,
    "github_low_relevance_blocked": 22,
    "human_approval_required": true,
    "external_publications": 0,
    "external_publication_attempted": false
  },
  "SESSION": {
    "session_id": "sess_20260826_000957_11e9b0",
    "session_start_utc": "2026-08-26T00:09:57.414562+00:00",
    "elapsed_hours": 206.1172
  },
  "RUNTIME": {
    "cycles": 634,
    "successful_cycles": 634,
    "failed_cycles": 0,
    "idle_cycles": 0
  },
  "CYCLE": {
    "cycle_id": "cyc_ea61578a",
    "timestamp": "2026-09-03T14:16:59.404573+00:00",
    "productive_action": "PUBLISH_TECHNICAL_CONTENT",
    "productive_action_status": "SUCCESS"
  },
  "OPPORTUNITIES": {
    "opportunities_evaluated": 90,
    "targets_selected": 422,
    "tier_a_targets": 0,
    "tier_b_targets": 67,
    "tier_c_targets": 355
  },
  "ACTIONS": {
    "actions_attempted": 67,
    "actions_generated_locally": -288,
    "actions_sent_externally": 0,
    "publications_confirmed": 0,
    "action_failures": 0,
    "blocked_actions": 355
  },
  "CHANNEL TELEMETRY": {
    "channels_evaluated": 9,
    "channels_with_targets": 9,
    "channels_with_actions": 0,
    "channels_with_publications": 0,
    "channels_blocked": 0,
    "channel_diversity_score": 0.0,
    "per_channel": {
      "GITHUB": {
        "opportunities_evaluated": 10,
        "targets_selected": 190,
        "actions_attempted": 190,
        "actions_generated_locally": 67,
        "actions_sent_externally": 0,
        "publications_confirmed": 0,
        "failures": 0,
        "blocked": 123
      },
      "REDDIT": {
        "opportunities_evaluated": 10,
        "targets_selected": 29,
        "actions_attempted": 29,
        "actions_generated_locally": 0,
        "actions_sent_externally": 0,
        "publications_confirmed": 0,
        "failures": 0,
        "blocked": 29
      },
      "QUANTCONNECT": {
        "opportunities_evaluated": 10,
        "targets_selected": 29,
        "actions_attempted": 29,
        "actions_generated_locally": 0,
        "actions_sent_externally": 0,
        "publications_confirmed": 0,
        "failures": 0,
        "blocked": 29
      },
      "SEO": {
        "opportunities_evaluated": 10,
        "targets_selected": 29,
        "actions_attempted": 29,
        "actions_generated_locally": 0,
        "actions_sent_externally": 0,
        "publications_confirmed": 0,
        "failures": 0,
        "blocked": 29
      },
      "TECHNICAL_COMMUNITIES": {
        "opportunities_evaluated": 10,
        "targets_selected": 29,
        "actions_attempted": 29,
        "actions_generated_locally": 0,
        "actions_sent_externally": 0,
        "publications_confirmed": 0,
        "failures": 0,
        "blocked": 29
      },
      "DEVELOPER_FORUMS": {
        "opportunities_evaluated": 10,
        "targets_selected": 29,
        "actions_attempted": 29,
        "actions_generated_locally": 0,
        "actions_sent_externally": 0,
        "publications_confirmed": 0,
        "failures": 0,
        "blocked": 29
      },
      "B2B_DIRECTORIES": {
        "opportunities_evaluated": 10,
        "targets_selected": 29,
        "actions_attempted": 29,
        "actions_generated_locally": 0,
        "actions_sent_externally": 0,
        "publications_confirmed": 0,
        "failures": 0,
        "blocked": 29
      },
      "MARKETPLACES": {
        "opportunities_evaluated": 10,
        "targets_selected": 29,
        "actions_attempted": 29,
        "actions_generated_locally": 0,
        "actions_sent_externally": 0,
        "publications_confirmed": 0,
        "failures": 0,
        "blocked": 29
      },
      "CONTENT_DISCOVERY": {
        "opportunities_evaluated": 10,
        "targets_selected": 29,
        "actions_attempted": 29,
        "actions_generated_locally": 0,
        "actions_sent_externally": 0,
        "publications_confirmed": 0,
        "failures": 0,
        "blocked": 29
      }
    }
  },
  "REAL FUNNEL": {
    "human_replies": 0,
    "real_landing_visits": 0,
    "real_quiz_starts": 0,
    "real_emails": 0,
    "real_checkouts": 0,
    "real_payments": 0,
    "real_revenue_usd": 0,
    "real_audits": 0,
    "real_certificates": 0,
    "real_customer_emails": 0
  },
  "INTEGRITY": {
    "telemetry_inconsistencies_detected": 0,
    "telemetry_inconsistencies_corrected": 1,
    "synthetic_events": 0,
    "owner_internal_events": 0,
    "historical_events": 231
  },
  "OUTREACH": {
    "opportunities_evaluated": 90,
    "tier_a_targets": 0,
    "tier_b_targets": 67,
    "tier_c_targets": 355,
    "action_attempts": 67,
    "actions_successful": 0,
    "publications_created": 0,
    "blocked_actions": 355
  },
  "CHANNELS": {
    "channels_evaluated": 9,
    "channels_with_targets": 9,
    "channels_with_actions": 0,
    "channels_with_publications": 0,
    "channels_blocked": 0,
    "channel_diversity_score": 0.0
  },
  "RISK": {
    "duplicate_blocks": 252,
    "cooldown_blocks": 0,
    "relevance_blocks": 22,
    "promotion_risk_blocks": 0,
    "exposure_budget_blocks": 0
  },
  "ENGAGEMENT": {
    "human_replies": 0,
    "real_landing_visits": 0,
    "real_quiz_starts": 0,
    "real_emails": 0,
    "real_checkouts": 0
  },
  "REVENUE": {
    "real_payments": 0,
    "real_revenue_usd": 0,
    "revenue_usd": 0
  },
  "DELIVERY": {
    "real_audits": 0,
    "real_certificates": 0,
    "real_emails_delivered": 0
  },
  "HISTORICAL / INTERNAL": {
    "historical_audits": 231,
    "historical_certificates": 231,
    "historical_internal_emails": 231,
    "historical_test_payments": 1
  },
  "ANTI-IDLE": {
    "productive_cycles": 634,
    "idle_cycles": 0,
    "idle_cycle": false,
    "fallback_actions": 1
  },
  "DELTA": {
    "opportunities_evaluated_delta": 90,
    "targets_selected_delta": 422,
    "actions_sent_externally_delta": 0,
    "real_landing_visits_delta": 0,
    "real_revenue_delta": 0.0
  },
  "NEXT_ACTION": "PUBLISH_TECHNICAL_CONTENT",
  "STATUSES": {
    "TELEMETRY_INTEGRITY": "PASS",
    "EXTERNAL_ACTION_PROOF": "PASS",
    "TIER_ACCOUNTING": "PASS",
    "CHANNEL_ACCOUNTING": "PASS",
    "ENGINE_EXECUTION": "PASS",
    "ADAPTIVE_FILTER": "PASS",
    "NO_IDLE": "PASS",
    "NO_REPEAT": "PASS",
    "EXPOSURE_BUDGET": "PASS",
    "MULTICHANNEL_ACTIVITY": "PASS",
    "MULTICHANNEL_ROTATION": "PASS",
    "REAL_HUMAN_INTEREST": "PENDING",
    "REAL_REVENUE": "PENDING",
    "FINAL_VERDICT": "READY_FOR_24H_LOOP"
  }
}
Sleeping 15 minutes (900s)...

[2026-09-03T14:32:01.695127+00:00] Executed Cycle #635 (cyc_2b3ccf9f)
{
  "timestamp": "2026-09-03T14:32:01.695127+00:00",
  "cycle_id": "cyc_2b3ccf9f",
  "OPERATING_MODE": "DISCOVERY_AND_DRAFT_ONLY",
  "EXTERNAL_PUBLICATION_ATTEMPTED": false,
  "OUTREACH_SAFETY": {
    "operating_mode": "DISCOVERY_AND_DRAFT_ONLY",
    "allow_external_publication": false,
    "external_publication_allowed": false,
    "external_publication_attempted": false,
    "block_reason": "EXTERNAL_PUBLICATION_REQUIRES_EXPLICIT_APPROVAL"
  },
  "PROSPECT_PIPELINE": {
    "prospects_discovered": 422,
    "prospects_eligible": 67,
    "blocked_self_target": 29,
    "blocked_duplicate": 252,
    "pending_source_verification": 0,
    "template_or_synthetic": 10,
    "internal_or_self": 29,
    "local_drafts_created": 67,
    "valid_human_approvable_drafts": 5,
    "invalidated_drafts_historical": 295,
    "github_live_search_enabled": true,
    "github_api_requests_made_current_cycle": 1,
    "github_api_results_received_current_cycle": 5,
    "github_http_200_responses_current_cycle": 1,
    "github_external_sources_verified_current_cycle": 4,
    "github_drafts_created_current_cycle": 67,
    "github_api_error_current_cycle": null,
    "github_api_rate_limit_status_current_cycle": {
      "remaining": 29,
      "limit": 30,
      "reset": "1788445982",
      "http_status": 200
    },
    "github_self_targets_blocked": 29,
    "github_duplicates_blocked": 0,
    "github_low_relevance_blocked": 22,
    "human_approval_required": true,
    "external_publications": 0,
    "external_publication_attempted": false
  },
  "SESSION": {
    "session_id": "sess_20260826_000957_11e9b0",
    "session_start_utc": "2026-08-26T00:09:57.414562+00:00",
    "elapsed_hours": 206.3679
  },
  "RUNTIME": {
    "cycles": 635,
    "successful_cycles": 635,
    "failed_cycles": 0,
    "idle_cycles": 0
  },
  "CYCLE": {
    "cycle_id": "cyc_2b3ccf9f",
    "timestamp": "2026-09-03T14:32:01.695127+00:00",
    "productive_action": "PUBLISH_TECHNICAL_CONTENT",
    "productive_action_status": "SUCCESS"
  },
  "OPPORTUNITIES": {
    "opportunities_evaluated": 90,
    "targets_selected": 422,
    "tier_a_targets": 0,
    "tier_b_targets": 67,
    "tier_c_targets": 355
  },
  "ACTIONS": {
    "actions_attempted": 67,
    "actions_generated_locally": -288,
    "actions_sent_externally": 0,
    "publications_confirmed": 0,
    "action_failures": 0,
    "blocked_actions": 355
  },
  "CHANNEL TELEMETRY": {
    "channels_evaluated": 9,
    "channels_with_targets": 9,
    "channels_with_actions": 0,
    "channels_with_publications": 0,
    "channels_blocked": 0,
    "channel_diversity_score": 0.0,
    "per_channel": {
      "GITHUB": {
        "opportunities_evaluated": 10,
        "targets_selected": 190,
        "actions_attempted": 190,
        "actions_generated_locally": 67,
        "actions_sent_externally": 0,
        "publications_confirmed": 0,
        "failures": 0,
        "blocked": 123
      },
      "REDDIT": {
        "opportunities_evaluated": 10,
        "targets_selected": 29,
        "actions_attempted": 29,
        "actions_generated_locally": 0,
        "actions_sent_externally": 0,
        "publications_confirmed": 0,
        "failures": 0,
        "blocked": 29
      },
      "QUANTCONNECT": {
        "opportunities_evaluated": 10,
        "targets_selected": 29,
        "actions_attempted": 29,
        "actions_generated_locally": 0,
        "actions_sent_externally": 0,
        "publications_confirmed": 0,
        "failures": 0,
        "blocked": 29
      },
      "SEO": {
        "opportunities_evaluated": 10,
        "targets_selected": 29,
        "actions_attempted": 29,
        "actions_generated_locally": 0,
        "actions_sent_externally": 0,
        "publications_confirmed": 0,
        "failures": 0,
        "blocked": 29
      },
      "TECHNICAL_COMMUNITIES": {
        "opportunities_evaluated": 10,
        "targets_selected": 29,
        "actions_attempted": 29,
        "actions_generated_locally": 0,
        "actions_sent_externally": 0,
        "publications_confirmed": 0,
        "failures": 0,
        "blocked": 29
      },
      "DEVELOPER_FORUMS": {
        "opportunities_evaluated": 10,
        "targets_selected": 29,
        "actions_attempted": 29,
        "actions_generated_locally": 0,
        "actions_sent_externally": 0,
        "publications_confirmed": 0,
        "failures": 0,
        "blocked": 29
      },
      "B2B_DIRECTORIES": {
        "opportunities_evaluated": 10,
        "targets_selected": 29,
        "actions_attempted": 29,
        "actions_generated_locally": 0,
        "actions_sent_externally": 0,
        "publications_confirmed": 0,
        "failures": 0,
        "blocked": 29
      },
      "MARKETPLACES": {
        "opportunities_evaluated": 10,
        "targets_selected": 29,
        "actions_attempted": 29,
        "actions_generated_locally": 0,
        "actions_sent_externally": 0,
        "publications_confirmed": 0,
        "failures": 0,
        "blocked": 29
      },
      "CONTENT_DISCOVERY": {
        "opportunities_evaluated": 10,
        "targets_selected": 29,
        "actions_attempted": 29,
        "actions_generated_locally": 0,
        "actions_sent_externally": 0,
        "publications_confirmed": 0,
        "failures": 0,
        "blocked": 29
      }
    }
  },
  "REAL FUNNEL": {
    "human_replies": 0,
    "real_landing_visits": 0,
    "real_quiz_starts": 0,
    "real_emails": 0,
    "real_checkouts": 0,
    "real_payments": 0,
    "real_revenue_usd": 0,
    "real_audits": 0,
    "real_certificates": 0,
    "real_customer_emails": 0
  },
  "INTEGRITY": {
    "telemetry_inconsistencies_detected": 0,
    "telemetry_inconsistencies_corrected": 1,
    "synthetic_events": 0,
    "owner_internal_events": 0,
    "historical_events": 231
  },
  "OUTREACH": {
    "opportunities_evaluated": 90,
    "tier_a_targets": 0,
    "tier_b_targets": 67,
    "tier_c_targets": 355,
    "action_attempts": 67,
    "actions_successful": 0,
    "publications_created": 0,
    "blocked_actions": 355
  },
  "CHANNELS": {
    "channels_evaluated": 9,
    "channels_with_targets": 9,
    "channels_with_actions": 0,
    "channels_with_publications": 0,
    "channels_blocked": 0,
    "channel_diversity_score": 0.0
  },
  "RISK": {
    "duplicate_blocks": 252,
    "cooldown_blocks": 0,
    "relevance_blocks": 22,
    "promotion_risk_blocks": 0,
    "exposure_budget_blocks": 0
  },
  "ENGAGEMENT": {
    "human_replies": 0,
    "real_landing_visits": 0,
    "real_quiz_starts": 0,
    "real_emails": 0,
    "real_checkouts": 0
  },
  "REVENUE": {
    "real_payments": 0,
    "real_revenue_usd": 0,
    "revenue_usd": 0
  },
  "DELIVERY": {
    "real_audits": 0,
    "real_certificates": 0,
    "real_emails_delivered": 0
  },
  "HISTORICAL / INTERNAL": {
    "historical_audits": 231,
    "historical_certificates": 231,
    "historical_internal_emails": 231,
    "historical_test_payments": 1
  },
  "ANTI-IDLE": {
    "productive_cycles": 635,
    "idle_cycles": 0,
    "idle_cycle": false,
    "fallback_actions": 1
  },
  "DELTA": {
    "opportunities_evaluated_delta": 90,
    "targets_selected_delta": 422,
    "actions_sent_externally_delta": 0,
    "real_landing_visits_delta": 0,
    "real_revenue_delta": 0.0
  },
  "NEXT_ACTION": "PUBLISH_TECHNICAL_CONTENT",
  "STATUSES": {
    "TELEMETRY_INTEGRITY": "PASS",
    "EXTERNAL_ACTION_PROOF": "PASS",
    "TIER_ACCOUNTING": "PASS",
    "CHANNEL_ACCOUNTING": "PASS",
    "ENGINE_EXECUTION": "PASS",
    "ADAPTIVE_FILTER": "PASS",
    "NO_IDLE": "PASS",
    "NO_REPEAT": "PASS",
    "EXPOSURE_BUDGET": "PASS",
    "MULTICHANNEL_ACTIVITY": "PASS",
    "MULTICHANNEL_ROTATION": "PASS",
    "REAL_HUMAN_INTEREST": "PENDING",
    "REAL_REVENUE": "PENDING",
    "FINAL_VERDICT": "READY_FOR_24H_LOOP"
  }
}
Sleeping 15 minutes (900s)...

[2026-09-03T14:47:03.374249+00:00] Executed Cycle #636 (cyc_1475df9f)
{
  "timestamp": "2026-09-03T14:47:03.374249+00:00",
  "cycle_id": "cyc_1475df9f",
  "OPERATING_MODE": "DISCOVERY_AND_DRAFT_ONLY",
  "EXTERNAL_PUBLICATION_ATTEMPTED": false,
  "OUTREACH_SAFETY": {
    "operating_mode": "DISCOVERY_AND_DRAFT_ONLY",
    "allow_external_publication": false,
    "external_publication_allowed": false,
    "external_publication_attempted": false,
    "block_reason": "EXTERNAL_PUBLICATION_REQUIRES_EXPLICIT_APPROVAL"
  },
  "PROSPECT_PIPELINE": {
    "prospects_discovered": 422,
    "prospects_eligible": 67,
    "blocked_self_target": 29,
    "blocked_duplicate": 252,
    "pending_source_verification": 0,
    "template_or_synthetic": 10,
    "internal_or_self": 29,
    "local_drafts_created": 67,
    "valid_human_approvable_drafts": 5,
    "invalidated_drafts_historical": 295,
    "github_live_search_enabled": true,
    "github_api_requests_made_current_cycle": 1,
    "github_api_results_received_current_cycle": 30,
    "github_http_200_responses_current_cycle": 1,
    "github_external_sources_verified_current_cycle": 10,
    "github_drafts_created_current_cycle": 67,
    "github_api_error_current_cycle": null,
    "github_api_rate_limit_status_current_cycle": {
      "remaining": 29,
      "limit": 30,
      "reset": "1788446883",
      "http_status": 200
    },
    "github_self_targets_blocked": 30,
    "github_duplicates_blocked": 0,
    "github_low_relevance_blocked": 22,
    "human_approval_required": true,
    "external_publications": 0,
    "external_publication_attempted": false
  },
  "SESSION": {
    "session_id": "sess_20260826_000957_11e9b0",
    "session_start_utc": "2026-08-26T00:09:57.414562+00:00",
    "elapsed_hours": 206.6183
  },
  "RUNTIME": {
    "cycles": 636,
    "successful_cycles": 636,
    "failed_cycles": 0,
    "idle_cycles": 0
  },
  "CYCLE": {
    "cycle_id": "cyc_1475df9f",
    "timestamp": "2026-09-03T14:47:03.374249+00:00",
    "productive_action": "PUBLISH_TECHNICAL_CONTENT",
    "productive_action_status": "SUCCESS"
  },
  "OPPORTUNITIES": {
    "opportunities_evaluated": 90,
    "targets_selected": 422,
    "tier_a_targets": 0,
    "tier_b_targets": 67,
    "tier_c_targets": 355
  },
  "ACTIONS": {
    "actions_attempted": 67,
    "actions_generated_locally": -288,
    "actions_sent_externally": 0,
    "publications_confirmed": 0,
    "action_failures": 0,
    "blocked_actions": 355
  },
  "CHANNEL TELEMETRY": {
    "channels_evaluated": 9,
    "channels_with_targets": 9,
    "channels_with_actions": 0,
    "channels_with_publications": 0,
    "channels_blocked": 0,
    "channel_diversity_score": 0.0,
    "per_channel": {
      "GITHUB": {
        "opportunities_evaluated": 10,
        "targets_selected": 190,
        "actions_attempted": 190,
        "actions_generated_locally": 67,
        "actions_sent_externally": 0,
        "publications_confirmed": 0,
        "failures": 0,
        "blocked": 123
      },
      "REDDIT": {
        "opportunities_evaluated": 10,
        "targets_selected": 29,
        "actions_attempted": 29,
        "actions_generated_locally": 0,
        "actions_sent_externally": 0,
        "publications_confirmed": 0,
        "failures": 0,
        "blocked": 29
      },
      "QUANTCONNECT": {
        "opportunities_evaluated": 10,
        "targets_selected": 29,
        "actions_attempted": 29,
        "actions_generated_locally": 0,
        "actions_sent_externally": 0,
        "publications_confirmed": 0,
        "failures": 0,
        "blocked": 29
      },
      "SEO": {
        "opportunities_evaluated": 10,
        "targets_selected": 29,
        "actions_attempted": 29,
        "actions_generated_locally": 0,
        "actions_sent_externally": 0,
        "publications_confirmed": 0,
        "failures": 0,
        "blocked": 29
      },
      "TECHNICAL_COMMUNITIES": {
        "opportunities_evaluated": 10,
        "targets_selected": 29,
        "actions_attempted": 29,
        "actions_generated_locally": 0,
        "actions_sent_externally": 0,
        "publications_confirmed": 0,
        "failures": 0,
        "blocked": 29
      },
      "DEVELOPER_FORUMS": {
        "opportunities_evaluated": 10,
        "targets_selected": 29,
        "actions_attempted": 29,
        "actions_generated_locally": 0,
        "actions_sent_externally": 0,
        "publications_confirmed": 0,
        "failures": 0,
        "blocked": 29
      },
      "B2B_DIRECTORIES": {
        "opportunities_evaluated": 10,
        "targets_selected": 29,
        "actions_attempted": 29,
        "actions_generated_locally": 0,
        "actions_sent_externally": 0,
        "publications_confirmed": 0,
        "failures": 0,
        "blocked": 29
      },
      "MARKETPLACES": {
        "opportunities_evaluated": 10,
        "targets_selected": 29,
        "actions_attempted": 29,
        "actions_generated_locally": 0,
        "actions_sent_externally": 0,
        "publications_confirmed": 0,
        "failures": 0,
        "blocked": 29
      },
      "CONTENT_DISCOVERY": {
        "opportunities_evaluated": 10,
        "targets_selected": 29,
        "actions_attempted": 29,
        "actions_generated_locally": 0,
        "actions_sent_externally": 0,
        "publications_confirmed": 0,
        "failures": 0,
        "blocked": 29
      }
    }
  },
  "REAL FUNNEL": {
    "human_replies": 0,
    "real_landing_visits": 0,
    "real_quiz_starts": 0,
    "real_emails": 0,
    "real_checkouts": 0,
    "real_payments": 0,
    "real_revenue_usd": 0,
    "real_audits": 0,
    "real_certificates": 0,
    "real_customer_emails": 0
  },
  "INTEGRITY": {
    "telemetry_inconsistencies_detected": 0,
    "telemetry_inconsistencies_corrected": 1,
    "synthetic_events": 0,
    "owner_internal_events": 0,
    "historical_events": 231
  },
  "OUTREACH": {
    "opportunities_evaluated": 90,
    "tier_a_targets": 0,
    "tier_b_targets": 67,
    "tier_c_targets": 355,
    "action_attempts": 67,
    "actions_successful": 0,
    "publications_created": 0,
    "blocked_actions": 355
  },
  "CHANNELS": {
    "channels_evaluated": 9,
    "channels_with_targets": 9,
    "channels_with_actions": 0,
    "channels_with_publications": 0,
    "channels_blocked": 0,
    "channel_diversity_score": 0.0
  },
  "RISK": {
    "duplicate_blocks": 252,
    "cooldown_blocks": 0,
    "relevance_blocks": 22,
    "promotion_risk_blocks": 0,
    "exposure_budget_blocks": 0
  },
  "ENGAGEMENT": {
    "human_replies": 0,
    "real_landing_visits": 0,
    "real_quiz_starts": 0,
    "real_emails": 0,
    "real_checkouts": 0
  },
  "REVENUE": {
    "real_payments": 0,
    "real_revenue_usd": 0,
    "revenue_usd": 0
  },
  "DELIVERY": {
    "real_audits": 0,
    "real_certificates": 0,
    "real_emails_delivered": 0
  },
  "HISTORICAL / INTERNAL": {
    "historical_audits": 231,
    "historical_certificates": 231,
    "historical_internal_emails": 231,
    "historical_test_payments": 1
  },
  "ANTI-IDLE": {
    "productive_cycles": 636,
    "idle_cycles": 0,
    "idle_cycle": false,
    "fallback_actions": 1
  },
  "DELTA": {
    "opportunities_evaluated_delta": 90,
    "targets_selected_delta": 422,
    "actions_sent_externally_delta": 0,
    "real_landing_visits_delta": 0,
    "real_revenue_delta": 0.0
  },
  "NEXT_ACTION": "PUBLISH_TECHNICAL_CONTENT",
  "STATUSES": {
    "TELEMETRY_INTEGRITY": "PASS",
    "EXTERNAL_ACTION_PROOF": "PASS",
    "TIER_ACCOUNTING": "PASS",
    "CHANNEL_ACCOUNTING": "PASS",
    "ENGINE_EXECUTION": "PASS",
    "ADAPTIVE_FILTER": "PASS",
    "NO_IDLE": "PASS",
    "NO_REPEAT": "PASS",
    "EXPOSURE_BUDGET": "PASS",
    "MULTICHANNEL_ACTIVITY": "PASS",
    "MULTICHANNEL_ROTATION": "PASS",
    "REAL_HUMAN_INTEREST": "PENDING",
    "REAL_REVENUE": "PENDING",
    "FINAL_VERDICT": "READY_FOR_24H_LOOP"
  }
}
Sleeping 15 minutes (900s)...

[2026-09-03T15:02:05.446549+00:00] Executed Cycle #637 (cyc_c9df79a5)
{
  "timestamp": "2026-09-03T15:02:05.446549+00:00",
  "cycle_id": "cyc_c9df79a5",
  "OPERATING_MODE": "DISCOVERY_AND_DRAFT_ONLY",
  "EXTERNAL_PUBLICATION_ATTEMPTED": false,
  "OUTREACH_SAFETY": {
    "operating_mode": "DISCOVERY_AND_DRAFT_ONLY",
    "allow_external_publication": false,
    "external_publication_allowed": false,
    "external_publication_attempted": false,
    "block_reason": "EXTERNAL_PUBLICATION_REQUIRES_EXPLICIT_APPROVAL"
  },
  "PROSPECT_PIPELINE": {
    "prospects_discovered": 422,
    "prospects_eligible": 67,
    "blocked_self_target": 29,
    "blocked_duplicate": 252,
    "pending_source_verification": 0,
    "template_or_synthetic": 10,
    "internal_or_self": 29,
    "local_drafts_created": 67,
    "valid_human_approvable_drafts": 5,
    "invalidated_drafts_historical": 295,
    "github_live_search_enabled": true,
    "github_api_requests_made_current_cycle": 1,
    "github_api_results_received_current_cycle": 30,
    "github_http_200_responses_current_cycle": 1,
    "github_external_sources_verified_current_cycle": 10,
    "github_drafts_created_current_cycle": 67,
    "github_api_error_current_cycle": null,
    "github_api_rate_limit_status_current_cycle": {
      "remaining": 29,
      "limit": 30,
      "reset": "1788447785",
      "http_status": 200
    },
    "github_self_targets_blocked": 30,
    "github_duplicates_blocked": 0,
    "github_low_relevance_blocked": 22,
    "human_approval_required": true,
    "external_publications": 0,
    "external_publication_attempted": false
  },
  "SESSION": {
    "session_id": "sess_20260826_000957_11e9b0",
    "session_start_utc": "2026-08-26T00:09:57.414562+00:00",
    "elapsed_hours": 206.8689
  },
  "RUNTIME": {
    "cycles": 637,
    "successful_cycles": 637,
    "failed_cycles": 0,
    "idle_cycles": 0
  },
  "CYCLE": {
    "cycle_id": "cyc_c9df79a5",
    "timestamp": "2026-09-03T15:02:05.446549+00:00",
    "productive_action": "PUBLISH_TECHNICAL_CONTENT",
    "productive_action_status": "SUCCESS"
  },
  "OPPORTUNITIES": {
    "opportunities_evaluated": 90,
    "targets_selected": 422,
    "tier_a_targets": 0,
    "tier_b_targets": 67,
    "tier_c_targets": 355
  },
  "ACTIONS": {
    "actions_attempted": 67,
    "actions_generated_locally": -288,
    "actions_sent_externally": 0,
    "publications_confirmed": 0,
    "action_failures": 0,
    "blocked_actions": 355
  },
  "CHANNEL TELEMETRY": {
    "channels_evaluated": 9,
    "channels_with_targets": 9,
    "channels_with_actions": 0,
    "channels_with_publications": 0,
    "channels_blocked": 0,
    "channel_diversity_score": 0.0,
    "per_channel": {
      "GITHUB": {
        "opportunities_evaluated": 10,
        "targets_selected": 190,
        "actions_attempted": 190,
        "actions_generated_locally": 67,
        "actions_sent_externally": 0,
        "publications_confirmed": 0,
        "failures": 0,
        "blocked": 123
      },
      "REDDIT": {
        "opportunities_evaluated": 10,
        "targets_selected": 29,
        "actions_attempted": 29,
        "actions_generated_locally": 0,
        "actions_sent_externally": 0,
        "publications_confirmed": 0,
        "failures": 0,
        "blocked": 29
      },
      "QUANTCONNECT": {
        "opportunities_evaluated": 10,
        "targets_selected": 29,
        "actions_attempted": 29,
        "actions_generated_locally": 0,
        "actions_sent_externally": 0,
        "publications_confirmed": 0,
        "failures": 0,
        "blocked": 29
      },
      "SEO": {
        "opportunities_evaluated": 10,
        "targets_selected": 29,
        "actions_attempted": 29,
        "actions_generated_locally": 0,
        "actions_sent_externally": 0,
        "publications_confirmed": 0,
        "failures": 0,
        "blocked": 29
      },
      "TECHNICAL_COMMUNITIES": {
        "opportunities_evaluated": 10,
        "targets_selected": 29,
        "actions_attempted": 29,
        "actions_generated_locally": 0,
        "actions_sent_externally": 0,
        "publications_confirmed": 0,
        "failures": 0,
        "blocked": 29
      },
      "DEVELOPER_FORUMS": {
        "opportunities_evaluated": 10,
        "targets_selected": 29,
        "actions_attempted": 29,
        "actions_generated_locally": 0,
        "actions_sent_externally": 0,
        "publications_confirmed": 0,
        "failures": 0,
        "blocked": 29
      },
      "B2B_DIRECTORIES": {
        "opportunities_evaluated": 10,
        "targets_selected": 29,
        "actions_attempted": 29,
        "actions_generated_locally": 0,
        "actions_sent_externally": 0,
        "publications_confirmed": 0,
        "failures": 0,
        "blocked": 29
      },
      "MARKETPLACES": {
        "opportunities_evaluated": 10,
        "targets_selected": 29,
        "actions_attempted": 29,
        "actions_generated_locally": 0,
        "actions_sent_externally": 0,
        "publications_confirmed": 0,
        "failures": 0,
        "blocked": 29
      },
      "CONTENT_DISCOVERY": {
        "opportunities_evaluated": 10,
        "targets_selected": 29,
        "actions_attempted": 29,
        "actions_generated_locally": 0,
        "actions_sent_externally": 0,
        "publications_confirmed": 0,
        "failures": 0,
        "blocked": 29
      }
    }
  },
  "REAL FUNNEL": {
    "human_replies": 0,
    "real_landing_visits": 0,
    "real_quiz_starts": 0,
    "real_emails": 0,
    "real_checkouts": 0,
    "real_payments": 0,
    "real_revenue_usd": 0,
    "real_audits": 0,
    "real_certificates": 0,
    "real_customer_emails": 0
  },
  "INTEGRITY": {
    "telemetry_inconsistencies_detected": 0,
    "telemetry_inconsistencies_corrected": 1,
    "synthetic_events": 0,
    "owner_internal_events": 0,
    "historical_events": 231
  },
  "OUTREACH": {
    "opportunities_evaluated": 90,
    "tier_a_targets": 0,
    "tier_b_targets": 67,
    "tier_c_targets": 355,
    "action_attempts": 67,
    "actions_successful": 0,
    "publications_created": 0,
    "blocked_actions": 355
  },
  "CHANNELS": {
    "channels_evaluated": 9,
    "channels_with_targets": 9,
    "channels_with_actions": 0,
    "channels_with_publications": 0,
    "channels_blocked": 0,
    "channel_diversity_score": 0.0
  },
  "RISK": {
    "duplicate_blocks": 252,
    "cooldown_blocks": 0,
    "relevance_blocks": 22,
    "promotion_risk_blocks": 0,
    "exposure_budget_blocks": 0
  },
  "ENGAGEMENT": {
    "human_replies": 0,
    "real_landing_visits": 0,
    "real_quiz_starts": 0,
    "real_emails": 0,
    "real_checkouts": 0
  },
  "REVENUE": {
    "real_payments": 0,
    "real_revenue_usd": 0,
    "revenue_usd": 0
  },
  "DELIVERY": {
    "real_audits": 0,
    "real_certificates": 0,
    "real_emails_delivered": 0
  },
  "HISTORICAL / INTERNAL": {
    "historical_audits": 231,
    "historical_certificates": 231,
    "historical_internal_emails": 231,
    "historical_test_payments": 1
  },
  "ANTI-IDLE": {
    "productive_cycles": 637,
    "idle_cycles": 0,
    "idle_cycle": false,
    "fallback_actions": 1
  },
  "DELTA": {
    "opportunities_evaluated_delta": 90,
    "targets_selected_delta": 422,
    "actions_sent_externally_delta": 0,
    "real_landing_visits_delta": 0,
    "real_revenue_delta": 0.0
  },
  "NEXT_ACTION": "PUBLISH_TECHNICAL_CONTENT",
  "STATUSES": {
    "TELEMETRY_INTEGRITY": "PASS",
    "EXTERNAL_ACTION_PROOF": "PASS",
    "TIER_ACCOUNTING": "PASS",
    "CHANNEL_ACCOUNTING": "PASS",
    "ENGINE_EXECUTION": "PASS",
    "ADAPTIVE_FILTER": "PASS",
    "NO_IDLE": "PASS",
    "NO_REPEAT": "PASS",
    "EXPOSURE_BUDGET": "PASS",
    "MULTICHANNEL_ACTIVITY": "PASS",
    "MULTICHANNEL_ROTATION": "PASS",
    "REAL_HUMAN_INTEREST": "PENDING",
    "REAL_REVENUE": "PENDING",
    "FINAL_VERDICT": "READY_FOR_24H_LOOP"
  }
}
Sleeping 15 minutes (900s)...

[2026-09-03T15:17:07.597125+00:00] Executed Cycle #638 (cyc_9fa3f0ac)
{
  "timestamp": "2026-09-03T15:17:07.597125+00:00",
  "cycle_id": "cyc_9fa3f0ac",
  "OPERATING_MODE": "DISCOVERY_AND_DRAFT_ONLY",
  "EXTERNAL_PUBLICATION_ATTEMPTED": false,
  "OUTREACH_SAFETY": {
    "operating_mode": "DISCOVERY_AND_DRAFT_ONLY",
    "allow_external_publication": false,
    "external_publication_allowed": false,
    "external_publication_attempted": false,
    "block_reason": "EXTERNAL_PUBLICATION_REQUIRES_EXPLICIT_APPROVAL"
  },
  "PROSPECT_PIPELINE": {
    "prospects_discovered": 422,
    "prospects_eligible": 67,
    "blocked_self_target": 29,
    "blocked_duplicate": 252,
    "pending_source_verification": 0,
    "template_or_synthetic": 10,
    "internal_or_self": 29,
    "local_drafts_created": 67,
    "valid_human_approvable_drafts": 5,
    "invalidated_drafts_historical": 295,
    "github_live_search_enabled": true,
    "github_api_requests_made_current_cycle": 1,
    "github_api_results_received_current_cycle": 30,
    "github_http_200_responses_current_cycle": 1,
    "github_external_sources_verified_current_cycle": 10,
    "github_drafts_created_current_cycle": 67,
    "github_api_error_current_cycle": null,
    "github_api_rate_limit_status_current_cycle": {
      "remaining": 29,
      "limit": 30,
      "reset": "1788448687",
      "http_status": 200
    },
    "github_self_targets_blocked": 30,
    "github_duplicates_blocked": 0,
    "github_low_relevance_blocked": 22,
    "human_approval_required": true,
    "external_publications": 0,
    "external_publication_attempted": false
  },
  "SESSION": {
    "session_id": "sess_20260826_000957_11e9b0",
    "session_start_utc": "2026-08-26T00:09:57.414562+00:00",
    "elapsed_hours": 207.1195
  },
  "RUNTIME": {
    "cycles": 638,
    "successful_cycles": 638,
    "failed_cycles": 0,
    "idle_cycles": 0
  },
  "CYCLE": {
    "cycle_id": "cyc_9fa3f0ac",
    "timestamp": "2026-09-03T15:17:07.597125+00:00",
    "productive_action": "PUBLISH_TECHNICAL_CONTENT",
    "productive_action_status": "SUCCESS"
  },
  "OPPORTUNITIES": {
    "opportunities_evaluated": 90,
    "targets_selected": 422,
    "tier_a_targets": 0,
    "tier_b_targets": 67,
    "tier_c_targets": 355
  },
  "ACTIONS": {
    "actions_attempted": 67,
    "actions_generated_locally": -288,
    "actions_sent_externally": 0,
    "publications_confirmed": 0,
    "action_failures": 0,
    "blocked_actions": 355
  },
  "CHANNEL TELEMETRY": {
    "channels_evaluated": 9,
    "channels_with_targets": 9,
    "channels_with_actions": 0,
    "channels_with_publications": 0,
    "channels_blocked": 0,
    "channel_diversity_score": 0.0,
    "per_channel": {
      "GITHUB": {
        "opportunities_evaluated": 10,
        "targets_selected": 190,
        "actions_attempted": 190,
        "actions_generated_locally": 67,
        "actions_sent_externally": 0,
        "publications_confirmed": 0,
        "failures": 0,
        "blocked": 123
      },
      "REDDIT": {
        "opportunities_evaluated": 10,
        "targets_selected": 29,
        "actions_attempted": 29,
        "actions_generated_locally": 0,
        "actions_sent_externally": 0,
        "publications_confirmed": 0,
        "failures": 0,
        "blocked": 29
      },
      "QUANTCONNECT": {
        "opportunities_evaluated": 10,
        "targets_selected": 29,
        "actions_attempted": 29,
        "actions_generated_locally": 0,
        "actions_sent_externally": 0,
        "publications_confirmed": 0,
        "failures": 0,
        "blocked": 29
      },
      "SEO": {
        "opportunities_evaluated": 10,
        "targets_selected": 29,
        "actions_attempted": 29,
        "actions_generated_locally": 0,
        "actions_sent_externally": 0,
        "publications_confirmed": 0,
        "failures": 0,
        "blocked": 29
      },
      "TECHNICAL_COMMUNITIES": {
        "opportunities_evaluated": 10,
        "targets_selected": 29,
        "actions_attempted": 29,
        "actions_generated_locally": 0,
        "actions_sent_externally": 0,
        "publications_confirmed": 0,
        "failures": 0,
        "blocked": 29
      },
      "DEVELOPER_FORUMS": {
        "opportunities_evaluated": 10,
        "targets_selected": 29,
        "actions_attempted": 29,
        "actions_generated_locally": 0,
        "actions_sent_externally": 0,
        "publications_confirmed": 0,
        "failures": 0,
        "blocked": 29
      },
      "B2B_DIRECTORIES": {
        "opportunities_evaluated": 10,
        "targets_selected": 29,
        "actions_attempted": 29,
        "actions_generated_locally": 0,
        "actions_sent_externally": 0,
        "publications_confirmed": 0,
        "failures": 0,
        "blocked": 29
      },
      "MARKETPLACES": {
        "opportunities_evaluated": 10,
        "targets_selected": 29,
        "actions_attempted": 29,
        "actions_generated_locally": 0,
        "actions_sent_externally": 0,
        "publications_confirmed": 0,
        "failures": 0,
        "blocked": 29
      },
      "CONTENT_DISCOVERY": {
        "opportunities_evaluated": 10,
        "targets_selected": 29,
        "actions_attempted": 29,
        "actions_generated_locally": 0,
        "actions_sent_externally": 0,
        "publications_confirmed": 0,
        "failures": 0,
        "blocked": 29
      }
    }
  },
  "REAL FUNNEL": {
    "human_replies": 0,
    "real_landing_visits": 0,
    "real_quiz_starts": 0,
    "real_emails": 0,
    "real_checkouts": 0,
    "real_payments": 0,
    "real_revenue_usd": 0,
    "real_audits": 0,
    "real_certificates": 0,
    "real_customer_emails": 0
  },
  "INTEGRITY": {
    "telemetry_inconsistencies_detected": 0,
    "telemetry_inconsistencies_corrected": 1,
    "synthetic_events": 0,
    "owner_internal_events": 0,
    "historical_events": 231
  },
  "OUTREACH": {
    "opportunities_evaluated": 90,
    "tier_a_targets": 0,
    "tier_b_targets": 67,
    "tier_c_targets": 355,
    "action_attempts": 67,
    "actions_successful": 0,
    "publications_created": 0,
    "blocked_actions": 355
  },
  "CHANNELS": {
    "channels_evaluated": 9,
    "channels_with_targets": 9,
    "channels_with_actions": 0,
    "channels_with_publications": 0,
    "channels_blocked": 0,
    "channel_diversity_score": 0.0
  },
  "RISK": {
    "duplicate_blocks": 252,
    "cooldown_blocks": 0,
    "relevance_blocks": 22,
    "promotion_risk_blocks": 0,
    "exposure_budget_blocks": 0
  },
  "ENGAGEMENT": {
    "human_replies": 0,
    "real_landing_visits": 0,
    "real_quiz_starts": 0,
    "real_emails": 0,
    "real_checkouts": 0
  },
  "REVENUE": {
    "real_payments": 0,
    "real_revenue_usd": 0,
    "revenue_usd": 0
  },
  "DELIVERY": {
    "real_audits": 0,
    "real_certificates": 0,
    "real_emails_delivered": 0
  },
  "HISTORICAL / INTERNAL": {
    "historical_audits": 231,
    "historical_certificates": 231,
    "historical_internal_emails": 231,
    "historical_test_payments": 1
  },
  "ANTI-IDLE": {
    "productive_cycles": 638,
    "idle_cycles": 0,
    "idle_cycle": false,
    "fallback_actions": 1
  },
  "DELTA": {
    "opportunities_evaluated_delta": 90,
    "targets_selected_delta": 422,
    "actions_sent_externally_delta": 0,
    "real_landing_visits_delta": 0,
    "real_revenue_delta": 0.0
  },
  "NEXT_ACTION": "PUBLISH_TECHNICAL_CONTENT",
  "STATUSES": {
    "TELEMETRY_INTEGRITY": "PASS",
    "EXTERNAL_ACTION_PROOF": "PASS",
    "TIER_ACCOUNTING": "PASS",
    "CHANNEL_ACCOUNTING": "PASS",
    "ENGINE_EXECUTION": "PASS",
    "ADAPTIVE_FILTER": "PASS",
    "NO_IDLE": "PASS",
    "NO_REPEAT": "PASS",
    "EXPOSURE_BUDGET": "PASS",
    "MULTICHANNEL_ACTIVITY": "PASS",
    "MULTICHANNEL_ROTATION": "PASS",
    "REAL_HUMAN_INTEREST": "PENDING",
    "REAL_REVENUE": "PENDING",
    "FINAL_VERDICT": "READY_FOR_24H_LOOP"
  }
}
Sleeping 15 minutes (900s)...

[2026-09-03T15:32:09.677760+00:00] Executed Cycle #639 (cyc_bc079fc3)
{
  "timestamp": "2026-09-03T15:32:09.677760+00:00",
  "cycle_id": "cyc_bc079fc3",
  "OPERATING_MODE": "DISCOVERY_AND_DRAFT_ONLY",
  "EXTERNAL_PUBLICATION_ATTEMPTED": false,
  "OUTREACH_SAFETY": {
    "operating_mode": "DISCOVERY_AND_DRAFT_ONLY",
    "allow_external_publication": false,
    "external_publication_allowed": false,
    "external_publication_attempted": false,
    "block_reason": "EXTERNAL_PUBLICATION_REQUIRES_EXPLICIT_APPROVAL"
  },
  "PROSPECT_PIPELINE": {
    "prospects_discovered": 422,
    "prospects_eligible": 67,
    "blocked_self_target": 29,
    "blocked_duplicate": 252,
    "pending_source_verification": 0,
    "template_or_synthetic": 10,
    "internal_or_self": 29,
    "local_drafts_created": 67,
    "valid_human_approvable_drafts": 5,
    "invalidated_drafts_historical": 295,
    "github_live_search_enabled": true,
    "github_api_requests_made_current_cycle": 1,
    "github_api_results_received_current_cycle": 30,
    "github_http_200_responses_current_cycle": 1,
    "github_external_sources_verified_current_cycle": 10,
    "github_drafts_created_current_cycle": 67,
    "github_api_error_current_cycle": null,
    "github_api_rate_limit_status_current_cycle": {
      "remaining": 29,
      "limit": 30,
      "reset": "1788449590",
      "http_status": 200
    },
    "github_self_targets_blocked": 31,
    "github_duplicates_blocked": 0,
    "github_low_relevance_blocked": 22,
    "human_approval_required": true,
    "external_publications": 0,
    "external_publication_attempted": false
  },
  "SESSION": {
    "session_id": "sess_20260826_000957_11e9b0",
    "session_start_utc": "2026-08-26T00:09:57.414562+00:00",
    "elapsed_hours": 207.3701
  },
  "RUNTIME": {
    "cycles": 639,
    "successful_cycles": 639,
    "failed_cycles": 0,
    "idle_cycles": 0
  },
  "CYCLE": {
    "cycle_id": "cyc_bc079fc3",
    "timestamp": "2026-09-03T15:32:09.677760+00:00",
    "productive_action": "PUBLISH_TECHNICAL_CONTENT",
    "productive_action_status": "SUCCESS"
  },
  "OPPORTUNITIES": {
    "opportunities_evaluated": 90,
    "targets_selected": 422,
    "tier_a_targets": 0,
    "tier_b_targets": 67,
    "tier_c_targets": 355
  },
  "ACTIONS": {
    "actions_attempted": 67,
    "actions_generated_locally": -288,
    "actions_sent_externally": 0,
    "publications_confirmed": 0,
    "action_failures": 0,
    "blocked_actions": 355
  },
  "CHANNEL TELEMETRY": {
    "channels_evaluated": 9,
    "channels_with_targets": 9,
    "channels_with_actions": 0,
    "channels_with_publications": 0,
    "channels_blocked": 0,
    "channel_diversity_score": 0.0,
    "per_channel": {
      "GITHUB": {
        "opportunities_evaluated": 10,
        "targets_selected": 190,
        "actions_attempted": 190,
        "actions_generated_locally": 67,
        "actions_sent_externally": 0,
        "publications_confirmed": 0,
        "failures": 0,
        "blocked": 123
      },
      "REDDIT": {
        "opportunities_evaluated": 10,
        "targets_selected": 29,
        "actions_attempted": 29,
        "actions_generated_locally": 0,
        "actions_sent_externally": 0,
        "publications_confirmed": 0,
        "failures": 0,
        "blocked": 29
      },
      "QUANTCONNECT": {
        "opportunities_evaluated": 10,
        "targets_selected": 29,
        "actions_attempted": 29,
        "actions_generated_locally": 0,
        "actions_sent_externally": 0,
        "publications_confirmed": 0,
        "failures": 0,
        "blocked": 29
      },
      "SEO": {
        "opportunities_evaluated": 10,
        "targets_selected": 29,
        "actions_attempted": 29,
        "actions_generated_locally": 0,
        "actions_sent_externally": 0,
        "publications_confirmed": 0,
        "failures": 0,
        "blocked": 29
      },
      "TECHNICAL_COMMUNITIES": {
        "opportunities_evaluated": 10,
        "targets_selected": 29,
        "actions_attempted": 29,
        "actions_generated_locally": 0,
        "actions_sent_externally": 0,
        "publications_confirmed": 0,
        "failures": 0,
        "blocked": 29
      },
      "DEVELOPER_FORUMS": {
        "opportunities_evaluated": 10,
        "targets_selected": 29,
        "actions_attempted": 29,
        "actions_generated_locally": 0,
        "actions_sent_externally": 0,
        "publications_confirmed": 0,
        "failures": 0,
        "blocked": 29
      },
      "B2B_DIRECTORIES": {
        "opportunities_evaluated": 10,
        "targets_selected": 29,
        "actions_attempted": 29,
        "actions_generated_locally": 0,
        "actions_sent_externally": 0,
        "publications_confirmed": 0,
        "failures": 0,
        "blocked": 29
      },
      "MARKETPLACES": {
        "opportunities_evaluated": 10,
        "targets_selected": 29,
        "actions_attempted": 29,
        "actions_generated_locally": 0,
        "actions_sent_externally": 0,
        "publications_confirmed": 0,
        "failures": 0,
        "blocked": 29
      },
      "CONTENT_DISCOVERY": {
        "opportunities_evaluated": 10,
        "targets_selected": 29,
        "actions_attempted": 29,
        "actions_generated_locally": 0,
        "actions_sent_externally": 0,
        "publications_confirmed": 0,
        "failures": 0,
        "blocked": 29
      }
    }
  },
  "REAL FUNNEL": {
    "human_replies": 0,
    "real_landing_visits": 0,
    "real_quiz_starts": 0,
    "real_emails": 0,
    "real_checkouts": 0,
    "real_payments": 0,
    "real_revenue_usd": 0,
    "real_audits": 0,
    "real_certificates": 0,
    "real_customer_emails": 0
  },
  "INTEGRITY": {
    "telemetry_inconsistencies_detected": 0,
    "telemetry_inconsistencies_corrected": 1,
    "synthetic_events": 0,
    "owner_internal_events": 0,
    "historical_events": 231
  },
  "OUTREACH": {
    "opportunities_evaluated": 90,
    "tier_a_targets": 0,
    "tier_b_targets": 67,
    "tier_c_targets": 355,
    "action_attempts": 67,
    "actions_successful": 0,
    "publications_created": 0,
    "blocked_actions": 355
  },
  "CHANNELS": {
    "channels_evaluated": 9,
    "channels_with_targets": 9,
    "channels_with_actions": 0,
    "channels_with_publications": 0,
    "channels_blocked": 0,
    "channel_diversity_score": 0.0
  },
  "RISK": {
    "duplicate_blocks": 252,
    "cooldown_blocks": 0,
    "relevance_blocks": 22,
    "promotion_risk_blocks": 0,
    "exposure_budget_blocks": 0
  },
  "ENGAGEMENT": {
    "human_replies": 0,
    "real_landing_visits": 0,
    "real_quiz_starts": 0,
    "real_emails": 0,
    "real_checkouts": 0
  },
  "REVENUE": {
    "real_payments": 0,
    "real_revenue_usd": 0,
    "revenue_usd": 0
  },
  "DELIVERY": {
    "real_audits": 0,
    "real_certificates": 0,
    "real_emails_delivered": 0
  },
  "HISTORICAL / INTERNAL": {
    "historical_audits": 231,
    "historical_certificates": 231,
    "historical_internal_emails": 231,
    "historical_test_payments": 1
  },
  "ANTI-IDLE": {
    "productive_cycles": 639,
    "idle_cycles": 0,
    "idle_cycle": false,
    "fallback_actions": 1
  },
  "DELTA": {
    "opportunities_evaluated_delta": 90,
    "targets_selected_delta": 422,
    "actions_sent_externally_delta": 0,
    "real_landing_visits_delta": 0,
    "real_revenue_delta": 0.0
  },
  "NEXT_ACTION": "PUBLISH_TECHNICAL_CONTENT",
  "STATUSES": {
    "TELEMETRY_INTEGRITY": "PASS",
    "EXTERNAL_ACTION_PROOF": "PASS",
    "TIER_ACCOUNTING": "PASS",
    "CHANNEL_ACCOUNTING": "PASS",
    "ENGINE_EXECUTION": "PASS",
    "ADAPTIVE_FILTER": "PASS",
    "NO_IDLE": "PASS",
    "NO_REPEAT": "PASS",
    "EXPOSURE_BUDGET": "PASS",
    "MULTICHANNEL_ACTIVITY": "PASS",
    "MULTICHANNEL_ROTATION": "PASS",
    "REAL_HUMAN_INTEREST": "PENDING",
    "REAL_REVENUE": "PENDING",
    "FINAL_VERDICT": "READY_FOR_24H_LOOP"
  }
}
Sleeping 15 minutes (900s)...

[2026-09-03T15:47:11.412716+00:00] Executed Cycle #640 (cyc_224da5c4)
{
  "timestamp": "2026-09-03T15:47:11.412716+00:00",
  "cycle_id": "cyc_224da5c4",
  "OPERATING_MODE": "DISCOVERY_AND_DRAFT_ONLY",
  "EXTERNAL_PUBLICATION_ATTEMPTED": false,
  "OUTREACH_SAFETY": {
    "operating_mode": "DISCOVERY_AND_DRAFT_ONLY",
    "allow_external_publication": false,
    "external_publication_allowed": false,
    "external_publication_attempted": false,
    "block_reason": "EXTERNAL_PUBLICATION_REQUIRES_EXPLICIT_APPROVAL"
  },
  "PROSPECT_PIPELINE": {
    "prospects_discovered": 422,
    "prospects_eligible": 67,
    "blocked_self_target": 29,
    "blocked_duplicate": 252,
    "pending_source_verification": 0,
    "template_or_synthetic": 10,
    "internal_or_self": 29,
    "local_drafts_created": 67,
    "valid_human_approvable_drafts": 5,
    "invalidated_drafts_historical": 295,
    "github_live_search_enabled": true,
    "github_api_requests_made_current_cycle": 1,
    "github_api_results_received_current_cycle": 30,
    "github_http_200_responses_current_cycle": 1,
    "github_external_sources_verified_current_cycle": 10,
    "github_drafts_created_current_cycle": 67,
    "github_api_error_current_cycle": null,
    "github_api_rate_limit_status_current_cycle": {
      "remaining": 29,
      "limit": 30,
      "reset": "1788450491",
      "http_status": 200
    },
    "github_self_targets_blocked": 31,
    "github_duplicates_blocked": 0,
    "github_low_relevance_blocked": 22,
    "human_approval_required": true,
    "external_publications": 0,
    "external_publication_attempted": false
  },
  "SESSION": {
    "session_id": "sess_20260826_000957_11e9b0",
    "session_start_utc": "2026-08-26T00:09:57.414562+00:00",
    "elapsed_hours": 207.6206
  },
  "RUNTIME": {
    "cycles": 640,
    "successful_cycles": 640,
    "failed_cycles": 0,
    "idle_cycles": 0
  },
  "CYCLE": {
    "cycle_id": "cyc_224da5c4",
    "timestamp": "2026-09-03T15:47:11.412716+00:00",
    "productive_action": "PUBLISH_TECHNICAL_CONTENT",
    "productive_action_status": "SUCCESS"
  },
  "OPPORTUNITIES": {
    "opportunities_evaluated": 90,
    "targets_selected": 422,
    "tier_a_targets": 0,
    "tier_b_targets": 67,
    "tier_c_targets": 355
  },
  "ACTIONS": {
    "actions_attempted": 67,
    "actions_generated_locally": -288,
    "actions_sent_externally": 0,
    "publications_confirmed": 0,
    "action_failures": 0,
    "blocked_actions": 355
  },
  "CHANNEL TELEMETRY": {
    "channels_evaluated": 9,
    "channels_with_targets": 9,
    "channels_with_actions": 0,
    "channels_with_publications": 0,
    "channels_blocked": 0,
    "channel_diversity_score": 0.0,
    "per_channel": {
      "GITHUB": {
        "opportunities_evaluated": 10,
        "targets_selected": 190,
        "actions_attempted": 190,
        "actions_generated_locally": 67,
        "actions_sent_externally": 0,
        "publications_confirmed": 0,
        "failures": 0,
        "blocked": 123
      },
      "REDDIT": {
        "opportunities_evaluated": 10,
        "targets_selected": 29,
        "actions_attempted": 29,
        "actions_generated_locally": 0,
        "actions_sent_externally": 0,
        "publications_confirmed": 0,
        "failures": 0,
        "blocked": 29
      },
      "QUANTCONNECT": {
        "opportunities_evaluated": 10,
        "targets_selected": 29,
        "actions_attempted": 29,
        "actions_generated_locally": 0,
        "actions_sent_externally": 0,
        "publications_confirmed": 0,
        "failures": 0,
        "blocked": 29
      },
      "SEO": {
        "opportunities_evaluated": 10,
        "targets_selected": 29,
        "actions_attempted": 29,
        "actions_generated_locally": 0,
        "actions_sent_externally": 0,
        "publications_confirmed": 0,
        "failures": 0,
        "blocked": 29
      },
      "TECHNICAL_COMMUNITIES": {
        "opportunities_evaluated": 10,
        "targets_selected": 29,
        "actions_attempted": 29,
        "actions_generated_locally": 0,
        "actions_sent_externally": 0,
        "publications_confirmed": 0,
        "failures": 0,
        "blocked": 29
      },
      "DEVELOPER_FORUMS": {
        "opportunities_evaluated": 10,
        "targets_selected": 29,
        "actions_attempted": 29,
        "actions_generated_locally": 0,
        "actions_sent_externally": 0,
        "publications_confirmed": 0,
        "failures": 0,
        "blocked": 29
      },
      "B2B_DIRECTORIES": {
        "opportunities_evaluated": 10,
        "targets_selected": 29,
        "actions_attempted": 29,
        "actions_generated_locally": 0,
        "actions_sent_externally": 0,
        "publications_confirmed": 0,
        "failures": 0,
        "blocked": 29
      },
      "MARKETPLACES": {
        "opportunities_evaluated": 10,
        "targets_selected": 29,
        "actions_attempted": 29,
        "actions_generated_locally": 0,
        "actions_sent_externally": 0,
        "publications_confirmed": 0,
        "failures": 0,
        "blocked": 29
      },
      "CONTENT_DISCOVERY": {
        "opportunities_evaluated": 10,
        "targets_selected": 29,
        "actions_attempted": 29,
        "actions_generated_locally": 0,
        "actions_sent_externally": 0,
        "publications_confirmed": 0,
        "failures": 0,
        "blocked": 29
      }
    }
  },
  "REAL FUNNEL": {
    "human_replies": 0,
    "real_landing_visits": 0,
    "real_quiz_starts": 0,
    "real_emails": 0,
    "real_checkouts": 0,
    "real_payments": 0,
    "real_revenue_usd": 0,
    "real_audits": 0,
    "real_certificates": 0,
    "real_customer_emails": 0
  },
  "INTEGRITY": {
    "telemetry_inconsistencies_detected": 0,
    "telemetry_inconsistencies_corrected": 1,
    "synthetic_events": 0,
    "owner_internal_events": 0,
    "historical_events": 231
  },
  "OUTREACH": {
    "opportunities_evaluated": 90,
    "tier_a_targets": 0,
    "tier_b_targets": 67,
    "tier_c_targets": 355,
    "action_attempts": 67,
    "actions_successful": 0,
    "publications_created": 0,
    "blocked_actions": 355
  },
  "CHANNELS": {
    "channels_evaluated": 9,
    "channels_with_targets": 9,
    "channels_with_actions": 0,
    "channels_with_publications": 0,
    "channels_blocked": 0,
    "channel_diversity_score": 0.0
  },
  "RISK": {
    "duplicate_blocks": 252,
    "cooldown_blocks": 0,
    "relevance_blocks": 22,
    "promotion_risk_blocks": 0,
    "exposure_budget_blocks": 0
  },
  "ENGAGEMENT": {
    "human_replies": 0,
    "real_landing_visits": 0,
    "real_quiz_starts": 0,
    "real_emails": 0,
    "real_checkouts": 0
  },
  "REVENUE": {
    "real_payments": 0,
    "real_revenue_usd": 0,
    "revenue_usd": 0
  },
  "DELIVERY": {
    "real_audits": 0,
    "real_certificates": 0,
    "real_emails_delivered": 0
  },
  "HISTORICAL / INTERNAL": {
    "historical_audits": 231,
    "historical_certificates": 231,
    "historical_internal_emails": 231,
    "historical_test_payments": 1
  },
  "ANTI-IDLE": {
    "productive_cycles": 640,
    "idle_cycles": 0,
    "idle_cycle": false,
    "fallback_actions": 1
  },
  "DELTA": {
    "opportunities_evaluated_delta": 90,
    "targets_selected_delta": 422,
    "actions_sent_externally_delta": 0,
    "real_landing_visits_delta": 0,
    "real_revenue_delta": 0.0
  },
  "NEXT_ACTION": "PUBLISH_TECHNICAL_CONTENT",
  "STATUSES": {
    "TELEMETRY_INTEGRITY": "PASS",
    "EXTERNAL_ACTION_PROOF": "PASS",
    "TIER_ACCOUNTING": "PASS",
    "CHANNEL_ACCOUNTING": "PASS",
    "ENGINE_EXECUTION": "PASS",
    "ADAPTIVE_FILTER": "PASS",
    "NO_IDLE": "PASS",
    "NO_REPEAT": "PASS",
    "EXPOSURE_BUDGET": "PASS",
    "MULTICHANNEL_ACTIVITY": "PASS",
    "MULTICHANNEL_ROTATION": "PASS",
    "REAL_HUMAN_INTEREST": "PENDING",
    "REAL_REVENUE": "PENDING",
    "FINAL_VERDICT": "READY_FOR_24H_LOOP"
  }
}
Sleeping 15 minutes (900s)...

[2026-09-03T16:02:13.435148+00:00] Executed Cycle #641 (cyc_28039db3)
{
  "timestamp": "2026-09-03T16:02:13.435148+00:00",
  "cycle_id": "cyc_28039db3",
  "OPERATING_MODE": "DISCOVERY_AND_DRAFT_ONLY",
  "EXTERNAL_PUBLICATION_ATTEMPTED": false,
  "OUTREACH_SAFETY": {
    "operating_mode": "DISCOVERY_AND_DRAFT_ONLY",
    "allow_external_publication": false,
    "external_publication_allowed": false,
    "external_publication_attempted": false,
    "block_reason": "EXTERNAL_PUBLICATION_REQUIRES_EXPLICIT_APPROVAL"
  },
  "PROSPECT_PIPELINE": {
    "prospects_discovered": 422,
    "prospects_eligible": 67,
    "blocked_self_target": 29,
    "blocked_duplicate": 252,
    "pending_source_verification": 0,
    "template_or_synthetic": 10,
    "internal_or_self": 29,
    "local_drafts_created": 67,
    "valid_human_approvable_drafts": 5,
    "invalidated_drafts_historical": 295,
    "github_live_search_enabled": true,
    "github_api_requests_made_current_cycle": 1,
    "github_api_results_received_current_cycle": 5,
    "github_http_200_responses_current_cycle": 1,
    "github_external_sources_verified_current_cycle": 4,
    "github_drafts_created_current_cycle": 67,
    "github_api_error_current_cycle": null,
    "github_api_rate_limit_status_current_cycle": {
      "remaining": 29,
      "limit": 30,
      "reset": "1788451393",
      "http_status": 200
    },
    "github_self_targets_blocked": 31,
    "github_duplicates_blocked": 0,
    "github_low_relevance_blocked": 22,
    "human_approval_required": true,
    "external_publications": 0,
    "external_publication_attempted": false
  },
  "SESSION": {
    "session_id": "sess_20260826_000957_11e9b0",
    "session_start_utc": "2026-08-26T00:09:57.414562+00:00",
    "elapsed_hours": 207.8711
  },
  "RUNTIME": {
    "cycles": 641,
    "successful_cycles": 641,
    "failed_cycles": 0,
    "idle_cycles": 0
  },
  "CYCLE": {
    "cycle_id": "cyc_28039db3",
    "timestamp": "2026-09-03T16:02:13.435148+00:00",
    "productive_action": "PUBLISH_TECHNICAL_CONTENT",
    "productive_action_status": "SUCCESS"
  },
  "OPPORTUNITIES": {
    "opportunities_evaluated": 90,
    "targets_selected": 422,
    "tier_a_targets": 0,
    "tier_b_targets": 67,
    "tier_c_targets": 355
  },
  "ACTIONS": {
    "actions_attempted": 67,
    "actions_generated_locally": -288,
    "actions_sent_externally": 0,
    "publications_confirmed": 0,
    "action_failures": 0,
    "blocked_actions": 355
  },
  "CHANNEL TELEMETRY": {
    "channels_evaluated": 9,
    "channels_with_targets": 9,
    "channels_with_actions": 0,
    "channels_with_publications": 0,
    "channels_blocked": 0,
    "channel_diversity_score": 0.0,
    "per_channel": {
      "GITHUB": {
        "opportunities_evaluated": 10,
        "targets_selected": 190,
        "actions_attempted": 190,
        "actions_generated_locally": 67,
        "actions_sent_externally": 0,
        "publications_confirmed": 0,
        "failures": 0,
        "blocked": 123
      },
      "REDDIT": {
        "opportunities_evaluated": 10,
        "targets_selected": 29,
        "actions_attempted": 29,
        "actions_generated_locally": 0,
        "actions_sent_externally": 0,
        "publications_confirmed": 0,
        "failures": 0,
        "blocked": 29
      },
      "QUANTCONNECT": {
        "opportunities_evaluated": 10,
        "targets_selected": 29,
        "actions_attempted": 29,
        "actions_generated_locally": 0,
        "actions_sent_externally": 0,
        "publications_confirmed": 0,
        "failures": 0,
        "blocked": 29
      },
      "SEO": {
        "opportunities_evaluated": 10,
        "targets_selected": 29,
        "actions_attempted": 29,
        "actions_generated_locally": 0,
        "actions_sent_externally": 0,
        "publications_confirmed": 0,
        "failures": 0,
        "blocked": 29
      },
      "TECHNICAL_COMMUNITIES": {
        "opportunities_evaluated": 10,
        "targets_selected": 29,
        "actions_attempted": 29,
        "actions_generated_locally": 0,
        "actions_sent_externally": 0,
        "publications_confirmed": 0,
        "failures": 0,
        "blocked": 29
      },
      "DEVELOPER_FORUMS": {
        "opportunities_evaluated": 10,
        "targets_selected": 29,
        "actions_attempted": 29,
        "actions_generated_locally": 0,
        "actions_sent_externally": 0,
        "publications_confirmed": 0,
        "failures": 0,
        "blocked": 29
      },
      "B2B_DIRECTORIES": {
        "opportunities_evaluated": 10,
        "targets_selected": 29,
        "actions_attempted": 29,
        "actions_generated_locally": 0,
        "actions_sent_externally": 0,
        "publications_confirmed": 0,
        "failures": 0,
        "blocked": 29
      },
      "MARKETPLACES": {
        "opportunities_evaluated": 10,
        "targets_selected": 29,
        "actions_attempted": 29,
        "actions_generated_locally": 0,
        "actions_sent_externally": 0,
        "publications_confirmed": 0,
        "failures": 0,
        "blocked": 29
      },
      "CONTENT_DISCOVERY": {
        "opportunities_evaluated": 10,
        "targets_selected": 29,
        "actions_attempted": 29,
        "actions_generated_locally": 0,
        "actions_sent_externally": 0,
        "publications_confirmed": 0,
        "failures": 0,
        "blocked": 29
      }
    }
  },
  "REAL FUNNEL": {
    "human_replies": 0,
    "real_landing_visits": 0,
    "real_quiz_starts": 0,
    "real_emails": 0,
    "real_checkouts": 0,
    "real_payments": 0,
    "real_revenue_usd": 0,
    "real_audits": 0,
    "real_certificates": 0,
    "real_customer_emails": 0
  },
  "INTEGRITY": {
    "telemetry_inconsistencies_detected": 0,
    "telemetry_inconsistencies_corrected": 1,
    "synthetic_events": 0,
    "owner_internal_events": 0,
    "historical_events": 231
  },
  "OUTREACH": {
    "opportunities_evaluated": 90,
    "tier_a_targets": 0,
    "tier_b_targets": 67,
    "tier_c_targets": 355,
    "action_attempts": 67,
    "actions_successful": 0,
    "publications_created": 0,
    "blocked_actions": 355
  },
  "CHANNELS": {
    "channels_evaluated": 9,
    "channels_with_targets": 9,
    "channels_with_actions": 0,
    "channels_with_publications": 0,
    "channels_blocked": 0,
    "channel_diversity_score": 0.0
  },
  "RISK": {
    "duplicate_blocks": 252,
    "cooldown_blocks": 0,
    "relevance_blocks": 22,
    "promotion_risk_blocks": 0,
    "exposure_budget_blocks": 0
  },
  "ENGAGEMENT": {
    "human_replies": 0,
    "real_landing_visits": 0,
    "real_quiz_starts": 0,
    "real_emails": 0,
    "real_checkouts": 0
  },
  "REVENUE": {
    "real_payments": 0,
    "real_revenue_usd": 0,
    "revenue_usd": 0
  },
  "DELIVERY": {
    "real_audits": 0,
    "real_certificates": 0,
    "real_emails_delivered": 0
  },
  "HISTORICAL / INTERNAL": {
    "historical_audits": 231,
    "historical_certificates": 231,
    "historical_internal_emails": 231,
    "historical_test_payments": 1
  },
  "ANTI-IDLE": {
    "productive_cycles": 641,
    "idle_cycles": 0,
    "idle_cycle": false,
    "fallback_actions": 1
  },
  "DELTA": {
    "opportunities_evaluated_delta": 90,
    "targets_selected_delta": 422,
    "actions_sent_externally_delta": 0,
    "real_landing_visits_delta": 0,
    "real_revenue_delta": 0.0
  },
  "NEXT_ACTION": "PUBLISH_TECHNICAL_CONTENT",
  "STATUSES": {
    "TELEMETRY_INTEGRITY": "PASS",
    "EXTERNAL_ACTION_PROOF": "PASS",
    "TIER_ACCOUNTING": "PASS",
    "CHANNEL_ACCOUNTING": "PASS",
    "ENGINE_EXECUTION": "PASS",
    "ADAPTIVE_FILTER": "PASS",
    "NO_IDLE": "PASS",
    "NO_REPEAT": "PASS",
    "EXPOSURE_BUDGET": "PASS",
    "MULTICHANNEL_ACTIVITY": "PASS",
    "MULTICHANNEL_ROTATION": "PASS",
    "REAL_HUMAN_INTEREST": "PENDING",
    "REAL_REVENUE": "PENDING",
    "FINAL_VERDICT": "READY_FOR_24H_LOOP"
  }
}
Sleeping 15 minutes (900s)...

[2026-09-03T16:17:15.000101+00:00] Executed Cycle #642 (cyc_a1ab4371)
{
  "timestamp": "2026-09-03T16:17:15.000101+00:00",
  "cycle_id": "cyc_a1ab4371",
  "OPERATING_MODE": "DISCOVERY_AND_DRAFT_ONLY",
  "EXTERNAL_PUBLICATION_ATTEMPTED": false,
  "OUTREACH_SAFETY": {
    "operating_mode": "DISCOVERY_AND_DRAFT_ONLY",
    "allow_external_publication": false,
    "external_publication_allowed": false,
    "external_publication_attempted": false,
    "block_reason": "EXTERNAL_PUBLICATION_REQUIRES_EXPLICIT_APPROVAL"
  },
  "PROSPECT_PIPELINE": {
    "prospects_discovered": 422,
    "prospects_eligible": 67,
    "blocked_self_target": 29,
    "blocked_duplicate": 252,
    "pending_source_verification": 0,
    "template_or_synthetic": 10,
    "internal_or_self": 29,
    "local_drafts_created": 67,
    "valid_human_approvable_drafts": 5,
    "invalidated_drafts_historical": 295,
    "github_live_search_enabled": true,
    "github_api_requests_made_current_cycle": 1,
    "github_api_results_received_current_cycle": 30,
    "github_http_200_responses_current_cycle": 1,
    "github_external_sources_verified_current_cycle": 10,
    "github_drafts_created_current_cycle": 67,
    "github_api_error_current_cycle": null,
    "github_api_rate_limit_status_current_cycle": {
      "remaining": 29,
      "limit": 30,
      "reset": "1788452295",
      "http_status": 200
    },
    "github_self_targets_blocked": 32,
    "github_duplicates_blocked": 0,
    "github_low_relevance_blocked": 22,
    "human_approval_required": true,
    "external_publications": 0,
    "external_publication_attempted": false
  },
  "SESSION": {
    "session_id": "sess_20260826_000957_11e9b0",
    "session_start_utc": "2026-08-26T00:09:57.414562+00:00",
    "elapsed_hours": 208.1216
  },
  "RUNTIME": {
    "cycles": 642,
    "successful_cycles": 642,
    "failed_cycles": 0,
    "idle_cycles": 0
  },
  "CYCLE": {
    "cycle_id": "cyc_a1ab4371",
    "timestamp": "2026-09-03T16:17:15.000101+00:00",
    "productive_action": "PUBLISH_TECHNICAL_CONTENT",
    "productive_action_status": "SUCCESS"
  },
  "OPPORTUNITIES": {
    "opportunities_evaluated": 90,
    "targets_selected": 422,
    "tier_a_targets": 0,
    "tier_b_targets": 67,
    "tier_c_targets": 355
  },
  "ACTIONS": {
    "actions_attempted": 67,
    "actions_generated_locally": -288,
    "actions_sent_externally": 0,
    "publications_confirmed": 0,
    "action_failures": 0,
    "blocked_actions": 355
  },
  "CHANNEL TELEMETRY": {
    "channels_evaluated": 9,
    "channels_with_targets": 9,
    "channels_with_actions": 0,
    "channels_with_publications": 0,
    "channels_blocked": 0,
    "channel_diversity_score": 0.0,
    "per_channel": {
      "GITHUB": {
        "opportunities_evaluated": 10,
        "targets_selected": 190,
        "actions_attempted": 190,
        "actions_generated_locally": 67,
        "actions_sent_externally": 0,
        "publications_confirmed": 0,
        "failures": 0,
        "blocked": 123
      },
      "REDDIT": {
        "opportunities_evaluated": 10,
        "targets_selected": 29,
        "actions_attempted": 29,
        "actions_generated_locally": 0,
        "actions_sent_externally": 0,
        "publications_confirmed": 0,
        "failures": 0,
        "blocked": 29
      },
      "QUANTCONNECT": {
        "opportunities_evaluated": 10,
        "targets_selected": 29,
        "actions_attempted": 29,
        "actions_generated_locally": 0,
        "actions_sent_externally": 0,
        "publications_confirmed": 0,
        "failures": 0,
        "blocked": 29
      },
      "SEO": {
        "opportunities_evaluated": 10,
        "targets_selected": 29,
        "actions_attempted": 29,
        "actions_generated_locally": 0,
        "actions_sent_externally": 0,
        "publications_confirmed": 0,
        "failures": 0,
        "blocked": 29
      },
      "TECHNICAL_COMMUNITIES": {
        "opportunities_evaluated": 10,
        "targets_selected": 29,
        "actions_attempted": 29,
        "actions_generated_locally": 0,
        "actions_sent_externally": 0,
        "publications_confirmed": 0,
        "failures": 0,
        "blocked": 29
      },
      "DEVELOPER_FORUMS": {
        "opportunities_evaluated": 10,
        "targets_selected": 29,
        "actions_attempted": 29,
        "actions_generated_locally": 0,
        "actions_sent_externally": 0,
        "publications_confirmed": 0,
        "failures": 0,
        "blocked": 29
      },
      "B2B_DIRECTORIES": {
        "opportunities_evaluated": 10,
        "targets_selected": 29,
        "actions_attempted": 29,
        "actions_generated_locally": 0,
        "actions_sent_externally": 0,
        "publications_confirmed": 0,
        "failures": 0,
        "blocked": 29
      },
      "MARKETPLACES": {
        "opportunities_evaluated": 10,
        "targets_selected": 29,
        "actions_attempted": 29,
        "actions_generated_locally": 0,
        "actions_sent_externally": 0,
        "publications_confirmed": 0,
        "failures": 0,
        "blocked": 29
      },
      "CONTENT_DISCOVERY": {
        "opportunities_evaluated": 10,
        "targets_selected": 29,
        "actions_attempted": 29,
        "actions_generated_locally": 0,
        "actions_sent_externally": 0,
        "publications_confirmed": 0,
        "failures": 0,
        "blocked": 29
      }
    }
  },
  "REAL FUNNEL": {
    "human_replies": 0,
    "real_landing_visits": 0,
    "real_quiz_starts": 0,
    "real_emails": 0,
    "real_checkouts": 0,
    "real_payments": 0,
    "real_revenue_usd": 0,
    "real_audits": 0,
    "real_certificates": 0,
    "real_customer_emails": 0
  },
  "INTEGRITY": {
    "telemetry_inconsistencies_detected": 0,
    "telemetry_inconsistencies_corrected": 1,
    "synthetic_events": 0,
    "owner_internal_events": 0,
    "historical_events": 231
  },
  "OUTREACH": {
    "opportunities_evaluated": 90,
    "tier_a_targets": 0,
    "tier_b_targets": 67,
    "tier_c_targets": 355,
    "action_attempts": 67,
    "actions_successful": 0,
    "publications_created": 0,
    "blocked_actions": 355
  },
  "CHANNELS": {
    "channels_evaluated": 9,
    "channels_with_targets": 9,
    "channels_with_actions": 0,
    "channels_with_publications": 0,
    "channels_blocked": 0,
    "channel_diversity_score": 0.0
  },
  "RISK": {
    "duplicate_blocks": 252,
    "cooldown_blocks": 0,
    "relevance_blocks": 22,
    "promotion_risk_blocks": 0,
    "exposure_budget_blocks": 0
  },
  "ENGAGEMENT": {
    "human_replies": 0,
    "real_landing_visits": 0,
    "real_quiz_starts": 0,
    "real_emails": 0,
    "real_checkouts": 0
  },
  "REVENUE": {
    "real_payments": 0,
    "real_revenue_usd": 0,
    "revenue_usd": 0
  },
  "DELIVERY": {
    "real_audits": 0,
    "real_certificates": 0,
    "real_emails_delivered": 0
  },
  "HISTORICAL / INTERNAL": {
    "historical_audits": 231,
    "historical_certificates": 231,
    "historical_internal_emails": 231,
    "historical_test_payments": 1
  },
  "ANTI-IDLE": {
    "productive_cycles": 642,
    "idle_cycles": 0,
    "idle_cycle": false,
    "fallback_actions": 1
  },
  "DELTA": {
    "opportunities_evaluated_delta": 90,
    "targets_selected_delta": 422,
    "actions_sent_externally_delta": 0,
    "real_landing_visits_delta": 0,
    "real_revenue_delta": 0.0
  },
  "NEXT_ACTION": "PUBLISH_TECHNICAL_CONTENT",
  "STATUSES": {
    "TELEMETRY_INTEGRITY": "PASS",
    "EXTERNAL_ACTION_PROOF": "PASS",
    "TIER_ACCOUNTING": "PASS",
    "CHANNEL_ACCOUNTING": "PASS",
    "ENGINE_EXECUTION": "PASS",
    "ADAPTIVE_FILTER": "PASS",
    "NO_IDLE": "PASS",
    "NO_REPEAT": "PASS",
    "EXPOSURE_BUDGET": "PASS",
    "MULTICHANNEL_ACTIVITY": "PASS",
    "MULTICHANNEL_ROTATION": "PASS",
    "REAL_HUMAN_INTEREST": "PENDING",
    "REAL_REVENUE": "PENDING",
    "FINAL_VERDICT": "READY_FOR_24H_LOOP"
  }
}
Sleeping 15 minutes (900s)...

[2026-09-03T16:32:16.947475+00:00] Executed Cycle #643 (cyc_ccb70c1f)
{
  "timestamp": "2026-09-03T16:32:16.947475+00:00",
  "cycle_id": "cyc_ccb70c1f",
  "OPERATING_MODE": "DISCOVERY_AND_DRAFT_ONLY",
  "EXTERNAL_PUBLICATION_ATTEMPTED": false,
  "OUTREACH_SAFETY": {
    "operating_mode": "DISCOVERY_AND_DRAFT_ONLY",
    "allow_external_publication": false,
    "external_publication_allowed": false,
    "external_publication_attempted": false,
    "block_reason": "EXTERNAL_PUBLICATION_REQUIRES_EXPLICIT_APPROVAL"
  },
  "PROSPECT_PIPELINE": {
    "prospects_discovered": 422,
    "prospects_eligible": 67,
    "blocked_self_target": 29,
    "blocked_duplicate": 252,
    "pending_source_verification": 0,
    "template_or_synthetic": 10,
    "internal_or_self": 29,
    "local_drafts_created": 67,
    "valid_human_approvable_drafts": 5,
    "invalidated_drafts_historical": 295,
    "github_live_search_enabled": true,
    "github_api_requests_made_current_cycle": 1,
    "github_api_results_received_current_cycle": 30,
    "github_http_200_responses_current_cycle": 1,
    "github_external_sources_verified_current_cycle": 10,
    "github_drafts_created_current_cycle": 67,
    "github_api_error_current_cycle": null,
    "github_api_rate_limit_status_current_cycle": {
      "remaining": 29,
      "limit": 30,
      "reset": "1788453197",
      "http_status": 200
    },
    "github_self_targets_blocked": 32,
    "github_duplicates_blocked": 0,
    "github_low_relevance_blocked": 22,
    "human_approval_required": true,
    "external_publications": 0,
    "external_publication_attempted": false
  },
  "SESSION": {
    "session_id": "sess_20260826_000957_11e9b0",
    "session_start_utc": "2026-08-26T00:09:57.414562+00:00",
    "elapsed_hours": 208.3721
  },
  "RUNTIME": {
    "cycles": 643,
    "successful_cycles": 643,
    "failed_cycles": 0,
    "idle_cycles": 0
  },
  "CYCLE": {
    "cycle_id": "cyc_ccb70c1f",
    "timestamp": "2026-09-03T16:32:16.947475+00:00",
    "productive_action": "PUBLISH_TECHNICAL_CONTENT",
    "productive_action_status": "SUCCESS"
  },
  "OPPORTUNITIES": {
    "opportunities_evaluated": 90,
    "targets_selected": 422,
    "tier_a_targets": 0,
    "tier_b_targets": 67,
    "tier_c_targets": 355
  },
  "ACTIONS": {
    "actions_attempted": 67,
    "actions_generated_locally": -288,
    "actions_sent_externally": 0,
    "publications_confirmed": 0,
    "action_failures": 0,
    "blocked_actions": 355
  },
  "CHANNEL TELEMETRY": {
    "channels_evaluated": 9,
    "channels_with_targets": 9,
    "channels_with_actions": 0,
    "channels_with_publications": 0,
    "channels_blocked": 0,
    "channel_diversity_score": 0.0,
    "per_channel": {
      "GITHUB": {
        "opportunities_evaluated": 10,
        "targets_selected": 190,
        "actions_attempted": 190,
        "actions_generated_locally": 67,
        "actions_sent_externally": 0,
        "publications_confirmed": 0,
        "failures": 0,
        "blocked": 123
      },
      "REDDIT": {
        "opportunities_evaluated": 10,
        "targets_selected": 29,
        "actions_attempted": 29,
        "actions_generated_locally": 0,
        "actions_sent_externally": 0,
        "publications_confirmed": 0,
        "failures": 0,
        "blocked": 29
      },
      "QUANTCONNECT": {
        "opportunities_evaluated": 10,
        "targets_selected": 29,
        "actions_attempted": 29,
        "actions_generated_locally": 0,
        "actions_sent_externally": 0,
        "publications_confirmed": 0,
        "failures": 0,
        "blocked": 29
      },
      "SEO": {
        "opportunities_evaluated": 10,
        "targets_selected": 29,
        "actions_attempted": 29,
        "actions_generated_locally": 0,
        "actions_sent_externally": 0,
        "publications_confirmed": 0,
        "failures": 0,
        "blocked": 29
      },
      "TECHNICAL_COMMUNITIES": {
        "opportunities_evaluated": 10,
        "targets_selected": 29,
        "actions_attempted": 29,
        "actions_generated_locally": 0,
        "actions_sent_externally": 0,
        "publications_confirmed": 0,
        "failures": 0,
        "blocked": 29
      },
      "DEVELOPER_FORUMS": {
        "opportunities_evaluated": 10,
        "targets_selected": 29,
        "actions_attempted": 29,
        "actions_generated_locally": 0,
        "actions_sent_externally": 0,
        "publications_confirmed": 0,
        "failures": 0,
        "blocked": 29
      },
      "B2B_DIRECTORIES": {
        "opportunities_evaluated": 10,
        "targets_selected": 29,
        "actions_attempted": 29,
        "actions_generated_locally": 0,
        "actions_sent_externally": 0,
        "publications_confirmed": 0,
        "failures": 0,
        "blocked": 29
      },
      "MARKETPLACES": {
        "opportunities_evaluated": 10,
        "targets_selected": 29,
        "actions_attempted": 29,
        "actions_generated_locally": 0,
        "actions_sent_externally": 0,
        "publications_confirmed": 0,
        "failures": 0,
        "blocked": 29
      },
      "CONTENT_DISCOVERY": {
        "opportunities_evaluated": 10,
        "targets_selected": 29,
        "actions_attempted": 29,
        "actions_generated_locally": 0,
        "actions_sent_externally": 0,
        "publications_confirmed": 0,
        "failures": 0,
        "blocked": 29
      }
    }
  },
  "REAL FUNNEL": {
    "human_replies": 0,
    "real_landing_visits": 0,
    "real_quiz_starts": 0,
    "real_emails": 0,
    "real_checkouts": 0,
    "real_payments": 0,
    "real_revenue_usd": 0,
    "real_audits": 0,
    "real_certificates": 0,
    "real_customer_emails": 0
  },
  "INTEGRITY": {
    "telemetry_inconsistencies_detected": 0,
    "telemetry_inconsistencies_corrected": 1,
    "synthetic_events": 0,
    "owner_internal_events": 0,
    "historical_events": 231
  },
  "OUTREACH": {
    "opportunities_evaluated": 90,
    "tier_a_targets": 0,
    "tier_b_targets": 67,
    "tier_c_targets": 355,
    "action_attempts": 67,
    "actions_successful": 0,
    "publications_created": 0,
    "blocked_actions": 355
  },
  "CHANNELS": {
    "channels_evaluated": 9,
    "channels_with_targets": 9,
    "channels_with_actions": 0,
    "channels_with_publications": 0,
    "channels_blocked": 0,
    "channel_diversity_score": 0.0
  },
  "RISK": {
    "duplicate_blocks": 252,
    "cooldown_blocks": 0,
    "relevance_blocks": 22,
    "promotion_risk_blocks": 0,
    "exposure_budget_blocks": 0
  },
  "ENGAGEMENT": {
    "human_replies": 0,
    "real_landing_visits": 0,
    "real_quiz_starts": 0,
    "real_emails": 0,
    "real_checkouts": 0
  },
  "REVENUE": {
    "real_payments": 0,
    "real_revenue_usd": 0,
    "revenue_usd": 0
  },
  "DELIVERY": {
    "real_audits": 0,
    "real_certificates": 0,
    "real_emails_delivered": 0
  },
  "HISTORICAL / INTERNAL": {
    "historical_audits": 231,
    "historical_certificates": 231,
    "historical_internal_emails": 231,
    "historical_test_payments": 1
  },
  "ANTI-IDLE": {
    "productive_cycles": 643,
    "idle_cycles": 0,
    "idle_cycle": false,
    "fallback_actions": 1
  },
  "DELTA": {
    "opportunities_evaluated_delta": 90,
    "targets_selected_delta": 422,
    "actions_sent_externally_delta": 0,
    "real_landing_visits_delta": 0,
    "real_revenue_delta": 0.0
  },
  "NEXT_ACTION": "PUBLISH_TECHNICAL_CONTENT",
  "STATUSES": {
    "TELEMETRY_INTEGRITY": "PASS",
    "EXTERNAL_ACTION_PROOF": "PASS",
    "TIER_ACCOUNTING": "PASS",
    "CHANNEL_ACCOUNTING": "PASS",
    "ENGINE_EXECUTION": "PASS",
    "ADAPTIVE_FILTER": "PASS",
    "NO_IDLE": "PASS",
    "NO_REPEAT": "PASS",
    "EXPOSURE_BUDGET": "PASS",
    "MULTICHANNEL_ACTIVITY": "PASS",
    "MULTICHANNEL_ROTATION": "PASS",
    "REAL_HUMAN_INTEREST": "PENDING",
    "REAL_REVENUE": "PENDING",
    "FINAL_VERDICT": "READY_FOR_24H_LOOP"
  }
}
Sleeping 15 minutes (900s)...

[2026-09-03T16:47:19.421679+00:00] Executed Cycle #644 (cyc_6b550d88)
{
  "timestamp": "2026-09-03T16:47:19.421679+00:00",
  "cycle_id": "cyc_6b550d88",
  "OPERATING_MODE": "DISCOVERY_AND_DRAFT_ONLY",
  "EXTERNAL_PUBLICATION_ATTEMPTED": false,
  "OUTREACH_SAFETY": {
    "operating_mode": "DISCOVERY_AND_DRAFT_ONLY",
    "allow_external_publication": false,
    "external_publication_allowed": false,
    "external_publication_attempted": false,
    "block_reason": "EXTERNAL_PUBLICATION_REQUIRES_EXPLICIT_APPROVAL"
  },
  "PROSPECT_PIPELINE": {
    "prospects_discovered": 422,
    "prospects_eligible": 67,
    "blocked_self_target": 29,
    "blocked_duplicate": 252,
    "pending_source_verification": 0,
    "template_or_synthetic": 10,
    "internal_or_self": 29,
    "local_drafts_created": 67,
    "valid_human_approvable_drafts": 5,
    "invalidated_drafts_historical": 295,
    "github_live_search_enabled": true,
    "github_api_requests_made_current_cycle": 1,
    "github_api_results_received_current_cycle": 30,
    "github_http_200_responses_current_cycle": 1,
    "github_external_sources_verified_current_cycle": 10,
    "github_drafts_created_current_cycle": 67,
    "github_api_error_current_cycle": null,
    "github_api_rate_limit_status_current_cycle": {
      "remaining": 29,
      "limit": 30,
      "reset": "1788454099",
      "http_status": 200
    },
    "github_self_targets_blocked": 32,
    "github_duplicates_blocked": 0,
    "github_low_relevance_blocked": 22,
    "human_approval_required": true,
    "external_publications": 0,
    "external_publication_attempted": false
  },
  "SESSION": {
    "session_id": "sess_20260826_000957_11e9b0",
    "session_start_utc": "2026-08-26T00:09:57.414562+00:00",
    "elapsed_hours": 208.6228
  },
  "RUNTIME": {
    "cycles": 644,
    "successful_cycles": 644,
    "failed_cycles": 0,
    "idle_cycles": 0
  },
  "CYCLE": {
    "cycle_id": "cyc_6b550d88",
    "timestamp": "2026-09-03T16:47:19.421679+00:00",
    "productive_action": "PUBLISH_TECHNICAL_CONTENT",
    "productive_action_status": "SUCCESS"
  },
  "OPPORTUNITIES": {
    "opportunities_evaluated": 90,
    "targets_selected": 422,
    "tier_a_targets": 0,
    "tier_b_targets": 67,
    "tier_c_targets": 355
  },
  "ACTIONS": {
    "actions_attempted": 67,
    "actions_generated_locally": -288,
    "actions_sent_externally": 0,
    "publications_confirmed": 0,
    "action_failures": 0,
    "blocked_actions": 355
  },
  "CHANNEL TELEMETRY": {
    "channels_evaluated": 9,
    "channels_with_targets": 9,
    "channels_with_actions": 0,
    "channels_with_publications": 0,
    "channels_blocked": 0,
    "channel_diversity_score": 0.0,
    "per_channel": {
      "GITHUB": {
        "opportunities_evaluated": 10,
        "targets_selected": 190,
        "actions_attempted": 190,
        "actions_generated_locally": 67,
        "actions_sent_externally": 0,
        "publications_confirmed": 0,
        "failures": 0,
        "blocked": 123
      },
      "REDDIT": {
        "opportunities_evaluated": 10,
        "targets_selected": 29,
        "actions_attempted": 29,
        "actions_generated_locally": 0,
        "actions_sent_externally": 0,
        "publications_confirmed": 0,
        "failures": 0,
        "blocked": 29
      },
      "QUANTCONNECT": {
        "opportunities_evaluated": 10,
        "targets_selected": 29,
        "actions_attempted": 29,
        "actions_generated_locally": 0,
        "actions_sent_externally": 0,
        "publications_confirmed": 0,
        "failures": 0,
        "blocked": 29
      },
      "SEO": {
        "opportunities_evaluated": 10,
        "targets_selected": 29,
        "actions_attempted": 29,
        "actions_generated_locally": 0,
        "actions_sent_externally": 0,
        "publications_confirmed": 0,
        "failures": 0,
        "blocked": 29
      },
      "TECHNICAL_COMMUNITIES": {
        "opportunities_evaluated": 10,
        "targets_selected": 29,
        "actions_attempted": 29,
        "actions_generated_locally": 0,
        "actions_sent_externally": 0,
        "publications_confirmed": 0,
        "failures": 0,
        "blocked": 29
      },
      "DEVELOPER_FORUMS": {
        "opportunities_evaluated": 10,
        "targets_selected": 29,
        "actions_attempted": 29,
        "actions_generated_locally": 0,
        "actions_sent_externally": 0,
        "publications_confirmed": 0,
        "failures": 0,
        "blocked": 29
      },
      "B2B_DIRECTORIES": {
        "opportunities_evaluated": 10,
        "targets_selected": 29,
        "actions_attempted": 29,
        "actions_generated_locally": 0,
        "actions_sent_externally": 0,
        "publications_confirmed": 0,
        "failures": 0,
        "blocked": 29
      },
      "MARKETPLACES": {
        "opportunities_evaluated": 10,
        "targets_selected": 29,
        "actions_attempted": 29,
        "actions_generated_locally": 0,
        "actions_sent_externally": 0,
        "publications_confirmed": 0,
        "failures": 0,
        "blocked": 29
      },
      "CONTENT_DISCOVERY": {
        "opportunities_evaluated": 10,
        "targets_selected": 29,
        "actions_attempted": 29,
        "actions_generated_locally": 0,
        "actions_sent_externally": 0,
        "publications_confirmed": 0,
        "failures": 0,
        "blocked": 29
      }
    }
  },
  "REAL FUNNEL": {
    "human_replies": 0,
    "real_landing_visits": 0,
    "real_quiz_starts": 0,
    "real_emails": 0,
    "real_checkouts": 0,
    "real_payments": 0,
    "real_revenue_usd": 0,
    "real_audits": 0,
    "real_certificates": 0,
    "real_customer_emails": 0
  },
  "INTEGRITY": {
    "telemetry_inconsistencies_detected": 0,
    "telemetry_inconsistencies_corrected": 1,
    "synthetic_events": 0,
    "owner_internal_events": 0,
    "historical_events": 231
  },
  "OUTREACH": {
    "opportunities_evaluated": 90,
    "tier_a_targets": 0,
    "tier_b_targets": 67,
    "tier_c_targets": 355,
    "action_attempts": 67,
    "actions_successful": 0,
    "publications_created": 0,
    "blocked_actions": 355
  },
  "CHANNELS": {
    "channels_evaluated": 9,
    "channels_with_targets": 9,
    "channels_with_actions": 0,
    "channels_with_publications": 0,
    "channels_blocked": 0,
    "channel_diversity_score": 0.0
  },
  "RISK": {
    "duplicate_blocks": 252,
    "cooldown_blocks": 0,
    "relevance_blocks": 22,
    "promotion_risk_blocks": 0,
    "exposure_budget_blocks": 0
  },
  "ENGAGEMENT": {
    "human_replies": 0,
    "real_landing_visits": 0,
    "real_quiz_starts": 0,
    "real_emails": 0,
    "real_checkouts": 0
  },
  "REVENUE": {
    "real_payments": 0,
    "real_revenue_usd": 0,
    "revenue_usd": 0
  },
  "DELIVERY": {
    "real_audits": 0,
    "real_certificates": 0,
    "real_emails_delivered": 0
  },
  "HISTORICAL / INTERNAL": {
    "historical_audits": 231,
    "historical_certificates": 231,
    "historical_internal_emails": 231,
    "historical_test_payments": 1
  },
  "ANTI-IDLE": {
    "productive_cycles": 644,
    "idle_cycles": 0,
    "idle_cycle": false,
    "fallback_actions": 1
  },
  "DELTA": {
    "opportunities_evaluated_delta": 90,
    "targets_selected_delta": 422,
    "actions_sent_externally_delta": 0,
    "real_landing_visits_delta": 0,
    "real_revenue_delta": 0.0
  },
  "NEXT_ACTION": "PUBLISH_TECHNICAL_CONTENT",
  "STATUSES": {
    "TELEMETRY_INTEGRITY": "PASS",
    "EXTERNAL_ACTION_PROOF": "PASS",
    "TIER_ACCOUNTING": "PASS",
    "CHANNEL_ACCOUNTING": "PASS",
    "ENGINE_EXECUTION": "PASS",
    "ADAPTIVE_FILTER": "PASS",
    "NO_IDLE": "PASS",
    "NO_REPEAT": "PASS",
    "EXPOSURE_BUDGET": "PASS",
    "MULTICHANNEL_ACTIVITY": "PASS",
    "MULTICHANNEL_ROTATION": "PASS",
    "REAL_HUMAN_INTEREST": "PENDING",
    "REAL_REVENUE": "PENDING",
    "FINAL_VERDICT": "READY_FOR_24H_LOOP"
  }
}
Sleeping 15 minutes (900s)...

[2026-09-03T17:02:21.277289+00:00] Executed Cycle #645 (cyc_97c89eef)
{
  "timestamp": "2026-09-03T17:02:21.277289+00:00",
  "cycle_id": "cyc_97c89eef",
  "OPERATING_MODE": "DISCOVERY_AND_DRAFT_ONLY",
  "EXTERNAL_PUBLICATION_ATTEMPTED": false,
  "OUTREACH_SAFETY": {
    "operating_mode": "DISCOVERY_AND_DRAFT_ONLY",
    "allow_external_publication": false,
    "external_publication_allowed": false,
    "external_publication_attempted": false,
    "block_reason": "EXTERNAL_PUBLICATION_REQUIRES_EXPLICIT_APPROVAL"
  },
  "PROSPECT_PIPELINE": {
    "prospects_discovered": 422,
    "prospects_eligible": 67,
    "blocked_self_target": 29,
    "blocked_duplicate": 252,
    "pending_source_verification": 0,
    "template_or_synthetic": 10,
    "internal_or_self": 29,
    "local_drafts_created": 67,
    "valid_human_approvable_drafts": 5,
    "invalidated_drafts_historical": 295,
    "github_live_search_enabled": true,
    "github_api_requests_made_current_cycle": 1,
    "github_api_results_received_current_cycle": 30,
    "github_http_200_responses_current_cycle": 1,
    "github_external_sources_verified_current_cycle": 10,
    "github_drafts_created_current_cycle": 67,
    "github_api_error_current_cycle": null,
    "github_api_rate_limit_status_current_cycle": {
      "remaining": 29,
      "limit": 30,
      "reset": "1788455001",
      "http_status": 200
    },
    "github_self_targets_blocked": 33,
    "github_duplicates_blocked": 0,
    "github_low_relevance_blocked": 22,
    "human_approval_required": true,
    "external_publications": 0,
    "external_publication_attempted": false
  },
  "SESSION": {
    "session_id": "sess_20260826_000957_11e9b0",
    "session_start_utc": "2026-08-26T00:09:57.414562+00:00",
    "elapsed_hours": 208.8733
  },
  "RUNTIME": {
    "cycles": 645,
    "successful_cycles": 645,
    "failed_cycles": 0,
    "idle_cycles": 0
  },
  "CYCLE": {
    "cycle_id": "cyc_97c89eef",
    "timestamp": "2026-09-03T17:02:21.277289+00:00",
    "productive_action": "PUBLISH_TECHNICAL_CONTENT",
    "productive_action_status": "SUCCESS"
  },
  "OPPORTUNITIES": {
    "opportunities_evaluated": 90,
    "targets_selected": 422,
    "tier_a_targets": 0,
    "tier_b_targets": 67,
    "tier_c_targets": 355
  },
  "ACTIONS": {
    "actions_attempted": 67,
    "actions_generated_locally": -288,
    "actions_sent_externally": 0,
    "publications_confirmed": 0,
    "action_failures": 0,
    "blocked_actions": 355
  },
  "CHANNEL TELEMETRY": {
    "channels_evaluated": 9,
    "channels_with_targets": 9,
    "channels_with_actions": 0,
    "channels_with_publications": 0,
    "channels_blocked": 0,
    "channel_diversity_score": 0.0,
    "per_channel": {
      "GITHUB": {
        "opportunities_evaluated": 10,
        "targets_selected": 190,
        "actions_attempted": 190,
        "actions_generated_locally": 67,
        "actions_sent_externally": 0,
        "publications_confirmed": 0,
        "failures": 0,
        "blocked": 123
      },
      "REDDIT": {
        "opportunities_evaluated": 10,
        "targets_selected": 29,
        "actions_attempted": 29,
        "actions_generated_locally": 0,
        "actions_sent_externally": 0,
        "publications_confirmed": 0,
        "failures": 0,
        "blocked": 29
      },
      "QUANTCONNECT": {
        "opportunities_evaluated": 10,
        "targets_selected": 29,
        "actions_attempted": 29,
        "actions_generated_locally": 0,
        "actions_sent_externally": 0,
        "publications_confirmed": 0,
        "failures": 0,
        "blocked": 29
      },
      "SEO": {
        "opportunities_evaluated": 10,
        "targets_selected": 29,
        "actions_attempted": 29,
        "actions_generated_locally": 0,
        "actions_sent_externally": 0,
        "publications_confirmed": 0,
        "failures": 0,
        "blocked": 29
      },
      "TECHNICAL_COMMUNITIES": {
        "opportunities_evaluated": 10,
        "targets_selected": 29,
        "actions_attempted": 29,
        "actions_generated_locally": 0,
        "actions_sent_externally": 0,
        "publications_confirmed": 0,
        "failures": 0,
        "blocked": 29
      },
      "DEVELOPER_FORUMS": {
        "opportunities_evaluated": 10,
        "targets_selected": 29,
        "actions_attempted": 29,
        "actions_generated_locally": 0,
        "actions_sent_externally": 0,
        "publications_confirmed": 0,
        "failures": 0,
        "blocked": 29
      },
      "B2B_DIRECTORIES": {
        "opportunities_evaluated": 10,
        "targets_selected": 29,
        "actions_attempted": 29,
        "actions_generated_locally": 0,
        "actions_sent_externally": 0,
        "publications_confirmed": 0,
        "failures": 0,
        "blocked": 29
      },
      "MARKETPLACES": {
        "opportunities_evaluated": 10,
        "targets_selected": 29,
        "actions_attempted": 29,
        "actions_generated_locally": 0,
        "actions_sent_externally": 0,
        "publications_confirmed": 0,
        "failures": 0,
        "blocked": 29
      },
      "CONTENT_DISCOVERY": {
        "opportunities_evaluated": 10,
        "targets_selected": 29,
        "actions_attempted": 29,
        "actions_generated_locally": 0,
        "actions_sent_externally": 0,
        "publications_confirmed": 0,
        "failures": 0,
        "blocked": 29
      }
    }
  },
  "REAL FUNNEL": {
    "human_replies": 0,
    "real_landing_visits": 0,
    "real_quiz_starts": 0,
    "real_emails": 0,
    "real_checkouts": 0,
    "real_payments": 0,
    "real_revenue_usd": 0,
    "real_audits": 0,
    "real_certificates": 0,
    "real_customer_emails": 0
  },
  "INTEGRITY": {
    "telemetry_inconsistencies_detected": 0,
    "telemetry_inconsistencies_corrected": 1,
    "synthetic_events": 0,
    "owner_internal_events": 0,
    "historical_events": 231
  },
  "OUTREACH": {
    "opportunities_evaluated": 90,
    "tier_a_targets": 0,
    "tier_b_targets": 67,
    "tier_c_targets": 355,
    "action_attempts": 67,
    "actions_successful": 0,
    "publications_created": 0,
    "blocked_actions": 355
  },
  "CHANNELS": {
    "channels_evaluated": 9,
    "channels_with_targets": 9,
    "channels_with_actions": 0,
    "channels_with_publications": 0,
    "channels_blocked": 0,
    "channel_diversity_score": 0.0
  },
  "RISK": {
    "duplicate_blocks": 252,
    "cooldown_blocks": 0,
    "relevance_blocks": 22,
    "promotion_risk_blocks": 0,
    "exposure_budget_blocks": 0
  },
  "ENGAGEMENT": {
    "human_replies": 0,
    "real_landing_visits": 0,
    "real_quiz_starts": 0,
    "real_emails": 0,
    "real_checkouts": 0
  },
  "REVENUE": {
    "real_payments": 0,
    "real_revenue_usd": 0,
    "revenue_usd": 0
  },
  "DELIVERY": {
    "real_audits": 0,
    "real_certificates": 0,
    "real_emails_delivered": 0
  },
  "HISTORICAL / INTERNAL": {
    "historical_audits": 231,
    "historical_certificates": 231,
    "historical_internal_emails": 231,
    "historical_test_payments": 1
  },
  "ANTI-IDLE": {
    "productive_cycles": 645,
    "idle_cycles": 0,
    "idle_cycle": false,
    "fallback_actions": 1
  },
  "DELTA": {
    "opportunities_evaluated_delta": 90,
    "targets_selected_delta": 422,
    "actions_sent_externally_delta": 0,
    "real_landing_visits_delta": 0,
    "real_revenue_delta": 0.0
  },
  "NEXT_ACTION": "PUBLISH_TECHNICAL_CONTENT",
  "STATUSES": {
    "TELEMETRY_INTEGRITY": "PASS",
    "EXTERNAL_ACTION_PROOF": "PASS",
    "TIER_ACCOUNTING": "PASS",
    "CHANNEL_ACCOUNTING": "PASS",
    "ENGINE_EXECUTION": "PASS",
    "ADAPTIVE_FILTER": "PASS",
    "NO_IDLE": "PASS",
    "NO_REPEAT": "PASS",
    "EXPOSURE_BUDGET": "PASS",
    "MULTICHANNEL_ACTIVITY": "PASS",
    "MULTICHANNEL_ROTATION": "PASS",
    "REAL_HUMAN_INTEREST": "PENDING",
    "REAL_REVENUE": "PENDING",
    "FINAL_VERDICT": "READY_FOR_24H_LOOP"
  }
}
Sleeping 15 minutes (900s)...

[2026-09-03T17:17:23.185827+00:00] Executed Cycle #646 (cyc_a113edba)
{
  "timestamp": "2026-09-03T17:17:23.185827+00:00",
  "cycle_id": "cyc_a113edba",
  "OPERATING_MODE": "DISCOVERY_AND_DRAFT_ONLY",
  "EXTERNAL_PUBLICATION_ATTEMPTED": false,
  "OUTREACH_SAFETY": {
    "operating_mode": "DISCOVERY_AND_DRAFT_ONLY",
    "allow_external_publication": false,
    "external_publication_allowed": false,
    "external_publication_attempted": false,
    "block_reason": "EXTERNAL_PUBLICATION_REQUIRES_EXPLICIT_APPROVAL"
  },
  "PROSPECT_PIPELINE": {
    "prospects_discovered": 422,
    "prospects_eligible": 67,
    "blocked_self_target": 29,
    "blocked_duplicate": 252,
    "pending_source_verification": 0,
    "template_or_synthetic": 10,
    "internal_or_self": 29,
    "local_drafts_created": 67,
    "valid_human_approvable_drafts": 5,
    "invalidated_drafts_historical": 295,
    "github_live_search_enabled": true,
    "github_api_requests_made_current_cycle": 1,
    "github_api_results_received_current_cycle": 30,
    "github_http_200_responses_current_cycle": 1,
    "github_external_sources_verified_current_cycle": 10,
    "github_drafts_created_current_cycle": 67,
    "github_api_error_current_cycle": null,
    "github_api_rate_limit_status_current_cycle": {
      "remaining": 29,
      "limit": 30,
      "reset": "1788455903",
      "http_status": 200
    },
    "github_self_targets_blocked": 33,
    "github_duplicates_blocked": 0,
    "github_low_relevance_blocked": 22,
    "human_approval_required": true,
    "external_publications": 0,
    "external_publication_attempted": false
  },
  "SESSION": {
    "session_id": "sess_20260826_000957_11e9b0",
    "session_start_utc": "2026-08-26T00:09:57.414562+00:00",
    "elapsed_hours": 209.1238
  },
  "RUNTIME": {
    "cycles": 646,
    "successful_cycles": 646,
    "failed_cycles": 0,
    "idle_cycles": 0
  },
  "CYCLE": {
    "cycle_id": "cyc_a113edba",
    "timestamp": "2026-09-03T17:17:23.185827+00:00",
    "productive_action": "PUBLISH_TECHNICAL_CONTENT",
    "productive_action_status": "SUCCESS"
  },
  "OPPORTUNITIES": {
    "opportunities_evaluated": 90,
    "targets_selected": 422,
    "tier_a_targets": 0,
    "tier_b_targets": 67,
    "tier_c_targets": 355
  },
  "ACTIONS": {
    "actions_attempted": 67,
    "actions_generated_locally": -288,
    "actions_sent_externally": 0,
    "publications_confirmed": 0,
    "action_failures": 0,
    "blocked_actions": 355
  },
  "CHANNEL TELEMETRY": {
    "channels_evaluated": 9,
    "channels_with_targets": 9,
    "channels_with_actions": 0,
    "channels_with_publications": 0,
    "channels_blocked": 0,
    "channel_diversity_score": 0.0,
    "per_channel": {
      "GITHUB": {
        "opportunities_evaluated": 10,
        "targets_selected": 190,
        "actions_attempted": 190,
        "actions_generated_locally": 67,
        "actions_sent_externally": 0,
        "publications_confirmed": 0,
        "failures": 0,
        "blocked": 123
      },
      "REDDIT": {
        "opportunities_evaluated": 10,
        "targets_selected": 29,
        "actions_attempted": 29,
        "actions_generated_locally": 0,
        "actions_sent_externally": 0,
        "publications_confirmed": 0,
        "failures": 0,
        "blocked": 29
      },
      "QUANTCONNECT": {
        "opportunities_evaluated": 10,
        "targets_selected": 29,
        "actions_attempted": 29,
        "actions_generated_locally": 0,
        "actions_sent_externally": 0,
        "publications_confirmed": 0,
        "failures": 0,
        "blocked": 29
      },
      "SEO": {
        "opportunities_evaluated": 10,
        "targets_selected": 29,
        "actions_attempted": 29,
        "actions_generated_locally": 0,
        "actions_sent_externally": 0,
        "publications_confirmed": 0,
        "failures": 0,
        "blocked": 29
      },
      "TECHNICAL_COMMUNITIES": {
        "opportunities_evaluated": 10,
        "targets_selected": 29,
        "actions_attempted": 29,
        "actions_generated_locally": 0,
        "actions_sent_externally": 0,
        "publications_confirmed": 0,
        "failures": 0,
        "blocked": 29
      },
      "DEVELOPER_FORUMS": {
        "opportunities_evaluated": 10,
        "targets_selected": 29,
        "actions_attempted": 29,
        "actions_generated_locally": 0,
        "actions_sent_externally": 0,
        "publications_confirmed": 0,
        "failures": 0,
        "blocked": 29
      },
      "B2B_DIRECTORIES": {
        "opportunities_evaluated": 10,
        "targets_selected": 29,
        "actions_attempted": 29,
        "actions_generated_locally": 0,
        "actions_sent_externally": 0,
        "publications_confirmed": 0,
        "failures": 0,
        "blocked": 29
      },
      "MARKETPLACES": {
        "opportunities_evaluated": 10,
        "targets_selected": 29,
        "actions_attempted": 29,
        "actions_generated_locally": 0,
        "actions_sent_externally": 0,
        "publications_confirmed": 0,
        "failures": 0,
        "blocked": 29
      },
      "CONTENT_DISCOVERY": {
        "opportunities_evaluated": 10,
        "targets_selected": 29,
        "actions_attempted": 29,
        "actions_generated_locally": 0,
        "actions_sent_externally": 0,
        "publications_confirmed": 0,
        "failures": 0,
        "blocked": 29
      }
    }
  },
  "REAL FUNNEL": {
    "human_replies": 0,
    "real_landing_visits": 0,
    "real_quiz_starts": 0,
    "real_emails": 0,
    "real_checkouts": 0,
    "real_payments": 0,
    "real_revenue_usd": 0,
    "real_audits": 0,
    "real_certificates": 0,
    "real_customer_emails": 0
  },
  "INTEGRITY": {
    "telemetry_inconsistencies_detected": 0,
    "telemetry_inconsistencies_corrected": 1,
    "synthetic_events": 0,
    "owner_internal_events": 0,
    "historical_events": 231
  },
  "OUTREACH": {
    "opportunities_evaluated": 90,
    "tier_a_targets": 0,
    "tier_b_targets": 67,
    "tier_c_targets": 355,
    "action_attempts": 67,
    "actions_successful": 0,
    "publications_created": 0,
    "blocked_actions": 355
  },
  "CHANNELS": {
    "channels_evaluated": 9,
    "channels_with_targets": 9,
    "channels_with_actions": 0,
    "channels_with_publications": 0,
    "channels_blocked": 0,
    "channel_diversity_score": 0.0
  },
  "RISK": {
    "duplicate_blocks": 252,
    "cooldown_blocks": 0,
    "relevance_blocks": 22,
    "promotion_risk_blocks": 0,
    "exposure_budget_blocks": 0
  },
  "ENGAGEMENT": {
    "human_replies": 0,
    "real_landing_visits": 0,
    "real_quiz_starts": 0,
    "real_emails": 0,
    "real_checkouts": 0
  },
  "REVENUE": {
    "real_payments": 0,
    "real_revenue_usd": 0,
    "revenue_usd": 0
  },
  "DELIVERY": {
    "real_audits": 0,
    "real_certificates": 0,
    "real_emails_delivered": 0
  },
  "HISTORICAL / INTERNAL": {
    "historical_audits": 231,
    "historical_certificates": 231,
    "historical_internal_emails": 231,
    "historical_test_payments": 1
  },
  "ANTI-IDLE": {
    "productive_cycles": 646,
    "idle_cycles": 0,
    "idle_cycle": false,
    "fallback_actions": 1
  },
  "DELTA": {
    "opportunities_evaluated_delta": 90,
    "targets_selected_delta": 422,
    "actions_sent_externally_delta": 0,
    "real_landing_visits_delta": 0,
    "real_revenue_delta": 0.0
  },
  "NEXT_ACTION": "PUBLISH_TECHNICAL_CONTENT",
  "STATUSES": {
    "TELEMETRY_INTEGRITY": "PASS",
    "EXTERNAL_ACTION_PROOF": "PASS",
    "TIER_ACCOUNTING": "PASS",
    "CHANNEL_ACCOUNTING": "PASS",
    "ENGINE_EXECUTION": "PASS",
    "ADAPTIVE_FILTER": "PASS",
    "NO_IDLE": "PASS",
    "NO_REPEAT": "PASS",
    "EXPOSURE_BUDGET": "PASS",
    "MULTICHANNEL_ACTIVITY": "PASS",
    "MULTICHANNEL_ROTATION": "PASS",
    "REAL_HUMAN_INTEREST": "PENDING",
    "REAL_REVENUE": "PENDING",
    "FINAL_VERDICT": "READY_FOR_24H_LOOP"
  }
}
Sleeping 15 minutes (900s)...

[2026-09-03T17:32:25.214479+00:00] Executed Cycle #647 (cyc_e249a29d)
{
  "timestamp": "2026-09-03T17:32:25.214479+00:00",
  "cycle_id": "cyc_e249a29d",
  "OPERATING_MODE": "DISCOVERY_AND_DRAFT_ONLY",
  "EXTERNAL_PUBLICATION_ATTEMPTED": false,
  "OUTREACH_SAFETY": {
    "operating_mode": "DISCOVERY_AND_DRAFT_ONLY",
    "allow_external_publication": false,
    "external_publication_allowed": false,
    "external_publication_attempted": false,
    "block_reason": "EXTERNAL_PUBLICATION_REQUIRES_EXPLICIT_APPROVAL"
  },
  "PROSPECT_PIPELINE": {
    "prospects_discovered": 422,
    "prospects_eligible": 67,
    "blocked_self_target": 29,
    "blocked_duplicate": 252,
    "pending_source_verification": 0,
    "template_or_synthetic": 10,
    "internal_or_self": 29,
    "local_drafts_created": 67,
    "valid_human_approvable_drafts": 5,
    "invalidated_drafts_historical": 295,
    "github_live_search_enabled": true,
    "github_api_requests_made_current_cycle": 1,
    "github_api_results_received_current_cycle": 5,
    "github_http_200_responses_current_cycle": 1,
    "github_external_sources_verified_current_cycle": 4,
    "github_drafts_created_current_cycle": 67,
    "github_api_error_current_cycle": null,
    "github_api_rate_limit_status_current_cycle": {
      "remaining": 29,
      "limit": 30,
      "reset": "1788456805",
      "http_status": 200
    },
    "github_self_targets_blocked": 33,
    "github_duplicates_blocked": 0,
    "github_low_relevance_blocked": 22,
    "human_approval_required": true,
    "external_publications": 0,
    "external_publication_attempted": false
  },
  "SESSION": {
    "session_id": "sess_20260826_000957_11e9b0",
    "session_start_utc": "2026-08-26T00:09:57.414562+00:00",
    "elapsed_hours": 209.3744
  },
  "RUNTIME": {
    "cycles": 647,
    "successful_cycles": 647,
    "failed_cycles": 0,
    "idle_cycles": 0
  },
  "CYCLE": {
    "cycle_id": "cyc_e249a29d",
    "timestamp": "2026-09-03T17:32:25.214479+00:00",
    "productive_action": "PUBLISH_TECHNICAL_CONTENT",
    "productive_action_status": "SUCCESS"
  },
  "OPPORTUNITIES": {
    "opportunities_evaluated": 90,
    "targets_selected": 422,
    "tier_a_targets": 0,
    "tier_b_targets": 67,
    "tier_c_targets": 355
  },
  "ACTIONS": {
    "actions_attempted": 67,
    "actions_generated_locally": -288,
    "actions_sent_externally": 0,
    "publications_confirmed": 0,
    "action_failures": 0,
    "blocked_actions": 355
  },
  "CHANNEL TELEMETRY": {
    "channels_evaluated": 9,
    "channels_with_targets": 9,
    "channels_with_actions": 0,
    "channels_with_publications": 0,
    "channels_blocked": 0,
    "channel_diversity_score": 0.0,
    "per_channel": {
      "GITHUB": {
        "opportunities_evaluated": 10,
        "targets_selected": 190,
        "actions_attempted": 190,
        "actions_generated_locally": 67,
        "actions_sent_externally": 0,
        "publications_confirmed": 0,
        "failures": 0,
        "blocked": 123
      },
      "REDDIT": {
        "opportunities_evaluated": 10,
        "targets_selected": 29,
        "actions_attempted": 29,
        "actions_generated_locally": 0,
        "actions_sent_externally": 0,
        "publications_confirmed": 0,
        "failures": 0,
        "blocked": 29
      },
      "QUANTCONNECT": {
        "opportunities_evaluated": 10,
        "targets_selected": 29,
        "actions_attempted": 29,
        "actions_generated_locally": 0,
        "actions_sent_externally": 0,
        "publications_confirmed": 0,
        "failures": 0,
        "blocked": 29
      },
      "SEO": {
        "opportunities_evaluated": 10,
        "targets_selected": 29,
        "actions_attempted": 29,
        "actions_generated_locally": 0,
        "actions_sent_externally": 0,
        "publications_confirmed": 0,
        "failures": 0,
        "blocked": 29
      },
      "TECHNICAL_COMMUNITIES": {
        "opportunities_evaluated": 10,
        "targets_selected": 29,
        "actions_attempted": 29,
        "actions_generated_locally": 0,
        "actions_sent_externally": 0,
        "publications_confirmed": 0,
        "failures": 0,
        "blocked": 29
      },
      "DEVELOPER_FORUMS": {
        "opportunities_evaluated": 10,
        "targets_selected": 29,
        "actions_attempted": 29,
        "actions_generated_locally": 0,
        "actions_sent_externally": 0,
        "publications_confirmed": 0,
        "failures": 0,
        "blocked": 29
      },
      "B2B_DIRECTORIES": {
        "opportunities_evaluated": 10,
        "targets_selected": 29,
        "actions_attempted": 29,
        "actions_generated_locally": 0,
        "actions_sent_externally": 0,
        "publications_confirmed": 0,
        "failures": 0,
        "blocked": 29
      },
      "MARKETPLACES": {
        "opportunities_evaluated": 10,
        "targets_selected": 29,
        "actions_attempted": 29,
        "actions_generated_locally": 0,
        "actions_sent_externally": 0,
        "publications_confirmed": 0,
        "failures": 0,
        "blocked": 29
      },
      "CONTENT_DISCOVERY": {
        "opportunities_evaluated": 10,
        "targets_selected": 29,
        "actions_attempted": 29,
        "actions_generated_locally": 0,
        "actions_sent_externally": 0,
        "publications_confirmed": 0,
        "failures": 0,
        "blocked": 29
      }
    }
  },
  "REAL FUNNEL": {
    "human_replies": 0,
    "real_landing_visits": 0,
    "real_quiz_starts": 0,
    "real_emails": 0,
    "real_checkouts": 0,
    "real_payments": 0,
    "real_revenue_usd": 0,
    "real_audits": 0,
    "real_certificates": 0,
    "real_customer_emails": 0
  },
  "INTEGRITY": {
    "telemetry_inconsistencies_detected": 0,
    "telemetry_inconsistencies_corrected": 1,
    "synthetic_events": 0,
    "owner_internal_events": 0,
    "historical_events": 231
  },
  "OUTREACH": {
    "opportunities_evaluated": 90,
    "tier_a_targets": 0,
    "tier_b_targets": 67,
    "tier_c_targets": 355,
    "action_attempts": 67,
    "actions_successful": 0,
    "publications_created": 0,
    "blocked_actions": 355
  },
  "CHANNELS": {
    "channels_evaluated": 9,
    "channels_with_targets": 9,
    "channels_with_actions": 0,
    "channels_with_publications": 0,
    "channels_blocked": 0,
    "channel_diversity_score": 0.0
  },
  "RISK": {
    "duplicate_blocks": 252,
    "cooldown_blocks": 0,
    "relevance_blocks": 22,
    "promotion_risk_blocks": 0,
    "exposure_budget_blocks": 0
  },
  "ENGAGEMENT": {
    "human_replies": 0,
    "real_landing_visits": 0,
    "real_quiz_starts": 0,
    "real_emails": 0,
    "real_checkouts": 0
  },
  "REVENUE": {
    "real_payments": 0,
    "real_revenue_usd": 0,
    "revenue_usd": 0
  },
  "DELIVERY": {
    "real_audits": 0,
    "real_certificates": 0,
    "real_emails_delivered": 0
  },
  "HISTORICAL / INTERNAL": {
    "historical_audits": 231,
    "historical_certificates": 231,
    "historical_internal_emails": 231,
    "historical_test_payments": 1
  },
  "ANTI-IDLE": {
    "productive_cycles": 647,
    "idle_cycles": 0,
    "idle_cycle": false,
    "fallback_actions": 1
  },
  "DELTA": {
    "opportunities_evaluated_delta": 90,
    "targets_selected_delta": 422,
    "actions_sent_externally_delta": 0,
    "real_landing_visits_delta": 0,
    "real_revenue_delta": 0.0
  },
  "NEXT_ACTION": "PUBLISH_TECHNICAL_CONTENT",
  "STATUSES": {
    "TELEMETRY_INTEGRITY": "PASS",
    "EXTERNAL_ACTION_PROOF": "PASS",
    "TIER_ACCOUNTING": "PASS",
    "CHANNEL_ACCOUNTING": "PASS",
    "ENGINE_EXECUTION": "PASS",
    "ADAPTIVE_FILTER": "PASS",
    "NO_IDLE": "PASS",
    "NO_REPEAT": "PASS",
    "EXPOSURE_BUDGET": "PASS",
    "MULTICHANNEL_ACTIVITY": "PASS",
    "MULTICHANNEL_ROTATION": "PASS",
    "REAL_HUMAN_INTEREST": "PENDING",
    "REAL_REVENUE": "PENDING",
    "FINAL_VERDICT": "READY_FOR_24H_LOOP"
  }
}
Sleeping 15 minutes (900s)...

[2026-09-03T17:47:26.637785+00:00] Executed Cycle #648 (cyc_86544138)
{
  "timestamp": "2026-09-03T17:47:26.637785+00:00",
  "cycle_id": "cyc_86544138",
  "OPERATING_MODE": "DISCOVERY_AND_DRAFT_ONLY",
  "EXTERNAL_PUBLICATION_ATTEMPTED": false,
  "OUTREACH_SAFETY": {
    "operating_mode": "DISCOVERY_AND_DRAFT_ONLY",
    "allow_external_publication": false,
    "external_publication_allowed": false,
    "external_publication_attempted": false,
    "block_reason": "EXTERNAL_PUBLICATION_REQUIRES_EXPLICIT_APPROVAL"
  },
  "PROSPECT_PIPELINE": {
    "prospects_discovered": 422,
    "prospects_eligible": 67,
    "blocked_self_target": 29,
    "blocked_duplicate": 252,
    "pending_source_verification": 0,
    "template_or_synthetic": 10,
    "internal_or_self": 29,
    "local_drafts_created": 67,
    "valid_human_approvable_drafts": 5,
    "invalidated_drafts_historical": 295,
    "github_live_search_enabled": true,
    "github_api_requests_made_current_cycle": 1,
    "github_api_results_received_current_cycle": 30,
    "github_http_200_responses_current_cycle": 1,
    "github_external_sources_verified_current_cycle": 10,
    "github_drafts_created_current_cycle": 67,
    "github_api_error_current_cycle": null,
    "github_api_rate_limit_status_current_cycle": {
      "remaining": 29,
      "limit": 30,
      "reset": "1788457707",
      "http_status": 200
    },
    "github_self_targets_blocked": 34,
    "github_duplicates_blocked": 0,
    "github_low_relevance_blocked": 22,
    "human_approval_required": true,
    "external_publications": 0,
    "external_publication_attempted": false
  },
  "SESSION": {
    "session_id": "sess_20260826_000957_11e9b0",
    "session_start_utc": "2026-08-26T00:09:57.414562+00:00",
    "elapsed_hours": 209.6248
  },
  "RUNTIME": {
    "cycles": 648,
    "successful_cycles": 648,
    "failed_cycles": 0,
    "idle_cycles": 0
  },
  "CYCLE": {
    "cycle_id": "cyc_86544138",
    "timestamp": "2026-09-03T17:47:26.637785+00:00",
    "productive_action": "PUBLISH_TECHNICAL_CONTENT",
    "productive_action_status": "SUCCESS"
  },
  "OPPORTUNITIES": {
    "opportunities_evaluated": 90,
    "targets_selected": 422,
    "tier_a_targets": 0,
    "tier_b_targets": 67,
    "tier_c_targets": 355
  },
  "ACTIONS": {
    "actions_attempted": 67,
    "actions_generated_locally": -288,
    "actions_sent_externally": 0,
    "publications_confirmed": 0,
    "action_failures": 0,
    "blocked_actions": 355
  },
  "CHANNEL TELEMETRY": {
    "channels_evaluated": 9,
    "channels_with_targets": 9,
    "channels_with_actions": 0,
    "channels_with_publications": 0,
    "channels_blocked": 0,
    "channel_diversity_score": 0.0,
    "per_channel": {
      "GITHUB": {
        "opportunities_evaluated": 10,
        "targets_selected": 190,
        "actions_attempted": 190,
        "actions_generated_locally": 67,
        "actions_sent_externally": 0,
        "publications_confirmed": 0,
        "failures": 0,
        "blocked": 123
      },
      "REDDIT": {
        "opportunities_evaluated": 10,
        "targets_selected": 29,
        "actions_attempted": 29,
        "actions_generated_locally": 0,
        "actions_sent_externally": 0,
        "publications_confirmed": 0,
        "failures": 0,
        "blocked": 29
      },
      "QUANTCONNECT": {
        "opportunities_evaluated": 10,
        "targets_selected": 29,
        "actions_attempted": 29,
        "actions_generated_locally": 0,
        "actions_sent_externally": 0,
        "publications_confirmed": 0,
        "failures": 0,
        "blocked": 29
      },
      "SEO": {
        "opportunities_evaluated": 10,
        "targets_selected": 29,
        "actions_attempted": 29,
        "actions_generated_locally": 0,
        "actions_sent_externally": 0,
        "publications_confirmed": 0,
        "failures": 0,
        "blocked": 29
      },
      "TECHNICAL_COMMUNITIES": {
        "opportunities_evaluated": 10,
        "targets_selected": 29,
        "actions_attempted": 29,
        "actions_generated_locally": 0,
        "actions_sent_externally": 0,
        "publications_confirmed": 0,
        "failures": 0,
        "blocked": 29
      },
      "DEVELOPER_FORUMS": {
        "opportunities_evaluated": 10,
        "targets_selected": 29,
        "actions_attempted": 29,
        "actions_generated_locally": 0,
        "actions_sent_externally": 0,
        "publications_confirmed": 0,
        "failures": 0,
        "blocked": 29
      },
      "B2B_DIRECTORIES": {
        "opportunities_evaluated": 10,
        "targets_selected": 29,
        "actions_attempted": 29,
        "actions_generated_locally": 0,
        "actions_sent_externally": 0,
        "publications_confirmed": 0,
        "failures": 0,
        "blocked": 29
      },
      "MARKETPLACES": {
        "opportunities_evaluated": 10,
        "targets_selected": 29,
        "actions_attempted": 29,
        "actions_generated_locally": 0,
        "actions_sent_externally": 0,
        "publications_confirmed": 0,
        "failures": 0,
        "blocked": 29
      },
      "CONTENT_DISCOVERY": {
        "opportunities_evaluated": 10,
        "targets_selected": 29,
        "actions_attempted": 29,
        "actions_generated_locally": 0,
        "actions_sent_externally": 0,
        "publications_confirmed": 0,
        "failures": 0,
        "blocked": 29
      }
    }
  },
  "REAL FUNNEL": {
    "human_replies": 0,
    "real_landing_visits": 0,
    "real_quiz_starts": 0,
    "real_emails": 0,
    "real_checkouts": 0,
    "real_payments": 0,
    "real_revenue_usd": 0,
    "real_audits": 0,
    "real_certificates": 0,
    "real_customer_emails": 0
  },
  "INTEGRITY": {
    "telemetry_inconsistencies_detected": 0,
    "telemetry_inconsistencies_corrected": 1,
    "synthetic_events": 0,
    "owner_internal_events": 0,
    "historical_events": 231
  },
  "OUTREACH": {
    "opportunities_evaluated": 90,
    "tier_a_targets": 0,
    "tier_b_targets": 67,
    "tier_c_targets": 355,
    "action_attempts": 67,
    "actions_successful": 0,
    "publications_created": 0,
    "blocked_actions": 355
  },
  "CHANNELS": {
    "channels_evaluated": 9,
    "channels_with_targets": 9,
    "channels_with_actions": 0,
    "channels_with_publications": 0,
    "channels_blocked": 0,
    "channel_diversity_score": 0.0
  },
  "RISK": {
    "duplicate_blocks": 252,
    "cooldown_blocks": 0,
    "relevance_blocks": 22,
    "promotion_risk_blocks": 0,
    "exposure_budget_blocks": 0
  },
  "ENGAGEMENT": {
    "human_replies": 0,
    "real_landing_visits": 0,
    "real_quiz_starts": 0,
    "real_emails": 0,
    "real_checkouts": 0
  },
  "REVENUE": {
    "real_payments": 0,
    "real_revenue_usd": 0,
    "revenue_usd": 0
  },
  "DELIVERY": {
    "real_audits": 0,
    "real_certificates": 0,
    "real_emails_delivered": 0
  },
  "HISTORICAL / INTERNAL": {
    "historical_audits": 231,
    "historical_certificates": 231,
    "historical_internal_emails": 231,
    "historical_test_payments": 1
  },
  "ANTI-IDLE": {
    "productive_cycles": 648,
    "idle_cycles": 0,
    "idle_cycle": false,
    "fallback_actions": 1
  },
  "DELTA": {
    "opportunities_evaluated_delta": 90,
    "targets_selected_delta": 422,
    "actions_sent_externally_delta": 0,
    "real_landing_visits_delta": 0,
    "real_revenue_delta": 0.0
  },
  "NEXT_ACTION": "PUBLISH_TECHNICAL_CONTENT",
  "STATUSES": {
    "TELEMETRY_INTEGRITY": "PASS",
    "EXTERNAL_ACTION_PROOF": "PASS",
    "TIER_ACCOUNTING": "PASS",
    "CHANNEL_ACCOUNTING": "PASS",
    "ENGINE_EXECUTION": "PASS",
    "ADAPTIVE_FILTER": "PASS",
    "NO_IDLE": "PASS",
    "NO_REPEAT": "PASS",
    "EXPOSURE_BUDGET": "PASS",
    "MULTICHANNEL_ACTIVITY": "PASS",
    "MULTICHANNEL_ROTATION": "PASS",
    "REAL_HUMAN_INTEREST": "PENDING",
    "REAL_REVENUE": "PENDING",
    "FINAL_VERDICT": "READY_FOR_24H_LOOP"
  }
}
Sleeping 15 minutes (900s)...

[2026-09-03T18:02:28.858190+00:00] Executed Cycle #649 (cyc_21d22016)
{
  "timestamp": "2026-09-03T18:02:28.858190+00:00",
  "cycle_id": "cyc_21d22016",
  "OPERATING_MODE": "DISCOVERY_AND_DRAFT_ONLY",
  "EXTERNAL_PUBLICATION_ATTEMPTED": false,
  "OUTREACH_SAFETY": {
    "operating_mode": "DISCOVERY_AND_DRAFT_ONLY",
    "allow_external_publication": false,
    "external_publication_allowed": false,
    "external_publication_attempted": false,
    "block_reason": "EXTERNAL_PUBLICATION_REQUIRES_EXPLICIT_APPROVAL"
  },
  "PROSPECT_PIPELINE": {
    "prospects_discovered": 422,
    "prospects_eligible": 67,
    "blocked_self_target": 29,
    "blocked_duplicate": 252,
    "pending_source_verification": 0,
    "template_or_synthetic": 10,
    "internal_or_self": 29,
    "local_drafts_created": 67,
    "valid_human_approvable_drafts": 5,
    "invalidated_drafts_historical": 295,
    "github_live_search_enabled": true,
    "github_api_requests_made_current_cycle": 1,
    "github_api_results_received_current_cycle": 30,
    "github_http_200_responses_current_cycle": 1,
    "github_external_sources_verified_current_cycle": 10,
    "github_drafts_created_current_cycle": 67,
    "github_api_error_current_cycle": null,
    "github_api_rate_limit_status_current_cycle": {
      "remaining": 29,
      "limit": 30,
      "reset": "1788458609",
      "http_status": 200
    },
    "github_self_targets_blocked": 34,
    "github_duplicates_blocked": 0,
    "github_low_relevance_blocked": 22,
    "human_approval_required": true,
    "external_publications": 0,
    "external_publication_attempted": false
  },
  "SESSION": {
    "session_id": "sess_20260826_000957_11e9b0",
    "session_start_utc": "2026-08-26T00:09:57.414562+00:00",
    "elapsed_hours": 209.8754
  },
  "RUNTIME": {
    "cycles": 649,
    "successful_cycles": 649,
    "failed_cycles": 0,
    "idle_cycles": 0
  },
  "CYCLE": {
    "cycle_id": "cyc_21d22016",
    "timestamp": "2026-09-03T18:02:28.858190+00:00",
    "productive_action": "PUBLISH_TECHNICAL_CONTENT",
    "productive_action_status": "SUCCESS"
  },
  "OPPORTUNITIES": {
    "opportunities_evaluated": 90,
    "targets_selected": 422,
    "tier_a_targets": 0,
    "tier_b_targets": 67,
    "tier_c_targets": 355
  },
  "ACTIONS": {
    "actions_attempted": 67,
    "actions_generated_locally": -288,
    "actions_sent_externally": 0,
    "publications_confirmed": 0,
    "action_failures": 0,
    "blocked_actions": 355
  },
  "CHANNEL TELEMETRY": {
    "channels_evaluated": 9,
    "channels_with_targets": 9,
    "channels_with_actions": 0,
    "channels_with_publications": 0,
    "channels_blocked": 0,
    "channel_diversity_score": 0.0,
    "per_channel": {
      "GITHUB": {
        "opportunities_evaluated": 10,
        "targets_selected": 190,
        "actions_attempted": 190,
        "actions_generated_locally": 67,
        "actions_sent_externally": 0,
        "publications_confirmed": 0,
        "failures": 0,
        "blocked": 123
      },
      "REDDIT": {
        "opportunities_evaluated": 10,
        "targets_selected": 29,
        "actions_attempted": 29,
        "actions_generated_locally": 0,
        "actions_sent_externally": 0,
        "publications_confirmed": 0,
        "failures": 0,
        "blocked": 29
      },
      "QUANTCONNECT": {
        "opportunities_evaluated": 10,
        "targets_selected": 29,
        "actions_attempted": 29,
        "actions_generated_locally": 0,
        "actions_sent_externally": 0,
        "publications_confirmed": 0,
        "failures": 0,
        "blocked": 29
      },
      "SEO": {
        "opportunities_evaluated": 10,
        "targets_selected": 29,
        "actions_attempted": 29,
        "actions_generated_locally": 0,
        "actions_sent_externally": 0,
        "publications_confirmed": 0,
        "failures": 0,
        "blocked": 29
      },
      "TECHNICAL_COMMUNITIES": {
        "opportunities_evaluated": 10,
        "targets_selected": 29,
        "actions_attempted": 29,
        "actions_generated_locally": 0,
        "actions_sent_externally": 0,
        "publications_confirmed": 0,
        "failures": 0,
        "blocked": 29
      },
      "DEVELOPER_FORUMS": {
        "opportunities_evaluated": 10,
        "targets_selected": 29,
        "actions_attempted": 29,
        "actions_generated_locally": 0,
        "actions_sent_externally": 0,
        "publications_confirmed": 0,
        "failures": 0,
        "blocked": 29
      },
      "B2B_DIRECTORIES": {
        "opportunities_evaluated": 10,
        "targets_selected": 29,
        "actions_attempted": 29,
        "actions_generated_locally": 0,
        "actions_sent_externally": 0,
        "publications_confirmed": 0,
        "failures": 0,
        "blocked": 29
      },
      "MARKETPLACES": {
        "opportunities_evaluated": 10,
        "targets_selected": 29,
        "actions_attempted": 29,
        "actions_generated_locally": 0,
        "actions_sent_externally": 0,
        "publications_confirmed": 0,
        "failures": 0,
        "blocked": 29
      },
      "CONTENT_DISCOVERY": {
        "opportunities_evaluated": 10,
        "targets_selected": 29,
        "actions_attempted": 29,
        "actions_generated_locally": 0,
        "actions_sent_externally": 0,
        "publications_confirmed": 0,
        "failures": 0,
        "blocked": 29
      }
    }
  },
  "REAL FUNNEL": {
    "human_replies": 0,
    "real_landing_visits": 0,
    "real_quiz_starts": 0,
    "real_emails": 0,
    "real_checkouts": 0,
    "real_payments": 0,
    "real_revenue_usd": 0,
    "real_audits": 0,
    "real_certificates": 0,
    "real_customer_emails": 0
  },
  "INTEGRITY": {
    "telemetry_inconsistencies_detected": 0,
    "telemetry_inconsistencies_corrected": 1,
    "synthetic_events": 0,
    "owner_internal_events": 0,
    "historical_events": 231
  },
  "OUTREACH": {
    "opportunities_evaluated": 90,
    "tier_a_targets": 0,
    "tier_b_targets": 67,
    "tier_c_targets": 355,
    "action_attempts": 67,
    "actions_successful": 0,
    "publications_created": 0,
    "blocked_actions": 355
  },
  "CHANNELS": {
    "channels_evaluated": 9,
    "channels_with_targets": 9,
    "channels_with_actions": 0,
    "channels_with_publications": 0,
    "channels_blocked": 0,
    "channel_diversity_score": 0.0
  },
  "RISK": {
    "duplicate_blocks": 252,
    "cooldown_blocks": 0,
    "relevance_blocks": 22,
    "promotion_risk_blocks": 0,
    "exposure_budget_blocks": 0
  },
  "ENGAGEMENT": {
    "human_replies": 0,
    "real_landing_visits": 0,
    "real_quiz_starts": 0,
    "real_emails": 0,
    "real_checkouts": 0
  },
  "REVENUE": {
    "real_payments": 0,
    "real_revenue_usd": 0,
    "revenue_usd": 0
  },
  "DELIVERY": {
    "real_audits": 0,
    "real_certificates": 0,
    "real_emails_delivered": 0
  },
  "HISTORICAL / INTERNAL": {
    "historical_audits": 231,
    "historical_certificates": 231,
    "historical_internal_emails": 231,
    "historical_test_payments": 1
  },
  "ANTI-IDLE": {
    "productive_cycles": 649,
    "idle_cycles": 0,
    "idle_cycle": false,
    "fallback_actions": 1
  },
  "DELTA": {
    "opportunities_evaluated_delta": 90,
    "targets_selected_delta": 422,
    "actions_sent_externally_delta": 0,
    "real_landing_visits_delta": 0,
    "real_revenue_delta": 0.0
  },
  "NEXT_ACTION": "PUBLISH_TECHNICAL_CONTENT",
  "STATUSES": {
    "TELEMETRY_INTEGRITY": "PASS",
    "EXTERNAL_ACTION_PROOF": "PASS",
    "TIER_ACCOUNTING": "PASS",
    "CHANNEL_ACCOUNTING": "PASS",
    "ENGINE_EXECUTION": "PASS",
    "ADAPTIVE_FILTER": "PASS",
    "NO_IDLE": "PASS",
    "NO_REPEAT": "PASS",
    "EXPOSURE_BUDGET": "PASS",
    "MULTICHANNEL_ACTIVITY": "PASS",
    "MULTICHANNEL_ROTATION": "PASS",
    "REAL_HUMAN_INTEREST": "PENDING",
    "REAL_REVENUE": "PENDING",
    "FINAL_VERDICT": "READY_FOR_24H_LOOP"
  }
}
Sleeping 15 minutes (900s)...

[2026-09-03T18:17:30.739476+00:00] Executed Cycle #650 (cyc_8554dbff)
{
  "timestamp": "2026-09-03T18:17:30.739476+00:00",
  "cycle_id": "cyc_8554dbff",
  "OPERATING_MODE": "DISCOVERY_AND_DRAFT_ONLY",
  "EXTERNAL_PUBLICATION_ATTEMPTED": false,
  "OUTREACH_SAFETY": {
    "operating_mode": "DISCOVERY_AND_DRAFT_ONLY",
    "allow_external_publication": false,
    "external_publication_allowed": false,
    "external_publication_attempted": false,
    "block_reason": "EXTERNAL_PUBLICATION_REQUIRES_EXPLICIT_APPROVAL"
  },
  "PROSPECT_PIPELINE": {
    "prospects_discovered": 422,
    "prospects_eligible": 67,
    "blocked_self_target": 29,
    "blocked_duplicate": 252,
    "pending_source_verification": 0,
    "template_or_synthetic": 10,
    "internal_or_self": 29,
    "local_drafts_created": 67,
    "valid_human_approvable_drafts": 5,
    "invalidated_drafts_historical": 295,
    "github_live_search_enabled": true,
    "github_api_requests_made_current_cycle": 1,
    "github_api_results_received_current_cycle": 30,
    "github_http_200_responses_current_cycle": 1,
    "github_external_sources_verified_current_cycle": 10,
    "github_drafts_created_current_cycle": 67,
    "github_api_error_current_cycle": null,
    "github_api_rate_limit_status_current_cycle": {
      "remaining": 29,
      "limit": 30,
      "reset": "1788459511",
      "http_status": 200
    },
    "github_self_targets_blocked": 34,
    "github_duplicates_blocked": 0,
    "github_low_relevance_blocked": 22,
    "human_approval_required": true,
    "external_publications": 0,
    "external_publication_attempted": false
  },
  "SESSION": {
    "session_id": "sess_20260826_000957_11e9b0",
    "session_start_utc": "2026-08-26T00:09:57.414562+00:00",
    "elapsed_hours": 210.1259
  },
  "RUNTIME": {
    "cycles": 650,
    "successful_cycles": 650,
    "failed_cycles": 0,
    "idle_cycles": 0
  },
  "CYCLE": {
    "cycle_id": "cyc_8554dbff",
    "timestamp": "2026-09-03T18:17:30.739476+00:00",
    "productive_action": "PUBLISH_TECHNICAL_CONTENT",
    "productive_action_status": "SUCCESS"
  },
  "OPPORTUNITIES": {
    "opportunities_evaluated": 90,
    "targets_selected": 422,
    "tier_a_targets": 0,
    "tier_b_targets": 67,
    "tier_c_targets": 355
  },
  "ACTIONS": {
    "actions_attempted": 67,
    "actions_generated_locally": -288,
    "actions_sent_externally": 0,
    "publications_confirmed": 0,
    "action_failures": 0,
    "blocked_actions": 355
  },
  "CHANNEL TELEMETRY": {
    "channels_evaluated": 9,
    "channels_with_targets": 9,
    "channels_with_actions": 0,
    "channels_with_publications": 0,
    "channels_blocked": 0,
    "channel_diversity_score": 0.0,
    "per_channel": {
      "GITHUB": {
        "opportunities_evaluated": 10,
        "targets_selected": 190,
        "actions_attempted": 190,
        "actions_generated_locally": 67,
        "actions_sent_externally": 0,
        "publications_confirmed": 0,
        "failures": 0,
        "blocked": 123
      },
      "REDDIT": {
        "opportunities_evaluated": 10,
        "targets_selected": 29,
        "actions_attempted": 29,
        "actions_generated_locally": 0,
        "actions_sent_externally": 0,
        "publications_confirmed": 0,
        "failures": 0,
        "blocked": 29
      },
      "QUANTCONNECT": {
        "opportunities_evaluated": 10,
        "targets_selected": 29,
        "actions_attempted": 29,
        "actions_generated_locally": 0,
        "actions_sent_externally": 0,
        "publications_confirmed": 0,
        "failures": 0,
        "blocked": 29
      },
      "SEO": {
        "opportunities_evaluated": 10,
        "targets_selected": 29,
        "actions_attempted": 29,
        "actions_generated_locally": 0,
        "actions_sent_externally": 0,
        "publications_confirmed": 0,
        "failures": 0,
        "blocked": 29
      },
      "TECHNICAL_COMMUNITIES": {
        "opportunities_evaluated": 10,
        "targets_selected": 29,
        "actions_attempted": 29,
        "actions_generated_locally": 0,
        "actions_sent_externally": 0,
        "publications_confirmed": 0,
        "failures": 0,
        "blocked": 29
      },
      "DEVELOPER_FORUMS": {
        "opportunities_evaluated": 10,
        "targets_selected": 29,
        "actions_attempted": 29,
        "actions_generated_locally": 0,
        "actions_sent_externally": 0,
        "publications_confirmed": 0,
        "failures": 0,
        "blocked": 29
      },
      "B2B_DIRECTORIES": {
        "opportunities_evaluated": 10,
        "targets_selected": 29,
        "actions_attempted": 29,
        "actions_generated_locally": 0,
        "actions_sent_externally": 0,
        "publications_confirmed": 0,
        "failures": 0,
        "blocked": 29
      },
      "MARKETPLACES": {
        "opportunities_evaluated": 10,
        "targets_selected": 29,
        "actions_attempted": 29,
        "actions_generated_locally": 0,
        "actions_sent_externally": 0,
        "publications_confirmed": 0,
        "failures": 0,
        "blocked": 29
      },
      "CONTENT_DISCOVERY": {
        "opportunities_evaluated": 10,
        "targets_selected": 29,
        "actions_attempted": 29,
        "actions_generated_locally": 0,
        "actions_sent_externally": 0,
        "publications_confirmed": 0,
        "failures": 0,
        "blocked": 29
      }
    }
  },
  "REAL FUNNEL": {
    "human_replies": 0,
    "real_landing_visits": 0,
    "real_quiz_starts": 0,
    "real_emails": 0,
    "real_checkouts": 0,
    "real_payments": 0,
    "real_revenue_usd": 0,
    "real_audits": 0,
    "real_certificates": 0,
    "real_customer_emails": 0
  },
  "INTEGRITY": {
    "telemetry_inconsistencies_detected": 0,
    "telemetry_inconsistencies_corrected": 1,
    "synthetic_events": 0,
    "owner_internal_events": 0,
    "historical_events": 231
  },
  "OUTREACH": {
    "opportunities_evaluated": 90,
    "tier_a_targets": 0,
    "tier_b_targets": 67,
    "tier_c_targets": 355,
    "action_attempts": 67,
    "actions_successful": 0,
    "publications_created": 0,
    "blocked_actions": 355
  },
  "CHANNELS": {
    "channels_evaluated": 9,
    "channels_with_targets": 9,
    "channels_with_actions": 0,
    "channels_with_publications": 0,
    "channels_blocked": 0,
    "channel_diversity_score": 0.0
  },
  "RISK": {
    "duplicate_blocks": 252,
    "cooldown_blocks": 0,
    "relevance_blocks": 22,
    "promotion_risk_blocks": 0,
    "exposure_budget_blocks": 0
  },
  "ENGAGEMENT": {
    "human_replies": 0,
    "real_landing_visits": 0,
    "real_quiz_starts": 0,
    "real_emails": 0,
    "real_checkouts": 0
  },
  "REVENUE": {
    "real_payments": 0,
    "real_revenue_usd": 0,
    "revenue_usd": 0
  },
  "DELIVERY": {
    "real_audits": 0,
    "real_certificates": 0,
    "real_emails_delivered": 0
  },
  "HISTORICAL / INTERNAL": {
    "historical_audits": 231,
    "historical_certificates": 231,
    "historical_internal_emails": 231,
    "historical_test_payments": 1
  },
  "ANTI-IDLE": {
    "productive_cycles": 650,
    "idle_cycles": 0,
    "idle_cycle": false,
    "fallback_actions": 1
  },
  "DELTA": {
    "opportunities_evaluated_delta": 90,
    "targets_selected_delta": 422,
    "actions_sent_externally_delta": 0,
    "real_landing_visits_delta": 0,
    "real_revenue_delta": 0.0
  },
  "NEXT_ACTION": "PUBLISH_TECHNICAL_CONTENT",
  "STATUSES": {
    "TELEMETRY_INTEGRITY": "PASS",
    "EXTERNAL_ACTION_PROOF": "PASS",
    "TIER_ACCOUNTING": "PASS",
    "CHANNEL_ACCOUNTING": "PASS",
    "ENGINE_EXECUTION": "PASS",
    "ADAPTIVE_FILTER": "PASS",
    "NO_IDLE": "PASS",
    "NO_REPEAT": "PASS",
    "EXPOSURE_BUDGET": "PASS",
    "MULTICHANNEL_ACTIVITY": "PASS",
    "MULTICHANNEL_ROTATION": "PASS",
    "REAL_HUMAN_INTEREST": "PENDING",
    "REAL_REVENUE": "PENDING",
    "FINAL_VERDICT": "READY_FOR_24H_LOOP"
  }
}
Sleeping 15 minutes (900s)...

[2026-09-03T18:32:32.670248+00:00] Executed Cycle #651 (cyc_88c23e58)
{
  "timestamp": "2026-09-03T18:32:32.670248+00:00",
  "cycle_id": "cyc_88c23e58",
  "OPERATING_MODE": "DISCOVERY_AND_DRAFT_ONLY",
  "EXTERNAL_PUBLICATION_ATTEMPTED": false,
  "OUTREACH_SAFETY": {
    "operating_mode": "DISCOVERY_AND_DRAFT_ONLY",
    "allow_external_publication": false,
    "external_publication_allowed": false,
    "external_publication_attempted": false,
    "block_reason": "EXTERNAL_PUBLICATION_REQUIRES_EXPLICIT_APPROVAL"
  },
  "PROSPECT_PIPELINE": {
    "prospects_discovered": 422,
    "prospects_eligible": 67,
    "blocked_self_target": 29,
    "blocked_duplicate": 252,
    "pending_source_verification": 0,
    "template_or_synthetic": 10,
    "internal_or_self": 29,
    "local_drafts_created": 67,
    "valid_human_approvable_drafts": 5,
    "invalidated_drafts_historical": 295,
    "github_live_search_enabled": true,
    "github_api_requests_made_current_cycle": 1,
    "github_api_results_received_current_cycle": 30,
    "github_http_200_responses_current_cycle": 1,
    "github_external_sources_verified_current_cycle": 10,
    "github_drafts_created_current_cycle": 67,
    "github_api_error_current_cycle": null,
    "github_api_rate_limit_status_current_cycle": {
      "remaining": 29,
      "limit": 30,
      "reset": "1788460413",
      "http_status": 200
    },
    "github_self_targets_blocked": 35,
    "github_duplicates_blocked": 0,
    "github_low_relevance_blocked": 22,
    "human_approval_required": true,
    "external_publications": 0,
    "external_publication_attempted": false
  },
  "SESSION": {
    "session_id": "sess_20260826_000957_11e9b0",
    "session_start_utc": "2026-08-26T00:09:57.414562+00:00",
    "elapsed_hours": 210.3765
  },
  "RUNTIME": {
    "cycles": 651,
    "successful_cycles": 651,
    "failed_cycles": 0,
    "idle_cycles": 0
  },
  "CYCLE": {
    "cycle_id": "cyc_88c23e58",
    "timestamp": "2026-09-03T18:32:32.670248+00:00",
    "productive_action": "PUBLISH_TECHNICAL_CONTENT",
    "productive_action_status": "SUCCESS"
  },
  "OPPORTUNITIES": {
    "opportunities_evaluated": 90,
    "targets_selected": 422,
    "tier_a_targets": 0,
    "tier_b_targets": 67,
    "tier_c_targets": 355
  },
  "ACTIONS": {
    "actions_attempted": 67,
    "actions_generated_locally": -288,
    "actions_sent_externally": 0,
    "publications_confirmed": 0,
    "action_failures": 0,
    "blocked_actions": 355
  },
  "CHANNEL TELEMETRY": {
    "channels_evaluated": 9,
    "channels_with_targets": 9,
    "channels_with_actions": 0,
    "channels_with_publications": 0,
    "channels_blocked": 0,
    "channel_diversity_score": 0.0,
    "per_channel": {
      "GITHUB": {
        "opportunities_evaluated": 10,
        "targets_selected": 190,
        "actions_attempted": 190,
        "actions_generated_locally": 67,
        "actions_sent_externally": 0,
        "publications_confirmed": 0,
        "failures": 0,
        "blocked": 123
      },
      "REDDIT": {
        "opportunities_evaluated": 10,
        "targets_selected": 29,
        "actions_attempted": 29,
        "actions_generated_locally": 0,
        "actions_sent_externally": 0,
        "publications_confirmed": 0,
        "failures": 0,
        "blocked": 29
      },
      "QUANTCONNECT": {
        "opportunities_evaluated": 10,
        "targets_selected": 29,
        "actions_attempted": 29,
        "actions_generated_locally": 0,
        "actions_sent_externally": 0,
        "publications_confirmed": 0,
        "failures": 0,
        "blocked": 29
      },
      "SEO": {
        "opportunities_evaluated": 10,
        "targets_selected": 29,
        "actions_attempted": 29,
        "actions_generated_locally": 0,
        "actions_sent_externally": 0,
        "publications_confirmed": 0,
        "failures": 0,
        "blocked": 29
      },
      "TECHNICAL_COMMUNITIES": {
        "opportunities_evaluated": 10,
        "targets_selected": 29,
        "actions_attempted": 29,
        "actions_generated_locally": 0,
        "actions_sent_externally": 0,
        "publications_confirmed": 0,
        "failures": 0,
        "blocked": 29
      },
      "DEVELOPER_FORUMS": {
        "opportunities_evaluated": 10,
        "targets_selected": 29,
        "actions_attempted": 29,
        "actions_generated_locally": 0,
        "actions_sent_externally": 0,
        "publications_confirmed": 0,
        "failures": 0,
        "blocked": 29
      },
      "B2B_DIRECTORIES": {
        "opportunities_evaluated": 10,
        "targets_selected": 29,
        "actions_attempted": 29,
        "actions_generated_locally": 0,
        "actions_sent_externally": 0,
        "publications_confirmed": 0,
        "failures": 0,
        "blocked": 29
      },
      "MARKETPLACES": {
        "opportunities_evaluated": 10,
        "targets_selected": 29,
        "actions_attempted": 29,
        "actions_generated_locally": 0,
        "actions_sent_externally": 0,
        "publications_confirmed": 0,
        "failures": 0,
        "blocked": 29
      },
      "CONTENT_DISCOVERY": {
        "opportunities_evaluated": 10,
        "targets_selected": 29,
        "actions_attempted": 29,
        "actions_generated_locally": 0,
        "actions_sent_externally": 0,
        "publications_confirmed": 0,
        "failures": 0,
        "blocked": 29
      }
    }
  },
  "REAL FUNNEL": {
    "human_replies": 0,
    "real_landing_visits": 0,
    "real_quiz_starts": 0,
    "real_emails": 0,
    "real_checkouts": 0,
    "real_payments": 0,
    "real_revenue_usd": 0,
    "real_audits": 0,
    "real_certificates": 0,
    "real_customer_emails": 0
  },
  "INTEGRITY": {
    "telemetry_inconsistencies_detected": 0,
    "telemetry_inconsistencies_corrected": 1,
    "synthetic_events": 0,
    "owner_internal_events": 0,
    "historical_events": 231
  },
  "OUTREACH": {
    "opportunities_evaluated": 90,
    "tier_a_targets": 0,
    "tier_b_targets": 67,
    "tier_c_targets": 355,
    "action_attempts": 67,
    "actions_successful": 0,
    "publications_created": 0,
    "blocked_actions": 355
  },
  "CHANNELS": {
    "channels_evaluated": 9,
    "channels_with_targets": 9,
    "channels_with_actions": 0,
    "channels_with_publications": 0,
    "channels_blocked": 0,
    "channel_diversity_score": 0.0
  },
  "RISK": {
    "duplicate_blocks": 252,
    "cooldown_blocks": 0,
    "relevance_blocks": 22,
    "promotion_risk_blocks": 0,
    "exposure_budget_blocks": 0
  },
  "ENGAGEMENT": {
    "human_replies": 0,
    "real_landing_visits": 0,
    "real_quiz_starts": 0,
    "real_emails": 0,
    "real_checkouts": 0
  },
  "REVENUE": {
    "real_payments": 0,
    "real_revenue_usd": 0,
    "revenue_usd": 0
  },
  "DELIVERY": {
    "real_audits": 0,
    "real_certificates": 0,
    "real_emails_delivered": 0
  },
  "HISTORICAL / INTERNAL": {
    "historical_audits": 231,
    "historical_certificates": 231,
    "historical_internal_emails": 231,
    "historical_test_payments": 1
  },
  "ANTI-IDLE": {
    "productive_cycles": 651,
    "idle_cycles": 0,
    "idle_cycle": false,
    "fallback_actions": 1
  },
  "DELTA": {
    "opportunities_evaluated_delta": 90,
    "targets_selected_delta": 422,
    "actions_sent_externally_delta": 0,
    "real_landing_visits_delta": 0,
    "real_revenue_delta": 0.0
  },
  "NEXT_ACTION": "PUBLISH_TECHNICAL_CONTENT",
  "STATUSES": {
    "TELEMETRY_INTEGRITY": "PASS",
    "EXTERNAL_ACTION_PROOF": "PASS",
    "TIER_ACCOUNTING": "PASS",
    "CHANNEL_ACCOUNTING": "PASS",
    "ENGINE_EXECUTION": "PASS",
    "ADAPTIVE_FILTER": "PASS",
    "NO_IDLE": "PASS",
    "NO_REPEAT": "PASS",
    "EXPOSURE_BUDGET": "PASS",
    "MULTICHANNEL_ACTIVITY": "PASS",
    "MULTICHANNEL_ROTATION": "PASS",
    "REAL_HUMAN_INTEREST": "PENDING",
    "REAL_REVENUE": "PENDING",
    "FINAL_VERDICT": "READY_FOR_24H_LOOP"
  }
}
Sleeping 15 minutes (900s)...

[2026-09-03T18:47:34.931703+00:00] Executed Cycle #652 (cyc_08f6b851)
{
  "timestamp": "2026-09-03T18:47:34.931703+00:00",
  "cycle_id": "cyc_08f6b851",
  "OPERATING_MODE": "DISCOVERY_AND_DRAFT_ONLY",
  "EXTERNAL_PUBLICATION_ATTEMPTED": false,
  "OUTREACH_SAFETY": {
    "operating_mode": "DISCOVERY_AND_DRAFT_ONLY",
    "allow_external_publication": false,
    "external_publication_allowed": false,
    "external_publication_attempted": false,
    "block_reason": "EXTERNAL_PUBLICATION_REQUIRES_EXPLICIT_APPROVAL"
  },
  "PROSPECT_PIPELINE": {
    "prospects_discovered": 422,
    "prospects_eligible": 67,
    "blocked_self_target": 29,
    "blocked_duplicate": 252,
    "pending_source_verification": 0,
    "template_or_synthetic": 10,
    "internal_or_self": 29,
    "local_drafts_created": 67,
    "valid_human_approvable_drafts": 5,
    "invalidated_drafts_historical": 295,
    "github_live_search_enabled": true,
    "github_api_requests_made_current_cycle": 1,
    "github_api_results_received_current_cycle": 30,
    "github_http_200_responses_current_cycle": 1,
    "github_external_sources_verified_current_cycle": 10,
    "github_drafts_created_current_cycle": 67,
    "github_api_error_current_cycle": null,
    "github_api_rate_limit_status_current_cycle": {
      "remaining": 29,
      "limit": 30,
      "reset": "1788461315",
      "http_status": 200
    },
    "github_self_targets_blocked": 35,
    "github_duplicates_blocked": 0,
    "github_low_relevance_blocked": 22,
    "human_approval_required": true,
    "external_publications": 0,
    "external_publication_attempted": false
  },
  "SESSION": {
    "session_id": "sess_20260826_000957_11e9b0",
    "session_start_utc": "2026-08-26T00:09:57.414562+00:00",
    "elapsed_hours": 210.6271
  },
  "RUNTIME": {
    "cycles": 652,
    "successful_cycles": 652,
    "failed_cycles": 0,
    "idle_cycles": 0
  },
  "CYCLE": {
    "cycle_id": "cyc_08f6b851",
    "timestamp": "2026-09-03T18:47:34.931703+00:00",
    "productive_action": "PUBLISH_TECHNICAL_CONTENT",
    "productive_action_status": "SUCCESS"
  },
  "OPPORTUNITIES": {
    "opportunities_evaluated": 90,
    "targets_selected": 422,
    "tier_a_targets": 0,
    "tier_b_targets": 67,
    "tier_c_targets": 355
  },
  "ACTIONS": {
    "actions_attempted": 67,
    "actions_generated_locally": -288,
    "actions_sent_externally": 0,
    "publications_confirmed": 0,
    "action_failures": 0,
    "blocked_actions": 355
  },
  "CHANNEL TELEMETRY": {
    "channels_evaluated": 9,
    "channels_with_targets": 9,
    "channels_with_actions": 0,
    "channels_with_publications": 0,
    "channels_blocked": 0,
    "channel_diversity_score": 0.0,
    "per_channel": {
      "GITHUB": {
        "opportunities_evaluated": 10,
        "targets_selected": 190,
        "actions_attempted": 190,
        "actions_generated_locally": 67,
        "actions_sent_externally": 0,
        "publications_confirmed": 0,
        "failures": 0,
        "blocked": 123
      },
      "REDDIT": {
        "opportunities_evaluated": 10,
        "targets_selected": 29,
        "actions_attempted": 29,
        "actions_generated_locally": 0,
        "actions_sent_externally": 0,
        "publications_confirmed": 0,
        "failures": 0,
        "blocked": 29
      },
      "QUANTCONNECT": {
        "opportunities_evaluated": 10,
        "targets_selected": 29,
        "actions_attempted": 29,
        "actions_generated_locally": 0,
        "actions_sent_externally": 0,
        "publications_confirmed": 0,
        "failures": 0,
        "blocked": 29
      },
      "SEO": {
        "opportunities_evaluated": 10,
        "targets_selected": 29,
        "actions_attempted": 29,
        "actions_generated_locally": 0,
        "actions_sent_externally": 0,
        "publications_confirmed": 0,
        "failures": 0,
        "blocked": 29
      },
      "TECHNICAL_COMMUNITIES": {
        "opportunities_evaluated": 10,
        "targets_selected": 29,
        "actions_attempted": 29,
        "actions_generated_locally": 0,
        "actions_sent_externally": 0,
        "publications_confirmed": 0,
        "failures": 0,
        "blocked": 29
      },
      "DEVELOPER_FORUMS": {
        "opportunities_evaluated": 10,
        "targets_selected": 29,
        "actions_attempted": 29,
        "actions_generated_locally": 0,
        "actions_sent_externally": 0,
        "publications_confirmed": 0,
        "failures": 0,
        "blocked": 29
      },
      "B2B_DIRECTORIES": {
        "opportunities_evaluated": 10,
        "targets_selected": 29,
        "actions_attempted": 29,
        "actions_generated_locally": 0,
        "actions_sent_externally": 0,
        "publications_confirmed": 0,
        "failures": 0,
        "blocked": 29
      },
      "MARKETPLACES": {
        "opportunities_evaluated": 10,
        "targets_selected": 29,
        "actions_attempted": 29,
        "actions_generated_locally": 0,
        "actions_sent_externally": 0,
        "publications_confirmed": 0,
        "failures": 0,
        "blocked": 29
      },
      "CONTENT_DISCOVERY": {
        "opportunities_evaluated": 10,
        "targets_selected": 29,
        "actions_attempted": 29,
        "actions_generated_locally": 0,
        "actions_sent_externally": 0,
        "publications_confirmed": 0,
        "failures": 0,
        "blocked": 29
      }
    }
  },
  "REAL FUNNEL": {
    "human_replies": 0,
    "real_landing_visits": 0,
    "real_quiz_starts": 0,
    "real_emails": 0,
    "real_checkouts": 0,
    "real_payments": 0,
    "real_revenue_usd": 0,
    "real_audits": 0,
    "real_certificates": 0,
    "real_customer_emails": 0
  },
  "INTEGRITY": {
    "telemetry_inconsistencies_detected": 0,
    "telemetry_inconsistencies_corrected": 1,
    "synthetic_events": 0,
    "owner_internal_events": 0,
    "historical_events": 231
  },
  "OUTREACH": {
    "opportunities_evaluated": 90,
    "tier_a_targets": 0,
    "tier_b_targets": 67,
    "tier_c_targets": 355,
    "action_attempts": 67,
    "actions_successful": 0,
    "publications_created": 0,
    "blocked_actions": 355
  },
  "CHANNELS": {
    "channels_evaluated": 9,
    "channels_with_targets": 9,
    "channels_with_actions": 0,
    "channels_with_publications": 0,
    "channels_blocked": 0,
    "channel_diversity_score": 0.0
  },
  "RISK": {
    "duplicate_blocks": 252,
    "cooldown_blocks": 0,
    "relevance_blocks": 22,
    "promotion_risk_blocks": 0,
    "exposure_budget_blocks": 0
  },
  "ENGAGEMENT": {
    "human_replies": 0,
    "real_landing_visits": 0,
    "real_quiz_starts": 0,
    "real_emails": 0,
    "real_checkouts": 0
  },
  "REVENUE": {
    "real_payments": 0,
    "real_revenue_usd": 0,
    "revenue_usd": 0
  },
  "DELIVERY": {
    "real_audits": 0,
    "real_certificates": 0,
    "real_emails_delivered": 0
  },
  "HISTORICAL / INTERNAL": {
    "historical_audits": 231,
    "historical_certificates": 231,
    "historical_internal_emails": 231,
    "historical_test_payments": 1
  },
  "ANTI-IDLE": {
    "productive_cycles": 652,
    "idle_cycles": 0,
    "idle_cycle": false,
    "fallback_actions": 1
  },
  "DELTA": {
    "opportunities_evaluated_delta": 90,
    "targets_selected_delta": 422,
    "actions_sent_externally_delta": 0,
    "real_landing_visits_delta": 0,
    "real_revenue_delta": 0.0
  },
  "NEXT_ACTION": "PUBLISH_TECHNICAL_CONTENT",
  "STATUSES": {
    "TELEMETRY_INTEGRITY": "PASS",
    "EXTERNAL_ACTION_PROOF": "PASS",
    "TIER_ACCOUNTING": "PASS",
    "CHANNEL_ACCOUNTING": "PASS",
    "ENGINE_EXECUTION": "PASS",
    "ADAPTIVE_FILTER": "PASS",
    "NO_IDLE": "PASS",
    "NO_REPEAT": "PASS",
    "EXPOSURE_BUDGET": "PASS",
    "MULTICHANNEL_ACTIVITY": "PASS",
    "MULTICHANNEL_ROTATION": "PASS",
    "REAL_HUMAN_INTEREST": "PENDING",
    "REAL_REVENUE": "PENDING",
    "FINAL_VERDICT": "READY_FOR_24H_LOOP"
  }
}
Sleeping 15 minutes (900s)...

[2026-09-03T19:02:37.164532+00:00] Executed Cycle #653 (cyc_88d1e5b5)
{
  "timestamp": "2026-09-03T19:02:37.164532+00:00",
  "cycle_id": "cyc_88d1e5b5",
  "OPERATING_MODE": "DISCOVERY_AND_DRAFT_ONLY",
  "EXTERNAL_PUBLICATION_ATTEMPTED": false,
  "OUTREACH_SAFETY": {
    "operating_mode": "DISCOVERY_AND_DRAFT_ONLY",
    "allow_external_publication": false,
    "external_publication_allowed": false,
    "external_publication_attempted": false,
    "block_reason": "EXTERNAL_PUBLICATION_REQUIRES_EXPLICIT_APPROVAL"
  },
  "PROSPECT_PIPELINE": {
    "prospects_discovered": 422,
    "prospects_eligible": 67,
    "blocked_self_target": 29,
    "blocked_duplicate": 252,
    "pending_source_verification": 0,
    "template_or_synthetic": 10,
    "internal_or_self": 29,
    "local_drafts_created": 67,
    "valid_human_approvable_drafts": 5,
    "invalidated_drafts_historical": 295,
    "github_live_search_enabled": true,
    "github_api_requests_made_current_cycle": 1,
    "github_api_results_received_current_cycle": 5,
    "github_http_200_responses_current_cycle": 1,
    "github_external_sources_verified_current_cycle": 4,
    "github_drafts_created_current_cycle": 67,
    "github_api_error_current_cycle": null,
    "github_api_rate_limit_status_current_cycle": {
      "remaining": 29,
      "limit": 30,
      "reset": "1788462217",
      "http_status": 200
    },
    "github_self_targets_blocked": 35,
    "github_duplicates_blocked": 0,
    "github_low_relevance_blocked": 22,
    "human_approval_required": true,
    "external_publications": 0,
    "external_publication_attempted": false
  },
  "SESSION": {
    "session_id": "sess_20260826_000957_11e9b0",
    "session_start_utc": "2026-08-26T00:09:57.414562+00:00",
    "elapsed_hours": 210.8777
  },
  "RUNTIME": {
    "cycles": 653,
    "successful_cycles": 653,
    "failed_cycles": 0,
    "idle_cycles": 0
  },
  "CYCLE": {
    "cycle_id": "cyc_88d1e5b5",
    "timestamp": "2026-09-03T19:02:37.164532+00:00",
    "productive_action": "PUBLISH_TECHNICAL_CONTENT",
    "productive_action_status": "SUCCESS"
  },
  "OPPORTUNITIES": {
    "opportunities_evaluated": 90,
    "targets_selected": 422,
    "tier_a_targets": 0,
    "tier_b_targets": 67,
    "tier_c_targets": 355
  },
  "ACTIONS": {
    "actions_attempted": 67,
    "actions_generated_locally": -288,
    "actions_sent_externally": 0,
    "publications_confirmed": 0,
    "action_failures": 0,
    "blocked_actions": 355
  },
  "CHANNEL TELEMETRY": {
    "channels_evaluated": 9,
    "channels_with_targets": 9,
    "channels_with_actions": 0,
    "channels_with_publications": 0,
    "channels_blocked": 0,
    "channel_diversity_score": 0.0,
    "per_channel": {
      "GITHUB": {
        "opportunities_evaluated": 10,
        "targets_selected": 190,
        "actions_attempted": 190,
        "actions_generated_locally": 67,
        "actions_sent_externally": 0,
        "publications_confirmed": 0,
        "failures": 0,
        "blocked": 123
      },
      "REDDIT": {
        "opportunities_evaluated": 10,
        "targets_selected": 29,
        "actions_attempted": 29,
        "actions_generated_locally": 0,
        "actions_sent_externally": 0,
        "publications_confirmed": 0,
        "failures": 0,
        "blocked": 29
      },
      "QUANTCONNECT": {
        "opportunities_evaluated": 10,
        "targets_selected": 29,
        "actions_attempted": 29,
        "actions_generated_locally": 0,
        "actions_sent_externally": 0,
        "publications_confirmed": 0,
        "failures": 0,
        "blocked": 29
      },
      "SEO": {
        "opportunities_evaluated": 10,
        "targets_selected": 29,
        "actions_attempted": 29,
        "actions_generated_locally": 0,
        "actions_sent_externally": 0,
        "publications_confirmed": 0,
        "failures": 0,
        "blocked": 29
      },
      "TECHNICAL_COMMUNITIES": {
        "opportunities_evaluated": 10,
        "targets_selected": 29,
        "actions_attempted": 29,
        "actions_generated_locally": 0,
        "actions_sent_externally": 0,
        "publications_confirmed": 0,
        "failures": 0,
        "blocked": 29
      },
      "DEVELOPER_FORUMS": {
        "opportunities_evaluated": 10,
        "targets_selected": 29,
        "actions_attempted": 29,
        "actions_generated_locally": 0,
        "actions_sent_externally": 0,
        "publications_confirmed": 0,
        "failures": 0,
        "blocked": 29
      },
      "B2B_DIRECTORIES": {
        "opportunities_evaluated": 10,
        "targets_selected": 29,
        "actions_attempted": 29,
        "actions_generated_locally": 0,
        "actions_sent_externally": 0,
        "publications_confirmed": 0,
        "failures": 0,
        "blocked": 29
      },
      "MARKETPLACES": {
        "opportunities_evaluated": 10,
        "targets_selected": 29,
        "actions_attempted": 29,
        "actions_generated_locally": 0,
        "actions_sent_externally": 0,
        "publications_confirmed": 0,
        "failures": 0,
        "blocked": 29
      },
      "CONTENT_DISCOVERY": {
        "opportunities_evaluated": 10,
        "targets_selected": 29,
        "actions_attempted": 29,
        "actions_generated_locally": 0,
        "actions_sent_externally": 0,
        "publications_confirmed": 0,
        "failures": 0,
        "blocked": 29
      }
    }
  },
  "REAL FUNNEL": {
    "human_replies": 0,
    "real_landing_visits": 0,
    "real_quiz_starts": 0,
    "real_emails": 0,
    "real_checkouts": 0,
    "real_payments": 0,
    "real_revenue_usd": 0,
    "real_audits": 0,
    "real_certificates": 0,
    "real_customer_emails": 0
  },
  "INTEGRITY": {
    "telemetry_inconsistencies_detected": 0,
    "telemetry_inconsistencies_corrected": 1,
    "synthetic_events": 0,
    "owner_internal_events": 0,
    "historical_events": 231
  },
  "OUTREACH": {
    "opportunities_evaluated": 90,
    "tier_a_targets": 0,
    "tier_b_targets": 67,
    "tier_c_targets": 355,
    "action_attempts": 67,
    "actions_successful": 0,
    "publications_created": 0,
    "blocked_actions": 355
  },
  "CHANNELS": {
    "channels_evaluated": 9,
    "channels_with_targets": 9,
    "channels_with_actions": 0,
    "channels_with_publications": 0,
    "channels_blocked": 0,
    "channel_diversity_score": 0.0
  },
  "RISK": {
    "duplicate_blocks": 252,
    "cooldown_blocks": 0,
    "relevance_blocks": 22,
    "promotion_risk_blocks": 0,
    "exposure_budget_blocks": 0
  },
  "ENGAGEMENT": {
    "human_replies": 0,
    "real_landing_visits": 0,
    "real_quiz_starts": 0,
    "real_emails": 0,
    "real_checkouts": 0
  },
  "REVENUE": {
    "real_payments": 0,
    "real_revenue_usd": 0,
    "revenue_usd": 0
  },
  "DELIVERY": {
    "real_audits": 0,
    "real_certificates": 0,
    "real_emails_delivered": 0
  },
  "HISTORICAL / INTERNAL": {
    "historical_audits": 231,
    "historical_certificates": 231,
    "historical_internal_emails": 231,
    "historical_test_payments": 1
  },
  "ANTI-IDLE": {
    "productive_cycles": 653,
    "idle_cycles": 0,
    "idle_cycle": false,
    "fallback_actions": 1
  },
  "DELTA": {
    "opportunities_evaluated_delta": 90,
    "targets_selected_delta": 422,
    "actions_sent_externally_delta": 0,
    "real_landing_visits_delta": 0,
    "real_revenue_delta": 0.0
  },
  "NEXT_ACTION": "PUBLISH_TECHNICAL_CONTENT",
  "STATUSES": {
    "TELEMETRY_INTEGRITY": "PASS",
    "EXTERNAL_ACTION_PROOF": "PASS",
    "TIER_ACCOUNTING": "PASS",
    "CHANNEL_ACCOUNTING": "PASS",
    "ENGINE_EXECUTION": "PASS",
    "ADAPTIVE_FILTER": "PASS",
    "NO_IDLE": "PASS",
    "NO_REPEAT": "PASS",
    "EXPOSURE_BUDGET": "PASS",
    "MULTICHANNEL_ACTIVITY": "PASS",
    "MULTICHANNEL_ROTATION": "PASS",
    "REAL_HUMAN_INTEREST": "PENDING",
    "REAL_REVENUE": "PENDING",
    "FINAL_VERDICT": "READY_FOR_24H_LOOP"
  }
}
Sleeping 15 minutes (900s)...

[2026-09-03T19:17:38.602868+00:00] Executed Cycle #654 (cyc_d941fd3c)
{
  "timestamp": "2026-09-03T19:17:38.602868+00:00",
  "cycle_id": "cyc_d941fd3c",
  "OPERATING_MODE": "DISCOVERY_AND_DRAFT_ONLY",
  "EXTERNAL_PUBLICATION_ATTEMPTED": false,
  "OUTREACH_SAFETY": {
    "operating_mode": "DISCOVERY_AND_DRAFT_ONLY",
    "allow_external_publication": false,
    "external_publication_allowed": false,
    "external_publication_attempted": false,
    "block_reason": "EXTERNAL_PUBLICATION_REQUIRES_EXPLICIT_APPROVAL"
  },
  "PROSPECT_PIPELINE": {
    "prospects_discovered": 422,
    "prospects_eligible": 67,
    "blocked_self_target": 29,
    "blocked_duplicate": 252,
    "pending_source_verification": 0,
    "template_or_synthetic": 10,
    "internal_or_self": 29,
    "local_drafts_created": 67,
    "valid_human_approvable_drafts": 5,
    "invalidated_drafts_historical": 295,
    "github_live_search_enabled": true,
    "github_api_requests_made_current_cycle": 1,
    "github_api_results_received_current_cycle": 30,
    "github_http_200_responses_current_cycle": 1,
    "github_external_sources_verified_current_cycle": 10,
    "github_drafts_created_current_cycle": 67,
    "github_api_error_current_cycle": null,
    "github_api_rate_limit_status_current_cycle": {
      "remaining": 29,
      "limit": 30,
      "reset": "1788463119",
      "http_status": 200
    },
    "github_self_targets_blocked": 36,
    "github_duplicates_blocked": 0,
    "github_low_relevance_blocked": 22,
    "human_approval_required": true,
    "external_publications": 0,
    "external_publication_attempted": false
  },
  "SESSION": {
    "session_id": "sess_20260826_000957_11e9b0",
    "session_start_utc": "2026-08-26T00:09:57.414562+00:00",
    "elapsed_hours": 211.1281
  },
  "RUNTIME": {
    "cycles": 654,
    "successful_cycles": 654,
    "failed_cycles": 0,
    "idle_cycles": 0
  },
  "CYCLE": {
    "cycle_id": "cyc_d941fd3c",
    "timestamp": "2026-09-03T19:17:38.602868+00:00",
    "productive_action": "PUBLISH_TECHNICAL_CONTENT",
    "productive_action_status": "SUCCESS"
  },
  "OPPORTUNITIES": {
    "opportunities_evaluated": 90,
    "targets_selected": 422,
    "tier_a_targets": 0,
    "tier_b_targets": 67,
    "tier_c_targets": 355
  },
  "ACTIONS": {
    "actions_attempted": 67,
    "actions_generated_locally": -288,
    "actions_sent_externally": 0,
    "publications_confirmed": 0,
    "action_failures": 0,
    "blocked_actions": 355
  },
  "CHANNEL TELEMETRY": {
    "channels_evaluated": 9,
    "channels_with_targets": 9,
    "channels_with_actions": 0,
    "channels_with_publications": 0,
    "channels_blocked": 0,
    "channel_diversity_score": 0.0,
    "per_channel": {
      "GITHUB": {
        "opportunities_evaluated": 10,
        "targets_selected": 190,
        "actions_attempted": 190,
        "actions_generated_locally": 67,
        "actions_sent_externally": 0,
        "publications_confirmed": 0,
        "failures": 0,
        "blocked": 123
      },
      "REDDIT": {
        "opportunities_evaluated": 10,
        "targets_selected": 29,
        "actions_attempted": 29,
        "actions_generated_locally": 0,
        "actions_sent_externally": 0,
        "publications_confirmed": 0,
        "failures": 0,
        "blocked": 29
      },
      "QUANTCONNECT": {
        "opportunities_evaluated": 10,
        "targets_selected": 29,
        "actions_attempted": 29,
        "actions_generated_locally": 0,
        "actions_sent_externally": 0,
        "publications_confirmed": 0,
        "failures": 0,
        "blocked": 29
      },
      "SEO": {
        "opportunities_evaluated": 10,
        "targets_selected": 29,
        "actions_attempted": 29,
        "actions_generated_locally": 0,
        "actions_sent_externally": 0,
        "publications_confirmed": 0,
        "failures": 0,
        "blocked": 29
      },
      "TECHNICAL_COMMUNITIES": {
        "opportunities_evaluated": 10,
        "targets_selected": 29,
        "actions_attempted": 29,
        "actions_generated_locally": 0,
        "actions_sent_externally": 0,
        "publications_confirmed": 0,
        "failures": 0,
        "blocked": 29
      },
      "DEVELOPER_FORUMS": {
        "opportunities_evaluated": 10,
        "targets_selected": 29,
        "actions_attempted": 29,
        "actions_generated_locally": 0,
        "actions_sent_externally": 0,
        "publications_confirmed": 0,
        "failures": 0,
        "blocked": 29
      },
      "B2B_DIRECTORIES": {
        "opportunities_evaluated": 10,
        "targets_selected": 29,
        "actions_attempted": 29,
        "actions_generated_locally": 0,
        "actions_sent_externally": 0,
        "publications_confirmed": 0,
        "failures": 0,
        "blocked": 29
      },
      "MARKETPLACES": {
        "opportunities_evaluated": 10,
        "targets_selected": 29,
        "actions_attempted": 29,
        "actions_generated_locally": 0,
        "actions_sent_externally": 0,
        "publications_confirmed": 0,
        "failures": 0,
        "blocked": 29
      },
      "CONTENT_DISCOVERY": {
        "opportunities_evaluated": 10,
        "targets_selected": 29,
        "actions_attempted": 29,
        "actions_generated_locally": 0,
        "actions_sent_externally": 0,
        "publications_confirmed": 0,
        "failures": 0,
        "blocked": 29
      }
    }
  },
  "REAL FUNNEL": {
    "human_replies": 0,
    "real_landing_visits": 0,
    "real_quiz_starts": 0,
    "real_emails": 0,
    "real_checkouts": 0,
    "real_payments": 0,
    "real_revenue_usd": 0,
    "real_audits": 0,
    "real_certificates": 0,
    "real_customer_emails": 0
  },
  "INTEGRITY": {
    "telemetry_inconsistencies_detected": 0,
    "telemetry_inconsistencies_corrected": 1,
    "synthetic_events": 0,
    "owner_internal_events": 0,
    "historical_events": 231
  },
  "OUTREACH": {
    "opportunities_evaluated": 90,
    "tier_a_targets": 0,
    "tier_b_targets": 67,
    "tier_c_targets": 355,
    "action_attempts": 67,
    "actions_successful": 0,
    "publications_created": 0,
    "blocked_actions": 355
  },
  "CHANNELS": {
    "channels_evaluated": 9,
    "channels_with_targets": 9,
    "channels_with_actions": 0,
    "channels_with_publications": 0,
    "channels_blocked": 0,
    "channel_diversity_score": 0.0
  },
  "RISK": {
    "duplicate_blocks": 252,
    "cooldown_blocks": 0,
    "relevance_blocks": 22,
    "promotion_risk_blocks": 0,
    "exposure_budget_blocks": 0
  },
  "ENGAGEMENT": {
    "human_replies": 0,
    "real_landing_visits": 0,
    "real_quiz_starts": 0,
    "real_emails": 0,
    "real_checkouts": 0
  },
  "REVENUE": {
    "real_payments": 0,
    "real_revenue_usd": 0,
    "revenue_usd": 0
  },
  "DELIVERY": {
    "real_audits": 0,
    "real_certificates": 0,
    "real_emails_delivered": 0
  },
  "HISTORICAL / INTERNAL": {
    "historical_audits": 231,
    "historical_certificates": 231,
    "historical_internal_emails": 231,
    "historical_test_payments": 1
  },
  "ANTI-IDLE": {
    "productive_cycles": 654,
    "idle_cycles": 0,
    "idle_cycle": false,
    "fallback_actions": 1
  },
  "DELTA": {
    "opportunities_evaluated_delta": 90,
    "targets_selected_delta": 422,
    "actions_sent_externally_delta": 0,
    "real_landing_visits_delta": 0,
    "real_revenue_delta": 0.0
  },
  "NEXT_ACTION": "PUBLISH_TECHNICAL_CONTENT",
  "STATUSES": {
    "TELEMETRY_INTEGRITY": "PASS",
    "EXTERNAL_ACTION_PROOF": "PASS",
    "TIER_ACCOUNTING": "PASS",
    "CHANNEL_ACCOUNTING": "PASS",
    "ENGINE_EXECUTION": "PASS",
    "ADAPTIVE_FILTER": "PASS",
    "NO_IDLE": "PASS",
    "NO_REPEAT": "PASS",
    "EXPOSURE_BUDGET": "PASS",
    "MULTICHANNEL_ACTIVITY": "PASS",
    "MULTICHANNEL_ROTATION": "PASS",
    "REAL_HUMAN_INTEREST": "PENDING",
    "REAL_REVENUE": "PENDING",
    "FINAL_VERDICT": "READY_FOR_24H_LOOP"
  }
}
Sleeping 15 minutes (900s)...

[2026-09-03T19:32:40.442040+00:00] Executed Cycle #655 (cyc_833d9381)
{
  "timestamp": "2026-09-03T19:32:40.442040+00:00",
  "cycle_id": "cyc_833d9381",
  "OPERATING_MODE": "DISCOVERY_AND_DRAFT_ONLY",
  "EXTERNAL_PUBLICATION_ATTEMPTED": false,
  "OUTREACH_SAFETY": {
    "operating_mode": "DISCOVERY_AND_DRAFT_ONLY",
    "allow_external_publication": false,
    "external_publication_allowed": false,
    "external_publication_attempted": false,
    "block_reason": "EXTERNAL_PUBLICATION_REQUIRES_EXPLICIT_APPROVAL"
  },
  "PROSPECT_PIPELINE": {
    "prospects_discovered": 422,
    "prospects_eligible": 67,
    "blocked_self_target": 29,
    "blocked_duplicate": 252,
    "pending_source_verification": 0,
    "template_or_synthetic": 10,
    "internal_or_self": 29,
    "local_drafts_created": 67,
    "valid_human_approvable_drafts": 5,
    "invalidated_drafts_historical": 295,
    "github_live_search_enabled": true,
    "github_api_requests_made_current_cycle": 1,
    "github_api_results_received_current_cycle": 30,
    "github_http_200_responses_current_cycle": 1,
    "github_external_sources_verified_current_cycle": 10,
    "github_drafts_created_current_cycle": 67,
    "github_api_error_current_cycle": null,
    "github_api_rate_limit_status_current_cycle": {
      "remaining": 29,
      "limit": 30,
      "reset": "1788464020",
      "http_status": 200
    },
    "github_self_targets_blocked": 36,
    "github_duplicates_blocked": 0,
    "github_low_relevance_blocked": 22,
    "human_approval_required": true,
    "external_publications": 0,
    "external_publication_attempted": false
  },
  "SESSION": {
    "session_id": "sess_20260826_000957_11e9b0",
    "session_start_utc": "2026-08-26T00:09:57.414562+00:00",
    "elapsed_hours": 211.3786
  },
  "RUNTIME": {
    "cycles": 655,
    "successful_cycles": 655,
    "failed_cycles": 0,
    "idle_cycles": 0
  },
  "CYCLE": {
    "cycle_id": "cyc_833d9381",
    "timestamp": "2026-09-03T19:32:40.442040+00:00",
    "productive_action": "PUBLISH_TECHNICAL_CONTENT",
    "productive_action_status": "SUCCESS"
  },
  "OPPORTUNITIES": {
    "opportunities_evaluated": 90,
    "targets_selected": 422,
    "tier_a_targets": 0,
    "tier_b_targets": 67,
    "tier_c_targets": 355
  },
  "ACTIONS": {
    "actions_attempted": 67,
    "actions_generated_locally": -288,
    "actions_sent_externally": 0,
    "publications_confirmed": 0,
    "action_failures": 0,
    "blocked_actions": 355
  },
  "CHANNEL TELEMETRY": {
    "channels_evaluated": 9,
    "channels_with_targets": 9,
    "channels_with_actions": 0,
    "channels_with_publications": 0,
    "channels_blocked": 0,
    "channel_diversity_score": 0.0,
    "per_channel": {
      "GITHUB": {
        "opportunities_evaluated": 10,
        "targets_selected": 190,
        "actions_attempted": 190,
        "actions_generated_locally": 67,
        "actions_sent_externally": 0,
        "publications_confirmed": 0,
        "failures": 0,
        "blocked": 123
      },
      "REDDIT": {
        "opportunities_evaluated": 10,
        "targets_selected": 29,
        "actions_attempted": 29,
        "actions_generated_locally": 0,
        "actions_sent_externally": 0,
        "publications_confirmed": 0,
        "failures": 0,
        "blocked": 29
      },
      "QUANTCONNECT": {
        "opportunities_evaluated": 10,
        "targets_selected": 29,
        "actions_attempted": 29,
        "actions_generated_locally": 0,
        "actions_sent_externally": 0,
        "publications_confirmed": 0,
        "failures": 0,
        "blocked": 29
      },
      "SEO": {
        "opportunities_evaluated": 10,
        "targets_selected": 29,
        "actions_attempted": 29,
        "actions_generated_locally": 0,
        "actions_sent_externally": 0,
        "publications_confirmed": 0,
        "failures": 0,
        "blocked": 29
      },
      "TECHNICAL_COMMUNITIES": {
        "opportunities_evaluated": 10,
        "targets_selected": 29,
        "actions_attempted": 29,
        "actions_generated_locally": 0,
        "actions_sent_externally": 0,
        "publications_confirmed": 0,
        "failures": 0,
        "blocked": 29
      },
      "DEVELOPER_FORUMS": {
        "opportunities_evaluated": 10,
        "targets_selected": 29,
        "actions_attempted": 29,
        "actions_generated_locally": 0,
        "actions_sent_externally": 0,
        "publications_confirmed": 0,
        "failures": 0,
        "blocked": 29
      },
      "B2B_DIRECTORIES": {
        "opportunities_evaluated": 10,
        "targets_selected": 29,
        "actions_attempted": 29,
        "actions_generated_locally": 0,
        "actions_sent_externally": 0,
        "publications_confirmed": 0,
        "failures": 0,
        "blocked": 29
      },
      "MARKETPLACES": {
        "opportunities_evaluated": 10,
        "targets_selected": 29,
        "actions_attempted": 29,
        "actions_generated_locally": 0,
        "actions_sent_externally": 0,
        "publications_confirmed": 0,
        "failures": 0,
        "blocked": 29
      },
      "CONTENT_DISCOVERY": {
        "opportunities_evaluated": 10,
        "targets_selected": 29,
        "actions_attempted": 29,
        "actions_generated_locally": 0,
        "actions_sent_externally": 0,
        "publications_confirmed": 0,
        "failures": 0,
        "blocked": 29
      }
    }
  },
  "REAL FUNNEL": {
    "human_replies": 0,
    "real_landing_visits": 0,
    "real_quiz_starts": 0,
    "real_emails": 0,
    "real_checkouts": 0,
    "real_payments": 0,
    "real_revenue_usd": 0,
    "real_audits": 0,
    "real_certificates": 0,
    "real_customer_emails": 0
  },
  "INTEGRITY": {
    "telemetry_inconsistencies_detected": 0,
    "telemetry_inconsistencies_corrected": 1,
    "synthetic_events": 0,
    "owner_internal_events": 0,
    "historical_events": 231
  },
  "OUTREACH": {
    "opportunities_evaluated": 90,
    "tier_a_targets": 0,
    "tier_b_targets": 67,
    "tier_c_targets": 355,
    "action_attempts": 67,
    "actions_successful": 0,
    "publications_created": 0,
    "blocked_actions": 355
  },
  "CHANNELS": {
    "channels_evaluated": 9,
    "channels_with_targets": 9,
    "channels_with_actions": 0,
    "channels_with_publications": 0,
    "channels_blocked": 0,
    "channel_diversity_score": 0.0
  },
  "RISK": {
    "duplicate_blocks": 252,
    "cooldown_blocks": 0,
    "relevance_blocks": 22,
    "promotion_risk_blocks": 0,
    "exposure_budget_blocks": 0
  },
  "ENGAGEMENT": {
    "human_replies": 0,
    "real_landing_visits": 0,
    "real_quiz_starts": 0,
    "real_emails": 0,
    "real_checkouts": 0
  },
  "REVENUE": {
    "real_payments": 0,
    "real_revenue_usd": 0,
    "revenue_usd": 0
  },
  "DELIVERY": {
    "real_audits": 0,
    "real_certificates": 0,
    "real_emails_delivered": 0
  },
  "HISTORICAL / INTERNAL": {
    "historical_audits": 231,
    "historical_certificates": 231,
    "historical_internal_emails": 231,
    "historical_test_payments": 1
  },
  "ANTI-IDLE": {
    "productive_cycles": 655,
    "idle_cycles": 0,
    "idle_cycle": false,
    "fallback_actions": 1
  },
  "DELTA": {
    "opportunities_evaluated_delta": 90,
    "targets_selected_delta": 422,
    "actions_sent_externally_delta": 0,
    "real_landing_visits_delta": 0,
    "real_revenue_delta": 0.0
  },
  "NEXT_ACTION": "PUBLISH_TECHNICAL_CONTENT",
  "STATUSES": {
    "TELEMETRY_INTEGRITY": "PASS",
    "EXTERNAL_ACTION_PROOF": "PASS",
    "TIER_ACCOUNTING": "PASS",
    "CHANNEL_ACCOUNTING": "PASS",
    "ENGINE_EXECUTION": "PASS",
    "ADAPTIVE_FILTER": "PASS",
    "NO_IDLE": "PASS",
    "NO_REPEAT": "PASS",
    "EXPOSURE_BUDGET": "PASS",
    "MULTICHANNEL_ACTIVITY": "PASS",
    "MULTICHANNEL_ROTATION": "PASS",
    "REAL_HUMAN_INTEREST": "PENDING",
    "REAL_REVENUE": "PENDING",
    "FINAL_VERDICT": "READY_FOR_24H_LOOP"
  }
}
Sleeping 15 minutes (900s)...

[2026-09-03T19:47:42.475329+00:00] Executed Cycle #656 (cyc_1441deeb)
{
  "timestamp": "2026-09-03T19:47:42.475329+00:00",
  "cycle_id": "cyc_1441deeb",
  "OPERATING_MODE": "DISCOVERY_AND_DRAFT_ONLY",
  "EXTERNAL_PUBLICATION_ATTEMPTED": false,
  "OUTREACH_SAFETY": {
    "operating_mode": "DISCOVERY_AND_DRAFT_ONLY",
    "allow_external_publication": false,
    "external_publication_allowed": false,
    "external_publication_attempted": false,
    "block_reason": "EXTERNAL_PUBLICATION_REQUIRES_EXPLICIT_APPROVAL"
  },
  "PROSPECT_PIPELINE": {
    "prospects_discovered": 422,
    "prospects_eligible": 67,
    "blocked_self_target": 29,
    "blocked_duplicate": 252,
    "pending_source_verification": 0,
    "template_or_synthetic": 10,
    "internal_or_self": 29,
    "local_drafts_created": 67,
    "valid_human_approvable_drafts": 5,
    "invalidated_drafts_historical": 295,
    "github_live_search_enabled": true,
    "github_api_requests_made_current_cycle": 1,
    "github_api_results_received_current_cycle": 30,
    "github_http_200_responses_current_cycle": 1,
    "github_external_sources_verified_current_cycle": 10,
    "github_drafts_created_current_cycle": 67,
    "github_api_error_current_cycle": null,
    "github_api_rate_limit_status_current_cycle": {
      "remaining": 29,
      "limit": 30,
      "reset": "1788464922",
      "http_status": 200
    },
    "github_self_targets_blocked": 36,
    "github_duplicates_blocked": 0,
    "github_low_relevance_blocked": 22,
    "human_approval_required": true,
    "external_publications": 0,
    "external_publication_attempted": false
  },
  "SESSION": {
    "session_id": "sess_20260826_000957_11e9b0",
    "session_start_utc": "2026-08-26T00:09:57.414562+00:00",
    "elapsed_hours": 211.6292
  },
  "RUNTIME": {
    "cycles": 656,
    "successful_cycles": 656,
    "failed_cycles": 0,
    "idle_cycles": 0
  },
  "CYCLE": {
    "cycle_id": "cyc_1441deeb",
    "timestamp": "2026-09-03T19:47:42.475329+00:00",
    "productive_action": "PUBLISH_TECHNICAL_CONTENT",
    "productive_action_status": "SUCCESS"
  },
  "OPPORTUNITIES": {
    "opportunities_evaluated": 90,
    "targets_selected": 422,
    "tier_a_targets": 0,
    "tier_b_targets": 67,
    "tier_c_targets": 355
  },
  "ACTIONS": {
    "actions_attempted": 67,
    "actions_generated_locally": -288,
    "actions_sent_externally": 0,
    "publications_confirmed": 0,
    "action_failures": 0,
    "blocked_actions": 355
  },
  "CHANNEL TELEMETRY": {
    "channels_evaluated": 9,
    "channels_with_targets": 9,
    "channels_with_actions": 0,
    "channels_with_publications": 0,
    "channels_blocked": 0,
    "channel_diversity_score": 0.0,
    "per_channel": {
      "GITHUB": {
        "opportunities_evaluated": 10,
        "targets_selected": 190,
        "actions_attempted": 190,
        "actions_generated_locally": 67,
        "actions_sent_externally": 0,
        "publications_confirmed": 0,
        "failures": 0,
        "blocked": 123
      },
      "REDDIT": {
        "opportunities_evaluated": 10,
        "targets_selected": 29,
        "actions_attempted": 29,
        "actions_generated_locally": 0,
        "actions_sent_externally": 0,
        "publications_confirmed": 0,
        "failures": 0,
        "blocked": 29
      },
      "QUANTCONNECT": {
        "opportunities_evaluated": 10,
        "targets_selected": 29,
        "actions_attempted": 29,
        "actions_generated_locally": 0,
        "actions_sent_externally": 0,
        "publications_confirmed": 0,
        "failures": 0,
        "blocked": 29
      },
      "SEO": {
        "opportunities_evaluated": 10,
        "targets_selected": 29,
        "actions_attempted": 29,
        "actions_generated_locally": 0,
        "actions_sent_externally": 0,
        "publications_confirmed": 0,
        "failures": 0,
        "blocked": 29
      },
      "TECHNICAL_COMMUNITIES": {
        "opportunities_evaluated": 10,
        "targets_selected": 29,
        "actions_attempted": 29,
        "actions_generated_locally": 0,
        "actions_sent_externally": 0,
        "publications_confirmed": 0,
        "failures": 0,
        "blocked": 29
      },
      "DEVELOPER_FORUMS": {
        "opportunities_evaluated": 10,
        "targets_selected": 29,
        "actions_attempted": 29,
        "actions_generated_locally": 0,
        "actions_sent_externally": 0,
        "publications_confirmed": 0,
        "failures": 0,
        "blocked": 29
      },
      "B2B_DIRECTORIES": {
        "opportunities_evaluated": 10,
        "targets_selected": 29,
        "actions_attempted": 29,
        "actions_generated_locally": 0,
        "actions_sent_externally": 0,
        "publications_confirmed": 0,
        "failures": 0,
        "blocked": 29
      },
      "MARKETPLACES": {
        "opportunities_evaluated": 10,
        "targets_selected": 29,
        "actions_attempted": 29,
        "actions_generated_locally": 0,
        "actions_sent_externally": 0,
        "publications_confirmed": 0,
        "failures": 0,
        "blocked": 29
      },
      "CONTENT_DISCOVERY": {
        "opportunities_evaluated": 10,
        "targets_selected": 29,
        "actions_attempted": 29,
        "actions_generated_locally": 0,
        "actions_sent_externally": 0,
        "publications_confirmed": 0,
        "failures": 0,
        "blocked": 29
      }
    }
  },
  "REAL FUNNEL": {
    "human_replies": 0,
    "real_landing_visits": 0,
    "real_quiz_starts": 0,
    "real_emails": 0,
    "real_checkouts": 0,
    "real_payments": 0,
    "real_revenue_usd": 0,
    "real_audits": 0,
    "real_certificates": 0,
    "real_customer_emails": 0
  },
  "INTEGRITY": {
    "telemetry_inconsistencies_detected": 0,
    "telemetry_inconsistencies_corrected": 1,
    "synthetic_events": 0,
    "owner_internal_events": 0,
    "historical_events": 231
  },
  "OUTREACH": {
    "opportunities_evaluated": 90,
    "tier_a_targets": 0,
    "tier_b_targets": 67,
    "tier_c_targets": 355,
    "action_attempts": 67,
    "actions_successful": 0,
    "publications_created": 0,
    "blocked_actions": 355
  },
  "CHANNELS": {
    "channels_evaluated": 9,
    "channels_with_targets": 9,
    "channels_with_actions": 0,
    "channels_with_publications": 0,
    "channels_blocked": 0,
    "channel_diversity_score": 0.0
  },
  "RISK": {
    "duplicate_blocks": 252,
    "cooldown_blocks": 0,
    "relevance_blocks": 22,
    "promotion_risk_blocks": 0,
    "exposure_budget_blocks": 0
  },
  "ENGAGEMENT": {
    "human_replies": 0,
    "real_landing_visits": 0,
    "real_quiz_starts": 0,
    "real_emails": 0,
    "real_checkouts": 0
  },
  "REVENUE": {
    "real_payments": 0,
    "real_revenue_usd": 0,
    "revenue_usd": 0
  },
  "DELIVERY": {
    "real_audits": 0,
    "real_certificates": 0,
    "real_emails_delivered": 0
  },
  "HISTORICAL / INTERNAL": {
    "historical_audits": 231,
    "historical_certificates": 231,
    "historical_internal_emails": 231,
    "historical_test_payments": 1
  },
  "ANTI-IDLE": {
    "productive_cycles": 656,
    "idle_cycles": 0,
    "idle_cycle": false,
    "fallback_actions": 1
  },
  "DELTA": {
    "opportunities_evaluated_delta": 90,
    "targets_selected_delta": 422,
    "actions_sent_externally_delta": 0,
    "real_landing_visits_delta": 0,
    "real_revenue_delta": 0.0
  },
  "NEXT_ACTION": "PUBLISH_TECHNICAL_CONTENT",
  "STATUSES": {
    "TELEMETRY_INTEGRITY": "PASS",
    "EXTERNAL_ACTION_PROOF": "PASS",
    "TIER_ACCOUNTING": "PASS",
    "CHANNEL_ACCOUNTING": "PASS",
    "ENGINE_EXECUTION": "PASS",
    "ADAPTIVE_FILTER": "PASS",
    "NO_IDLE": "PASS",
    "NO_REPEAT": "PASS",
    "EXPOSURE_BUDGET": "PASS",
    "MULTICHANNEL_ACTIVITY": "PASS",
    "MULTICHANNEL_ROTATION": "PASS",
    "REAL_HUMAN_INTEREST": "PENDING",
    "REAL_REVENUE": "PENDING",
    "FINAL_VERDICT": "READY_FOR_24H_LOOP"
  }
}
Sleeping 15 minutes (900s)...

[2026-09-03T20:02:44.430717+00:00] Executed Cycle #657 (cyc_af81b426)
{
  "timestamp": "2026-09-03T20:02:44.430717+00:00",
  "cycle_id": "cyc_af81b426",
  "OPERATING_MODE": "DISCOVERY_AND_DRAFT_ONLY",
  "EXTERNAL_PUBLICATION_ATTEMPTED": false,
  "OUTREACH_SAFETY": {
    "operating_mode": "DISCOVERY_AND_DRAFT_ONLY",
    "allow_external_publication": false,
    "external_publication_allowed": false,
    "external_publication_attempted": false,
    "block_reason": "EXTERNAL_PUBLICATION_REQUIRES_EXPLICIT_APPROVAL"
  },
  "PROSPECT_PIPELINE": {
    "prospects_discovered": 422,
    "prospects_eligible": 67,
    "blocked_self_target": 29,
    "blocked_duplicate": 252,
    "pending_source_verification": 0,
    "template_or_synthetic": 10,
    "internal_or_self": 29,
    "local_drafts_created": 67,
    "valid_human_approvable_drafts": 5,
    "invalidated_drafts_historical": 295,
    "github_live_search_enabled": true,
    "github_api_requests_made_current_cycle": 1,
    "github_api_results_received_current_cycle": 30,
    "github_http_200_responses_current_cycle": 1,
    "github_external_sources_verified_current_cycle": 10,
    "github_drafts_created_current_cycle": 67,
    "github_api_error_current_cycle": null,
    "github_api_rate_limit_status_current_cycle": {
      "remaining": 29,
      "limit": 30,
      "reset": "1788465824",
      "http_status": 200
    },
    "github_self_targets_blocked": 37,
    "github_duplicates_blocked": 0,
    "github_low_relevance_blocked": 22,
    "human_approval_required": true,
    "external_publications": 0,
    "external_publication_attempted": false
  },
  "SESSION": {
    "session_id": "sess_20260826_000957_11e9b0",
    "session_start_utc": "2026-08-26T00:09:57.414562+00:00",
    "elapsed_hours": 211.8797
  },
  "RUNTIME": {
    "cycles": 657,
    "successful_cycles": 657,
    "failed_cycles": 0,
    "idle_cycles": 0
  },
  "CYCLE": {
    "cycle_id": "cyc_af81b426",
    "timestamp": "2026-09-03T20:02:44.430717+00:00",
    "productive_action": "PUBLISH_TECHNICAL_CONTENT",
    "productive_action_status": "SUCCESS"
  },
  "OPPORTUNITIES": {
    "opportunities_evaluated": 90,
    "targets_selected": 422,
    "tier_a_targets": 0,
    "tier_b_targets": 67,
    "tier_c_targets": 355
  },
  "ACTIONS": {
    "actions_attempted": 67,
    "actions_generated_locally": -288,
    "actions_sent_externally": 0,
    "publications_confirmed": 0,
    "action_failures": 0,
    "blocked_actions": 355
  },
  "CHANNEL TELEMETRY": {
    "channels_evaluated": 9,
    "channels_with_targets": 9,
    "channels_with_actions": 0,
    "channels_with_publications": 0,
    "channels_blocked": 0,
    "channel_diversity_score": 0.0,
    "per_channel": {
      "GITHUB": {
        "opportunities_evaluated": 10,
        "targets_selected": 190,
        "actions_attempted": 190,
        "actions_generated_locally": 67,
        "actions_sent_externally": 0,
        "publications_confirmed": 0,
        "failures": 0,
        "blocked": 123
      },
      "REDDIT": {
        "opportunities_evaluated": 10,
        "targets_selected": 29,
        "actions_attempted": 29,
        "actions_generated_locally": 0,
        "actions_sent_externally": 0,
        "publications_confirmed": 0,
        "failures": 0,
        "blocked": 29
      },
      "QUANTCONNECT": {
        "opportunities_evaluated": 10,
        "targets_selected": 29,
        "actions_attempted": 29,
        "actions_generated_locally": 0,
        "actions_sent_externally": 0,
        "publications_confirmed": 0,
        "failures": 0,
        "blocked": 29
      },
      "SEO": {
        "opportunities_evaluated": 10,
        "targets_selected": 29,
        "actions_attempted": 29,
        "actions_generated_locally": 0,
        "actions_sent_externally": 0,
        "publications_confirmed": 0,
        "failures": 0,
        "blocked": 29
      },
      "TECHNICAL_COMMUNITIES": {
        "opportunities_evaluated": 10,
        "targets_selected": 29,
        "actions_attempted": 29,
        "actions_generated_locally": 0,
        "actions_sent_externally": 0,
        "publications_confirmed": 0,
        "failures": 0,
        "blocked": 29
      },
      "DEVELOPER_FORUMS": {
        "opportunities_evaluated": 10,
        "targets_selected": 29,
        "actions_attempted": 29,
        "actions_generated_locally": 0,
        "actions_sent_externally": 0,
        "publications_confirmed": 0,
        "failures": 0,
        "blocked": 29
      },
      "B2B_DIRECTORIES": {
        "opportunities_evaluated": 10,
        "targets_selected": 29,
        "actions_attempted": 29,
        "actions_generated_locally": 0,
        "actions_sent_externally": 0,
        "publications_confirmed": 0,
        "failures": 0,
        "blocked": 29
      },
      "MARKETPLACES": {
        "opportunities_evaluated": 10,
        "targets_selected": 29,
        "actions_attempted": 29,
        "actions_generated_locally": 0,
        "actions_sent_externally": 0,
        "publications_confirmed": 0,
        "failures": 0,
        "blocked": 29
      },
      "CONTENT_DISCOVERY": {
        "opportunities_evaluated": 10,
        "targets_selected": 29,
        "actions_attempted": 29,
        "actions_generated_locally": 0,
        "actions_sent_externally": 0,
        "publications_confirmed": 0,
        "failures": 0,
        "blocked": 29
      }
    }
  },
  "REAL FUNNEL": {
    "human_replies": 0,
    "real_landing_visits": 0,
    "real_quiz_starts": 0,
    "real_emails": 0,
    "real_checkouts": 0,
    "real_payments": 0,
    "real_revenue_usd": 0,
    "real_audits": 0,
    "real_certificates": 0,
    "real_customer_emails": 0
  },
  "INTEGRITY": {
    "telemetry_inconsistencies_detected": 0,
    "telemetry_inconsistencies_corrected": 1,
    "synthetic_events": 0,
    "owner_internal_events": 0,
    "historical_events": 231
  },
  "OUTREACH": {
    "opportunities_evaluated": 90,
    "tier_a_targets": 0,
    "tier_b_targets": 67,
    "tier_c_targets": 355,
    "action_attempts": 67,
    "actions_successful": 0,
    "publications_created": 0,
    "blocked_actions": 355
  },
  "CHANNELS": {
    "channels_evaluated": 9,
    "channels_with_targets": 9,
    "channels_with_actions": 0,
    "channels_with_publications": 0,
    "channels_blocked": 0,
    "channel_diversity_score": 0.0
  },
  "RISK": {
    "duplicate_blocks": 252,
    "cooldown_blocks": 0,
    "relevance_blocks": 22,
    "promotion_risk_blocks": 0,
    "exposure_budget_blocks": 0
  },
  "ENGAGEMENT": {
    "human_replies": 0,
    "real_landing_visits": 0,
    "real_quiz_starts": 0,
    "real_emails": 0,
    "real_checkouts": 0
  },
  "REVENUE": {
    "real_payments": 0,
    "real_revenue_usd": 0,
    "revenue_usd": 0
  },
  "DELIVERY": {
    "real_audits": 0,
    "real_certificates": 0,
    "real_emails_delivered": 0
  },
  "HISTORICAL / INTERNAL": {
    "historical_audits": 231,
    "historical_certificates": 231,
    "historical_internal_emails": 231,
    "historical_test_payments": 1
  },
  "ANTI-IDLE": {
    "productive_cycles": 657,
    "idle_cycles": 0,
    "idle_cycle": false,
    "fallback_actions": 1
  },
  "DELTA": {
    "opportunities_evaluated_delta": 90,
    "targets_selected_delta": 422,
    "actions_sent_externally_delta": 0,
    "real_landing_visits_delta": 0,
    "real_revenue_delta": 0.0
  },
  "NEXT_ACTION": "PUBLISH_TECHNICAL_CONTENT",
  "STATUSES": {
    "TELEMETRY_INTEGRITY": "PASS",
    "EXTERNAL_ACTION_PROOF": "PASS",
    "TIER_ACCOUNTING": "PASS",
    "CHANNEL_ACCOUNTING": "PASS",
    "ENGINE_EXECUTION": "PASS",
    "ADAPTIVE_FILTER": "PASS",
    "NO_IDLE": "PASS",
    "NO_REPEAT": "PASS",
    "EXPOSURE_BUDGET": "PASS",
    "MULTICHANNEL_ACTIVITY": "PASS",
    "MULTICHANNEL_ROTATION": "PASS",
    "REAL_HUMAN_INTEREST": "PENDING",
    "REAL_REVENUE": "PENDING",
    "FINAL_VERDICT": "READY_FOR_24H_LOOP"
  }
}
Sleeping 15 minutes (900s)...

[2026-09-03T20:17:48.038768+00:00] Executed Cycle #658 (cyc_72cb421d)
{
  "timestamp": "2026-09-03T20:17:48.038768+00:00",
  "cycle_id": "cyc_72cb421d",
  "OPERATING_MODE": "DISCOVERY_AND_DRAFT_ONLY",
  "EXTERNAL_PUBLICATION_ATTEMPTED": false,
  "OUTREACH_SAFETY": {
    "operating_mode": "DISCOVERY_AND_DRAFT_ONLY",
    "allow_external_publication": false,
    "external_publication_allowed": false,
    "external_publication_attempted": false,
    "block_reason": "EXTERNAL_PUBLICATION_REQUIRES_EXPLICIT_APPROVAL"
  },
  "PROSPECT_PIPELINE": {
    "prospects_discovered": 422,
    "prospects_eligible": 67,
    "blocked_self_target": 29,
    "blocked_duplicate": 252,
    "pending_source_verification": 0,
    "template_or_synthetic": 10,
    "internal_or_self": 29,
    "local_drafts_created": 67,
    "valid_human_approvable_drafts": 5,
    "invalidated_drafts_historical": 295,
    "github_live_search_enabled": true,
    "github_api_requests_made_current_cycle": 1,
    "github_api_results_received_current_cycle": 30,
    "github_http_200_responses_current_cycle": 1,
    "github_external_sources_verified_current_cycle": 10,
    "github_drafts_created_current_cycle": 67,
    "github_api_error_current_cycle": null,
    "github_api_rate_limit_status_current_cycle": {
      "remaining": 29,
      "limit": 30,
      "reset": "1788466728",
      "http_status": 200
    },
    "github_self_targets_blocked": 37,
    "github_duplicates_blocked": 0,
    "github_low_relevance_blocked": 22,
    "human_approval_required": true,
    "external_publications": 0,
    "external_publication_attempted": false
  },
  "SESSION": {
    "session_id": "sess_20260826_000957_11e9b0",
    "session_start_utc": "2026-08-26T00:09:57.414562+00:00",
    "elapsed_hours": 212.1307
  },
  "RUNTIME": {
    "cycles": 658,
    "successful_cycles": 658,
    "failed_cycles": 0,
    "idle_cycles": 0
  },
  "CYCLE": {
    "cycle_id": "cyc_72cb421d",
    "timestamp": "2026-09-03T20:17:48.038768+00:00",
    "productive_action": "PUBLISH_TECHNICAL_CONTENT",
    "productive_action_status": "SUCCESS"
  },
  "OPPORTUNITIES": {
    "opportunities_evaluated": 90,
    "targets_selected": 422,
    "tier_a_targets": 0,
    "tier_b_targets": 67,
    "tier_c_targets": 355
  },
  "ACTIONS": {
    "actions_attempted": 67,
    "actions_generated_locally": -288,
    "actions_sent_externally": 0,
    "publications_confirmed": 0,
    "action_failures": 0,
    "blocked_actions": 355
  },
  "CHANNEL TELEMETRY": {
    "channels_evaluated": 9,
    "channels_with_targets": 9,
    "channels_with_actions": 0,
    "channels_with_publications": 0,
    "channels_blocked": 0,
    "channel_diversity_score": 0.0,
    "per_channel": {
      "GITHUB": {
        "opportunities_evaluated": 10,
        "targets_selected": 190,
        "actions_attempted": 190,
        "actions_generated_locally": 67,
        "actions_sent_externally": 0,
        "publications_confirmed": 0,
        "failures": 0,
        "blocked": 123
      },
      "REDDIT": {
        "opportunities_evaluated": 10,
        "targets_selected": 29,
        "actions_attempted": 29,
        "actions_generated_locally": 0,
        "actions_sent_externally": 0,
        "publications_confirmed": 0,
        "failures": 0,
        "blocked": 29
      },
      "QUANTCONNECT": {
        "opportunities_evaluated": 10,
        "targets_selected": 29,
        "actions_attempted": 29,
        "actions_generated_locally": 0,
        "actions_sent_externally": 0,
        "publications_confirmed": 0,
        "failures": 0,
        "blocked": 29
      },
      "SEO": {
        "opportunities_evaluated": 10,
        "targets_selected": 29,
        "actions_attempted": 29,
        "actions_generated_locally": 0,
        "actions_sent_externally": 0,
        "publications_confirmed": 0,
        "failures": 0,
        "blocked": 29
      },
      "TECHNICAL_COMMUNITIES": {
        "opportunities_evaluated": 10,
        "targets_selected": 29,
        "actions_attempted": 29,
        "actions_generated_locally": 0,
        "actions_sent_externally": 0,
        "publications_confirmed": 0,
        "failures": 0,
        "blocked": 29
      },
      "DEVELOPER_FORUMS": {
        "opportunities_evaluated": 10,
        "targets_selected": 29,
        "actions_attempted": 29,
        "actions_generated_locally": 0,
        "actions_sent_externally": 0,
        "publications_confirmed": 0,
        "failures": 0,
        "blocked": 29
      },
      "B2B_DIRECTORIES": {
        "opportunities_evaluated": 10,
        "targets_selected": 29,
        "actions_attempted": 29,
        "actions_generated_locally": 0,
        "actions_sent_externally": 0,
        "publications_confirmed": 0,
        "failures": 0,
        "blocked": 29
      },
      "MARKETPLACES": {
        "opportunities_evaluated": 10,
        "targets_selected": 29,
        "actions_attempted": 29,
        "actions_generated_locally": 0,
        "actions_sent_externally": 0,
        "publications_confirmed": 0,
        "failures": 0,
        "blocked": 29
      },
      "CONTENT_DISCOVERY": {
        "opportunities_evaluated": 10,
        "targets_selected": 29,
        "actions_attempted": 29,
        "actions_generated_locally": 0,
        "actions_sent_externally": 0,
        "publications_confirmed": 0,
        "failures": 0,
        "blocked": 29
      }
    }
  },
  "REAL FUNNEL": {
    "human_replies": 0,
    "real_landing_visits": 0,
    "real_quiz_starts": 0,
    "real_emails": 0,
    "real_checkouts": 0,
    "real_payments": 0,
    "real_revenue_usd": 0,
    "real_audits": 0,
    "real_certificates": 0,
    "real_customer_emails": 0
  },
  "INTEGRITY": {
    "telemetry_inconsistencies_detected": 0,
    "telemetry_inconsistencies_corrected": 1,
    "synthetic_events": 0,
    "owner_internal_events": 0,
    "historical_events": 231
  },
  "OUTREACH": {
    "opportunities_evaluated": 90,
    "tier_a_targets": 0,
    "tier_b_targets": 67,
    "tier_c_targets": 355,
    "action_attempts": 67,
    "actions_successful": 0,
    "publications_created": 0,
    "blocked_actions": 355
  },
  "CHANNELS": {
    "channels_evaluated": 9,
    "channels_with_targets": 9,
    "channels_with_actions": 0,
    "channels_with_publications": 0,
    "channels_blocked": 0,
    "channel_diversity_score": 0.0
  },
  "RISK": {
    "duplicate_blocks": 252,
    "cooldown_blocks": 0,
    "relevance_blocks": 22,
    "promotion_risk_blocks": 0,
    "exposure_budget_blocks": 0
  },
  "ENGAGEMENT": {
    "human_replies": 0,
    "real_landing_visits": 0,
    "real_quiz_starts": 0,
    "real_emails": 0,
    "real_checkouts": 0
  },
  "REVENUE": {
    "real_payments": 0,
    "real_revenue_usd": 0,
    "revenue_usd": 0
  },
  "DELIVERY": {
    "real_audits": 0,
    "real_certificates": 0,
    "real_emails_delivered": 0
  },
  "HISTORICAL / INTERNAL": {
    "historical_audits": 231,
    "historical_certificates": 231,
    "historical_internal_emails": 231,
    "historical_test_payments": 1
  },
  "ANTI-IDLE": {
    "productive_cycles": 658,
    "idle_cycles": 0,
    "idle_cycle": false,
    "fallback_actions": 1
  },
  "DELTA": {
    "opportunities_evaluated_delta": 90,
    "targets_selected_delta": 422,
    "actions_sent_externally_delta": 0,
    "real_landing_visits_delta": 0,
    "real_revenue_delta": 0.0
  },
  "NEXT_ACTION": "PUBLISH_TECHNICAL_CONTENT",
  "STATUSES": {
    "TELEMETRY_INTEGRITY": "PASS",
    "EXTERNAL_ACTION_PROOF": "PASS",
    "TIER_ACCOUNTING": "PASS",
    "CHANNEL_ACCOUNTING": "PASS",
    "ENGINE_EXECUTION": "PASS",
    "ADAPTIVE_FILTER": "PASS",
    "NO_IDLE": "PASS",
    "NO_REPEAT": "PASS",
    "EXPOSURE_BUDGET": "PASS",
    "MULTICHANNEL_ACTIVITY": "PASS",
    "MULTICHANNEL_ROTATION": "PASS",
    "REAL_HUMAN_INTEREST": "PENDING",
    "REAL_REVENUE": "PENDING",
    "FINAL_VERDICT": "READY_FOR_24H_LOOP"
  }
}
Sleeping 15 minutes (900s)...

[2026-09-03T20:32:50.086981+00:00] Executed Cycle #659 (cyc_8e2a0d16)
{
  "timestamp": "2026-09-03T20:32:50.086981+00:00",
  "cycle_id": "cyc_8e2a0d16",
  "OPERATING_MODE": "DISCOVERY_AND_DRAFT_ONLY",
  "EXTERNAL_PUBLICATION_ATTEMPTED": false,
  "OUTREACH_SAFETY": {
    "operating_mode": "DISCOVERY_AND_DRAFT_ONLY",
    "allow_external_publication": false,
    "external_publication_allowed": false,
    "external_publication_attempted": false,
    "block_reason": "EXTERNAL_PUBLICATION_REQUIRES_EXPLICIT_APPROVAL"
  },
  "PROSPECT_PIPELINE": {
    "prospects_discovered": 422,
    "prospects_eligible": 67,
    "blocked_self_target": 29,
    "blocked_duplicate": 252,
    "pending_source_verification": 0,
    "template_or_synthetic": 10,
    "internal_or_self": 29,
    "local_drafts_created": 67,
    "valid_human_approvable_drafts": 5,
    "invalidated_drafts_historical": 295,
    "github_live_search_enabled": true,
    "github_api_requests_made_current_cycle": 1,
    "github_api_results_received_current_cycle": 5,
    "github_http_200_responses_current_cycle": 1,
    "github_external_sources_verified_current_cycle": 4,
    "github_drafts_created_current_cycle": 67,
    "github_api_error_current_cycle": null,
    "github_api_rate_limit_status_current_cycle": {
      "remaining": 29,
      "limit": 30,
      "reset": "1788467630",
      "http_status": 200
    },
    "github_self_targets_blocked": 37,
    "github_duplicates_blocked": 0,
    "github_low_relevance_blocked": 22,
    "human_approval_required": true,
    "external_publications": 0,
    "external_publication_attempted": false
  },
  "SESSION": {
    "session_id": "sess_20260826_000957_11e9b0",
    "session_start_utc": "2026-08-26T00:09:57.414562+00:00",
    "elapsed_hours": 212.3813
  },
  "RUNTIME": {
    "cycles": 659,
    "successful_cycles": 659,
    "failed_cycles": 0,
    "idle_cycles": 0
  },
  "CYCLE": {
    "cycle_id": "cyc_8e2a0d16",
    "timestamp": "2026-09-03T20:32:50.086981+00:00",
    "productive_action": "PUBLISH_TECHNICAL_CONTENT",
    "productive_action_status": "SUCCESS"
  },
  "OPPORTUNITIES": {
    "opportunities_evaluated": 90,
    "targets_selected": 422,
    "tier_a_targets": 0,
    "tier_b_targets": 67,
    "tier_c_targets": 355
  },
  "ACTIONS": {
    "actions_attempted": 67,
    "actions_generated_locally": -288,
    "actions_sent_externally": 0,
    "publications_confirmed": 0,
    "action_failures": 0,
    "blocked_actions": 355
  },
  "CHANNEL TELEMETRY": {
    "channels_evaluated": 9,
    "channels_with_targets": 9,
    "channels_with_actions": 0,
    "channels_with_publications": 0,
    "channels_blocked": 0,
    "channel_diversity_score": 0.0,
    "per_channel": {
      "GITHUB": {
        "opportunities_evaluated": 10,
        "targets_selected": 190,
        "actions_attempted": 190,
        "actions_generated_locally": 67,
        "actions_sent_externally": 0,
        "publications_confirmed": 0,
        "failures": 0,
        "blocked": 123
      },
      "REDDIT": {
        "opportunities_evaluated": 10,
        "targets_selected": 29,
        "actions_attempted": 29,
        "actions_generated_locally": 0,
        "actions_sent_externally": 0,
        "publications_confirmed": 0,
        "failures": 0,
        "blocked": 29
      },
      "QUANTCONNECT": {
        "opportunities_evaluated": 10,
        "targets_selected": 29,
        "actions_attempted": 29,
        "actions_generated_locally": 0,
        "actions_sent_externally": 0,
        "publications_confirmed": 0,
        "failures": 0,
        "blocked": 29
      },
      "SEO": {
        "opportunities_evaluated": 10,
        "targets_selected": 29,
        "actions_attempted": 29,
        "actions_generated_locally": 0,
        "actions_sent_externally": 0,
        "publications_confirmed": 0,
        "failures": 0,
        "blocked": 29
      },
      "TECHNICAL_COMMUNITIES": {
        "opportunities_evaluated": 10,
        "targets_selected": 29,
        "actions_attempted": 29,
        "actions_generated_locally": 0,
        "actions_sent_externally": 0,
        "publications_confirmed": 0,
        "failures": 0,
        "blocked": 29
      },
      "DEVELOPER_FORUMS": {
        "opportunities_evaluated": 10,
        "targets_selected": 29,
        "actions_attempted": 29,
        "actions_generated_locally": 0,
        "actions_sent_externally": 0,
        "publications_confirmed": 0,
        "failures": 0,
        "blocked": 29
      },
      "B2B_DIRECTORIES": {
        "opportunities_evaluated": 10,
        "targets_selected": 29,
        "actions_attempted": 29,
        "actions_generated_locally": 0,
        "actions_sent_externally": 0,
        "publications_confirmed": 0,
        "failures": 0,
        "blocked": 29
      },
      "MARKETPLACES": {
        "opportunities_evaluated": 10,
        "targets_selected": 29,
        "actions_attempted": 29,
        "actions_generated_locally": 0,
        "actions_sent_externally": 0,
        "publications_confirmed": 0,
        "failures": 0,
        "blocked": 29
      },
      "CONTENT_DISCOVERY": {
        "opportunities_evaluated": 10,
        "targets_selected": 29,
        "actions_attempted": 29,
        "actions_generated_locally": 0,
        "actions_sent_externally": 0,
        "publications_confirmed": 0,
        "failures": 0,
        "blocked": 29
      }
    }
  },
  "REAL FUNNEL": {
    "human_replies": 0,
    "real_landing_visits": 0,
    "real_quiz_starts": 0,
    "real_emails": 0,
    "real_checkouts": 0,
    "real_payments": 0,
    "real_revenue_usd": 0,
    "real_audits": 0,
    "real_certificates": 0,
    "real_customer_emails": 0
  },
  "INTEGRITY": {
    "telemetry_inconsistencies_detected": 0,
    "telemetry_inconsistencies_corrected": 1,
    "synthetic_events": 0,
    "owner_internal_events": 0,
    "historical_events": 231
  },
  "OUTREACH": {
    "opportunities_evaluated": 90,
    "tier_a_targets": 0,
    "tier_b_targets": 67,
    "tier_c_targets": 355,
    "action_attempts": 67,
    "actions_successful": 0,
    "publications_created": 0,
    "blocked_actions": 355
  },
  "CHANNELS": {
    "channels_evaluated": 9,
    "channels_with_targets": 9,
    "channels_with_actions": 0,
    "channels_with_publications": 0,
    "channels_blocked": 0,
    "channel_diversity_score": 0.0
  },
  "RISK": {
    "duplicate_blocks": 252,
    "cooldown_blocks": 0,
    "relevance_blocks": 22,
    "promotion_risk_blocks": 0,
    "exposure_budget_blocks": 0
  },
  "ENGAGEMENT": {
    "human_replies": 0,
    "real_landing_visits": 0,
    "real_quiz_starts": 0,
    "real_emails": 0,
    "real_checkouts": 0
  },
  "REVENUE": {
    "real_payments": 0,
    "real_revenue_usd": 0,
    "revenue_usd": 0
  },
  "DELIVERY": {
    "real_audits": 0,
    "real_certificates": 0,
    "real_emails_delivered": 0
  },
  "HISTORICAL / INTERNAL": {
    "historical_audits": 231,
    "historical_certificates": 231,
    "historical_internal_emails": 231,
    "historical_test_payments": 1
  },
  "ANTI-IDLE": {
    "productive_cycles": 659,
    "idle_cycles": 0,
    "idle_cycle": false,
    "fallback_actions": 1
  },
  "DELTA": {
    "opportunities_evaluated_delta": 90,
    "targets_selected_delta": 422,
    "actions_sent_externally_delta": 0,
    "real_landing_visits_delta": 0,
    "real_revenue_delta": 0.0
  },
  "NEXT_ACTION": "PUBLISH_TECHNICAL_CONTENT",
  "STATUSES": {
    "TELEMETRY_INTEGRITY": "PASS",
    "EXTERNAL_ACTION_PROOF": "PASS",
    "TIER_ACCOUNTING": "PASS",
    "CHANNEL_ACCOUNTING": "PASS",
    "ENGINE_EXECUTION": "PASS",
    "ADAPTIVE_FILTER": "PASS",
    "NO_IDLE": "PASS",
    "NO_REPEAT": "PASS",
    "EXPOSURE_BUDGET": "PASS",
    "MULTICHANNEL_ACTIVITY": "PASS",
    "MULTICHANNEL_ROTATION": "PASS",
    "REAL_HUMAN_INTEREST": "PENDING",
    "REAL_REVENUE": "PENDING",
    "FINAL_VERDICT": "READY_FOR_24H_LOOP"
  }
}
Sleeping 15 minutes (900s)...

[2026-09-03T20:47:51.503608+00:00] Executed Cycle #660 (cyc_0dad86d0)
{
  "timestamp": "2026-09-03T20:47:51.503608+00:00",
  "cycle_id": "cyc_0dad86d0",
  "OPERATING_MODE": "DISCOVERY_AND_DRAFT_ONLY",
  "EXTERNAL_PUBLICATION_ATTEMPTED": false,
  "OUTREACH_SAFETY": {
    "operating_mode": "DISCOVERY_AND_DRAFT_ONLY",
    "allow_external_publication": false,
    "external_publication_allowed": false,
    "external_publication_attempted": false,
    "block_reason": "EXTERNAL_PUBLICATION_REQUIRES_EXPLICIT_APPROVAL"
  },
  "PROSPECT_PIPELINE": {
    "prospects_discovered": 422,
    "prospects_eligible": 67,
    "blocked_self_target": 29,
    "blocked_duplicate": 252,
    "pending_source_verification": 0,
    "template_or_synthetic": 10,
    "internal_or_self": 29,
    "local_drafts_created": 67,
    "valid_human_approvable_drafts": 5,
    "invalidated_drafts_historical": 295,
    "github_live_search_enabled": true,
    "github_api_requests_made_current_cycle": 1,
    "github_api_results_received_current_cycle": 30,
    "github_http_200_responses_current_cycle": 1,
    "github_external_sources_verified_current_cycle": 10,
    "github_drafts_created_current_cycle": 67,
    "github_api_error_current_cycle": null,
    "github_api_rate_limit_status_current_cycle": {
      "remaining": 29,
      "limit": 30,
      "reset": "1788468531",
      "http_status": 200
    },
    "github_self_targets_blocked": 38,
    "github_duplicates_blocked": 0,
    "github_low_relevance_blocked": 22,
    "human_approval_required": true,
    "external_publications": 0,
    "external_publication_attempted": false
  },
  "SESSION": {
    "session_id": "sess_20260826_000957_11e9b0",
    "session_start_utc": "2026-08-26T00:09:57.414562+00:00",
    "elapsed_hours": 212.6317
  },
  "RUNTIME": {
    "cycles": 660,
    "successful_cycles": 660,
    "failed_cycles": 0,
    "idle_cycles": 0
  },
  "CYCLE": {
    "cycle_id": "cyc_0dad86d0",
    "timestamp": "2026-09-03T20:47:51.503608+00:00",
    "productive_action": "PUBLISH_TECHNICAL_CONTENT",
    "productive_action_status": "SUCCESS"
  },
  "OPPORTUNITIES": {
    "opportunities_evaluated": 90,
    "targets_selected": 422,
    "tier_a_targets": 0,
    "tier_b_targets": 67,
    "tier_c_targets": 355
  },
  "ACTIONS": {
    "actions_attempted": 67,
    "actions_generated_locally": -288,
    "actions_sent_externally": 0,
    "publications_confirmed": 0,
    "action_failures": 0,
    "blocked_actions": 355
  },
  "CHANNEL TELEMETRY": {
    "channels_evaluated": 9,
    "channels_with_targets": 9,
    "channels_with_actions": 0,
    "channels_with_publications": 0,
    "channels_blocked": 0,
    "channel_diversity_score": 0.0,
    "per_channel": {
      "GITHUB": {
        "opportunities_evaluated": 10,
        "targets_selected": 190,
        "actions_attempted": 190,
        "actions_generated_locally": 67,
        "actions_sent_externally": 0,
        "publications_confirmed": 0,
        "failures": 0,
        "blocked": 123
      },
      "REDDIT": {
        "opportunities_evaluated": 10,
        "targets_selected": 29,
        "actions_attempted": 29,
        "actions_generated_locally": 0,
        "actions_sent_externally": 0,
        "publications_confirmed": 0,
        "failures": 0,
        "blocked": 29
      },
      "QUANTCONNECT": {
        "opportunities_evaluated": 10,
        "targets_selected": 29,
        "actions_attempted": 29,
        "actions_generated_locally": 0,
        "actions_sent_externally": 0,
        "publications_confirmed": 0,
        "failures": 0,
        "blocked": 29
      },
      "SEO": {
        "opportunities_evaluated": 10,
        "targets_selected": 29,
        "actions_attempted": 29,
        "actions_generated_locally": 0,
        "actions_sent_externally": 0,
        "publications_confirmed": 0,
        "failures": 0,
        "blocked": 29
      },
      "TECHNICAL_COMMUNITIES": {
        "opportunities_evaluated": 10,
        "targets_selected": 29,
        "actions_attempted": 29,
        "actions_generated_locally": 0,
        "actions_sent_externally": 0,
        "publications_confirmed": 0,
        "failures": 0,
        "blocked": 29
      },
      "DEVELOPER_FORUMS": {
        "opportunities_evaluated": 10,
        "targets_selected": 29,
        "actions_attempted": 29,
        "actions_generated_locally": 0,
        "actions_sent_externally": 0,
        "publications_confirmed": 0,
        "failures": 0,
        "blocked": 29
      },
      "B2B_DIRECTORIES": {
        "opportunities_evaluated": 10,
        "targets_selected": 29,
        "actions_attempted": 29,
        "actions_generated_locally": 0,
        "actions_sent_externally": 0,
        "publications_confirmed": 0,
        "failures": 0,
        "blocked": 29
      },
      "MARKETPLACES": {
        "opportunities_evaluated": 10,
        "targets_selected": 29,
        "actions_attempted": 29,
        "actions_generated_locally": 0,
        "actions_sent_externally": 0,
        "publications_confirmed": 0,
        "failures": 0,
        "blocked": 29
      },
      "CONTENT_DISCOVERY": {
        "opportunities_evaluated": 10,
        "targets_selected": 29,
        "actions_attempted": 29,
        "actions_generated_locally": 0,
        "actions_sent_externally": 0,
        "publications_confirmed": 0,
        "failures": 0,
        "blocked": 29
      }
    }
  },
  "REAL FUNNEL": {
    "human_replies": 0,
    "real_landing_visits": 0,
    "real_quiz_starts": 0,
    "real_emails": 0,
    "real_checkouts": 0,
    "real_payments": 0,
    "real_revenue_usd": 0,
    "real_audits": 0,
    "real_certificates": 0,
    "real_customer_emails": 0
  },
  "INTEGRITY": {
    "telemetry_inconsistencies_detected": 0,
    "telemetry_inconsistencies_corrected": 1,
    "synthetic_events": 0,
    "owner_internal_events": 0,
    "historical_events": 231
  },
  "OUTREACH": {
    "opportunities_evaluated": 90,
    "tier_a_targets": 0,
    "tier_b_targets": 67,
    "tier_c_targets": 355,
    "action_attempts": 67,
    "actions_successful": 0,
    "publications_created": 0,
    "blocked_actions": 355
  },
  "CHANNELS": {
    "channels_evaluated": 9,
    "channels_with_targets": 9,
    "channels_with_actions": 0,
    "channels_with_publications": 0,
    "channels_blocked": 0,
    "channel_diversity_score": 0.0
  },
  "RISK": {
    "duplicate_blocks": 252,
    "cooldown_blocks": 0,
    "relevance_blocks": 22,
    "promotion_risk_blocks": 0,
    "exposure_budget_blocks": 0
  },
  "ENGAGEMENT": {
    "human_replies": 0,
    "real_landing_visits": 0,
    "real_quiz_starts": 0,
    "real_emails": 0,
    "real_checkouts": 0
  },
  "REVENUE": {
    "real_payments": 0,
    "real_revenue_usd": 0,
    "revenue_usd": 0
  },
  "DELIVERY": {
    "real_audits": 0,
    "real_certificates": 0,
    "real_emails_delivered": 0
  },
  "HISTORICAL / INTERNAL": {
    "historical_audits": 231,
    "historical_certificates": 231,
    "historical_internal_emails": 231,
    "historical_test_payments": 1
  },
  "ANTI-IDLE": {
    "productive_cycles": 660,
    "idle_cycles": 0,
    "idle_cycle": false,
    "fallback_actions": 1
  },
  "DELTA": {
    "opportunities_evaluated_delta": 90,
    "targets_selected_delta": 422,
    "actions_sent_externally_delta": 0,
    "real_landing_visits_delta": 0,
    "real_revenue_delta": 0.0
  },
  "NEXT_ACTION": "PUBLISH_TECHNICAL_CONTENT",
  "STATUSES": {
    "TELEMETRY_INTEGRITY": "PASS",
    "EXTERNAL_ACTION_PROOF": "PASS",
    "TIER_ACCOUNTING": "PASS",
    "CHANNEL_ACCOUNTING": "PASS",
    "ENGINE_EXECUTION": "PASS",
    "ADAPTIVE_FILTER": "PASS",
    "NO_IDLE": "PASS",
    "NO_REPEAT": "PASS",
    "EXPOSURE_BUDGET": "PASS",
    "MULTICHANNEL_ACTIVITY": "PASS",
    "MULTICHANNEL_ROTATION": "PASS",
    "REAL_HUMAN_INTEREST": "PENDING",
    "REAL_REVENUE": "PENDING",
    "FINAL_VERDICT": "READY_FOR_24H_LOOP"
  }
}